packageLabel,evidenceID,relativePath,masterOrDerivative,fileRole,sha256,sizeBytes,mimeType,sourceVideo,timestamp,environmentCandidate,menuID,catalogID,view,captureDate,researcher,verificationState,supersessionState,validationState,notes
PRIMARY RESEARCH CANDIDATE — NOT PRODUCTION VERIFIED,evidence-frame-cf27_xboxunknown_rtg_earshape_001-best_available_side_or_three_quarter,data/research/cf27/generated/full-resolution-frames/ear-shape-options-001-004/CF27_XBOXUNKNOWN_RTG_EARSHAPE_001/CF27_XBOXUNKNOWN_RTG_EARSHAPE_001_BEST_AVAILABLE_SIDE_OR_THREE_QUARTER_video-009_21p00s.png,derivative,standardAngleDerivativeFrame,e831c08b54e3657778d90050c2bedcd7b5ab6d55ae2fd03f754eab1c28ba9eb3,1260554,image/png,video-009,21,env-cf27-research-video-001-rtg-path,cf27-menu-head-skin-ear-shape,CF27_XBOXUNKNOWN_RTG_EARSHAPE_001,BEST_AVAILABLE_SIDE_OR_THREE_QUARTER,2026-07-13T01:37:28.000000Z,UNKNOWN_RESEARCHER,PRIMARY_RESEARCH_ONLY_NOT_SECOND_VERIFIED,CURRENT,valid,Full-screen frame extracted from a directly selected Ear Shape label. Frame is a local derivative and is not production data. Category: Ear Shape.
PRIMARY RESEARCH CANDIDATE — NOT PRODUCTION VERIFIED,evidence-frame-cf27_xboxunknown_rtg_earshape_001-menu_evidence,data/research/cf27/generated/full-resolution-frames/ear-shape-options-001-004/CF27_XBOXUNKNOWN_RTG_EARSHAPE_001/CF27_XBOXUNKNOWN_RTG_EARSHAPE_001_MENU_EVIDENCE_video-009_18p00s.png,derivative,menuEvidenceFrame,af1dd337e9c5264fd2e61b4eac408af18d0a0352fe225cc929fe3f7dac3119d5,1320044,image/png,video-009,18,env-cf27-research-video-001-rtg-path,cf27-menu-head-skin-ear-shape,CF27_XBOXUNKNOWN_RTG_EARSHAPE_001,MENU,2026-07-13T01:37:28.000000Z,UNKNOWN_RESEARCHER,PRIMARY_RESEARCH_ONLY_NOT_SECOND_VERIFIED,CURRENT,valid,Full-screen frame extracted from a directly selected Ear Shape label. Frame is a local derivative and is not production data. Category: Ear Shape.
PRIMARY RESEARCH CANDIDATE — NOT PRODUCTION VERIFIED,evidence-frame-cf27_xboxunknown_rtg_earshape_002-best_available_side_or_three_quarter,data/research/cf27/generated/full-resolution-frames/ear-shape-options-001-004/CF27_XBOXUNKNOWN_RTG_EARSHAPE_002/CF27_XBOXUNKNOWN_RTG_EARSHAPE_002_BEST_AVAILABLE_SIDE_OR_THREE_QUARTER_video-009_23p00s.png,derivative,standardAngleDerivativeFrame,a62301cf735877f80affbca74f9f8c107b390b8dd4fc2ef5c3b7fd5b53521b97,1212126,image/png,video-009,23,env-cf27-research-video-001-rtg-path,cf27-menu-head-skin-ear-shape,CF27_XBOXUNKNOWN_RTG_EARSHAPE_002,BEST_AVAILABLE_SIDE_OR_THREE_QUARTER,2026-07-13T01:37:28.000000Z,UNKNOWN_RESEARCHER,PRIMARY_RESEARCH_ONLY_NOT_SECOND_VERIFIED,CURRENT,valid,Full-screen frame extracted from a directly selected Ear Shape label. Frame is a local derivative and is not production data. Category: Ear Shape.
PRIMARY RESEARCH CANDIDATE — NOT PRODUCTION VERIFIED,evidence-frame-cf27_xboxunknown_rtg_earshape_002-menu_evidence,data/research/cf27/generated/full-resolution-frames/ear-shape-options-001-004/CF27_XBOXUNKNOWN_RTG_EARSHAPE_002/CF27_XBOXUNKNOWN_RTG_EARSHAPE_002_MENU_EVIDENCE_video-009_23p00s.png,derivative,menuEvidenceFrame,a62301cf735877f80affbca74f9f8c107b390b8dd4fc2ef5c3b7fd5b53521b97,1212126,image/png,video-009,23,env-cf27-research-video-001-rtg-path,cf27-menu-head-skin-ear-shape,CF27_XBOXUNKNOWN_RTG_EARSHAPE_002,MENU,2026-07-13T01:37:28.000000Z,UNKNOWN_RESEARCHER,PRIMARY_RESEARCH_ONLY_NOT_SECOND_VERIFIED,CURRENT,valid,Full-screen frame extracted from a directly selected Ear Shape label. Frame is a local derivative and is not production data. Category: Ear Shape.
PRIMARY RESEARCH CANDIDATE — NOT PRODUCTION VERIFIED,evidence-frame-cf27_xboxunknown_rtg_earshape_003-best_available_side_or_three_quarter,data/research/cf27/generated/full-resolution-frames/ear-shape-options-001-004/CF27_XBOXUNKNOWN_RTG_EARSHAPE_003/CF27_XBOXUNKNOWN_RTG_EARSHAPE_003_BEST_AVAILABLE_SIDE_OR_THREE_QUARTER_video-009_24p00s.png,derivative,standardAngleDerivativeFrame,5ae3f7bbd1c71ceb4be49c5009b72db056a37b5e564a45745895e83cb223683b,1199159,image/png,video-009,24,env-cf27-research-video-001-rtg-path,cf27-menu-head-skin-ear-shape,CF27_XBOXUNKNOWN_RTG_EARSHAPE_003,BEST_AVAILABLE_SIDE_OR_THREE_QUARTER,2026-07-13T01:37:28.000000Z,UNKNOWN_RESEARCHER,PRIMARY_RESEARCH_ONLY_NOT_SECOND_VERIFIED,CURRENT,valid,Full-screen frame extracted from a directly selected Ear Shape label. Frame is a local derivative and is not production data. Category: Ear Shape.
PRIMARY RESEARCH CANDIDATE — NOT PRODUCTION VERIFIED,evidence-frame-cf27_xboxunknown_rtg_earshape_003-menu_evidence,data/research/cf27/generated/full-resolution-frames/ear-shape-options-001-004/CF27_XBOXUNKNOWN_RTG_EARSHAPE_003/CF27_XBOXUNKNOWN_RTG_EARSHAPE_003_MENU_EVIDENCE_video-009_24p00s.png,derivative,menuEvidenceFrame,5ae3f7bbd1c71ceb4be49c5009b72db056a37b5e564a45745895e83cb223683b,1199159,image/png,video-009,24,env-cf27-research-video-001-rtg-path,cf27-menu-head-skin-ear-shape,CF27_XBOXUNKNOWN_RTG_EARSHAPE_003,MENU,2026-07-13T01:37:28.000000Z,UNKNOWN_RESEARCHER,PRIMARY_RESEARCH_ONLY_NOT_SECOND_VERIFIED,CURRENT,valid,Full-screen frame extracted from a directly selected Ear Shape label. Frame is a local derivative and is not production data. Category: Ear Shape.
PRIMARY RESEARCH CANDIDATE — NOT PRODUCTION VERIFIED,evidence-frame-cf27_xboxunknown_rtg_earshape_004-best_available_side_or_three_quarter,data/research/cf27/generated/full-resolution-frames/ear-shape-options-001-004/CF27_XBOXUNKNOWN_RTG_EARSHAPE_004/CF27_XBOXUNKNOWN_RTG_EARSHAPE_004_BEST_AVAILABLE_SIDE_OR_THREE_QUARTER_video-009_26p00s.png,derivative,standardAngleDerivativeFrame,042a78d561b6154053f8155e07b9872b323b9ca900db9b3c324bc5e8f02265af,1272944,image/png,video-009,26,env-cf27-research-video-001-rtg-path,cf27-menu-head-skin-ear-shape,CF27_XBOXUNKNOWN_RTG_EARSHAPE_004,BEST_AVAILABLE_SIDE_OR_THREE_QUARTER,2026-07-13T01:37:28.000000Z,UNKNOWN_RESEARCHER,PRIMARY_RESEARCH_ONLY_NOT_SECOND_VERIFIED,CURRENT,valid,Full-screen frame extracted from a directly selected Ear Shape label. Frame is a local derivative and is not production data. Category: Ear Shape.
PRIMARY RESEARCH CANDIDATE — NOT PRODUCTION VERIFIED,evidence-frame-cf27_xboxunknown_rtg_earshape_004-menu_evidence,data/research/cf27/generated/full-resolution-frames/ear-shape-options-001-004/CF27_XBOXUNKNOWN_RTG_EARSHAPE_004/CF27_XBOXUNKNOWN_RTG_EARSHAPE_004_MENU_EVIDENCE_video-009_26p00s.png,derivative,menuEvidenceFrame,042a78d561b6154053f8155e07b9872b323b9ca900db9b3c324bc5e8f02265af,1272944,image/png,video-009,26,env-cf27-research-video-001-rtg-path,cf27-menu-head-skin-ear-shape,CF27_XBOXUNKNOWN_RTG_EARSHAPE_004,MENU,2026-07-13T01:37:28.000000Z,UNKNOWN_RESEARCHER,PRIMARY_RESEARCH_ONLY_NOT_SECOND_VERIFIED,CURRENT,valid,Full-screen frame extracted from a directly selected Ear Shape label. Frame is a local derivative and is not production data. Category: Ear Shape.
PRIMARY RESEARCH CANDIDATE — NOT PRODUCTION VERIFIED,evidence-frame-cf27_xboxunknown_rtg_eyecolor_001-character_stable,data/research/cf27/generated/full-resolution-frames/eye-color-options-001-007/CF27_XBOXUNKNOWN_RTG_EYECOLOR_001/CF27_XBOXUNKNOWN_RTG_EYECOLOR_001_CHARACTER_STABLE_video-007_13p00s.png,derivative,catalogDerivativeFrame,b99e80a249cc920e5e89e87d14361562d2924012e41728f027c14b819326ea2e,1434091,image/png,video-007,13,env-cf27-research-video-001-rtg-path,cf27-menu-head-skin-eye-color,CF27_XBOXUNKNOWN_RTG_EYECOLOR_001,CHARACTER_STABLE,2026-07-13T01:30:40.000000Z,UNKNOWN_RESEARCHER,PRIMARY_RESEARCH_ONLY_NOT_SECOND_VERIFIED,CURRENT,valid,Full-screen frame extracted from a directly selected Eye Color label. Frame is a local derivative and is not production data. Category: Eye Color.
PRIMARY RESEARCH CANDIDATE — NOT PRODUCTION VERIFIED,evidence-frame-cf27_xboxunknown_rtg_eyecolor_001-menu_thumbnail_evidence,data/research/cf27/generated/full-resolution-frames/eye-color-options-001-007/CF27_XBOXUNKNOWN_RTG_EYECOLOR_001/CF27_XBOXUNKNOWN_RTG_EYECOLOR_001_MENU_THUMBNAIL_EVIDENCE_video-007_13p00s.png,derivative,menuEvidenceFrame,b99e80a249cc920e5e89e87d14361562d2924012e41728f027c14b819326ea2e,1434091,image/png,video-007,13,env-cf27-research-video-001-rtg-path,cf27-menu-head-skin-eye-color,CF27_XBOXUNKNOWN_RTG_EYECOLOR_001,MENU,2026-07-13T01:30:40.000000Z,UNKNOWN_RESEARCHER,PRIMARY_RESEARCH_ONLY_NOT_SECOND_VERIFIED,CURRENT,valid,Full-screen frame extracted from a directly selected Eye Color label. Frame is a local derivative and is not production data. Category: Eye Color.
PRIMARY RESEARCH CANDIDATE — NOT PRODUCTION VERIFIED,evidence-frame-cf27_xboxunknown_rtg_eyecolor_002-character_stable,data/research/cf27/generated/full-resolution-frames/eye-color-options-001-007/CF27_XBOXUNKNOWN_RTG_EYECOLOR_002/CF27_XBOXUNKNOWN_RTG_EYECOLOR_002_CHARACTER_STABLE_video-007_15p00s.png,derivative,catalogDerivativeFrame,9a4cf2c09307365c9b13391beaaa5b736811b46488622d8655f7955602731335,1426414,image/png,video-007,15,env-cf27-research-video-001-rtg-path,cf27-menu-head-skin-eye-color,CF27_XBOXUNKNOWN_RTG_EYECOLOR_002,CHARACTER_STABLE,2026-07-13T01:30:40.000000Z,UNKNOWN_RESEARCHER,PRIMARY_RESEARCH_ONLY_NOT_SECOND_VERIFIED,CURRENT,valid,Full-screen frame extracted from a directly selected Eye Color label. Frame is a local derivative and is not production data. Category: Eye Color.
PRIMARY RESEARCH CANDIDATE — NOT PRODUCTION VERIFIED,evidence-frame-cf27_xboxunknown_rtg_eyecolor_002-menu_thumbnail_evidence,data/research/cf27/generated/full-resolution-frames/eye-color-options-001-007/CF27_XBOXUNKNOWN_RTG_EYECOLOR_002/CF27_XBOXUNKNOWN_RTG_EYECOLOR_002_MENU_THUMBNAIL_EVIDENCE_video-007_15p00s.png,derivative,menuEvidenceFrame,9a4cf2c09307365c9b13391beaaa5b736811b46488622d8655f7955602731335,1426414,image/png,video-007,15,env-cf27-research-video-001-rtg-path,cf27-menu-head-skin-eye-color,CF27_XBOXUNKNOWN_RTG_EYECOLOR_002,MENU,2026-07-13T01:30:40.000000Z,UNKNOWN_RESEARCHER,PRIMARY_RESEARCH_ONLY_NOT_SECOND_VERIFIED,CURRENT,valid,Full-screen frame extracted from a directly selected Eye Color label. Frame is a local derivative and is not production data. Category: Eye Color.
PRIMARY RESEARCH CANDIDATE — NOT PRODUCTION VERIFIED,evidence-frame-cf27_xboxunknown_rtg_eyecolor_003-character_stable,data/research/cf27/generated/full-resolution-frames/eye-color-options-001-007/CF27_XBOXUNKNOWN_RTG_EYECOLOR_003/CF27_XBOXUNKNOWN_RTG_EYECOLOR_003_CHARACTER_STABLE_video-007_17p00s.png,derivative,catalogDerivativeFrame,f54a4d7ba5f909446093ec7d6eb57f9363f438ac5f3478c67c79777d917918ac,1396438,image/png,video-007,17,env-cf27-research-video-001-rtg-path,cf27-menu-head-skin-eye-color,CF27_XBOXUNKNOWN_RTG_EYECOLOR_003,CHARACTER_STABLE,2026-07-13T01:30:40.000000Z,UNKNOWN_RESEARCHER,PRIMARY_RESEARCH_ONLY_NOT_SECOND_VERIFIED,CURRENT,valid,Full-screen frame extracted from a directly selected Eye Color label. Frame is a local derivative and is not production data. Category: Eye Color.
PRIMARY RESEARCH CANDIDATE — NOT PRODUCTION VERIFIED,evidence-frame-cf27_xboxunknown_rtg_eyecolor_003-menu_thumbnail_evidence,data/research/cf27/generated/full-resolution-frames/eye-color-options-001-007/CF27_XBOXUNKNOWN_RTG_EYECOLOR_003/CF27_XBOXUNKNOWN_RTG_EYECOLOR_003_MENU_THUMBNAIL_EVIDENCE_video-007_17p00s.png,derivative,menuEvidenceFrame,f54a4d7ba5f909446093ec7d6eb57f9363f438ac5f3478c67c79777d917918ac,1396438,image/png,video-007,17,env-cf27-research-video-001-rtg-path,cf27-menu-head-skin-eye-color,CF27_XBOXUNKNOWN_RTG_EYECOLOR_003,MENU,2026-07-13T01:30:40.000000Z,UNKNOWN_RESEARCHER,PRIMARY_RESEARCH_ONLY_NOT_SECOND_VERIFIED,CURRENT,valid,Full-screen frame extracted from a directly selected Eye Color label. Frame is a local derivative and is not production data. Category: Eye Color.
PRIMARY RESEARCH CANDIDATE — NOT PRODUCTION VERIFIED,evidence-frame-cf27_xboxunknown_rtg_eyecolor_004-character_stable,data/research/cf27/generated/full-resolution-frames/eye-color-options-001-007/CF27_XBOXUNKNOWN_RTG_EYECOLOR_004/CF27_XBOXUNKNOWN_RTG_EYECOLOR_004_CHARACTER_STABLE_video-007_19p00s.png,derivative,catalogDerivativeFrame,faf88bb8ac9a95e892e07c71a9a3c4cc000f1b4cededdca5a6a996d70e46f1e9,1399095,image/png,video-007,19,env-cf27-research-video-001-rtg-path,cf27-menu-head-skin-eye-color,CF27_XBOXUNKNOWN_RTG_EYECOLOR_004,CHARACTER_STABLE,2026-07-13T01:30:40.000000Z,UNKNOWN_RESEARCHER,PRIMARY_RESEARCH_ONLY_NOT_SECOND_VERIFIED,CURRENT,valid,Full-screen frame extracted from a directly selected Eye Color label. Frame is a local derivative and is not production data. Category: Eye Color.
PRIMARY RESEARCH CANDIDATE — NOT PRODUCTION VERIFIED,evidence-frame-cf27_xboxunknown_rtg_eyecolor_004-menu_thumbnail_evidence,data/research/cf27/generated/full-resolution-frames/eye-color-options-001-007/CF27_XBOXUNKNOWN_RTG_EYECOLOR_004/CF27_XBOXUNKNOWN_RTG_EYECOLOR_004_MENU_THUMBNAIL_EVIDENCE_video-007_19p00s.png,derivative,menuEvidenceFrame,faf88bb8ac9a95e892e07c71a9a3c4cc000f1b4cededdca5a6a996d70e46f1e9,1399095,image/png,video-007,19,env-cf27-research-video-001-rtg-path,cf27-menu-head-skin-eye-color,CF27_XBOXUNKNOWN_RTG_EYECOLOR_004,MENU,2026-07-13T01:30:40.000000Z,UNKNOWN_RESEARCHER,PRIMARY_RESEARCH_ONLY_NOT_SECOND_VERIFIED,CURRENT,valid,Full-screen frame extracted from a directly selected Eye Color label. Frame is a local derivative and is not production data. Category: Eye Color.
PRIMARY RESEARCH CANDIDATE — NOT PRODUCTION VERIFIED,evidence-frame-cf27_xboxunknown_rtg_eyecolor_005-character_stable,data/research/cf27/generated/full-resolution-frames/eye-color-options-001-007/CF27_XBOXUNKNOWN_RTG_EYECOLOR_005/CF27_XBOXUNKNOWN_RTG_EYECOLOR_005_CHARACTER_STABLE_video-007_28p00s.png,derivative,catalogDerivativeFrame,0c39378a93d80b479940e45842dfe44f1ae4e3ec87b7202181bad4f7dab7fe49,1413848,image/png,video-007,28,env-cf27-research-video-001-rtg-path,cf27-menu-head-skin-eye-color,CF27_XBOXUNKNOWN_RTG_EYECOLOR_005,CHARACTER_STABLE,2026-07-13T01:30:40.000000Z,UNKNOWN_RESEARCHER,PRIMARY_RESEARCH_ONLY_NOT_SECOND_VERIFIED,CURRENT,valid,Full-screen frame extracted from a directly selected Eye Color label. Frame is a local derivative and is not production data. Category: Eye Color.
PRIMARY RESEARCH CANDIDATE — NOT PRODUCTION VERIFIED,evidence-frame-cf27_xboxunknown_rtg_eyecolor_005-menu_thumbnail_evidence,data/research/cf27/generated/full-resolution-frames/eye-color-options-001-007/CF27_XBOXUNKNOWN_RTG_EYECOLOR_005/CF27_XBOXUNKNOWN_RTG_EYECOLOR_005_MENU_THUMBNAIL_EVIDENCE_video-007_28p00s.png,derivative,menuEvidenceFrame,0c39378a93d80b479940e45842dfe44f1ae4e3ec87b7202181bad4f7dab7fe49,1413848,image/png,video-007,28,env-cf27-research-video-001-rtg-path,cf27-menu-head-skin-eye-color,CF27_XBOXUNKNOWN_RTG_EYECOLOR_005,MENU,2026-07-13T01:30:40.000000Z,UNKNOWN_RESEARCHER,PRIMARY_RESEARCH_ONLY_NOT_SECOND_VERIFIED,CURRENT,valid,Full-screen frame extracted from a directly selected Eye Color label. Frame is a local derivative and is not production data. Category: Eye Color.
PRIMARY RESEARCH CANDIDATE — NOT PRODUCTION VERIFIED,evidence-frame-cf27_xboxunknown_rtg_eyecolor_006-character_stable,data/research/cf27/generated/full-resolution-frames/eye-color-options-001-007/CF27_XBOXUNKNOWN_RTG_EYECOLOR_006/CF27_XBOXUNKNOWN_RTG_EYECOLOR_006_CHARACTER_STABLE_video-007_24p00s.png,derivative,catalogDerivativeFrame,71e79e9fcda2a5ea5eb048129af70deba4b57e4e84f52cfff03cb7223b3c8484,1396966,image/png,video-007,24,env-cf27-research-video-001-rtg-path,cf27-menu-head-skin-eye-color,CF27_XBOXUNKNOWN_RTG_EYECOLOR_006,CHARACTER_STABLE,2026-07-13T01:30:40.000000Z,UNKNOWN_RESEARCHER,PRIMARY_RESEARCH_ONLY_NOT_SECOND_VERIFIED,CURRENT,valid,Full-screen frame extracted from a directly selected Eye Color label. Frame is a local derivative and is not production data. Category: Eye Color.
PRIMARY RESEARCH CANDIDATE — NOT PRODUCTION VERIFIED,evidence-frame-cf27_xboxunknown_rtg_eyecolor_006-menu_thumbnail_evidence,data/research/cf27/generated/full-resolution-frames/eye-color-options-001-007/CF27_XBOXUNKNOWN_RTG_EYECOLOR_006/CF27_XBOXUNKNOWN_RTG_EYECOLOR_006_MENU_THUMBNAIL_EVIDENCE_video-007_24p00s.png,derivative,menuEvidenceFrame,71e79e9fcda2a5ea5eb048129af70deba4b57e4e84f52cfff03cb7223b3c8484,1396966,image/png,video-007,24,env-cf27-research-video-001-rtg-path,cf27-menu-head-skin-eye-color,CF27_XBOXUNKNOWN_RTG_EYECOLOR_006,MENU,2026-07-13T01:30:40.000000Z,UNKNOWN_RESEARCHER,PRIMARY_RESEARCH_ONLY_NOT_SECOND_VERIFIED,CURRENT,valid,Full-screen frame extracted from a directly selected Eye Color label. Frame is a local derivative and is not production data. Category: Eye Color.
PRIMARY RESEARCH CANDIDATE — NOT PRODUCTION VERIFIED,evidence-frame-cf27_xboxunknown_rtg_eyecolor_007-character_stable,data/research/cf27/generated/full-resolution-frames/eye-color-options-001-007/CF27_XBOXUNKNOWN_RTG_EYECOLOR_007/CF27_XBOXUNKNOWN_RTG_EYECOLOR_007_CHARACTER_STABLE_video-007_22p00s.png,derivative,catalogDerivativeFrame,21ac2e39811facfa4eaa51932dca07c24de09a34726d4d6a35bd74bbdeda82a2,1399065,image/png,video-007,22,env-cf27-research-video-001-rtg-path,cf27-menu-head-skin-eye-color,CF27_XBOXUNKNOWN_RTG_EYECOLOR_007,CHARACTER_STABLE,2026-07-13T01:30:40.000000Z,UNKNOWN_RESEARCHER,PRIMARY_RESEARCH_ONLY_NOT_SECOND_VERIFIED,CURRENT,valid,Full-screen frame extracted from a directly selected Eye Color label. Frame is a local derivative and is not production data. Category: Eye Color.
PRIMARY RESEARCH CANDIDATE — NOT PRODUCTION VERIFIED,evidence-frame-cf27_xboxunknown_rtg_eyecolor_007-menu_thumbnail_evidence,data/research/cf27/generated/full-resolution-frames/eye-color-options-001-007/CF27_XBOXUNKNOWN_RTG_EYECOLOR_007/CF27_XBOXUNKNOWN_RTG_EYECOLOR_007_MENU_THUMBNAIL_EVIDENCE_video-007_22p00s.png,derivative,menuEvidenceFrame,21ac2e39811facfa4eaa51932dca07c24de09a34726d4d6a35bd74bbdeda82a2,1399065,image/png,video-007,22,env-cf27-research-video-001-rtg-path,cf27-menu-head-skin-eye-color,CF27_XBOXUNKNOWN_RTG_EYECOLOR_007,MENU,2026-07-13T01:30:40.000000Z,UNKNOWN_RESEARCHER,PRIMARY_RESEARCH_ONLY_NOT_SECOND_VERIFIED,CURRENT,valid,Full-screen frame extracted from a directly selected Eye Color label. Frame is a local derivative and is not production data. Category: Eye Color.
PRIMARY RESEARCH CANDIDATE — NOT PRODUCTION VERIFIED,evidence-frame-cf27_xboxunknown_rtg_eyeshape_001-character_front,data/research/cf27/generated/full-resolution-frames/eye-shape-options-001-005/CF27_XBOXUNKNOWN_RTG_EYESHAPE_001/CF27_XBOXUNKNOWN_RTG_EYESHAPE_001_CHARACTER_FRONT_video-006_14p00s.png,derivative,catalogDerivativeFrame,04d62fca726a41aed7e0092a8cc19dd4b53982312b6f51660418250968232d45,1212653,image/png,video-006,14,env-cf27-research-video-001-rtg-path,cf27-menu-head-skin-eye-shape,CF27_XBOXUNKNOWN_RTG_EYESHAPE_001,CHARACTER_FRONT,2026-07-13T01:29:49.000000Z,UNKNOWN_RESEARCHER,PRIMARY_RESEARCH_ONLY_NOT_SECOND_VERIFIED,CURRENT,valid,Full-screen frame extracted from a directly selected Eye Shape label. Frame is a local derivative and is not production data. Category: Eye Shape.
PRIMARY RESEARCH CANDIDATE — NOT PRODUCTION VERIFIED,evidence-frame-cf27_xboxunknown_rtg_eyeshape_001-menu,data/research/cf27/generated/full-resolution-frames/eye-shape-options-001-005/CF27_XBOXUNKNOWN_RTG_EYESHAPE_001/CF27_XBOXUNKNOWN_RTG_EYESHAPE_001_MENU_video-006_14p00s.png,derivative,menuEvidenceFrame,04d62fca726a41aed7e0092a8cc19dd4b53982312b6f51660418250968232d45,1212653,image/png,video-006,14,env-cf27-research-video-001-rtg-path,cf27-menu-head-skin-eye-shape,CF27_XBOXUNKNOWN_RTG_EYESHAPE_001,MENU,2026-07-13T01:29:49.000000Z,UNKNOWN_RESEARCHER,PRIMARY_RESEARCH_ONLY_NOT_SECOND_VERIFIED,CURRENT,valid,Full-screen frame extracted from a directly selected Eye Shape label. Frame is a local derivative and is not production data. Category: Eye Shape.
PRIMARY RESEARCH CANDIDATE — NOT PRODUCTION VERIFIED,evidence-frame-cf27_xboxunknown_rtg_eyeshape_002-character_front,data/research/cf27/generated/full-resolution-frames/eye-shape-options-001-005/CF27_XBOXUNKNOWN_RTG_EYESHAPE_002/CF27_XBOXUNKNOWN_RTG_EYESHAPE_002_CHARACTER_FRONT_video-006_16p00s.png,derivative,catalogDerivativeFrame,d293523adec68c318173dd98bedd64aed9a07032af57006f949a422fa530afd2,1356839,image/png,video-006,16,env-cf27-research-video-001-rtg-path,cf27-menu-head-skin-eye-shape,CF27_XBOXUNKNOWN_RTG_EYESHAPE_002,CHARACTER_FRONT,2026-07-13T01:29:49.000000Z,UNKNOWN_RESEARCHER,PRIMARY_RESEARCH_ONLY_NOT_SECOND_VERIFIED,CURRENT,valid,Full-screen frame extracted from a directly selected Eye Shape label. Frame is a local derivative and is not production data. Category: Eye Shape.
PRIMARY RESEARCH CANDIDATE — NOT PRODUCTION VERIFIED,evidence-frame-cf27_xboxunknown_rtg_eyeshape_002-menu,data/research/cf27/generated/full-resolution-frames/eye-shape-options-001-005/CF27_XBOXUNKNOWN_RTG_EYESHAPE_002/CF27_XBOXUNKNOWN_RTG_EYESHAPE_002_MENU_video-006_16p00s.png,derivative,menuEvidenceFrame,d293523adec68c318173dd98bedd64aed9a07032af57006f949a422fa530afd2,1356839,image/png,video-006,16,env-cf27-research-video-001-rtg-path,cf27-menu-head-skin-eye-shape,CF27_XBOXUNKNOWN_RTG_EYESHAPE_002,MENU,2026-07-13T01:29:49.000000Z,UNKNOWN_RESEARCHER,PRIMARY_RESEARCH_ONLY_NOT_SECOND_VERIFIED,CURRENT,valid,Full-screen frame extracted from a directly selected Eye Shape label. Frame is a local derivative and is not production data. Category: Eye Shape.
PRIMARY RESEARCH CANDIDATE — NOT PRODUCTION VERIFIED,evidence-frame-cf27_xboxunknown_rtg_eyeshape_003-character_front,data/research/cf27/generated/full-resolution-frames/eye-shape-options-001-005/CF27_XBOXUNKNOWN_RTG_EYESHAPE_003/CF27_XBOXUNKNOWN_RTG_EYESHAPE_003_CHARACTER_FRONT_video-006_18p00s.png,derivative,catalogDerivativeFrame,53038effa7cd6fda18cd041900e07f2e02159c2a85d5d7628062adaed0031bab,1345372,image/png,video-006,18,env-cf27-research-video-001-rtg-path,cf27-menu-head-skin-eye-shape,CF27_XBOXUNKNOWN_RTG_EYESHAPE_003,CHARACTER_FRONT,2026-07-13T01:29:49.000000Z,UNKNOWN_RESEARCHER,PRIMARY_RESEARCH_ONLY_NOT_SECOND_VERIFIED,CURRENT,valid,Full-screen frame extracted from a directly selected Eye Shape label. Frame is a local derivative and is not production data. Category: Eye Shape.
PRIMARY RESEARCH CANDIDATE — NOT PRODUCTION VERIFIED,evidence-frame-cf27_xboxunknown_rtg_eyeshape_003-menu,data/research/cf27/generated/full-resolution-frames/eye-shape-options-001-005/CF27_XBOXUNKNOWN_RTG_EYESHAPE_003/CF27_XBOXUNKNOWN_RTG_EYESHAPE_003_MENU_video-006_18p00s.png,derivative,menuEvidenceFrame,53038effa7cd6fda18cd041900e07f2e02159c2a85d5d7628062adaed0031bab,1345372,image/png,video-006,18,env-cf27-research-video-001-rtg-path,cf27-menu-head-skin-eye-shape,CF27_XBOXUNKNOWN_RTG_EYESHAPE_003,MENU,2026-07-13T01:29:49.000000Z,UNKNOWN_RESEARCHER,PRIMARY_RESEARCH_ONLY_NOT_SECOND_VERIFIED,CURRENT,valid,Full-screen frame extracted from a directly selected Eye Shape label. Frame is a local derivative and is not production data. Category: Eye Shape.
PRIMARY RESEARCH CANDIDATE — NOT PRODUCTION VERIFIED,evidence-frame-cf27_xboxunknown_rtg_eyeshape_004-character_front,data/research/cf27/generated/full-resolution-frames/eye-shape-options-001-005/CF27_XBOXUNKNOWN_RTG_EYESHAPE_004/CF27_XBOXUNKNOWN_RTG_EYESHAPE_004_CHARACTER_FRONT_video-006_19p00s.png,derivative,catalogDerivativeFrame,bdd753544771499cbf8e6fc4bea3157c8a6799b0f929564976ab8176d860a13d,1326598,image/png,video-006,19,env-cf27-research-video-001-rtg-path,cf27-menu-head-skin-eye-shape,CF27_XBOXUNKNOWN_RTG_EYESHAPE_004,CHARACTER_FRONT,2026-07-13T01:29:49.000000Z,UNKNOWN_RESEARCHER,PRIMARY_RESEARCH_ONLY_NOT_SECOND_VERIFIED,CURRENT,valid,Full-screen frame extracted from a directly selected Eye Shape label. Frame is a local derivative and is not production data. Category: Eye Shape.
PRIMARY RESEARCH CANDIDATE — NOT PRODUCTION VERIFIED,evidence-frame-cf27_xboxunknown_rtg_eyeshape_004-menu,data/research/cf27/generated/full-resolution-frames/eye-shape-options-001-005/CF27_XBOXUNKNOWN_RTG_EYESHAPE_004/CF27_XBOXUNKNOWN_RTG_EYESHAPE_004_MENU_video-006_19p00s.png,derivative,menuEvidenceFrame,bdd753544771499cbf8e6fc4bea3157c8a6799b0f929564976ab8176d860a13d,1326598,image/png,video-006,19,env-cf27-research-video-001-rtg-path,cf27-menu-head-skin-eye-shape,CF27_XBOXUNKNOWN_RTG_EYESHAPE_004,MENU,2026-07-13T01:29:49.000000Z,UNKNOWN_RESEARCHER,PRIMARY_RESEARCH_ONLY_NOT_SECOND_VERIFIED,CURRENT,valid,Full-screen frame extracted from a directly selected Eye Shape label. Frame is a local derivative and is not production data. Category: Eye Shape.
PRIMARY RESEARCH CANDIDATE — NOT PRODUCTION VERIFIED,evidence-frame-cf27_xboxunknown_rtg_eyeshape_005-character_front,data/research/cf27/generated/full-resolution-frames/eye-shape-options-001-005/CF27_XBOXUNKNOWN_RTG_EYESHAPE_005/CF27_XBOXUNKNOWN_RTG_EYESHAPE_005_CHARACTER_FRONT_video-006_22p00s.png,derivative,catalogDerivativeFrame,acf7b0a186924ddf281dd3e8bedf15ba710aa41357384d3d35e451c6265c093a,1360395,image/png,video-006,22,env-cf27-research-video-001-rtg-path,cf27-menu-head-skin-eye-shape,CF27_XBOXUNKNOWN_RTG_EYESHAPE_005,CHARACTER_FRONT,2026-07-13T01:29:49.000000Z,UNKNOWN_RESEARCHER,PRIMARY_RESEARCH_ONLY_NOT_SECOND_VERIFIED,CURRENT,valid,Full-screen frame extracted from a directly selected Eye Shape label. Frame is a local derivative and is not production data. Category: Eye Shape.
PRIMARY RESEARCH CANDIDATE — NOT PRODUCTION VERIFIED,evidence-frame-cf27_xboxunknown_rtg_eyeshape_005-menu,data/research/cf27/generated/full-resolution-frames/eye-shape-options-001-005/CF27_XBOXUNKNOWN_RTG_EYESHAPE_005/CF27_XBOXUNKNOWN_RTG_EYESHAPE_005_MENU_video-006_22p00s.png,derivative,menuEvidenceFrame,acf7b0a186924ddf281dd3e8bedf15ba710aa41357384d3d35e451c6265c093a,1360395,image/png,video-006,22,env-cf27-research-video-001-rtg-path,cf27-menu-head-skin-eye-shape,CF27_XBOXUNKNOWN_RTG_EYESHAPE_005,MENU,2026-07-13T01:29:49.000000Z,UNKNOWN_RESEARCHER,PRIMARY_RESEARCH_ONLY_NOT_SECOND_VERIFIED,CURRENT,valid,Full-screen frame extracted from a directly selected Eye Shape label. Frame is a local derivative and is not production data. Category: Eye Shape.
PRIMARY RESEARCH CANDIDATE — NOT PRODUCTION VERIFIED,evidence-frame-cf27_xboxunknown_rtg_head_001-front,data/research/cf27/generated/full-resolution-frames/head-templates-faces-001-029/CF27_XBOXUNKNOWN_RTG_HEAD_001/CF27_XBOXUNKNOWN_RTG_HEAD_001_FRONT_video-002_12p18s.png,derivative,standardAngleDerivativeFrame,e2da881b9324979c6e4a744e65b7232b0f07ec9c477d65628116761d5b611e92,1475147,image/png,video-002,12.18,env-cf27-research-video-001-rtg-path,cf27-menu-head-skin-head-template,CF27_XBOXUNKNOWN_RTG_HEAD_001,FRONT,2026-07-13T01:19:19.000000Z,UNKNOWN_RESEARCHER,PRIMARY_RESEARCH_ONLY_NOT_SECOND_VERIFIED,CURRENT,valid,Full-screen frame selected from the stable selected-label range using fast local seek. Recorded source timestamp is exact to the extraction plan; decoded frame may resolve to the nearest available video frame. Angle labels are approximate and require verifier confirmation before production use. Angle label status: approximate_from_rotation_sequence. Category: Head Template.
PRIMARY RESEARCH CANDIDATE — NOT PRODUCTION VERIFIED,evidence-frame-cf27_xboxunknown_rtg_head_001-left_3q,data/research/cf27/generated/full-resolution-frames/head-templates-faces-001-029/CF27_XBOXUNKNOWN_RTG_HEAD_001/CF27_XBOXUNKNOWN_RTG_HEAD_001_LEFT_3Q_video-002_13p17s.png,derivative,standardAngleDerivativeFrame,7abd4e75988aab15497d8dc9a2e0457c1a05aa256c1aecb0b121dc02813579ca,1478492,image/png,video-002,13.17,env-cf27-research-video-001-rtg-path,cf27-menu-head-skin-head-template,CF27_XBOXUNKNOWN_RTG_HEAD_001,LEFT_3Q,2026-07-13T01:19:19.000000Z,UNKNOWN_RESEARCHER,PRIMARY_RESEARCH_ONLY_NOT_SECOND_VERIFIED,CURRENT,valid,Full-screen frame selected from the stable selected-label range using fast local seek. Recorded source timestamp is exact to the extraction plan; decoded frame may resolve to the nearest available video frame. Angle labels are approximate and require verifier confirmation before production use. Angle label status: approximate_from_rotation_sequence. Category: Head Template.
PRIMARY RESEARCH CANDIDATE — NOT PRODUCTION VERIFIED,evidence-frame-cf27_xboxunknown_rtg_head_001-left_profile,data/research/cf27/generated/full-resolution-frames/head-templates-faces-001-029/CF27_XBOXUNKNOWN_RTG_HEAD_001/CF27_XBOXUNKNOWN_RTG_HEAD_001_LEFT_PROFILE_video-002_14p17s.png,derivative,standardAngleDerivativeFrame,a5912ab12891932b4e838f72d104a45b2dcc381e11596a535a69059c65c35fc9,1455464,image/png,video-002,14.17,env-cf27-research-video-001-rtg-path,cf27-menu-head-skin-head-template,CF27_XBOXUNKNOWN_RTG_HEAD_001,LEFT_PROFILE,2026-07-13T01:19:19.000000Z,UNKNOWN_RESEARCHER,PRIMARY_RESEARCH_ONLY_NOT_SECOND_VERIFIED,CURRENT,valid,Full-screen frame selected from the stable selected-label range using fast local seek. Recorded source timestamp is exact to the extraction plan; decoded frame may resolve to the nearest available video frame. Angle labels are approximate and require verifier confirmation before production use. Angle label status: approximate_from_rotation_sequence. Category: Head Template.
PRIMARY RESEARCH CANDIDATE — NOT PRODUCTION VERIFIED,evidence-frame-cf27_xboxunknown_rtg_head_001-menu,data/research/cf27/generated/full-resolution-frames/head-templates-faces-001-029/CF27_XBOXUNKNOWN_RTG_HEAD_001/CF27_XBOXUNKNOWN_RTG_HEAD_001_MENU_video-002_11p68s.png,derivative,menuEvidenceFrame,38e83406c2b0023cca13cba4fb814153ce4846711eac3a4536e4d485de93852a,1471867,image/png,video-002,11.68,env-cf27-research-video-001-rtg-path,cf27-menu-head-skin-head-template,CF27_XBOXUNKNOWN_RTG_HEAD_001,MENU,2026-07-13T01:19:19.000000Z,UNKNOWN_RESEARCHER,PRIMARY_RESEARCH_ONLY_NOT_SECOND_VERIFIED,CURRENT,valid,Full-screen frame selected from the stable selected-label range using fast local seek. Recorded source timestamp is exact to the extraction plan; decoded frame may resolve to the nearest available video frame. Angle labels are approximate and require verifier confirmation before production use. Angle label status: menu_evidence. Category: Head Template.
PRIMARY RESEARCH CANDIDATE — NOT PRODUCTION VERIFIED,evidence-frame-cf27_xboxunknown_rtg_head_001-rear,data/research/cf27/generated/full-resolution-frames/head-templates-faces-001-029/CF27_XBOXUNKNOWN_RTG_HEAD_001/CF27_XBOXUNKNOWN_RTG_HEAD_001_REAR_video-002_15p16s.png,derivative,standardAngleDerivativeFrame,263a23fac745afa428d2358f24e96997d5d38fbd40656ae93a55cf4d8b71cde5,1371450,image/png,video-002,15.16,env-cf27-research-video-001-rtg-path,cf27-menu-head-skin-head-template,CF27_XBOXUNKNOWN_RTG_HEAD_001,REAR,2026-07-13T01:19:19.000000Z,UNKNOWN_RESEARCHER,PRIMARY_RESEARCH_ONLY_NOT_SECOND_VERIFIED,CURRENT,valid,Full-screen frame selected from the stable selected-label range using fast local seek. Recorded source timestamp is exact to the extraction plan; decoded frame may resolve to the nearest available video frame. Angle labels are approximate and require verifier confirmation before production use. Angle label status: approximate_from_rotation_sequence. Category: Head Template.
PRIMARY RESEARCH CANDIDATE — NOT PRODUCTION VERIFIED,evidence-frame-cf27_xboxunknown_rtg_head_001-right_3q,data/research/cf27/generated/full-resolution-frames/head-templates-faces-001-029/CF27_XBOXUNKNOWN_RTG_HEAD_001/CF27_XBOXUNKNOWN_RTG_HEAD_001_RIGHT_3Q_video-002_17p16s.png,derivative,standardAngleDerivativeFrame,e5759f9d711cfe241be94012b1b704be8d2e025255fe6717f3d49a9b31e29739,1290490,image/png,video-002,17.16,env-cf27-research-video-001-rtg-path,cf27-menu-head-skin-head-template,CF27_XBOXUNKNOWN_RTG_HEAD_001,RIGHT_3Q,2026-07-13T01:19:19.000000Z,UNKNOWN_RESEARCHER,PRIMARY_RESEARCH_ONLY_NOT_SECOND_VERIFIED,CURRENT,valid,Full-screen frame selected from the stable selected-label range using fast local seek. Recorded source timestamp is exact to the extraction plan; decoded frame may resolve to the nearest available video frame. Angle labels are approximate and require verifier confirmation before production use. Angle label status: approximate_from_rotation_sequence. Category: Head Template.
PRIMARY RESEARCH CANDIDATE — NOT PRODUCTION VERIFIED,evidence-frame-cf27_xboxunknown_rtg_head_001-right_profile,data/research/cf27/generated/full-resolution-frames/head-templates-faces-001-029/CF27_XBOXUNKNOWN_RTG_HEAD_001/CF27_XBOXUNKNOWN_RTG_HEAD_001_RIGHT_PROFILE_video-002_16p16s.png,derivative,standardAngleDerivativeFrame,535044502fe1a3285a49bcedc1f8074b2b73ada61ff083449de528765b2b7bbe,1249911,image/png,video-002,16.16,env-cf27-research-video-001-rtg-path,cf27-menu-head-skin-head-template,CF27_XBOXUNKNOWN_RTG_HEAD_001,RIGHT_PROFILE,2026-07-13T01:19:19.000000Z,UNKNOWN_RESEARCHER,PRIMARY_RESEARCH_ONLY_NOT_SECOND_VERIFIED,CURRENT,valid,Full-screen frame selected from the stable selected-label range using fast local seek. Recorded source timestamp is exact to the extraction plan; decoded frame may resolve to the nearest available video frame. Angle labels are approximate and require verifier confirmation before production use. Angle label status: approximate_from_rotation_sequence. Category: Head Template.
PRIMARY RESEARCH CANDIDATE — NOT PRODUCTION VERIFIED,evidence-frame-cf27_xboxunknown_rtg_head_002-front,data/research/cf27/generated/full-resolution-frames/head-templates-faces-001-029/CF27_XBOXUNKNOWN_RTG_HEAD_002/CF27_XBOXUNKNOWN_RTG_HEAD_002_FRONT_video-002_21p96s.png,derivative,standardAngleDerivativeFrame,5d63e7829c8c10418973c42d22b4323961da2ebdc63409a94f7bc8850ba8810b,1561647,image/png,video-002,21.96,env-cf27-research-video-001-rtg-path,cf27-menu-head-skin-head-template,CF27_XBOXUNKNOWN_RTG_HEAD_002,FRONT,2026-07-13T01:19:19.000000Z,UNKNOWN_RESEARCHER,PRIMARY_RESEARCH_ONLY_NOT_SECOND_VERIFIED,CURRENT,valid,Full-screen frame selected from the stable selected-label range using fast local seek. Recorded source timestamp is exact to the extraction plan; decoded frame may resolve to the nearest available video frame. Angle labels are approximate and require verifier confirmation before production use. Angle label status: approximate_from_rotation_sequence. Category: Head Template.
PRIMARY RESEARCH CANDIDATE — NOT PRODUCTION VERIFIED,evidence-frame-cf27_xboxunknown_rtg_head_002-left_3q,data/research/cf27/generated/full-resolution-frames/head-templates-faces-001-029/CF27_XBOXUNKNOWN_RTG_HEAD_002/CF27_XBOXUNKNOWN_RTG_HEAD_002_LEFT_3Q_video-002_22p83s.png,derivative,standardAngleDerivativeFrame,be6a61ff960d337961a6c709365146ed142be3840e0ae8a054dd187c485e94b4,1560008,image/png,video-002,22.83,env-cf27-research-video-001-rtg-path,cf27-menu-head-skin-head-template,CF27_XBOXUNKNOWN_RTG_HEAD_002,LEFT_3Q,2026-07-13T01:19:19.000000Z,UNKNOWN_RESEARCHER,PRIMARY_RESEARCH_ONLY_NOT_SECOND_VERIFIED,CURRENT,valid,Full-screen frame selected from the stable selected-label range using fast local seek. Recorded source timestamp is exact to the extraction plan; decoded frame may resolve to the nearest available video frame. Angle labels are approximate and require verifier confirmation before production use. Angle label status: approximate_from_rotation_sequence. Category: Head Template.
PRIMARY RESEARCH CANDIDATE — NOT PRODUCTION VERIFIED,evidence-frame-cf27_xboxunknown_rtg_head_002-left_profile,data/research/cf27/generated/full-resolution-frames/head-templates-faces-001-029/CF27_XBOXUNKNOWN_RTG_HEAD_002/CF27_XBOXUNKNOWN_RTG_HEAD_002_LEFT_PROFILE_video-002_23p71s.png,derivative,standardAngleDerivativeFrame,2efc5cf792576a5605dfbd2681d6b821e4b9ba8cd5f9def2918e96726fcf998a,1538513,image/png,video-002,23.71,env-cf27-research-video-001-rtg-path,cf27-menu-head-skin-head-template,CF27_XBOXUNKNOWN_RTG_HEAD_002,LEFT_PROFILE,2026-07-13T01:19:19.000000Z,UNKNOWN_RESEARCHER,PRIMARY_RESEARCH_ONLY_NOT_SECOND_VERIFIED,CURRENT,valid,Full-screen frame selected from the stable selected-label range using fast local seek. Recorded source timestamp is exact to the extraction plan; decoded frame may resolve to the nearest available video frame. Angle labels are approximate and require verifier confirmation before production use. Angle label status: approximate_from_rotation_sequence. Category: Head Template.
PRIMARY RESEARCH CANDIDATE — NOT PRODUCTION VERIFIED,evidence-frame-cf27_xboxunknown_rtg_head_002-menu,data/research/cf27/generated/full-resolution-frames/head-templates-faces-001-029/CF27_XBOXUNKNOWN_RTG_HEAD_002/CF27_XBOXUNKNOWN_RTG_HEAD_002_MENU_video-002_21p52s.png,derivative,menuEvidenceFrame,a9438049c2b2abf131c2f770f61d72c9c19d31620ff70bdc7323edfe3c99a1a6,1491074,image/png,video-002,21.52,env-cf27-research-video-001-rtg-path,cf27-menu-head-skin-head-template,CF27_XBOXUNKNOWN_RTG_HEAD_002,MENU,2026-07-13T01:19:19.000000Z,UNKNOWN_RESEARCHER,PRIMARY_RESEARCH_ONLY_NOT_SECOND_VERIFIED,CURRENT,valid,Full-screen frame selected from the stable selected-label range using fast local seek. Recorded source timestamp is exact to the extraction plan; decoded frame may resolve to the nearest available video frame. Angle labels are approximate and require verifier confirmation before production use. Angle label status: menu_evidence. Category: Head Template.
PRIMARY RESEARCH CANDIDATE — NOT PRODUCTION VERIFIED,evidence-frame-cf27_xboxunknown_rtg_head_002-rear,data/research/cf27/generated/full-resolution-frames/head-templates-faces-001-029/CF27_XBOXUNKNOWN_RTG_HEAD_002/CF27_XBOXUNKNOWN_RTG_HEAD_002_REAR_video-002_24p58s.png,derivative,standardAngleDerivativeFrame,bcfd888551a6df0ab21de9de2040cdd5b5431ea04c23b8a37d584a32c4657f07,1356869,image/png,video-002,24.58,env-cf27-research-video-001-rtg-path,cf27-menu-head-skin-head-template,CF27_XBOXUNKNOWN_RTG_HEAD_002,REAR,2026-07-13T01:19:19.000000Z,UNKNOWN_RESEARCHER,PRIMARY_RESEARCH_ONLY_NOT_SECOND_VERIFIED,CURRENT,valid,Full-screen frame selected from the stable selected-label range using fast local seek. Recorded source timestamp is exact to the extraction plan; decoded frame may resolve to the nearest available video frame. Angle labels are approximate and require verifier confirmation before production use. Angle label status: approximate_from_rotation_sequence. Category: Head Template.
PRIMARY RESEARCH CANDIDATE — NOT PRODUCTION VERIFIED,evidence-frame-cf27_xboxunknown_rtg_head_002-right_3q,data/research/cf27/generated/full-resolution-frames/head-templates-faces-001-029/CF27_XBOXUNKNOWN_RTG_HEAD_002/CF27_XBOXUNKNOWN_RTG_HEAD_002_RIGHT_3Q_video-002_26p34s.png,derivative,standardAngleDerivativeFrame,e91d0b0ba96294c0330c8833678fa4acd87d55220573fce0df6f85188d7b9284,1510735,image/png,video-002,26.34,env-cf27-research-video-001-rtg-path,cf27-menu-head-skin-head-template,CF27_XBOXUNKNOWN_RTG_HEAD_002,RIGHT_3Q,2026-07-13T01:19:19.000000Z,UNKNOWN_RESEARCHER,PRIMARY_RESEARCH_ONLY_NOT_SECOND_VERIFIED,CURRENT,valid,Full-screen frame selected from the stable selected-label range using fast local seek. Recorded source timestamp is exact to the extraction plan; decoded frame may resolve to the nearest available video frame. Angle labels are approximate and require verifier confirmation before production use. Angle label status: approximate_from_rotation_sequence. Category: Head Template.
PRIMARY RESEARCH CANDIDATE — NOT PRODUCTION VERIFIED,evidence-frame-cf27_xboxunknown_rtg_head_002-right_profile,data/research/cf27/generated/full-resolution-frames/head-templates-faces-001-029/CF27_XBOXUNKNOWN_RTG_HEAD_002/CF27_XBOXUNKNOWN_RTG_HEAD_002_RIGHT_PROFILE_video-002_25p46s.png,derivative,standardAngleDerivativeFrame,282ba284d94085964474b1b5d287f51a4849b8b01dd0e62200c0fa9dadca7aca,1356926,image/png,video-002,25.46,env-cf27-research-video-001-rtg-path,cf27-menu-head-skin-head-template,CF27_XBOXUNKNOWN_RTG_HEAD_002,RIGHT_PROFILE,2026-07-13T01:19:19.000000Z,UNKNOWN_RESEARCHER,PRIMARY_RESEARCH_ONLY_NOT_SECOND_VERIFIED,CURRENT,valid,Full-screen frame selected from the stable selected-label range using fast local seek. Recorded source timestamp is exact to the extraction plan; decoded frame may resolve to the nearest available video frame. Angle labels are approximate and require verifier confirmation before production use. Angle label status: approximate_from_rotation_sequence. Category: Head Template.
PRIMARY RESEARCH CANDIDATE — NOT PRODUCTION VERIFIED,evidence-frame-cf27_xboxunknown_rtg_head_003-front,data/research/cf27/generated/full-resolution-frames/head-templates-faces-001-029/CF27_XBOXUNKNOWN_RTG_HEAD_003/CF27_XBOXUNKNOWN_RTG_HEAD_003_FRONT_video-002_31p18s.png,derivative,standardAngleDerivativeFrame,530983f84b22cc5d66486a84da3048dd7b2b95e5abccbc70725b75b37bf5f1d5,1573785,image/png,video-002,31.18,env-cf27-research-video-001-rtg-path,cf27-menu-head-skin-head-template,CF27_XBOXUNKNOWN_RTG_HEAD_003,FRONT,2026-07-13T01:19:19.000000Z,UNKNOWN_RESEARCHER,PRIMARY_RESEARCH_ONLY_NOT_SECOND_VERIFIED,CURRENT,valid,Full-screen frame selected from the stable selected-label range using fast local seek. Recorded source timestamp is exact to the extraction plan; decoded frame may resolve to the nearest available video frame. Angle labels are approximate and require verifier confirmation before production use. Angle label status: approximate_from_rotation_sequence. Category: Head Template.
PRIMARY RESEARCH CANDIDATE — NOT PRODUCTION VERIFIED,evidence-frame-cf27_xboxunknown_rtg_head_003-left_3q,data/research/cf27/generated/full-resolution-frames/head-templates-faces-001-029/CF27_XBOXUNKNOWN_RTG_HEAD_003/CF27_XBOXUNKNOWN_RTG_HEAD_003_LEFT_3Q_video-002_32p17s.png,derivative,standardAngleDerivativeFrame,17c651e5d41e749505a729500b86b15c5a11821d93cbe90ceeb26d3ff083ecae,1493151,image/png,video-002,32.17,env-cf27-research-video-001-rtg-path,cf27-menu-head-skin-head-template,CF27_XBOXUNKNOWN_RTG_HEAD_003,LEFT_3Q,2026-07-13T01:19:19.000000Z,UNKNOWN_RESEARCHER,PRIMARY_RESEARCH_ONLY_NOT_SECOND_VERIFIED,CURRENT,valid,Full-screen frame selected from the stable selected-label range using fast local seek. Recorded source timestamp is exact to the extraction plan; decoded frame may resolve to the nearest available video frame. Angle labels are approximate and require verifier confirmation before production use. Angle label status: approximate_from_rotation_sequence. Category: Head Template.
PRIMARY RESEARCH CANDIDATE — NOT PRODUCTION VERIFIED,evidence-frame-cf27_xboxunknown_rtg_head_003-left_profile,data/research/cf27/generated/full-resolution-frames/head-templates-faces-001-029/CF27_XBOXUNKNOWN_RTG_HEAD_003/CF27_XBOXUNKNOWN_RTG_HEAD_003_LEFT_PROFILE_video-002_33p17s.png,derivative,standardAngleDerivativeFrame,eef4d1cae971f9b63c197b90905bf080375b8ef0e6f74a2db579c0f29c1b5adf,1415050,image/png,video-002,33.17,env-cf27-research-video-001-rtg-path,cf27-menu-head-skin-head-template,CF27_XBOXUNKNOWN_RTG_HEAD_003,LEFT_PROFILE,2026-07-13T01:19:19.000000Z,UNKNOWN_RESEARCHER,PRIMARY_RESEARCH_ONLY_NOT_SECOND_VERIFIED,CURRENT,valid,Full-screen frame selected from the stable selected-label range using fast local seek. Recorded source timestamp is exact to the extraction plan; decoded frame may resolve to the nearest available video frame. Angle labels are approximate and require verifier confirmation before production use. Angle label status: approximate_from_rotation_sequence. Category: Head Template.
PRIMARY RESEARCH CANDIDATE — NOT PRODUCTION VERIFIED,evidence-frame-cf27_xboxunknown_rtg_head_003-menu,data/research/cf27/generated/full-resolution-frames/head-templates-faces-001-029/CF27_XBOXUNKNOWN_RTG_HEAD_003/CF27_XBOXUNKNOWN_RTG_HEAD_003_MENU_video-002_30p68s.png,derivative,menuEvidenceFrame,45823ee8a4bb5930240db9c031f97cd3c33134570819d068fda803b43e510fad,1529881,image/png,video-002,30.68,env-cf27-research-video-001-rtg-path,cf27-menu-head-skin-head-template,CF27_XBOXUNKNOWN_RTG_HEAD_003,MENU,2026-07-13T01:19:19.000000Z,UNKNOWN_RESEARCHER,PRIMARY_RESEARCH_ONLY_NOT_SECOND_VERIFIED,CURRENT,valid,Full-screen frame selected from the stable selected-label range using fast local seek. Recorded source timestamp is exact to the extraction plan; decoded frame may resolve to the nearest available video frame. Angle labels are approximate and require verifier confirmation before production use. Angle label status: menu_evidence. Category: Head Template.
PRIMARY RESEARCH CANDIDATE — NOT PRODUCTION VERIFIED,evidence-frame-cf27_xboxunknown_rtg_head_003-rear,data/research/cf27/generated/full-resolution-frames/head-templates-faces-001-029/CF27_XBOXUNKNOWN_RTG_HEAD_003/CF27_XBOXUNKNOWN_RTG_HEAD_003_REAR_video-002_34p16s.png,derivative,standardAngleDerivativeFrame,3691d9faa8284e6734feb42a0ff4b3eb1e31f88cb77658ff71dd5bae00481e43,1332057,image/png,video-002,34.16,env-cf27-research-video-001-rtg-path,cf27-menu-head-skin-head-template,CF27_XBOXUNKNOWN_RTG_HEAD_003,REAR,2026-07-13T01:19:19.000000Z,UNKNOWN_RESEARCHER,PRIMARY_RESEARCH_ONLY_NOT_SECOND_VERIFIED,CURRENT,valid,Full-screen frame selected from the stable selected-label range using fast local seek. Recorded source timestamp is exact to the extraction plan; decoded frame may resolve to the nearest available video frame. Angle labels are approximate and require verifier confirmation before production use. Angle label status: approximate_from_rotation_sequence. Category: Head Template.
PRIMARY RESEARCH CANDIDATE — NOT PRODUCTION VERIFIED,evidence-frame-cf27_xboxunknown_rtg_head_003-right_3q,data/research/cf27/generated/full-resolution-frames/head-templates-faces-001-029/CF27_XBOXUNKNOWN_RTG_HEAD_003/CF27_XBOXUNKNOWN_RTG_HEAD_003_RIGHT_3Q_video-002_36p16s.png,derivative,standardAngleDerivativeFrame,25183fe1b05175a396b4c1006c59b7c5ab10fad541eddc9b4967f59a58a1e4a7,1408431,image/png,video-002,36.16,env-cf27-research-video-001-rtg-path,cf27-menu-head-skin-head-template,CF27_XBOXUNKNOWN_RTG_HEAD_003,RIGHT_3Q,2026-07-13T01:19:19.000000Z,UNKNOWN_RESEARCHER,PRIMARY_RESEARCH_ONLY_NOT_SECOND_VERIFIED,CURRENT,valid,Full-screen frame selected from the stable selected-label range using fast local seek. Recorded source timestamp is exact to the extraction plan; decoded frame may resolve to the nearest available video frame. Angle labels are approximate and require verifier confirmation before production use. Angle label status: approximate_from_rotation_sequence. Category: Head Template.
PRIMARY RESEARCH CANDIDATE — NOT PRODUCTION VERIFIED,evidence-frame-cf27_xboxunknown_rtg_head_003-right_profile,data/research/cf27/generated/full-resolution-frames/head-templates-faces-001-029/CF27_XBOXUNKNOWN_RTG_HEAD_003/CF27_XBOXUNKNOWN_RTG_HEAD_003_RIGHT_PROFILE_video-002_35p16s.png,derivative,standardAngleDerivativeFrame,59af3e0168d384633f4da6a314507bd2975ba6d3ced9a7dc2c482e315837216c,1299476,image/png,video-002,35.16,env-cf27-research-video-001-rtg-path,cf27-menu-head-skin-head-template,CF27_XBOXUNKNOWN_RTG_HEAD_003,RIGHT_PROFILE,2026-07-13T01:19:19.000000Z,UNKNOWN_RESEARCHER,PRIMARY_RESEARCH_ONLY_NOT_SECOND_VERIFIED,CURRENT,valid,Full-screen frame selected from the stable selected-label range using fast local seek. Recorded source timestamp is exact to the extraction plan; decoded frame may resolve to the nearest available video frame. Angle labels are approximate and require verifier confirmation before production use. Angle label status: approximate_from_rotation_sequence. Category: Head Template.
PRIMARY RESEARCH CANDIDATE — NOT PRODUCTION VERIFIED,evidence-frame-cf27_xboxunknown_rtg_head_004-front,data/research/cf27/generated/full-resolution-frames/head-templates-faces-001-029/CF27_XBOXUNKNOWN_RTG_HEAD_004/CF27_XBOXUNKNOWN_RTG_HEAD_004_FRONT_video-002_41p18s.png,derivative,standardAngleDerivativeFrame,acfd12ef74e05abe431e06f2fa2ab513ee40f73fd11effb73c25008546c2826a,1310930,image/png,video-002,41.18,env-cf27-research-video-001-rtg-path,cf27-menu-head-skin-head-template,CF27_XBOXUNKNOWN_RTG_HEAD_004,FRONT,2026-07-13T01:19:19.000000Z,UNKNOWN_RESEARCHER,PRIMARY_RESEARCH_ONLY_NOT_SECOND_VERIFIED,CURRENT,valid,Full-screen frame selected from the stable selected-label range using fast local seek. Recorded source timestamp is exact to the extraction plan; decoded frame may resolve to the nearest available video frame. Angle labels are approximate and require verifier confirmation before production use. Angle label status: approximate_from_rotation_sequence. Category: Head Template.
PRIMARY RESEARCH CANDIDATE — NOT PRODUCTION VERIFIED,evidence-frame-cf27_xboxunknown_rtg_head_004-left_3q,data/research/cf27/generated/full-resolution-frames/head-templates-faces-001-029/CF27_XBOXUNKNOWN_RTG_HEAD_004/CF27_XBOXUNKNOWN_RTG_HEAD_004_LEFT_3Q_video-002_42p17s.png,derivative,standardAngleDerivativeFrame,371957836ec6a99d5457c29e61dcf7888eac760f6eea4619b6da2f52ce75d00f,1269327,image/png,video-002,42.17,env-cf27-research-video-001-rtg-path,cf27-menu-head-skin-head-template,CF27_XBOXUNKNOWN_RTG_HEAD_004,LEFT_3Q,2026-07-13T01:19:19.000000Z,UNKNOWN_RESEARCHER,PRIMARY_RESEARCH_ONLY_NOT_SECOND_VERIFIED,CURRENT,valid,Full-screen frame selected from the stable selected-label range using fast local seek. Recorded source timestamp is exact to the extraction plan; decoded frame may resolve to the nearest available video frame. Angle labels are approximate and require verifier confirmation before production use. Angle label status: approximate_from_rotation_sequence. Category: Head Template.
PRIMARY RESEARCH CANDIDATE — NOT PRODUCTION VERIFIED,evidence-frame-cf27_xboxunknown_rtg_head_004-left_profile,data/research/cf27/generated/full-resolution-frames/head-templates-faces-001-029/CF27_XBOXUNKNOWN_RTG_HEAD_004/CF27_XBOXUNKNOWN_RTG_HEAD_004_LEFT_PROFILE_video-002_43p17s.png,derivative,standardAngleDerivativeFrame,2ece78fd495d7548a86c83e105d008850cdaa042ea81ac0921028291f2e93af8,1476979,image/png,video-002,43.17,env-cf27-research-video-001-rtg-path,cf27-menu-head-skin-head-template,CF27_XBOXUNKNOWN_RTG_HEAD_004,LEFT_PROFILE,2026-07-13T01:19:19.000000Z,UNKNOWN_RESEARCHER,PRIMARY_RESEARCH_ONLY_NOT_SECOND_VERIFIED,CURRENT,valid,Full-screen frame selected from the stable selected-label range using fast local seek. Recorded source timestamp is exact to the extraction plan; decoded frame may resolve to the nearest available video frame. Angle labels are approximate and require verifier confirmation before production use. Angle label status: approximate_from_rotation_sequence. Category: Head Template.
PRIMARY RESEARCH CANDIDATE — NOT PRODUCTION VERIFIED,evidence-frame-cf27_xboxunknown_rtg_head_004-menu,data/research/cf27/generated/full-resolution-frames/head-templates-faces-001-029/CF27_XBOXUNKNOWN_RTG_HEAD_004/CF27_XBOXUNKNOWN_RTG_HEAD_004_MENU_video-002_40p68s.png,derivative,menuEvidenceFrame,d58fb77bf66947917eb648066342c3e7d134875ec83fa23ea37d43ed92388734,1270507,image/png,video-002,40.68,env-cf27-research-video-001-rtg-path,cf27-menu-head-skin-head-template,CF27_XBOXUNKNOWN_RTG_HEAD_004,MENU,2026-07-13T01:19:19.000000Z,UNKNOWN_RESEARCHER,PRIMARY_RESEARCH_ONLY_NOT_SECOND_VERIFIED,CURRENT,valid,Full-screen frame selected from the stable selected-label range using fast local seek. Recorded source timestamp is exact to the extraction plan; decoded frame may resolve to the nearest available video frame. Angle labels are approximate and require verifier confirmation before production use. Angle label status: menu_evidence. Category: Head Template.
PRIMARY RESEARCH CANDIDATE — NOT PRODUCTION VERIFIED,evidence-frame-cf27_xboxunknown_rtg_head_004-rear,data/research/cf27/generated/full-resolution-frames/head-templates-faces-001-029/CF27_XBOXUNKNOWN_RTG_HEAD_004/CF27_XBOXUNKNOWN_RTG_HEAD_004_REAR_video-002_44p16s.png,derivative,standardAngleDerivativeFrame,d1d21f7fff04dfc9ca722fc250e0ad4aa8830c32ddce8198c1555ced2003c2aa,1542935,image/png,video-002,44.16,env-cf27-research-video-001-rtg-path,cf27-menu-head-skin-head-template,CF27_XBOXUNKNOWN_RTG_HEAD_004,REAR,2026-07-13T01:19:19.000000Z,UNKNOWN_RESEARCHER,PRIMARY_RESEARCH_ONLY_NOT_SECOND_VERIFIED,CURRENT,valid,Full-screen frame selected from the stable selected-label range using fast local seek. Recorded source timestamp is exact to the extraction plan; decoded frame may resolve to the nearest available video frame. Angle labels are approximate and require verifier confirmation before production use. Angle label status: approximate_from_rotation_sequence. Category: Head Template.
PRIMARY RESEARCH CANDIDATE — NOT PRODUCTION VERIFIED,evidence-frame-cf27_xboxunknown_rtg_head_004-right_3q,data/research/cf27/generated/full-resolution-frames/head-templates-faces-001-029/CF27_XBOXUNKNOWN_RTG_HEAD_004/CF27_XBOXUNKNOWN_RTG_HEAD_004_RIGHT_3Q_video-002_46p16s.png,derivative,standardAngleDerivativeFrame,8e3a405ff77bde8e142887ef003f66bd8b1a2d2e7ce08439e88314aa59e3202b,1548621,image/png,video-002,46.16,env-cf27-research-video-001-rtg-path,cf27-menu-head-skin-head-template,CF27_XBOXUNKNOWN_RTG_HEAD_004,RIGHT_3Q,2026-07-13T01:19:19.000000Z,UNKNOWN_RESEARCHER,PRIMARY_RESEARCH_ONLY_NOT_SECOND_VERIFIED,CURRENT,valid,Full-screen frame selected from the stable selected-label range using fast local seek. Recorded source timestamp is exact to the extraction plan; decoded frame may resolve to the nearest available video frame. Angle labels are approximate and require verifier confirmation before production use. Angle label status: approximate_from_rotation_sequence. Category: Head Template.
PRIMARY RESEARCH CANDIDATE — NOT PRODUCTION VERIFIED,evidence-frame-cf27_xboxunknown_rtg_head_004-right_profile,data/research/cf27/generated/full-resolution-frames/head-templates-faces-001-029/CF27_XBOXUNKNOWN_RTG_HEAD_004/CF27_XBOXUNKNOWN_RTG_HEAD_004_RIGHT_PROFILE_video-002_45p16s.png,derivative,standardAngleDerivativeFrame,b58ab3bf0e79383a7202fa935b1ba139b0a9d4b2b30cd6f4c3e6eb53c63d1c76,1539962,image/png,video-002,45.16,env-cf27-research-video-001-rtg-path,cf27-menu-head-skin-head-template,CF27_XBOXUNKNOWN_RTG_HEAD_004,RIGHT_PROFILE,2026-07-13T01:19:19.000000Z,UNKNOWN_RESEARCHER,PRIMARY_RESEARCH_ONLY_NOT_SECOND_VERIFIED,CURRENT,valid,Full-screen frame selected from the stable selected-label range using fast local seek. Recorded source timestamp is exact to the extraction plan; decoded frame may resolve to the nearest available video frame. Angle labels are approximate and require verifier confirmation before production use. Angle label status: approximate_from_rotation_sequence. Category: Head Template.
PRIMARY RESEARCH CANDIDATE — NOT PRODUCTION VERIFIED,evidence-frame-cf27_xboxunknown_rtg_head_005-front,data/research/cf27/generated/full-resolution-frames/head-templates-faces-001-029/CF27_XBOXUNKNOWN_RTG_HEAD_005/CF27_XBOXUNKNOWN_RTG_HEAD_005_FRONT_video-002_70p30s.png,derivative,standardAngleDerivativeFrame,c40d800b7f9dad92eee640ba6d517dc279ddc91cc4cdcd3c9ad65580f3c7f2db,1214079,image/png,video-002,70.3,env-cf27-research-video-001-rtg-path,cf27-menu-head-skin-head-template,CF27_XBOXUNKNOWN_RTG_HEAD_005,FRONT,2026-07-13T01:19:19.000000Z,UNKNOWN_RESEARCHER,PRIMARY_RESEARCH_ONLY_NOT_SECOND_VERIFIED,CURRENT,valid,Full-screen frame selected from the stable selected-label range using fast local seek. Recorded source timestamp is exact to the extraction plan; decoded frame may resolve to the nearest available video frame. Angle labels are approximate and require verifier confirmation before production use. Angle label status: approximate_from_rotation_sequence. Category: Head Template.
PRIMARY RESEARCH CANDIDATE — NOT PRODUCTION VERIFIED,evidence-frame-cf27_xboxunknown_rtg_head_005-left_3q,data/research/cf27/generated/full-resolution-frames/head-templates-faces-001-029/CF27_XBOXUNKNOWN_RTG_HEAD_005/CF27_XBOXUNKNOWN_RTG_HEAD_005_LEFT_3Q_video-002_70p81s.png,derivative,standardAngleDerivativeFrame,859b6e57c2b89c6d331a6acf975769362f5d49ce1e26b9cf0bdff24f2ca34c8a,1123527,image/png,video-002,70.81,env-cf27-research-video-001-rtg-path,cf27-menu-head-skin-head-template,CF27_XBOXUNKNOWN_RTG_HEAD_005,LEFT_3Q,2026-07-13T01:19:19.000000Z,UNKNOWN_RESEARCHER,PRIMARY_RESEARCH_ONLY_NOT_SECOND_VERIFIED,CURRENT,valid,Full-screen frame selected from the stable selected-label range using fast local seek. Recorded source timestamp is exact to the extraction plan; decoded frame may resolve to the nearest available video frame. Angle labels are approximate and require verifier confirmation before production use. Angle label status: approximate_from_rotation_sequence. Category: Head Template.
PRIMARY RESEARCH CANDIDATE — NOT PRODUCTION VERIFIED,evidence-frame-cf27_xboxunknown_rtg_head_005-left_profile,data/research/cf27/generated/full-resolution-frames/head-templates-faces-001-029/CF27_XBOXUNKNOWN_RTG_HEAD_005/CF27_XBOXUNKNOWN_RTG_HEAD_005_LEFT_PROFILE_video-002_71p33s.png,derivative,standardAngleDerivativeFrame,282e1d68aa2163f5bb7073c8500e57db89a8ae0abc72b25b07cffd3b8274f216,1216484,image/png,video-002,71.33,env-cf27-research-video-001-rtg-path,cf27-menu-head-skin-head-template,CF27_XBOXUNKNOWN_RTG_HEAD_005,LEFT_PROFILE,2026-07-13T01:19:19.000000Z,UNKNOWN_RESEARCHER,PRIMARY_RESEARCH_ONLY_NOT_SECOND_VERIFIED,CURRENT,valid,Full-screen frame selected from the stable selected-label range using fast local seek. Recorded source timestamp is exact to the extraction plan; decoded frame may resolve to the nearest available video frame. Angle labels are approximate and require verifier confirmation before production use. Angle label status: approximate_from_rotation_sequence. Category: Head Template.
PRIMARY RESEARCH CANDIDATE — NOT PRODUCTION VERIFIED,evidence-frame-cf27_xboxunknown_rtg_head_005-menu,data/research/cf27/generated/full-resolution-frames/head-templates-faces-001-029/CF27_XBOXUNKNOWN_RTG_HEAD_005/CF27_XBOXUNKNOWN_RTG_HEAD_005_MENU_video-002_70p04s.png,derivative,menuEvidenceFrame,9aa74ef8045ce742b99c794f0bd6ce9140905373f721fe156aef32c3db00f8d4,1221602,image/png,video-002,70.04,env-cf27-research-video-001-rtg-path,cf27-menu-head-skin-head-template,CF27_XBOXUNKNOWN_RTG_HEAD_005,MENU,2026-07-13T01:19:19.000000Z,UNKNOWN_RESEARCHER,PRIMARY_RESEARCH_ONLY_NOT_SECOND_VERIFIED,CURRENT,valid,Full-screen frame selected from the stable selected-label range using fast local seek. Recorded source timestamp is exact to the extraction plan; decoded frame may resolve to the nearest available video frame. Angle labels are approximate and require verifier confirmation before production use. Angle label status: menu_evidence. Category: Head Template.
PRIMARY RESEARCH CANDIDATE — NOT PRODUCTION VERIFIED,evidence-frame-cf27_xboxunknown_rtg_head_005-rear,data/research/cf27/generated/full-resolution-frames/head-templates-faces-001-029/CF27_XBOXUNKNOWN_RTG_HEAD_005/CF27_XBOXUNKNOWN_RTG_HEAD_005_REAR_video-002_71p84s.png,derivative,standardAngleDerivativeFrame,2810180fbcfdc2e4f456065d166467f74faf2528f95c8f2f8fe9fc539875d91e,1333070,image/png,video-002,71.84,env-cf27-research-video-001-rtg-path,cf27-menu-head-skin-head-template,CF27_XBOXUNKNOWN_RTG_HEAD_005,REAR,2026-07-13T01:19:19.000000Z,UNKNOWN_RESEARCHER,PRIMARY_RESEARCH_ONLY_NOT_SECOND_VERIFIED,CURRENT,valid,Full-screen frame selected from the stable selected-label range using fast local seek. Recorded source timestamp is exact to the extraction plan; decoded frame may resolve to the nearest available video frame. Angle labels are approximate and require verifier confirmation before production use. Angle label status: approximate_from_rotation_sequence. Category: Head Template.
PRIMARY RESEARCH CANDIDATE — NOT PRODUCTION VERIFIED,evidence-frame-cf27_xboxunknown_rtg_head_005-right_3q,data/research/cf27/generated/full-resolution-frames/head-templates-faces-001-029/CF27_XBOXUNKNOWN_RTG_HEAD_005/CF27_XBOXUNKNOWN_RTG_HEAD_005_RIGHT_3Q_video-002_72p88s.png,derivative,standardAngleDerivativeFrame,735c546cfa562e8459a9abcd69facca266f57150035b7dd1ae5cfe7b97ad02f7,1446309,image/png,video-002,72.88,env-cf27-research-video-001-rtg-path,cf27-menu-head-skin-head-template,CF27_XBOXUNKNOWN_RTG_HEAD_005,RIGHT_3Q,2026-07-13T01:19:19.000000Z,UNKNOWN_RESEARCHER,PRIMARY_RESEARCH_ONLY_NOT_SECOND_VERIFIED,CURRENT,valid,Full-screen frame selected from the stable selected-label range using fast local seek. Recorded source timestamp is exact to the extraction plan; decoded frame may resolve to the nearest available video frame. Angle labels are approximate and require verifier confirmation before production use. Angle label status: approximate_from_rotation_sequence. Category: Head Template.
PRIMARY RESEARCH CANDIDATE — NOT PRODUCTION VERIFIED,evidence-frame-cf27_xboxunknown_rtg_head_005-right_profile,data/research/cf27/generated/full-resolution-frames/head-templates-faces-001-029/CF27_XBOXUNKNOWN_RTG_HEAD_005/CF27_XBOXUNKNOWN_RTG_HEAD_005_RIGHT_PROFILE_video-002_72p36s.png,derivative,standardAngleDerivativeFrame,2256415aa3e650c6162a632d78f47a0659388587632b401b541e76e2e04f9973,1337021,image/png,video-002,72.36,env-cf27-research-video-001-rtg-path,cf27-menu-head-skin-head-template,CF27_XBOXUNKNOWN_RTG_HEAD_005,RIGHT_PROFILE,2026-07-13T01:19:19.000000Z,UNKNOWN_RESEARCHER,PRIMARY_RESEARCH_ONLY_NOT_SECOND_VERIFIED,CURRENT,valid,Full-screen frame selected from the stable selected-label range using fast local seek. Recorded source timestamp is exact to the extraction plan; decoded frame may resolve to the nearest available video frame. Angle labels are approximate and require verifier confirmation before production use. Angle label status: approximate_from_rotation_sequence. Category: Head Template.
PRIMARY RESEARCH CANDIDATE — NOT PRODUCTION VERIFIED,evidence-frame-cf27_xboxunknown_rtg_head_006-front,data/research/cf27/generated/full-resolution-frames/head-templates-faces-001-029/CF27_XBOXUNKNOWN_RTG_HEAD_006/CF27_XBOXUNKNOWN_RTG_HEAD_006_FRONT_video-002_61p96s.png,derivative,standardAngleDerivativeFrame,50ebb81626bc3eca1be40296097309afab13e29fe8b80bf01320d63f03a4ca19,1455429,image/png,video-002,61.96,env-cf27-research-video-001-rtg-path,cf27-menu-head-skin-head-template,CF27_XBOXUNKNOWN_RTG_HEAD_006,FRONT,2026-07-13T01:19:19.000000Z,UNKNOWN_RESEARCHER,PRIMARY_RESEARCH_ONLY_NOT_SECOND_VERIFIED,CURRENT,valid,Full-screen frame selected from the stable selected-label range using fast local seek. Recorded source timestamp is exact to the extraction plan; decoded frame may resolve to the nearest available video frame. Angle labels are approximate and require verifier confirmation before production use. Angle label status: approximate_from_rotation_sequence. Category: Head Template.
PRIMARY RESEARCH CANDIDATE — NOT PRODUCTION VERIFIED,evidence-frame-cf27_xboxunknown_rtg_head_006-left_3q,data/research/cf27/generated/full-resolution-frames/head-templates-faces-001-029/CF27_XBOXUNKNOWN_RTG_HEAD_006/CF27_XBOXUNKNOWN_RTG_HEAD_006_LEFT_3Q_video-002_62p83s.png,derivative,standardAngleDerivativeFrame,b49bb2c9f4237d8b2be306551d721857190608fab9f30b80db78c0b155f7860c,1457170,image/png,video-002,62.83,env-cf27-research-video-001-rtg-path,cf27-menu-head-skin-head-template,CF27_XBOXUNKNOWN_RTG_HEAD_006,LEFT_3Q,2026-07-13T01:19:19.000000Z,UNKNOWN_RESEARCHER,PRIMARY_RESEARCH_ONLY_NOT_SECOND_VERIFIED,CURRENT,valid,Full-screen frame selected from the stable selected-label range using fast local seek. Recorded source timestamp is exact to the extraction plan; decoded frame may resolve to the nearest available video frame. Angle labels are approximate and require verifier confirmation before production use. Angle label status: approximate_from_rotation_sequence. Category: Head Template.
PRIMARY RESEARCH CANDIDATE — NOT PRODUCTION VERIFIED,evidence-frame-cf27_xboxunknown_rtg_head_006-left_profile,data/research/cf27/generated/full-resolution-frames/head-templates-faces-001-029/CF27_XBOXUNKNOWN_RTG_HEAD_006/CF27_XBOXUNKNOWN_RTG_HEAD_006_LEFT_PROFILE_video-002_63p71s.png,derivative,standardAngleDerivativeFrame,c9fa6531528835e914ffd15f8cca797654a00e9f05a14535bf3ae46b967fbb1c,1217850,image/png,video-002,63.71,env-cf27-research-video-001-rtg-path,cf27-menu-head-skin-head-template,CF27_XBOXUNKNOWN_RTG_HEAD_006,LEFT_PROFILE,2026-07-13T01:19:19.000000Z,UNKNOWN_RESEARCHER,PRIMARY_RESEARCH_ONLY_NOT_SECOND_VERIFIED,CURRENT,valid,Full-screen frame selected from the stable selected-label range using fast local seek. Recorded source timestamp is exact to the extraction plan; decoded frame may resolve to the nearest available video frame. Angle labels are approximate and require verifier confirmation before production use. Angle label status: approximate_from_rotation_sequence. Category: Head Template.
PRIMARY RESEARCH CANDIDATE — NOT PRODUCTION VERIFIED,evidence-frame-cf27_xboxunknown_rtg_head_006-menu,data/research/cf27/generated/full-resolution-frames/head-templates-faces-001-029/CF27_XBOXUNKNOWN_RTG_HEAD_006/CF27_XBOXUNKNOWN_RTG_HEAD_006_MENU_video-002_61p52s.png,derivative,menuEvidenceFrame,51ecb2c14f047623367ff0a811466f18a28642a5982270c499e46d5daafa993c,1542992,image/png,video-002,61.52,env-cf27-research-video-001-rtg-path,cf27-menu-head-skin-head-template,CF27_XBOXUNKNOWN_RTG_HEAD_006,MENU,2026-07-13T01:19:19.000000Z,UNKNOWN_RESEARCHER,PRIMARY_RESEARCH_ONLY_NOT_SECOND_VERIFIED,CURRENT,valid,Full-screen frame selected from the stable selected-label range using fast local seek. Recorded source timestamp is exact to the extraction plan; decoded frame may resolve to the nearest available video frame. Angle labels are approximate and require verifier confirmation before production use. Angle label status: menu_evidence. Category: Head Template.
PRIMARY RESEARCH CANDIDATE — NOT PRODUCTION VERIFIED,evidence-frame-cf27_xboxunknown_rtg_head_006-rear,data/research/cf27/generated/full-resolution-frames/head-templates-faces-001-029/CF27_XBOXUNKNOWN_RTG_HEAD_006/CF27_XBOXUNKNOWN_RTG_HEAD_006_REAR_video-002_64p58s.png,derivative,standardAngleDerivativeFrame,a60e0842547cae0c7f4678e01a1a4033adfc75d279d86a7b97737cd75eaac6b9,1252978,image/png,video-002,64.58,env-cf27-research-video-001-rtg-path,cf27-menu-head-skin-head-template,CF27_XBOXUNKNOWN_RTG_HEAD_006,REAR,2026-07-13T01:19:19.000000Z,UNKNOWN_RESEARCHER,PRIMARY_RESEARCH_ONLY_NOT_SECOND_VERIFIED,CURRENT,valid,Full-screen frame selected from the stable selected-label range using fast local seek. Recorded source timestamp is exact to the extraction plan; decoded frame may resolve to the nearest available video frame. Angle labels are approximate and require verifier confirmation before production use. Angle label status: approximate_from_rotation_sequence. Category: Head Template.
PRIMARY RESEARCH CANDIDATE — NOT PRODUCTION VERIFIED,evidence-frame-cf27_xboxunknown_rtg_head_006-right_3q,data/research/cf27/generated/full-resolution-frames/head-templates-faces-001-029/CF27_XBOXUNKNOWN_RTG_HEAD_006/CF27_XBOXUNKNOWN_RTG_HEAD_006_RIGHT_3Q_video-002_66p34s.png,derivative,standardAngleDerivativeFrame,82d12d05b38ea38a910528e32c4f188439b642c6df9fe4c10f6ff02758334710,1433891,image/png,video-002,66.34,env-cf27-research-video-001-rtg-path,cf27-menu-head-skin-head-template,CF27_XBOXUNKNOWN_RTG_HEAD_006,RIGHT_3Q,2026-07-13T01:19:19.000000Z,UNKNOWN_RESEARCHER,PRIMARY_RESEARCH_ONLY_NOT_SECOND_VERIFIED,CURRENT,valid,Full-screen frame selected from the stable selected-label range using fast local seek. Recorded source timestamp is exact to the extraction plan; decoded frame may resolve to the nearest available video frame. Angle labels are approximate and require verifier confirmation before production use. Angle label status: approximate_from_rotation_sequence. Category: Head Template.
PRIMARY RESEARCH CANDIDATE — NOT PRODUCTION VERIFIED,evidence-frame-cf27_xboxunknown_rtg_head_006-right_profile,data/research/cf27/generated/full-resolution-frames/head-templates-faces-001-029/CF27_XBOXUNKNOWN_RTG_HEAD_006/CF27_XBOXUNKNOWN_RTG_HEAD_006_RIGHT_PROFILE_video-002_65p46s.png,derivative,standardAngleDerivativeFrame,8d186ef031807737ff0742333c6e437a52aabe9b7336e516f77d1820412caef3,1231953,image/png,video-002,65.46,env-cf27-research-video-001-rtg-path,cf27-menu-head-skin-head-template,CF27_XBOXUNKNOWN_RTG_HEAD_006,RIGHT_PROFILE,2026-07-13T01:19:19.000000Z,UNKNOWN_RESEARCHER,PRIMARY_RESEARCH_ONLY_NOT_SECOND_VERIFIED,CURRENT,valid,Full-screen frame selected from the stable selected-label range using fast local seek. Recorded source timestamp is exact to the extraction plan; decoded frame may resolve to the nearest available video frame. Angle labels are approximate and require verifier confirmation before production use. Angle label status: approximate_from_rotation_sequence. Category: Head Template.
PRIMARY RESEARCH CANDIDATE — NOT PRODUCTION VERIFIED,evidence-frame-cf27_xboxunknown_rtg_head_007-front,data/research/cf27/generated/full-resolution-frames/head-templates-faces-001-029/CF27_XBOXUNKNOWN_RTG_HEAD_007/CF27_XBOXUNKNOWN_RTG_HEAD_007_FRONT_video-002_55p30s.png,derivative,standardAngleDerivativeFrame,4e2abc805d34601ea15570a460e096feac586bb96f9a23ce320d9ecb77d6cc77,1485850,image/png,video-002,55.3,env-cf27-research-video-001-rtg-path,cf27-menu-head-skin-head-template,CF27_XBOXUNKNOWN_RTG_HEAD_007,FRONT,2026-07-13T01:19:19.000000Z,UNKNOWN_RESEARCHER,PRIMARY_RESEARCH_ONLY_NOT_SECOND_VERIFIED,CURRENT,valid,Full-screen frame selected from the stable selected-label range using fast local seek. Recorded source timestamp is exact to the extraction plan; decoded frame may resolve to the nearest available video frame. Angle labels are approximate and require verifier confirmation before production use. Angle label status: approximate_from_rotation_sequence. Category: Head Template.
PRIMARY RESEARCH CANDIDATE — NOT PRODUCTION VERIFIED,evidence-frame-cf27_xboxunknown_rtg_head_007-left_3q,data/research/cf27/generated/full-resolution-frames/head-templates-faces-001-029/CF27_XBOXUNKNOWN_RTG_HEAD_007/CF27_XBOXUNKNOWN_RTG_HEAD_007_LEFT_3Q_video-002_55p81s.png,derivative,standardAngleDerivativeFrame,01f1ec646df272349b6dc95f11f834b3c0d06c5f4e5abf49e9ae841b485d6250,1330368,image/png,video-002,55.81,env-cf27-research-video-001-rtg-path,cf27-menu-head-skin-head-template,CF27_XBOXUNKNOWN_RTG_HEAD_007,LEFT_3Q,2026-07-13T01:19:19.000000Z,UNKNOWN_RESEARCHER,PRIMARY_RESEARCH_ONLY_NOT_SECOND_VERIFIED,CURRENT,valid,Full-screen frame selected from the stable selected-label range using fast local seek. Recorded source timestamp is exact to the extraction plan; decoded frame may resolve to the nearest available video frame. Angle labels are approximate and require verifier confirmation before production use. Angle label status: approximate_from_rotation_sequence. Category: Head Template.
PRIMARY RESEARCH CANDIDATE — NOT PRODUCTION VERIFIED,evidence-frame-cf27_xboxunknown_rtg_head_007-left_profile,data/research/cf27/generated/full-resolution-frames/head-templates-faces-001-029/CF27_XBOXUNKNOWN_RTG_HEAD_007/CF27_XBOXUNKNOWN_RTG_HEAD_007_LEFT_PROFILE_video-002_56p33s.png,derivative,standardAngleDerivativeFrame,689b0f11ea3823033d5270ff7443f4920b0660103e5281fa7cca5d9bc18fedaf,1355580,image/png,video-002,56.33,env-cf27-research-video-001-rtg-path,cf27-menu-head-skin-head-template,CF27_XBOXUNKNOWN_RTG_HEAD_007,LEFT_PROFILE,2026-07-13T01:19:19.000000Z,UNKNOWN_RESEARCHER,PRIMARY_RESEARCH_ONLY_NOT_SECOND_VERIFIED,CURRENT,valid,Full-screen frame selected from the stable selected-label range using fast local seek. Recorded source timestamp is exact to the extraction plan; decoded frame may resolve to the nearest available video frame. Angle labels are approximate and require verifier confirmation before production use. Angle label status: approximate_from_rotation_sequence. Category: Head Template.
PRIMARY RESEARCH CANDIDATE — NOT PRODUCTION VERIFIED,evidence-frame-cf27_xboxunknown_rtg_head_007-menu,data/research/cf27/generated/full-resolution-frames/head-templates-faces-001-029/CF27_XBOXUNKNOWN_RTG_HEAD_007/CF27_XBOXUNKNOWN_RTG_HEAD_007_MENU_video-002_55p04s.png,derivative,menuEvidenceFrame,08e8a58adf2f1a4ba649c1e9129e0ab323337206cb3ea8d10c565b19ef88a77c,1476291,image/png,video-002,55.04,env-cf27-research-video-001-rtg-path,cf27-menu-head-skin-head-template,CF27_XBOXUNKNOWN_RTG_HEAD_007,MENU,2026-07-13T01:19:19.000000Z,UNKNOWN_RESEARCHER,PRIMARY_RESEARCH_ONLY_NOT_SECOND_VERIFIED,CURRENT,valid,Full-screen frame selected from the stable selected-label range using fast local seek. Recorded source timestamp is exact to the extraction plan; decoded frame may resolve to the nearest available video frame. Angle labels are approximate and require verifier confirmation before production use. Angle label status: menu_evidence. Category: Head Template.
PRIMARY RESEARCH CANDIDATE — NOT PRODUCTION VERIFIED,evidence-frame-cf27_xboxunknown_rtg_head_007-rear,data/research/cf27/generated/full-resolution-frames/head-templates-faces-001-029/CF27_XBOXUNKNOWN_RTG_HEAD_007/CF27_XBOXUNKNOWN_RTG_HEAD_007_REAR_video-002_56p84s.png,derivative,standardAngleDerivativeFrame,fd32c4d1d03b7316a3d2f8116a018b8c762c4e6681150f367c6386e601cf0410,1382197,image/png,video-002,56.84,env-cf27-research-video-001-rtg-path,cf27-menu-head-skin-head-template,CF27_XBOXUNKNOWN_RTG_HEAD_007,REAR,2026-07-13T01:19:19.000000Z,UNKNOWN_RESEARCHER,PRIMARY_RESEARCH_ONLY_NOT_SECOND_VERIFIED,CURRENT,valid,Full-screen frame selected from the stable selected-label range using fast local seek. Recorded source timestamp is exact to the extraction plan; decoded frame may resolve to the nearest available video frame. Angle labels are approximate and require verifier confirmation before production use. Angle label status: approximate_from_rotation_sequence. Category: Head Template.
PRIMARY RESEARCH CANDIDATE — NOT PRODUCTION VERIFIED,evidence-frame-cf27_xboxunknown_rtg_head_007-right_3q,data/research/cf27/generated/full-resolution-frames/head-templates-faces-001-029/CF27_XBOXUNKNOWN_RTG_HEAD_007/CF27_XBOXUNKNOWN_RTG_HEAD_007_RIGHT_3Q_video-002_57p88s.png,derivative,standardAngleDerivativeFrame,010afe34c7c29f918c677a44126682de819361bb4cf3eb266fbd17b1707e63a6,1282729,image/png,video-002,57.88,env-cf27-research-video-001-rtg-path,cf27-menu-head-skin-head-template,CF27_XBOXUNKNOWN_RTG_HEAD_007,RIGHT_3Q,2026-07-13T01:19:19.000000Z,UNKNOWN_RESEARCHER,PRIMARY_RESEARCH_ONLY_NOT_SECOND_VERIFIED,CURRENT,valid,Full-screen frame selected from the stable selected-label range using fast local seek. Recorded source timestamp is exact to the extraction plan; decoded frame may resolve to the nearest available video frame. Angle labels are approximate and require verifier confirmation before production use. Angle label status: approximate_from_rotation_sequence. Category: Head Template.
PRIMARY RESEARCH CANDIDATE — NOT PRODUCTION VERIFIED,evidence-frame-cf27_xboxunknown_rtg_head_007-right_profile,data/research/cf27/generated/full-resolution-frames/head-templates-faces-001-029/CF27_XBOXUNKNOWN_RTG_HEAD_007/CF27_XBOXUNKNOWN_RTG_HEAD_007_RIGHT_PROFILE_video-002_57p36s.png,derivative,standardAngleDerivativeFrame,3e54f30a2489b94f0a2a3cee2a1edfbec7d59580b5acd7aba252f111c75d2eec,1318263,image/png,video-002,57.36,env-cf27-research-video-001-rtg-path,cf27-menu-head-skin-head-template,CF27_XBOXUNKNOWN_RTG_HEAD_007,RIGHT_PROFILE,2026-07-13T01:19:19.000000Z,UNKNOWN_RESEARCHER,PRIMARY_RESEARCH_ONLY_NOT_SECOND_VERIFIED,CURRENT,valid,Full-screen frame selected from the stable selected-label range using fast local seek. Recorded source timestamp is exact to the extraction plan; decoded frame may resolve to the nearest available video frame. Angle labels are approximate and require verifier confirmation before production use. Angle label status: approximate_from_rotation_sequence. Category: Head Template.
PRIMARY RESEARCH CANDIDATE — NOT PRODUCTION VERIFIED,evidence-frame-cf27_xboxunknown_rtg_head_008-front,data/research/cf27/generated/full-resolution-frames/head-templates-faces-001-029/CF27_XBOXUNKNOWN_RTG_HEAD_008/CF27_XBOXUNKNOWN_RTG_HEAD_008_FRONT_video-002_50p08s.png,derivative,standardAngleDerivativeFrame,e253543c301180f236588e7ed51e622811d0e12a9f84b2b6cd21cd3e1c1d7206,1402175,image/png,video-002,50.08,env-cf27-research-video-001-rtg-path,cf27-menu-head-skin-head-template,CF27_XBOXUNKNOWN_RTG_HEAD_008,FRONT,2026-07-13T01:19:19.000000Z,UNKNOWN_RESEARCHER,PRIMARY_RESEARCH_ONLY_NOT_SECOND_VERIFIED,CURRENT,valid,Full-screen frame selected from the stable selected-label range using fast local seek. Recorded source timestamp is exact to the extraction plan; decoded frame may resolve to the nearest available video frame. Angle labels are approximate and require verifier confirmation before production use. Angle label status: approximate_from_rotation_sequence. Category: Head Template.
PRIMARY RESEARCH CANDIDATE — NOT PRODUCTION VERIFIED,evidence-frame-cf27_xboxunknown_rtg_head_008-left_3q,data/research/cf27/generated/full-resolution-frames/head-templates-faces-001-029/CF27_XBOXUNKNOWN_RTG_HEAD_008/CF27_XBOXUNKNOWN_RTG_HEAD_008_LEFT_3Q_video-002_50p47s.png,derivative,standardAngleDerivativeFrame,c3f160979cf438d2fb32168b328a1e43b8dc2eab7ea277bb15658bdec25ce4fa,1344742,image/png,video-002,50.47,env-cf27-research-video-001-rtg-path,cf27-menu-head-skin-head-template,CF27_XBOXUNKNOWN_RTG_HEAD_008,LEFT_3Q,2026-07-13T01:19:19.000000Z,UNKNOWN_RESEARCHER,PRIMARY_RESEARCH_ONLY_NOT_SECOND_VERIFIED,CURRENT,valid,Full-screen frame selected from the stable selected-label range using fast local seek. Recorded source timestamp is exact to the extraction plan; decoded frame may resolve to the nearest available video frame. Angle labels are approximate and require verifier confirmation before production use. Angle label status: approximate_from_rotation_sequence. Category: Head Template.
PRIMARY RESEARCH CANDIDATE — NOT PRODUCTION VERIFIED,evidence-frame-cf27_xboxunknown_rtg_head_008-left_profile,data/research/cf27/generated/full-resolution-frames/head-templates-faces-001-029/CF27_XBOXUNKNOWN_RTG_HEAD_008/CF27_XBOXUNKNOWN_RTG_HEAD_008_LEFT_PROFILE_video-002_50p87s.png,derivative,standardAngleDerivativeFrame,33ab3c48804962b44ab8eed2a48811cbe1b49a7f8d634024725cf8489a5ee84d,1325396,image/png,video-002,50.87,env-cf27-research-video-001-rtg-path,cf27-menu-head-skin-head-template,CF27_XBOXUNKNOWN_RTG_HEAD_008,LEFT_PROFILE,2026-07-13T01:19:19.000000Z,UNKNOWN_RESEARCHER,PRIMARY_RESEARCH_ONLY_NOT_SECOND_VERIFIED,CURRENT,valid,Full-screen frame selected from the stable selected-label range using fast local seek. Recorded source timestamp is exact to the extraction plan; decoded frame may resolve to the nearest available video frame. Angle labels are approximate and require verifier confirmation before production use. Angle label status: approximate_from_rotation_sequence. Category: Head Template.
PRIMARY RESEARCH CANDIDATE — NOT PRODUCTION VERIFIED,evidence-frame-cf27_xboxunknown_rtg_head_008-menu,data/research/cf27/generated/full-resolution-frames/head-templates-faces-001-029/CF27_XBOXUNKNOWN_RTG_HEAD_008/CF27_XBOXUNKNOWN_RTG_HEAD_008_MENU_video-002_49p88s.png,derivative,menuEvidenceFrame,000e18dbdab4a50f3258a83fb50a91c6822e995a7678f67929f2612c1f8b8063,1378341,image/png,video-002,49.88,env-cf27-research-video-001-rtg-path,cf27-menu-head-skin-head-template,CF27_XBOXUNKNOWN_RTG_HEAD_008,MENU,2026-07-13T01:19:19.000000Z,UNKNOWN_RESEARCHER,PRIMARY_RESEARCH_ONLY_NOT_SECOND_VERIFIED,CURRENT,valid,Full-screen frame selected from the stable selected-label range using fast local seek. Recorded source timestamp is exact to the extraction plan; decoded frame may resolve to the nearest available video frame. Angle labels are approximate and require verifier confirmation before production use. Angle label status: menu_evidence. Category: Head Template.
PRIMARY RESEARCH CANDIDATE — NOT PRODUCTION VERIFIED,evidence-frame-cf27_xboxunknown_rtg_head_008-rear,data/research/cf27/generated/full-resolution-frames/head-templates-faces-001-029/CF27_XBOXUNKNOWN_RTG_HEAD_008/CF27_XBOXUNKNOWN_RTG_HEAD_008_REAR_video-002_51p26s.png,derivative,standardAngleDerivativeFrame,cd8b54da1720690e1e375e350cd01b1b4a6125888cbc8eaa0d2dc088320b0940,1317831,image/png,video-002,51.26,env-cf27-research-video-001-rtg-path,cf27-menu-head-skin-head-template,CF27_XBOXUNKNOWN_RTG_HEAD_008,REAR,2026-07-13T01:19:19.000000Z,UNKNOWN_RESEARCHER,PRIMARY_RESEARCH_ONLY_NOT_SECOND_VERIFIED,CURRENT,valid,Full-screen frame selected from the stable selected-label range using fast local seek. Recorded source timestamp is exact to the extraction plan; decoded frame may resolve to the nearest available video frame. Angle labels are approximate and require verifier confirmation before production use. Angle label status: approximate_from_rotation_sequence. Category: Head Template.
PRIMARY RESEARCH CANDIDATE — NOT PRODUCTION VERIFIED,evidence-frame-cf27_xboxunknown_rtg_head_008-right_3q,data/research/cf27/generated/full-resolution-frames/head-templates-faces-001-029/CF27_XBOXUNKNOWN_RTG_HEAD_008/CF27_XBOXUNKNOWN_RTG_HEAD_008_RIGHT_3Q_video-002_52p06s.png,derivative,standardAngleDerivativeFrame,e3bc7fe0f02c3f543148164f322412caea4d39ef0e0bc4c601ab6678268dbf3a,1479673,image/png,video-002,52.06,env-cf27-research-video-001-rtg-path,cf27-menu-head-skin-head-template,CF27_XBOXUNKNOWN_RTG_HEAD_008,RIGHT_3Q,2026-07-13T01:19:19.000000Z,UNKNOWN_RESEARCHER,PRIMARY_RESEARCH_ONLY_NOT_SECOND_VERIFIED,CURRENT,valid,Full-screen frame selected from the stable selected-label range using fast local seek. Recorded source timestamp is exact to the extraction plan; decoded frame may resolve to the nearest available video frame. Angle labels are approximate and require verifier confirmation before production use. Angle label status: approximate_from_rotation_sequence. Category: Head Template.
PRIMARY RESEARCH CANDIDATE — NOT PRODUCTION VERIFIED,evidence-frame-cf27_xboxunknown_rtg_head_008-right_profile,data/research/cf27/generated/full-resolution-frames/head-templates-faces-001-029/CF27_XBOXUNKNOWN_RTG_HEAD_008/CF27_XBOXUNKNOWN_RTG_HEAD_008_RIGHT_PROFILE_video-002_51p66s.png,derivative,standardAngleDerivativeFrame,0c25b72da63b585248ef57f3b7df035b6465732d900023e44748fb144cdf5b13,1381672,image/png,video-002,51.66,env-cf27-research-video-001-rtg-path,cf27-menu-head-skin-head-template,CF27_XBOXUNKNOWN_RTG_HEAD_008,RIGHT_PROFILE,2026-07-13T01:19:19.000000Z,UNKNOWN_RESEARCHER,PRIMARY_RESEARCH_ONLY_NOT_SECOND_VERIFIED,CURRENT,valid,Full-screen frame selected from the stable selected-label range using fast local seek. Recorded source timestamp is exact to the extraction plan; decoded frame may resolve to the nearest available video frame. Angle labels are approximate and require verifier confirmation before production use. Angle label status: approximate_from_rotation_sequence. Category: Head Template.
PRIMARY RESEARCH CANDIDATE — NOT PRODUCTION VERIFIED,evidence-frame-cf27_xboxunknown_rtg_head_009-front,data/research/cf27/generated/full-resolution-frames/head-templates-faces-001-029/CF27_XBOXUNKNOWN_RTG_HEAD_009/CF27_XBOXUNKNOWN_RTG_HEAD_009_FRONT_video-002_76p08s.png,derivative,standardAngleDerivativeFrame,e691e0ca1597615e847b622b72384f5d4884ed571462dde053cc565aa36abbda,1447795,image/png,video-002,76.08,env-cf27-research-video-001-rtg-path,cf27-menu-head-skin-head-template,CF27_XBOXUNKNOWN_RTG_HEAD_009,FRONT,2026-07-13T01:19:19.000000Z,UNKNOWN_RESEARCHER,PRIMARY_RESEARCH_ONLY_NOT_SECOND_VERIFIED,CURRENT,valid,Full-screen frame selected from the stable selected-label range using fast local seek. Recorded source timestamp is exact to the extraction plan; decoded frame may resolve to the nearest available video frame. Angle labels are approximate and require verifier confirmation before production use. Angle label status: approximate_from_rotation_sequence. Category: Head Template.
PRIMARY RESEARCH CANDIDATE — NOT PRODUCTION VERIFIED,evidence-frame-cf27_xboxunknown_rtg_head_009-left_3q,data/research/cf27/generated/full-resolution-frames/head-templates-faces-001-029/CF27_XBOXUNKNOWN_RTG_HEAD_009/CF27_XBOXUNKNOWN_RTG_HEAD_009_LEFT_3Q_video-002_76p47s.png,derivative,standardAngleDerivativeFrame,82bf294dadb6615ec21e95688e1dced2848f51daf93159a619d9daeead66163d,1306772,image/png,video-002,76.47,env-cf27-research-video-001-rtg-path,cf27-menu-head-skin-head-template,CF27_XBOXUNKNOWN_RTG_HEAD_009,LEFT_3Q,2026-07-13T01:19:19.000000Z,UNKNOWN_RESEARCHER,PRIMARY_RESEARCH_ONLY_NOT_SECOND_VERIFIED,CURRENT,valid,Full-screen frame selected from the stable selected-label range using fast local seek. Recorded source timestamp is exact to the extraction plan; decoded frame may resolve to the nearest available video frame. Angle labels are approximate and require verifier confirmation before production use. Angle label status: approximate_from_rotation_sequence. Category: Head Template.
PRIMARY RESEARCH CANDIDATE — NOT PRODUCTION VERIFIED,evidence-frame-cf27_xboxunknown_rtg_head_009-left_profile,data/research/cf27/generated/full-resolution-frames/head-templates-faces-001-029/CF27_XBOXUNKNOWN_RTG_HEAD_009/CF27_XBOXUNKNOWN_RTG_HEAD_009_LEFT_PROFILE_video-002_76p87s.png,derivative,standardAngleDerivativeFrame,93da199160535942175170f321e789411b6aaa5f0158b4a9b978db5dc30aab06,1212881,image/png,video-002,76.87,env-cf27-research-video-001-rtg-path,cf27-menu-head-skin-head-template,CF27_XBOXUNKNOWN_RTG_HEAD_009,LEFT_PROFILE,2026-07-13T01:19:19.000000Z,UNKNOWN_RESEARCHER,PRIMARY_RESEARCH_ONLY_NOT_SECOND_VERIFIED,CURRENT,valid,Full-screen frame selected from the stable selected-label range using fast local seek. Recorded source timestamp is exact to the extraction plan; decoded frame may resolve to the nearest available video frame. Angle labels are approximate and require verifier confirmation before production use. Angle label status: approximate_from_rotation_sequence. Category: Head Template.
PRIMARY RESEARCH CANDIDATE — NOT PRODUCTION VERIFIED,evidence-frame-cf27_xboxunknown_rtg_head_009-menu,data/research/cf27/generated/full-resolution-frames/head-templates-faces-001-029/CF27_XBOXUNKNOWN_RTG_HEAD_009/CF27_XBOXUNKNOWN_RTG_HEAD_009_MENU_video-002_75p88s.png,derivative,menuEvidenceFrame,f886afc7fb7713db49a7cdb581ea0239dec1284730119671037f806e20cd9453,1478025,image/png,video-002,75.88,env-cf27-research-video-001-rtg-path,cf27-menu-head-skin-head-template,CF27_XBOXUNKNOWN_RTG_HEAD_009,MENU,2026-07-13T01:19:19.000000Z,UNKNOWN_RESEARCHER,PRIMARY_RESEARCH_ONLY_NOT_SECOND_VERIFIED,CURRENT,valid,Full-screen frame selected from the stable selected-label range using fast local seek. Recorded source timestamp is exact to the extraction plan; decoded frame may resolve to the nearest available video frame. Angle labels are approximate and require verifier confirmation before production use. Angle label status: menu_evidence. Category: Head Template.
PRIMARY RESEARCH CANDIDATE — NOT PRODUCTION VERIFIED,evidence-frame-cf27_xboxunknown_rtg_head_009-rear,data/research/cf27/generated/full-resolution-frames/head-templates-faces-001-029/CF27_XBOXUNKNOWN_RTG_HEAD_009/CF27_XBOXUNKNOWN_RTG_HEAD_009_REAR_video-002_77p26s.png,derivative,standardAngleDerivativeFrame,878329b03d4dd812a1fe7e824edea8985dd5ff84f1966ba412fb7152c9749457,1369538,image/png,video-002,77.26,env-cf27-research-video-001-rtg-path,cf27-menu-head-skin-head-template,CF27_XBOXUNKNOWN_RTG_HEAD_009,REAR,2026-07-13T01:19:19.000000Z,UNKNOWN_RESEARCHER,PRIMARY_RESEARCH_ONLY_NOT_SECOND_VERIFIED,CURRENT,valid,Full-screen frame selected from the stable selected-label range using fast local seek. Recorded source timestamp is exact to the extraction plan; decoded frame may resolve to the nearest available video frame. Angle labels are approximate and require verifier confirmation before production use. Angle label status: approximate_from_rotation_sequence. Category: Head Template.
PRIMARY RESEARCH CANDIDATE — NOT PRODUCTION VERIFIED,evidence-frame-cf27_xboxunknown_rtg_head_009-right_3q,data/research/cf27/generated/full-resolution-frames/head-templates-faces-001-029/CF27_XBOXUNKNOWN_RTG_HEAD_009/CF27_XBOXUNKNOWN_RTG_HEAD_009_RIGHT_3Q_video-002_78p06s.png,derivative,standardAngleDerivativeFrame,ebf6ac26487a9aa8703c1abb313b0f3550f9f30bc28fb8c4c0b158aff109929f,1233295,image/png,video-002,78.06,env-cf27-research-video-001-rtg-path,cf27-menu-head-skin-head-template,CF27_XBOXUNKNOWN_RTG_HEAD_009,RIGHT_3Q,2026-07-13T01:19:19.000000Z,UNKNOWN_RESEARCHER,PRIMARY_RESEARCH_ONLY_NOT_SECOND_VERIFIED,CURRENT,valid,Full-screen frame selected from the stable selected-label range using fast local seek. Recorded source timestamp is exact to the extraction plan; decoded frame may resolve to the nearest available video frame. Angle labels are approximate and require verifier confirmation before production use. Angle label status: approximate_from_rotation_sequence. Category: Head Template.
PRIMARY RESEARCH CANDIDATE — NOT PRODUCTION VERIFIED,evidence-frame-cf27_xboxunknown_rtg_head_009-right_profile,data/research/cf27/generated/full-resolution-frames/head-templates-faces-001-029/CF27_XBOXUNKNOWN_RTG_HEAD_009/CF27_XBOXUNKNOWN_RTG_HEAD_009_RIGHT_PROFILE_video-002_77p66s.png,derivative,standardAngleDerivativeFrame,bd77cfd0426791f6124c7da7f19e79b1974f5cbab8bc59d95a95994848539f86,1254583,image/png,video-002,77.66,env-cf27-research-video-001-rtg-path,cf27-menu-head-skin-head-template,CF27_XBOXUNKNOWN_RTG_HEAD_009,RIGHT_PROFILE,2026-07-13T01:19:19.000000Z,UNKNOWN_RESEARCHER,PRIMARY_RESEARCH_ONLY_NOT_SECOND_VERIFIED,CURRENT,valid,Full-screen frame selected from the stable selected-label range using fast local seek. Recorded source timestamp is exact to the extraction plan; decoded frame may resolve to the nearest available video frame. Angle labels are approximate and require verifier confirmation before production use. Angle label status: approximate_from_rotation_sequence. Category: Head Template.
PRIMARY RESEARCH CANDIDATE — NOT PRODUCTION VERIFIED,evidence-frame-cf27_xboxunknown_rtg_head_010-front,data/research/cf27/generated/full-resolution-frames/head-templates-faces-001-029/CF27_XBOXUNKNOWN_RTG_HEAD_010/CF27_XBOXUNKNOWN_RTG_HEAD_010_FRONT_video-002_81p96s.png,derivative,standardAngleDerivativeFrame,c8963b8f4b5a370e111b64d522f884185f8ed2689f2a3ecefa9e2acc661188df,1385065,image/png,video-002,81.96,env-cf27-research-video-001-rtg-path,cf27-menu-head-skin-head-template,CF27_XBOXUNKNOWN_RTG_HEAD_010,FRONT,2026-07-13T01:19:19.000000Z,UNKNOWN_RESEARCHER,PRIMARY_RESEARCH_ONLY_NOT_SECOND_VERIFIED,CURRENT,valid,Full-screen frame selected from the stable selected-label range using fast local seek. Recorded source timestamp is exact to the extraction plan; decoded frame may resolve to the nearest available video frame. Angle labels are approximate and require verifier confirmation before production use. Angle label status: approximate_from_rotation_sequence. Category: Head Template.
PRIMARY RESEARCH CANDIDATE — NOT PRODUCTION VERIFIED,evidence-frame-cf27_xboxunknown_rtg_head_010-left_3q,data/research/cf27/generated/full-resolution-frames/head-templates-faces-001-029/CF27_XBOXUNKNOWN_RTG_HEAD_010/CF27_XBOXUNKNOWN_RTG_HEAD_010_LEFT_3Q_video-002_82p83s.png,derivative,standardAngleDerivativeFrame,dd60162371bdbc0afd4732047162b90703155e17edb198949d9dd88e776642bf,1175915,image/png,video-002,82.83,env-cf27-research-video-001-rtg-path,cf27-menu-head-skin-head-template,CF27_XBOXUNKNOWN_RTG_HEAD_010,LEFT_3Q,2026-07-13T01:19:19.000000Z,UNKNOWN_RESEARCHER,PRIMARY_RESEARCH_ONLY_NOT_SECOND_VERIFIED,CURRENT,valid,Full-screen frame selected from the stable selected-label range using fast local seek. Recorded source timestamp is exact to the extraction plan; decoded frame may resolve to the nearest available video frame. Angle labels are approximate and require verifier confirmation before production use. Angle label status: approximate_from_rotation_sequence. Category: Head Template.
PRIMARY RESEARCH CANDIDATE — NOT PRODUCTION VERIFIED,evidence-frame-cf27_xboxunknown_rtg_head_010-left_profile,data/research/cf27/generated/full-resolution-frames/head-templates-faces-001-029/CF27_XBOXUNKNOWN_RTG_HEAD_010/CF27_XBOXUNKNOWN_RTG_HEAD_010_LEFT_PROFILE_video-002_83p71s.png,derivative,standardAngleDerivativeFrame,c6a60e27d064da3369f007d1e2330e1a8905cf660be5d10070f155fb22a5534e,1323820,image/png,video-002,83.71,env-cf27-research-video-001-rtg-path,cf27-menu-head-skin-head-template,CF27_XBOXUNKNOWN_RTG_HEAD_010,LEFT_PROFILE,2026-07-13T01:19:19.000000Z,UNKNOWN_RESEARCHER,PRIMARY_RESEARCH_ONLY_NOT_SECOND_VERIFIED,CURRENT,valid,Full-screen frame selected from the stable selected-label range using fast local seek. Recorded source timestamp is exact to the extraction plan; decoded frame may resolve to the nearest available video frame. Angle labels are approximate and require verifier confirmation before production use. Angle label status: approximate_from_rotation_sequence. Category: Head Template.
PRIMARY RESEARCH CANDIDATE — NOT PRODUCTION VERIFIED,evidence-frame-cf27_xboxunknown_rtg_head_010-menu,data/research/cf27/generated/full-resolution-frames/head-templates-faces-001-029/CF27_XBOXUNKNOWN_RTG_HEAD_010/CF27_XBOXUNKNOWN_RTG_HEAD_010_MENU_video-002_81p52s.png,derivative,menuEvidenceFrame,54263393776dffc1d3820708db20c5405f80ead7d10de993db2ebabdd0a0df1e,1335601,image/png,video-002,81.52,env-cf27-research-video-001-rtg-path,cf27-menu-head-skin-head-template,CF27_XBOXUNKNOWN_RTG_HEAD_010,MENU,2026-07-13T01:19:19.000000Z,UNKNOWN_RESEARCHER,PRIMARY_RESEARCH_ONLY_NOT_SECOND_VERIFIED,CURRENT,valid,Full-screen frame selected from the stable selected-label range using fast local seek. Recorded source timestamp is exact to the extraction plan; decoded frame may resolve to the nearest available video frame. Angle labels are approximate and require verifier confirmation before production use. Angle label status: menu_evidence. Category: Head Template.
PRIMARY RESEARCH CANDIDATE — NOT PRODUCTION VERIFIED,evidence-frame-cf27_xboxunknown_rtg_head_010-rear,data/research/cf27/generated/full-resolution-frames/head-templates-faces-001-029/CF27_XBOXUNKNOWN_RTG_HEAD_010/CF27_XBOXUNKNOWN_RTG_HEAD_010_REAR_video-002_84p58s.png,derivative,standardAngleDerivativeFrame,c8cf6488db53113c5e67d392436a327300fe4ac7de75c4920897a31229fcbd70,1205465,image/png,video-002,84.58,env-cf27-research-video-001-rtg-path,cf27-menu-head-skin-head-template,CF27_XBOXUNKNOWN_RTG_HEAD_010,REAR,2026-07-13T01:19:19.000000Z,UNKNOWN_RESEARCHER,PRIMARY_RESEARCH_ONLY_NOT_SECOND_VERIFIED,CURRENT,valid,Full-screen frame selected from the stable selected-label range using fast local seek. Recorded source timestamp is exact to the extraction plan; decoded frame may resolve to the nearest available video frame. Angle labels are approximate and require verifier confirmation before production use. Angle label status: approximate_from_rotation_sequence. Category: Head Template.
PRIMARY RESEARCH CANDIDATE — NOT PRODUCTION VERIFIED,evidence-frame-cf27_xboxunknown_rtg_head_010-right_3q,data/research/cf27/generated/full-resolution-frames/head-templates-faces-001-029/CF27_XBOXUNKNOWN_RTG_HEAD_010/CF27_XBOXUNKNOWN_RTG_HEAD_010_RIGHT_3Q_video-002_86p34s.png,derivative,standardAngleDerivativeFrame,d58f305fe8c1398ea94c63fdd75e8189bfd13ffef84ac5680fa2b2b05b41c150,1376334,image/png,video-002,86.34,env-cf27-research-video-001-rtg-path,cf27-menu-head-skin-head-template,CF27_XBOXUNKNOWN_RTG_HEAD_010,RIGHT_3Q,2026-07-13T01:19:19.000000Z,UNKNOWN_RESEARCHER,PRIMARY_RESEARCH_ONLY_NOT_SECOND_VERIFIED,CURRENT,valid,Full-screen frame selected from the stable selected-label range using fast local seek. Recorded source timestamp is exact to the extraction plan; decoded frame may resolve to the nearest available video frame. Angle labels are approximate and require verifier confirmation before production use. Angle label status: approximate_from_rotation_sequence. Category: Head Template.
PRIMARY RESEARCH CANDIDATE — NOT PRODUCTION VERIFIED,evidence-frame-cf27_xboxunknown_rtg_head_010-right_profile,data/research/cf27/generated/full-resolution-frames/head-templates-faces-001-029/CF27_XBOXUNKNOWN_RTG_HEAD_010/CF27_XBOXUNKNOWN_RTG_HEAD_010_RIGHT_PROFILE_video-002_85p46s.png,derivative,standardAngleDerivativeFrame,15ffd1f75c39e9c0c8537e001cfb2f72d1ccf311390769399e144070c3125bc0,1264922,image/png,video-002,85.46,env-cf27-research-video-001-rtg-path,cf27-menu-head-skin-head-template,CF27_XBOXUNKNOWN_RTG_HEAD_010,RIGHT_PROFILE,2026-07-13T01:19:19.000000Z,UNKNOWN_RESEARCHER,PRIMARY_RESEARCH_ONLY_NOT_SECOND_VERIFIED,CURRENT,valid,Full-screen frame selected from the stable selected-label range using fast local seek. Recorded source timestamp is exact to the extraction plan; decoded frame may resolve to the nearest available video frame. Angle labels are approximate and require verifier confirmation before production use. Angle label status: approximate_from_rotation_sequence. Category: Head Template.
PRIMARY RESEARCH CANDIDATE — NOT PRODUCTION VERIFIED,evidence-frame-cf27_xboxunknown_rtg_head_011-front,data/research/cf27/generated/full-resolution-frames/head-templates-faces-001-029/CF27_XBOXUNKNOWN_RTG_HEAD_011/CF27_XBOXUNKNOWN_RTG_HEAD_011_FRONT_video-002_90p30s.png,derivative,standardAngleDerivativeFrame,379ce497a8b07ef0e8d391d8f3041593a88de3e048066aa7126db9f354692012,1356444,image/png,video-002,90.3,env-cf27-research-video-001-rtg-path,cf27-menu-head-skin-head-template,CF27_XBOXUNKNOWN_RTG_HEAD_011,FRONT,2026-07-13T01:19:19.000000Z,UNKNOWN_RESEARCHER,PRIMARY_RESEARCH_ONLY_NOT_SECOND_VERIFIED,CURRENT,valid,Full-screen frame selected from the stable selected-label range using fast local seek. Recorded source timestamp is exact to the extraction plan; decoded frame may resolve to the nearest available video frame. Angle labels are approximate and require verifier confirmation before production use. Angle label status: approximate_from_rotation_sequence. Category: Head Template.
PRIMARY RESEARCH CANDIDATE — NOT PRODUCTION VERIFIED,evidence-frame-cf27_xboxunknown_rtg_head_011-left_3q,data/research/cf27/generated/full-resolution-frames/head-templates-faces-001-029/CF27_XBOXUNKNOWN_RTG_HEAD_011/CF27_XBOXUNKNOWN_RTG_HEAD_011_LEFT_3Q_video-002_90p81s.png,derivative,standardAngleDerivativeFrame,d5ea898888ebda22b93adf04abe10284396b130ecaffe9d7f7788e98762c9b1f,1443352,image/png,video-002,90.81,env-cf27-research-video-001-rtg-path,cf27-menu-head-skin-head-template,CF27_XBOXUNKNOWN_RTG_HEAD_011,LEFT_3Q,2026-07-13T01:19:19.000000Z,UNKNOWN_RESEARCHER,PRIMARY_RESEARCH_ONLY_NOT_SECOND_VERIFIED,CURRENT,valid,Full-screen frame selected from the stable selected-label range using fast local seek. Recorded source timestamp is exact to the extraction plan; decoded frame may resolve to the nearest available video frame. Angle labels are approximate and require verifier confirmation before production use. Angle label status: approximate_from_rotation_sequence. Category: Head Template.
PRIMARY RESEARCH CANDIDATE — NOT PRODUCTION VERIFIED,evidence-frame-cf27_xboxunknown_rtg_head_011-left_profile,data/research/cf27/generated/full-resolution-frames/head-templates-faces-001-029/CF27_XBOXUNKNOWN_RTG_HEAD_011/CF27_XBOXUNKNOWN_RTG_HEAD_011_LEFT_PROFILE_video-002_91p33s.png,derivative,standardAngleDerivativeFrame,70645b1c171b2c2149520696e1f6ad9d9243733ddc55237d4df2ffd5ead4615e,1420603,image/png,video-002,91.33,env-cf27-research-video-001-rtg-path,cf27-menu-head-skin-head-template,CF27_XBOXUNKNOWN_RTG_HEAD_011,LEFT_PROFILE,2026-07-13T01:19:19.000000Z,UNKNOWN_RESEARCHER,PRIMARY_RESEARCH_ONLY_NOT_SECOND_VERIFIED,CURRENT,valid,Full-screen frame selected from the stable selected-label range using fast local seek. Recorded source timestamp is exact to the extraction plan; decoded frame may resolve to the nearest available video frame. Angle labels are approximate and require verifier confirmation before production use. Angle label status: approximate_from_rotation_sequence. Category: Head Template.
PRIMARY RESEARCH CANDIDATE — NOT PRODUCTION VERIFIED,evidence-frame-cf27_xboxunknown_rtg_head_011-menu,data/research/cf27/generated/full-resolution-frames/head-templates-faces-001-029/CF27_XBOXUNKNOWN_RTG_HEAD_011/CF27_XBOXUNKNOWN_RTG_HEAD_011_MENU_video-002_90p04s.png,derivative,menuEvidenceFrame,b48aa746c0b0fd7c27e73b89aba0eba232543f22f2bc3be9174541acb2375103,1383894,image/png,video-002,90.04,env-cf27-research-video-001-rtg-path,cf27-menu-head-skin-head-template,CF27_XBOXUNKNOWN_RTG_HEAD_011,MENU,2026-07-13T01:19:19.000000Z,UNKNOWN_RESEARCHER,PRIMARY_RESEARCH_ONLY_NOT_SECOND_VERIFIED,CURRENT,valid,Full-screen frame selected from the stable selected-label range using fast local seek. Recorded source timestamp is exact to the extraction plan; decoded frame may resolve to the nearest available video frame. Angle labels are approximate and require verifier confirmation before production use. Angle label status: menu_evidence. Category: Head Template.
PRIMARY RESEARCH CANDIDATE — NOT PRODUCTION VERIFIED,evidence-frame-cf27_xboxunknown_rtg_head_011-rear,data/research/cf27/generated/full-resolution-frames/head-templates-faces-001-029/CF27_XBOXUNKNOWN_RTG_HEAD_011/CF27_XBOXUNKNOWN_RTG_HEAD_011_REAR_video-002_91p84s.png,derivative,standardAngleDerivativeFrame,96210025d7c244cb005c02bba4a4d32f158bdeede16f3a99b4f49dbe281487db,1378211,image/png,video-002,91.84,env-cf27-research-video-001-rtg-path,cf27-menu-head-skin-head-template,CF27_XBOXUNKNOWN_RTG_HEAD_011,REAR,2026-07-13T01:19:19.000000Z,UNKNOWN_RESEARCHER,PRIMARY_RESEARCH_ONLY_NOT_SECOND_VERIFIED,CURRENT,valid,Full-screen frame selected from the stable selected-label range using fast local seek. Recorded source timestamp is exact to the extraction plan; decoded frame may resolve to the nearest available video frame. Angle labels are approximate and require verifier confirmation before production use. Angle label status: approximate_from_rotation_sequence. Category: Head Template.
PRIMARY RESEARCH CANDIDATE — NOT PRODUCTION VERIFIED,evidence-frame-cf27_xboxunknown_rtg_head_011-right_3q,data/research/cf27/generated/full-resolution-frames/head-templates-faces-001-029/CF27_XBOXUNKNOWN_RTG_HEAD_011/CF27_XBOXUNKNOWN_RTG_HEAD_011_RIGHT_3Q_video-002_92p88s.png,derivative,standardAngleDerivativeFrame,b35a66b7742554852344c904aaef863008d15d89252299445f84748bb0adc9ae,1463795,image/png,video-002,92.88,env-cf27-research-video-001-rtg-path,cf27-menu-head-skin-head-template,CF27_XBOXUNKNOWN_RTG_HEAD_011,RIGHT_3Q,2026-07-13T01:19:19.000000Z,UNKNOWN_RESEARCHER,PRIMARY_RESEARCH_ONLY_NOT_SECOND_VERIFIED,CURRENT,valid,Full-screen frame selected from the stable selected-label range using fast local seek. Recorded source timestamp is exact to the extraction plan; decoded frame may resolve to the nearest available video frame. Angle labels are approximate and require verifier confirmation before production use. Angle label status: approximate_from_rotation_sequence. Category: Head Template.
PRIMARY RESEARCH CANDIDATE — NOT PRODUCTION VERIFIED,evidence-frame-cf27_xboxunknown_rtg_head_011-right_profile,data/research/cf27/generated/full-resolution-frames/head-templates-faces-001-029/CF27_XBOXUNKNOWN_RTG_HEAD_011/CF27_XBOXUNKNOWN_RTG_HEAD_011_RIGHT_PROFILE_video-002_92p36s.png,derivative,standardAngleDerivativeFrame,36133e3186e4f2ecc3a201c46ad41dc6f93dd24aa356e8b3ebfeea8b6b3602a4,1361538,image/png,video-002,92.36,env-cf27-research-video-001-rtg-path,cf27-menu-head-skin-head-template,CF27_XBOXUNKNOWN_RTG_HEAD_011,RIGHT_PROFILE,2026-07-13T01:19:19.000000Z,UNKNOWN_RESEARCHER,PRIMARY_RESEARCH_ONLY_NOT_SECOND_VERIFIED,CURRENT,valid,Full-screen frame selected from the stable selected-label range using fast local seek. Recorded source timestamp is exact to the extraction plan; decoded frame may resolve to the nearest available video frame. Angle labels are approximate and require verifier confirmation before production use. Angle label status: approximate_from_rotation_sequence. Category: Head Template.
PRIMARY RESEARCH CANDIDATE — NOT PRODUCTION VERIFIED,evidence-frame-cf27_xboxunknown_rtg_head_012-front,data/research/cf27/generated/full-resolution-frames/head-templates-faces-001-029/CF27_XBOXUNKNOWN_RTG_HEAD_012/CF27_XBOXUNKNOWN_RTG_HEAD_012_FRONT_video-002_96p30s.png,derivative,standardAngleDerivativeFrame,ca2d146c67d9660cdcdb5ed7b8582ece2425650f437dccd3a3e5542da3361418,1437783,image/png,video-002,96.3,env-cf27-research-video-001-rtg-path,cf27-menu-head-skin-head-template,CF27_XBOXUNKNOWN_RTG_HEAD_012,FRONT,2026-07-13T01:19:19.000000Z,UNKNOWN_RESEARCHER,PRIMARY_RESEARCH_ONLY_NOT_SECOND_VERIFIED,CURRENT,valid,Full-screen frame selected from the stable selected-label range using fast local seek. Recorded source timestamp is exact to the extraction plan; decoded frame may resolve to the nearest available video frame. Angle labels are approximate and require verifier confirmation before production use. Angle label status: approximate_from_rotation_sequence. Category: Head Template.
PRIMARY RESEARCH CANDIDATE — NOT PRODUCTION VERIFIED,evidence-frame-cf27_xboxunknown_rtg_head_012-left_3q,data/research/cf27/generated/full-resolution-frames/head-templates-faces-001-029/CF27_XBOXUNKNOWN_RTG_HEAD_012/CF27_XBOXUNKNOWN_RTG_HEAD_012_LEFT_3Q_video-002_96p81s.png,derivative,standardAngleDerivativeFrame,c88a4423417567c2430cd58e4bd586effa07797523408f333abe3826bb373613,1301101,image/png,video-002,96.81,env-cf27-research-video-001-rtg-path,cf27-menu-head-skin-head-template,CF27_XBOXUNKNOWN_RTG_HEAD_012,LEFT_3Q,2026-07-13T01:19:19.000000Z,UNKNOWN_RESEARCHER,PRIMARY_RESEARCH_ONLY_NOT_SECOND_VERIFIED,CURRENT,valid,Full-screen frame selected from the stable selected-label range using fast local seek. Recorded source timestamp is exact to the extraction plan; decoded frame may resolve to the nearest available video frame. Angle labels are approximate and require verifier confirmation before production use. Angle label status: approximate_from_rotation_sequence. Category: Head Template.
PRIMARY RESEARCH CANDIDATE — NOT PRODUCTION VERIFIED,evidence-frame-cf27_xboxunknown_rtg_head_012-left_profile,data/research/cf27/generated/full-resolution-frames/head-templates-faces-001-029/CF27_XBOXUNKNOWN_RTG_HEAD_012/CF27_XBOXUNKNOWN_RTG_HEAD_012_LEFT_PROFILE_video-002_97p33s.png,derivative,standardAngleDerivativeFrame,a2dc1a26a35805a5303f7b737499503692d4fc767fe71170e47ba0dd2b35d3f7,1171130,image/png,video-002,97.33,env-cf27-research-video-001-rtg-path,cf27-menu-head-skin-head-template,CF27_XBOXUNKNOWN_RTG_HEAD_012,LEFT_PROFILE,2026-07-13T01:19:19.000000Z,UNKNOWN_RESEARCHER,PRIMARY_RESEARCH_ONLY_NOT_SECOND_VERIFIED,CURRENT,valid,Full-screen frame selected from the stable selected-label range using fast local seek. Recorded source timestamp is exact to the extraction plan; decoded frame may resolve to the nearest available video frame. Angle labels are approximate and require verifier confirmation before production use. Angle label status: approximate_from_rotation_sequence. Category: Head Template.
PRIMARY RESEARCH CANDIDATE — NOT PRODUCTION VERIFIED,evidence-frame-cf27_xboxunknown_rtg_head_012-menu,data/research/cf27/generated/full-resolution-frames/head-templates-faces-001-029/CF27_XBOXUNKNOWN_RTG_HEAD_012/CF27_XBOXUNKNOWN_RTG_HEAD_012_MENU_video-002_96p04s.png,derivative,menuEvidenceFrame,168bba87bd943d435e24302388dc2ed4471c0c49a627bdc902224675936ac836,1433249,image/png,video-002,96.04,env-cf27-research-video-001-rtg-path,cf27-menu-head-skin-head-template,CF27_XBOXUNKNOWN_RTG_HEAD_012,MENU,2026-07-13T01:19:19.000000Z,UNKNOWN_RESEARCHER,PRIMARY_RESEARCH_ONLY_NOT_SECOND_VERIFIED,CURRENT,valid,Full-screen frame selected from the stable selected-label range using fast local seek. Recorded source timestamp is exact to the extraction plan; decoded frame may resolve to the nearest available video frame. Angle labels are approximate and require verifier confirmation before production use. Angle label status: menu_evidence. Category: Head Template.
PRIMARY RESEARCH CANDIDATE — NOT PRODUCTION VERIFIED,evidence-frame-cf27_xboxunknown_rtg_head_012-rear,data/research/cf27/generated/full-resolution-frames/head-templates-faces-001-029/CF27_XBOXUNKNOWN_RTG_HEAD_012/CF27_XBOXUNKNOWN_RTG_HEAD_012_REAR_video-002_97p84s.png,derivative,standardAngleDerivativeFrame,f780473642e51c146604bedbdd52903d183e152d732d0d29b01afe4591d99beb,1287431,image/png,video-002,97.84,env-cf27-research-video-001-rtg-path,cf27-menu-head-skin-head-template,CF27_XBOXUNKNOWN_RTG_HEAD_012,REAR,2026-07-13T01:19:19.000000Z,UNKNOWN_RESEARCHER,PRIMARY_RESEARCH_ONLY_NOT_SECOND_VERIFIED,CURRENT,valid,Full-screen frame selected from the stable selected-label range using fast local seek. Recorded source timestamp is exact to the extraction plan; decoded frame may resolve to the nearest available video frame. Angle labels are approximate and require verifier confirmation before production use. Angle label status: approximate_from_rotation_sequence. Category: Head Template.
PRIMARY RESEARCH CANDIDATE — NOT PRODUCTION VERIFIED,evidence-frame-cf27_xboxunknown_rtg_head_012-right_3q,data/research/cf27/generated/full-resolution-frames/head-templates-faces-001-029/CF27_XBOXUNKNOWN_RTG_HEAD_012/CF27_XBOXUNKNOWN_RTG_HEAD_012_RIGHT_3Q_video-002_98p88s.png,derivative,standardAngleDerivativeFrame,1d5c07b42c3ebde3dede2574be0e52b6840f5321bedc62d2b17d77086626b08d,1222399,image/png,video-002,98.88,env-cf27-research-video-001-rtg-path,cf27-menu-head-skin-head-template,CF27_XBOXUNKNOWN_RTG_HEAD_012,RIGHT_3Q,2026-07-13T01:19:19.000000Z,UNKNOWN_RESEARCHER,PRIMARY_RESEARCH_ONLY_NOT_SECOND_VERIFIED,CURRENT,valid,Full-screen frame selected from the stable selected-label range using fast local seek. Recorded source timestamp is exact to the extraction plan; decoded frame may resolve to the nearest available video frame. Angle labels are approximate and require verifier confirmation before production use. Angle label status: approximate_from_rotation_sequence. Category: Head Template.
PRIMARY RESEARCH CANDIDATE — NOT PRODUCTION VERIFIED,evidence-frame-cf27_xboxunknown_rtg_head_012-right_profile,data/research/cf27/generated/full-resolution-frames/head-templates-faces-001-029/CF27_XBOXUNKNOWN_RTG_HEAD_012/CF27_XBOXUNKNOWN_RTG_HEAD_012_RIGHT_PROFILE_video-002_98p36s.png,derivative,standardAngleDerivativeFrame,8b147dfb06a46231d604a22a55f78624bdaad1fc9d0089c013db1ecac6cf2768,1246291,image/png,video-002,98.36,env-cf27-research-video-001-rtg-path,cf27-menu-head-skin-head-template,CF27_XBOXUNKNOWN_RTG_HEAD_012,RIGHT_PROFILE,2026-07-13T01:19:19.000000Z,UNKNOWN_RESEARCHER,PRIMARY_RESEARCH_ONLY_NOT_SECOND_VERIFIED,CURRENT,valid,Full-screen frame selected from the stable selected-label range using fast local seek. Recorded source timestamp is exact to the extraction plan; decoded frame may resolve to the nearest available video frame. Angle labels are approximate and require verifier confirmation before production use. Angle label status: approximate_from_rotation_sequence. Category: Head Template.
PRIMARY RESEARCH CANDIDATE — NOT PRODUCTION VERIFIED,evidence-frame-cf27_xboxunknown_rtg_head_013-front,data/research/cf27/generated/full-resolution-frames/head-templates-faces-001-029/CF27_XBOXUNKNOWN_RTG_HEAD_013/CF27_XBOXUNKNOWN_RTG_HEAD_013_FRONT_video-003_28p30s.png,derivative,standardAngleDerivativeFrame,0be8eb68b4a5d67763cd0b10d488f4b755554ffbd6aaca5966f3a0f0c02f5aa7,1416371,image/png,video-003,28.3,env-cf27-research-video-001-rtg-path,cf27-menu-head-skin-head-template,CF27_XBOXUNKNOWN_RTG_HEAD_013,FRONT,2026-07-13T01:20:02.000000Z,UNKNOWN_RESEARCHER,PRIMARY_RESEARCH_ONLY_NOT_SECOND_VERIFIED,CURRENT,valid,Full-screen frame selected from the stable selected-label range using fast local seek. Recorded source timestamp is exact to the extraction plan; decoded frame may resolve to the nearest available video frame. Angle labels are approximate and require verifier confirmation before production use. Angle label status: approximate_from_rotation_sequence. Category: Head Template.
PRIMARY RESEARCH CANDIDATE — NOT PRODUCTION VERIFIED,evidence-frame-cf27_xboxunknown_rtg_head_013-left_3q,data/research/cf27/generated/full-resolution-frames/head-templates-faces-001-029/CF27_XBOXUNKNOWN_RTG_HEAD_013/CF27_XBOXUNKNOWN_RTG_HEAD_013_LEFT_3Q_video-003_28p81s.png,derivative,standardAngleDerivativeFrame,4409cdbb4d95e4a979c943088bd638b9cb1d785d5b8d9ce88cc9fde25128eafc,1281859,image/png,video-003,28.81,env-cf27-research-video-001-rtg-path,cf27-menu-head-skin-head-template,CF27_XBOXUNKNOWN_RTG_HEAD_013,LEFT_3Q,2026-07-13T01:20:02.000000Z,UNKNOWN_RESEARCHER,PRIMARY_RESEARCH_ONLY_NOT_SECOND_VERIFIED,CURRENT,valid,Full-screen frame selected from the stable selected-label range using fast local seek. Recorded source timestamp is exact to the extraction plan; decoded frame may resolve to the nearest available video frame. Angle labels are approximate and require verifier confirmation before production use. Angle label status: approximate_from_rotation_sequence. Category: Head Template.
PRIMARY RESEARCH CANDIDATE — NOT PRODUCTION VERIFIED,evidence-frame-cf27_xboxunknown_rtg_head_013-left_profile,data/research/cf27/generated/full-resolution-frames/head-templates-faces-001-029/CF27_XBOXUNKNOWN_RTG_HEAD_013/CF27_XBOXUNKNOWN_RTG_HEAD_013_LEFT_PROFILE_video-003_29p33s.png,derivative,standardAngleDerivativeFrame,8e74931dc52b6ed791eb9a570a662c4de727bc33d9bb12c068bac60f81c1313c,1478493,image/png,video-003,29.33,env-cf27-research-video-001-rtg-path,cf27-menu-head-skin-head-template,CF27_XBOXUNKNOWN_RTG_HEAD_013,LEFT_PROFILE,2026-07-13T01:20:02.000000Z,UNKNOWN_RESEARCHER,PRIMARY_RESEARCH_ONLY_NOT_SECOND_VERIFIED,CURRENT,valid,Full-screen frame selected from the stable selected-label range using fast local seek. Recorded source timestamp is exact to the extraction plan; decoded frame may resolve to the nearest available video frame. Angle labels are approximate and require verifier confirmation before production use. Angle label status: approximate_from_rotation_sequence. Category: Head Template.
PRIMARY RESEARCH CANDIDATE — NOT PRODUCTION VERIFIED,evidence-frame-cf27_xboxunknown_rtg_head_013-menu,data/research/cf27/generated/full-resolution-frames/head-templates-faces-001-029/CF27_XBOXUNKNOWN_RTG_HEAD_013/CF27_XBOXUNKNOWN_RTG_HEAD_013_MENU_video-003_28p04s.png,derivative,menuEvidenceFrame,94e33e72eaee624956bd9ee666115b63df7e434c314f4199e8c634079ad21d5a,1378046,image/png,video-003,28.04,env-cf27-research-video-001-rtg-path,cf27-menu-head-skin-head-template,CF27_XBOXUNKNOWN_RTG_HEAD_013,MENU,2026-07-13T01:20:02.000000Z,UNKNOWN_RESEARCHER,PRIMARY_RESEARCH_ONLY_NOT_SECOND_VERIFIED,CURRENT,valid,Full-screen frame selected from the stable selected-label range using fast local seek. Recorded source timestamp is exact to the extraction plan; decoded frame may resolve to the nearest available video frame. Angle labels are approximate and require verifier confirmation before production use. Angle label status: menu_evidence. Category: Head Template.
PRIMARY RESEARCH CANDIDATE — NOT PRODUCTION VERIFIED,evidence-frame-cf27_xboxunknown_rtg_head_013-rear,data/research/cf27/generated/full-resolution-frames/head-templates-faces-001-029/CF27_XBOXUNKNOWN_RTG_HEAD_013/CF27_XBOXUNKNOWN_RTG_HEAD_013_REAR_video-003_29p84s.png,derivative,standardAngleDerivativeFrame,47424b56d5afab0ad957a7463f0a396b90895aeabf0b1e4a45e2f270592d3904,1338499,image/png,video-003,29.84,env-cf27-research-video-001-rtg-path,cf27-menu-head-skin-head-template,CF27_XBOXUNKNOWN_RTG_HEAD_013,REAR,2026-07-13T01:20:02.000000Z,UNKNOWN_RESEARCHER,PRIMARY_RESEARCH_ONLY_NOT_SECOND_VERIFIED,CURRENT,valid,Full-screen frame selected from the stable selected-label range using fast local seek. Recorded source timestamp is exact to the extraction plan; decoded frame may resolve to the nearest available video frame. Angle labels are approximate and require verifier confirmation before production use. Angle label status: approximate_from_rotation_sequence. Category: Head Template.
PRIMARY RESEARCH CANDIDATE — NOT PRODUCTION VERIFIED,evidence-frame-cf27_xboxunknown_rtg_head_013-right_3q,data/research/cf27/generated/full-resolution-frames/head-templates-faces-001-029/CF27_XBOXUNKNOWN_RTG_HEAD_013/CF27_XBOXUNKNOWN_RTG_HEAD_013_RIGHT_3Q_video-003_30p88s.png,derivative,standardAngleDerivativeFrame,c6b1521a3d891a6cdcff83777406a855e6b7a0e8c0389513fddf07bc8cb655ef,1352853,image/png,video-003,30.88,env-cf27-research-video-001-rtg-path,cf27-menu-head-skin-head-template,CF27_XBOXUNKNOWN_RTG_HEAD_013,RIGHT_3Q,2026-07-13T01:20:02.000000Z,UNKNOWN_RESEARCHER,PRIMARY_RESEARCH_ONLY_NOT_SECOND_VERIFIED,CURRENT,valid,Full-screen frame selected from the stable selected-label range using fast local seek. Recorded source timestamp is exact to the extraction plan; decoded frame may resolve to the nearest available video frame. Angle labels are approximate and require verifier confirmation before production use. Angle label status: approximate_from_rotation_sequence. Category: Head Template.
PRIMARY RESEARCH CANDIDATE — NOT PRODUCTION VERIFIED,evidence-frame-cf27_xboxunknown_rtg_head_013-right_profile,data/research/cf27/generated/full-resolution-frames/head-templates-faces-001-029/CF27_XBOXUNKNOWN_RTG_HEAD_013/CF27_XBOXUNKNOWN_RTG_HEAD_013_RIGHT_PROFILE_video-003_30p36s.png,derivative,standardAngleDerivativeFrame,4b4bfa3fc2ca881657d4b7fb8db3150cb4f17edff2b7d8f297f686be20da06c0,1328437,image/png,video-003,30.36,env-cf27-research-video-001-rtg-path,cf27-menu-head-skin-head-template,CF27_XBOXUNKNOWN_RTG_HEAD_013,RIGHT_PROFILE,2026-07-13T01:20:02.000000Z,UNKNOWN_RESEARCHER,PRIMARY_RESEARCH_ONLY_NOT_SECOND_VERIFIED,CURRENT,valid,Full-screen frame selected from the stable selected-label range using fast local seek. Recorded source timestamp is exact to the extraction plan; decoded frame may resolve to the nearest available video frame. Angle labels are approximate and require verifier confirmation before production use. Angle label status: approximate_from_rotation_sequence. Category: Head Template.
PRIMARY RESEARCH CANDIDATE — NOT PRODUCTION VERIFIED,evidence-frame-cf27_xboxunknown_rtg_head_014-front,data/research/cf27/generated/full-resolution-frames/head-templates-faces-001-029/CF27_XBOXUNKNOWN_RTG_HEAD_014/CF27_XBOXUNKNOWN_RTG_HEAD_014_FRONT_video-003_20p74s.png,derivative,standardAngleDerivativeFrame,3f87c7fd3f9b8820fd410c8fb9db087bf428238724c94d1f885b09327ee8bb9f,1521417,image/png,video-003,20.74,env-cf27-research-video-001-rtg-path,cf27-menu-head-skin-head-template,CF27_XBOXUNKNOWN_RTG_HEAD_014,FRONT,2026-07-13T01:20:02.000000Z,UNKNOWN_RESEARCHER,PRIMARY_RESEARCH_ONLY_NOT_SECOND_VERIFIED,CURRENT,valid,Full-screen frame selected from the stable selected-label range using fast local seek. Recorded source timestamp is exact to the extraction plan; decoded frame may resolve to the nearest available video frame. Angle labels are approximate and require verifier confirmation before production use. Angle label status: approximate_from_rotation_sequence. Category: Head Template.
PRIMARY RESEARCH CANDIDATE — NOT PRODUCTION VERIFIED,evidence-frame-cf27_xboxunknown_rtg_head_014-left_3q,data/research/cf27/generated/full-resolution-frames/head-templates-faces-001-029/CF27_XBOXUNKNOWN_RTG_HEAD_014/CF27_XBOXUNKNOWN_RTG_HEAD_014_LEFT_3Q_video-003_21p49s.png,derivative,standardAngleDerivativeFrame,80ed1fa45d4647f13c311298de407d5bde74afe23621c72257edaca31f656851,1335721,image/png,video-003,21.49,env-cf27-research-video-001-rtg-path,cf27-menu-head-skin-head-template,CF27_XBOXUNKNOWN_RTG_HEAD_014,LEFT_3Q,2026-07-13T01:20:02.000000Z,UNKNOWN_RESEARCHER,PRIMARY_RESEARCH_ONLY_NOT_SECOND_VERIFIED,CURRENT,valid,Full-screen frame selected from the stable selected-label range using fast local seek. Recorded source timestamp is exact to the extraction plan; decoded frame may resolve to the nearest available video frame. Angle labels are approximate and require verifier confirmation before production use. Angle label status: approximate_from_rotation_sequence. Category: Head Template.
PRIMARY RESEARCH CANDIDATE — NOT PRODUCTION VERIFIED,evidence-frame-cf27_xboxunknown_rtg_head_014-left_profile,data/research/cf27/generated/full-resolution-frames/head-templates-faces-001-029/CF27_XBOXUNKNOWN_RTG_HEAD_014/CF27_XBOXUNKNOWN_RTG_HEAD_014_LEFT_PROFILE_video-003_22p25s.png,derivative,standardAngleDerivativeFrame,d86af81dc011842e4d8c07cb99e052a352069a6128a94f231187a26eaa405634,1442600,image/png,video-003,22.25,env-cf27-research-video-001-rtg-path,cf27-menu-head-skin-head-template,CF27_XBOXUNKNOWN_RTG_HEAD_014,LEFT_PROFILE,2026-07-13T01:20:02.000000Z,UNKNOWN_RESEARCHER,PRIMARY_RESEARCH_ONLY_NOT_SECOND_VERIFIED,CURRENT,valid,Full-screen frame selected from the stable selected-label range using fast local seek. Recorded source timestamp is exact to the extraction plan; decoded frame may resolve to the nearest available video frame. Angle labels are approximate and require verifier confirmation before production use. Angle label status: approximate_from_rotation_sequence. Category: Head Template.
PRIMARY RESEARCH CANDIDATE — NOT PRODUCTION VERIFIED,evidence-frame-cf27_xboxunknown_rtg_head_014-menu,data/research/cf27/generated/full-resolution-frames/head-templates-faces-001-029/CF27_XBOXUNKNOWN_RTG_HEAD_014/CF27_XBOXUNKNOWN_RTG_HEAD_014_MENU_video-003_20p36s.png,derivative,menuEvidenceFrame,d039bd703f77c121ebac3174a46bed7ef7d6a3cc27356871a7dc04789217666e,1488722,image/png,video-003,20.36,env-cf27-research-video-001-rtg-path,cf27-menu-head-skin-head-template,CF27_XBOXUNKNOWN_RTG_HEAD_014,MENU,2026-07-13T01:20:02.000000Z,UNKNOWN_RESEARCHER,PRIMARY_RESEARCH_ONLY_NOT_SECOND_VERIFIED,CURRENT,valid,Full-screen frame selected from the stable selected-label range using fast local seek. Recorded source timestamp is exact to the extraction plan; decoded frame may resolve to the nearest available video frame. Angle labels are approximate and require verifier confirmation before production use. Angle label status: menu_evidence. Category: Head Template.
PRIMARY RESEARCH CANDIDATE — NOT PRODUCTION VERIFIED,evidence-frame-cf27_xboxunknown_rtg_head_014-rear,data/research/cf27/generated/full-resolution-frames/head-templates-faces-001-029/CF27_XBOXUNKNOWN_RTG_HEAD_014/CF27_XBOXUNKNOWN_RTG_HEAD_014_REAR_video-003_23p00s.png,derivative,standardAngleDerivativeFrame,e04acfb3ce1f75e2c26ee366db6cc5420e9eb0c590f0aa352132d1bfbc4ebc73,1430792,image/png,video-003,23,env-cf27-research-video-001-rtg-path,cf27-menu-head-skin-head-template,CF27_XBOXUNKNOWN_RTG_HEAD_014,REAR,2026-07-13T01:20:02.000000Z,UNKNOWN_RESEARCHER,PRIMARY_RESEARCH_ONLY_NOT_SECOND_VERIFIED,CURRENT,valid,Full-screen frame selected from the stable selected-label range using fast local seek. Recorded source timestamp is exact to the extraction plan; decoded frame may resolve to the nearest available video frame. Angle labels are approximate and require verifier confirmation before production use. Angle label status: approximate_from_rotation_sequence. Category: Head Template.
PRIMARY RESEARCH CANDIDATE — NOT PRODUCTION VERIFIED,evidence-frame-cf27_xboxunknown_rtg_head_014-right_3q,data/research/cf27/generated/full-resolution-frames/head-templates-faces-001-029/CF27_XBOXUNKNOWN_RTG_HEAD_014/CF27_XBOXUNKNOWN_RTG_HEAD_014_RIGHT_3Q_video-003_24p52s.png,derivative,standardAngleDerivativeFrame,649782a6485b86ea2f6dbf9a66f5b2be33118a74e3286949d06502ac01044a12,1388977,image/png,video-003,24.52,env-cf27-research-video-001-rtg-path,cf27-menu-head-skin-head-template,CF27_XBOXUNKNOWN_RTG_HEAD_014,RIGHT_3Q,2026-07-13T01:20:02.000000Z,UNKNOWN_RESEARCHER,PRIMARY_RESEARCH_ONLY_NOT_SECOND_VERIFIED,CURRENT,valid,Full-screen frame selected from the stable selected-label range using fast local seek. Recorded source timestamp is exact to the extraction plan; decoded frame may resolve to the nearest available video frame. Angle labels are approximate and require verifier confirmation before production use. Angle label status: approximate_from_rotation_sequence. Category: Head Template.
PRIMARY RESEARCH CANDIDATE — NOT PRODUCTION VERIFIED,evidence-frame-cf27_xboxunknown_rtg_head_014-right_profile,data/research/cf27/generated/full-resolution-frames/head-templates-faces-001-029/CF27_XBOXUNKNOWN_RTG_HEAD_014/CF27_XBOXUNKNOWN_RTG_HEAD_014_RIGHT_PROFILE_video-003_23p76s.png,derivative,standardAngleDerivativeFrame,d86ec06ef766a497a44fedd859641772a2a1119ec4ec788148f690bab9b57ec6,1458530,image/png,video-003,23.76,env-cf27-research-video-001-rtg-path,cf27-menu-head-skin-head-template,CF27_XBOXUNKNOWN_RTG_HEAD_014,RIGHT_PROFILE,2026-07-13T01:20:02.000000Z,UNKNOWN_RESEARCHER,PRIMARY_RESEARCH_ONLY_NOT_SECOND_VERIFIED,CURRENT,valid,Full-screen frame selected from the stable selected-label range using fast local seek. Recorded source timestamp is exact to the extraction plan; decoded frame may resolve to the nearest available video frame. Angle labels are approximate and require verifier confirmation before production use. Angle label status: approximate_from_rotation_sequence. Category: Head Template.
PRIMARY RESEARCH CANDIDATE — NOT PRODUCTION VERIFIED,evidence-frame-cf27_xboxunknown_rtg_head_015-front,data/research/cf27/generated/full-resolution-frames/head-templates-faces-001-029/CF27_XBOXUNKNOWN_RTG_HEAD_015/CF27_XBOXUNKNOWN_RTG_HEAD_015_FRONT_video-003_14p30s.png,derivative,standardAngleDerivativeFrame,dd8f329ebc8a18c2e09064a362290320855bfbd583b36421f8a0a757b649db41,1356675,image/png,video-003,14.3,env-cf27-research-video-001-rtg-path,cf27-menu-head-skin-head-template,CF27_XBOXUNKNOWN_RTG_HEAD_015,FRONT,2026-07-13T01:20:02.000000Z,UNKNOWN_RESEARCHER,PRIMARY_RESEARCH_ONLY_NOT_SECOND_VERIFIED,CURRENT,valid,Full-screen frame selected from the stable selected-label range using fast local seek. Recorded source timestamp is exact to the extraction plan; decoded frame may resolve to the nearest available video frame. Angle labels are approximate and require verifier confirmation before production use. Angle label status: approximate_from_rotation_sequence. Category: Head Template.
PRIMARY RESEARCH CANDIDATE — NOT PRODUCTION VERIFIED,evidence-frame-cf27_xboxunknown_rtg_head_015-left_3q,data/research/cf27/generated/full-resolution-frames/head-templates-faces-001-029/CF27_XBOXUNKNOWN_RTG_HEAD_015/CF27_XBOXUNKNOWN_RTG_HEAD_015_LEFT_3Q_video-003_14p81s.png,derivative,standardAngleDerivativeFrame,8c9db538afe841b8619c153b7e5d5a92b9442f6c1114a53102601f9d004a9602,1225306,image/png,video-003,14.81,env-cf27-research-video-001-rtg-path,cf27-menu-head-skin-head-template,CF27_XBOXUNKNOWN_RTG_HEAD_015,LEFT_3Q,2026-07-13T01:20:02.000000Z,UNKNOWN_RESEARCHER,PRIMARY_RESEARCH_ONLY_NOT_SECOND_VERIFIED,CURRENT,valid,Full-screen frame selected from the stable selected-label range using fast local seek. Recorded source timestamp is exact to the extraction plan; decoded frame may resolve to the nearest available video frame. Angle labels are approximate and require verifier confirmation before production use. Angle label status: approximate_from_rotation_sequence. Category: Head Template.
PRIMARY RESEARCH CANDIDATE — NOT PRODUCTION VERIFIED,evidence-frame-cf27_xboxunknown_rtg_head_015-left_profile,data/research/cf27/generated/full-resolution-frames/head-templates-faces-001-029/CF27_XBOXUNKNOWN_RTG_HEAD_015/CF27_XBOXUNKNOWN_RTG_HEAD_015_LEFT_PROFILE_video-003_15p33s.png,derivative,standardAngleDerivativeFrame,5eba4fdee577e3d4457ed3f4e9c889986c668c3282d7886a07b92232ee7906fa,1308734,image/png,video-003,15.33,env-cf27-research-video-001-rtg-path,cf27-menu-head-skin-head-template,CF27_XBOXUNKNOWN_RTG_HEAD_015,LEFT_PROFILE,2026-07-13T01:20:02.000000Z,UNKNOWN_RESEARCHER,PRIMARY_RESEARCH_ONLY_NOT_SECOND_VERIFIED,CURRENT,valid,Full-screen frame selected from the stable selected-label range using fast local seek. Recorded source timestamp is exact to the extraction plan; decoded frame may resolve to the nearest available video frame. Angle labels are approximate and require verifier confirmation before production use. Angle label status: approximate_from_rotation_sequence. Category: Head Template.
PRIMARY RESEARCH CANDIDATE — NOT PRODUCTION VERIFIED,evidence-frame-cf27_xboxunknown_rtg_head_015-menu,data/research/cf27/generated/full-resolution-frames/head-templates-faces-001-029/CF27_XBOXUNKNOWN_RTG_HEAD_015/CF27_XBOXUNKNOWN_RTG_HEAD_015_MENU_video-003_14p04s.png,derivative,menuEvidenceFrame,51842496e1b0ab17a39c9c4dd0443c8fa5d660a8681d3b740bc5bc250c70ec8f,1441316,image/png,video-003,14.04,env-cf27-research-video-001-rtg-path,cf27-menu-head-skin-head-template,CF27_XBOXUNKNOWN_RTG_HEAD_015,MENU,2026-07-13T01:20:02.000000Z,UNKNOWN_RESEARCHER,PRIMARY_RESEARCH_ONLY_NOT_SECOND_VERIFIED,CURRENT,valid,Full-screen frame selected from the stable selected-label range using fast local seek. Recorded source timestamp is exact to the extraction plan; decoded frame may resolve to the nearest available video frame. Angle labels are approximate and require verifier confirmation before production use. Angle label status: menu_evidence. Category: Head Template.
PRIMARY RESEARCH CANDIDATE — NOT PRODUCTION VERIFIED,evidence-frame-cf27_xboxunknown_rtg_head_015-rear,data/research/cf27/generated/full-resolution-frames/head-templates-faces-001-029/CF27_XBOXUNKNOWN_RTG_HEAD_015/CF27_XBOXUNKNOWN_RTG_HEAD_015_REAR_video-003_15p84s.png,derivative,standardAngleDerivativeFrame,101b32876f274e0059a7785be6ed7825da644baefe85c84071b673ff6ef68f15,1270597,image/png,video-003,15.84,env-cf27-research-video-001-rtg-path,cf27-menu-head-skin-head-template,CF27_XBOXUNKNOWN_RTG_HEAD_015,REAR,2026-07-13T01:20:02.000000Z,UNKNOWN_RESEARCHER,PRIMARY_RESEARCH_ONLY_NOT_SECOND_VERIFIED,CURRENT,valid,Full-screen frame selected from the stable selected-label range using fast local seek. Recorded source timestamp is exact to the extraction plan; decoded frame may resolve to the nearest available video frame. Angle labels are approximate and require verifier confirmation before production use. Angle label status: approximate_from_rotation_sequence. Category: Head Template.
PRIMARY RESEARCH CANDIDATE — NOT PRODUCTION VERIFIED,evidence-frame-cf27_xboxunknown_rtg_head_015-right_3q,data/research/cf27/generated/full-resolution-frames/head-templates-faces-001-029/CF27_XBOXUNKNOWN_RTG_HEAD_015/CF27_XBOXUNKNOWN_RTG_HEAD_015_RIGHT_3Q_video-003_16p88s.png,derivative,standardAngleDerivativeFrame,51ddebe9b6a6cadae8576542386896c3f062f56672bbce9eff4bb3ac94ab3e92,1243145,image/png,video-003,16.88,env-cf27-research-video-001-rtg-path,cf27-menu-head-skin-head-template,CF27_XBOXUNKNOWN_RTG_HEAD_015,RIGHT_3Q,2026-07-13T01:20:02.000000Z,UNKNOWN_RESEARCHER,PRIMARY_RESEARCH_ONLY_NOT_SECOND_VERIFIED,CURRENT,valid,Full-screen frame selected from the stable selected-label range using fast local seek. Recorded source timestamp is exact to the extraction plan; decoded frame may resolve to the nearest available video frame. Angle labels are approximate and require verifier confirmation before production use. Angle label status: approximate_from_rotation_sequence. Category: Head Template.
PRIMARY RESEARCH CANDIDATE — NOT PRODUCTION VERIFIED,evidence-frame-cf27_xboxunknown_rtg_head_015-right_profile,data/research/cf27/generated/full-resolution-frames/head-templates-faces-001-029/CF27_XBOXUNKNOWN_RTG_HEAD_015/CF27_XBOXUNKNOWN_RTG_HEAD_015_RIGHT_PROFILE_video-003_16p36s.png,derivative,standardAngleDerivativeFrame,7bfde9899f5851b9228f0e0454d6b144738b74a4ef66c5b2e6e566e4f1860807,1273904,image/png,video-003,16.36,env-cf27-research-video-001-rtg-path,cf27-menu-head-skin-head-template,CF27_XBOXUNKNOWN_RTG_HEAD_015,RIGHT_PROFILE,2026-07-13T01:20:02.000000Z,UNKNOWN_RESEARCHER,PRIMARY_RESEARCH_ONLY_NOT_SECOND_VERIFIED,CURRENT,valid,Full-screen frame selected from the stable selected-label range using fast local seek. Recorded source timestamp is exact to the extraction plan; decoded frame may resolve to the nearest available video frame. Angle labels are approximate and require verifier confirmation before production use. Angle label status: approximate_from_rotation_sequence. Category: Head Template.
PRIMARY RESEARCH CANDIDATE — NOT PRODUCTION VERIFIED,evidence-frame-cf27_xboxunknown_rtg_head_016-front,data/research/cf27/generated/full-resolution-frames/head-templates-faces-001-029/CF27_XBOXUNKNOWN_RTG_HEAD_016/CF27_XBOXUNKNOWN_RTG_HEAD_016_FRONT_video-003_7p52s.png,derivative,standardAngleDerivativeFrame,60c73b877b6910a949c8bea2ccd6d5a848cf745c8111bd9ab79e9dc8c2567ac6,1434315,image/png,video-003,7.52,env-cf27-research-video-001-rtg-path,cf27-menu-head-skin-head-template,CF27_XBOXUNKNOWN_RTG_HEAD_016,FRONT,2026-07-13T01:20:02.000000Z,UNKNOWN_RESEARCHER,PRIMARY_RESEARCH_ONLY_NOT_SECOND_VERIFIED,CURRENT,valid,Full-screen frame selected from the stable selected-label range using fast local seek. Recorded source timestamp is exact to the extraction plan; decoded frame may resolve to the nearest available video frame. Angle labels are approximate and require verifier confirmation before production use. Angle label status: approximate_from_rotation_sequence. Category: Head Template.
PRIMARY RESEARCH CANDIDATE — NOT PRODUCTION VERIFIED,evidence-frame-cf27_xboxunknown_rtg_head_016-left_3q,data/research/cf27/generated/full-resolution-frames/head-templates-faces-001-029/CF27_XBOXUNKNOWN_RTG_HEAD_016/CF27_XBOXUNKNOWN_RTG_HEAD_016_LEFT_3Q_video-003_8p15s.png,derivative,standardAngleDerivativeFrame,2ade8880070364a822689d37045c7ee7d61f31d5f339853b7727bc7ab93d4b3b,1411724,image/png,video-003,8.15,env-cf27-research-video-001-rtg-path,cf27-menu-head-skin-head-template,CF27_XBOXUNKNOWN_RTG_HEAD_016,LEFT_3Q,2026-07-13T01:20:02.000000Z,UNKNOWN_RESEARCHER,PRIMARY_RESEARCH_ONLY_NOT_SECOND_VERIFIED,CURRENT,valid,Full-screen frame selected from the stable selected-label range using fast local seek. Recorded source timestamp is exact to the extraction plan; decoded frame may resolve to the nearest available video frame. Angle labels are approximate and require verifier confirmation before production use. Angle label status: approximate_from_rotation_sequence. Category: Head Template.
PRIMARY RESEARCH CANDIDATE — NOT PRODUCTION VERIFIED,evidence-frame-cf27_xboxunknown_rtg_head_016-left_profile,data/research/cf27/generated/full-resolution-frames/head-templates-faces-001-029/CF27_XBOXUNKNOWN_RTG_HEAD_016/CF27_XBOXUNKNOWN_RTG_HEAD_016_LEFT_PROFILE_video-003_8p79s.png,derivative,standardAngleDerivativeFrame,8d910d87b0e01ab7a3c365668c6ee5fce723b9f617414a127d3c9aaf63de45ee,1243337,image/png,video-003,8.79,env-cf27-research-video-001-rtg-path,cf27-menu-head-skin-head-template,CF27_XBOXUNKNOWN_RTG_HEAD_016,LEFT_PROFILE,2026-07-13T01:20:02.000000Z,UNKNOWN_RESEARCHER,PRIMARY_RESEARCH_ONLY_NOT_SECOND_VERIFIED,CURRENT,valid,Full-screen frame selected from the stable selected-label range using fast local seek. Recorded source timestamp is exact to the extraction plan; decoded frame may resolve to the nearest available video frame. Angle labels are approximate and require verifier confirmation before production use. Angle label status: approximate_from_rotation_sequence. Category: Head Template.
PRIMARY RESEARCH CANDIDATE — NOT PRODUCTION VERIFIED,evidence-frame-cf27_xboxunknown_rtg_head_016-menu,data/research/cf27/generated/full-resolution-frames/head-templates-faces-001-029/CF27_XBOXUNKNOWN_RTG_HEAD_016/CF27_XBOXUNKNOWN_RTG_HEAD_016_MENU_video-003_7p20s.png,derivative,menuEvidenceFrame,c5416bb1230e07a953fa69d82f2b4941e4c238bd5339a83179acb770d1c32766,1370182,image/png,video-003,7.2,env-cf27-research-video-001-rtg-path,cf27-menu-head-skin-head-template,CF27_XBOXUNKNOWN_RTG_HEAD_016,MENU,2026-07-13T01:20:02.000000Z,UNKNOWN_RESEARCHER,PRIMARY_RESEARCH_ONLY_NOT_SECOND_VERIFIED,CURRENT,valid,Full-screen frame selected from the stable selected-label range using fast local seek. Recorded source timestamp is exact to the extraction plan; decoded frame may resolve to the nearest available video frame. Angle labels are approximate and require verifier confirmation before production use. Angle label status: menu_evidence. Category: Head Template.
PRIMARY RESEARCH CANDIDATE — NOT PRODUCTION VERIFIED,evidence-frame-cf27_xboxunknown_rtg_head_016-rear,data/research/cf27/generated/full-resolution-frames/head-templates-faces-001-029/CF27_XBOXUNKNOWN_RTG_HEAD_016/CF27_XBOXUNKNOWN_RTG_HEAD_016_REAR_video-003_9p42s.png,derivative,standardAngleDerivativeFrame,5a05140134ac92fb153791b0cc7d47db001f7d60330678fdc2c6b1334a6fd677,1329829,image/png,video-003,9.42,env-cf27-research-video-001-rtg-path,cf27-menu-head-skin-head-template,CF27_XBOXUNKNOWN_RTG_HEAD_016,REAR,2026-07-13T01:20:02.000000Z,UNKNOWN_RESEARCHER,PRIMARY_RESEARCH_ONLY_NOT_SECOND_VERIFIED,CURRENT,valid,Full-screen frame selected from the stable selected-label range using fast local seek. Recorded source timestamp is exact to the extraction plan; decoded frame may resolve to the nearest available video frame. Angle labels are approximate and require verifier confirmation before production use. Angle label status: approximate_from_rotation_sequence. Category: Head Template.
PRIMARY RESEARCH CANDIDATE — NOT PRODUCTION VERIFIED,evidence-frame-cf27_xboxunknown_rtg_head_016-right_3q,data/research/cf27/generated/full-resolution-frames/head-templates-faces-001-029/CF27_XBOXUNKNOWN_RTG_HEAD_016/CF27_XBOXUNKNOWN_RTG_HEAD_016_RIGHT_3Q_video-003_10p70s.png,derivative,standardAngleDerivativeFrame,fef8ba2177b3057ca633b8ac0435e9467fefb60d18d904528083ce710c96bf36,1205720,image/png,video-003,10.7,env-cf27-research-video-001-rtg-path,cf27-menu-head-skin-head-template,CF27_XBOXUNKNOWN_RTG_HEAD_016,RIGHT_3Q,2026-07-13T01:20:02.000000Z,UNKNOWN_RESEARCHER,PRIMARY_RESEARCH_ONLY_NOT_SECOND_VERIFIED,CURRENT,valid,Full-screen frame selected from the stable selected-label range using fast local seek. Recorded source timestamp is exact to the extraction plan; decoded frame may resolve to the nearest available video frame. Angle labels are approximate and require verifier confirmation before production use. Angle label status: approximate_from_rotation_sequence. Category: Head Template.
PRIMARY RESEARCH CANDIDATE — NOT PRODUCTION VERIFIED,evidence-frame-cf27_xboxunknown_rtg_head_016-right_profile,data/research/cf27/generated/full-resolution-frames/head-templates-faces-001-029/CF27_XBOXUNKNOWN_RTG_HEAD_016/CF27_XBOXUNKNOWN_RTG_HEAD_016_RIGHT_PROFILE_video-003_10p06s.png,derivative,standardAngleDerivativeFrame,d2d48a60d532ecd53879b351c13a5846771173a3d863a46bb419263a3df896be,1305907,image/png,video-003,10.06,env-cf27-research-video-001-rtg-path,cf27-menu-head-skin-head-template,CF27_XBOXUNKNOWN_RTG_HEAD_016,RIGHT_PROFILE,2026-07-13T01:20:02.000000Z,UNKNOWN_RESEARCHER,PRIMARY_RESEARCH_ONLY_NOT_SECOND_VERIFIED,CURRENT,valid,Full-screen frame selected from the stable selected-label range using fast local seek. Recorded source timestamp is exact to the extraction plan; decoded frame may resolve to the nearest available video frame. Angle labels are approximate and require verifier confirmation before production use. Angle label status: approximate_from_rotation_sequence. Category: Head Template.
PRIMARY RESEARCH CANDIDATE — NOT PRODUCTION VERIFIED,evidence-frame-cf27_xboxunknown_rtg_head_017-front,data/research/cf27/generated/full-resolution-frames/head-templates-faces-001-029/CF27_XBOXUNKNOWN_RTG_HEAD_017/CF27_XBOXUNKNOWN_RTG_HEAD_017_FRONT_video-003_34p52s.png,derivative,standardAngleDerivativeFrame,0fe91f25117ff4eafd3f3c7d3b767cca7911a4894f031e8eaab167e48fef0126,1505223,image/png,video-003,34.52,env-cf27-research-video-001-rtg-path,cf27-menu-head-skin-head-template,CF27_XBOXUNKNOWN_RTG_HEAD_017,FRONT,2026-07-13T01:20:02.000000Z,UNKNOWN_RESEARCHER,PRIMARY_RESEARCH_ONLY_NOT_SECOND_VERIFIED,CURRENT,valid,Full-screen frame selected from the stable selected-label range using fast local seek. Recorded source timestamp is exact to the extraction plan; decoded frame may resolve to the nearest available video frame. Angle labels are approximate and require verifier confirmation before production use. Angle label status: approximate_from_rotation_sequence. Category: Head Template.
PRIMARY RESEARCH CANDIDATE — NOT PRODUCTION VERIFIED,evidence-frame-cf27_xboxunknown_rtg_head_017-left_3q,data/research/cf27/generated/full-resolution-frames/head-templates-faces-001-029/CF27_XBOXUNKNOWN_RTG_HEAD_017/CF27_XBOXUNKNOWN_RTG_HEAD_017_LEFT_3Q_video-003_35p15s.png,derivative,standardAngleDerivativeFrame,9dd6958e10a0550242bbbc2be5a6c1957cadffdc86eb8fcee12e1c7d248bb43d,1491073,image/png,video-003,35.15,env-cf27-research-video-001-rtg-path,cf27-menu-head-skin-head-template,CF27_XBOXUNKNOWN_RTG_HEAD_017,LEFT_3Q,2026-07-13T01:20:02.000000Z,UNKNOWN_RESEARCHER,PRIMARY_RESEARCH_ONLY_NOT_SECOND_VERIFIED,CURRENT,valid,Full-screen frame selected from the stable selected-label range using fast local seek. Recorded source timestamp is exact to the extraction plan; decoded frame may resolve to the nearest available video frame. Angle labels are approximate and require verifier confirmation before production use. Angle label status: approximate_from_rotation_sequence. Category: Head Template.
PRIMARY RESEARCH CANDIDATE — NOT PRODUCTION VERIFIED,evidence-frame-cf27_xboxunknown_rtg_head_017-left_profile,data/research/cf27/generated/full-resolution-frames/head-templates-faces-001-029/CF27_XBOXUNKNOWN_RTG_HEAD_017/CF27_XBOXUNKNOWN_RTG_HEAD_017_LEFT_PROFILE_video-003_35p79s.png,derivative,standardAngleDerivativeFrame,f1307153b1e6371857f2de47e5ef981818a20652df4d2078f51c1d77217585e6,1313038,image/png,video-003,35.79,env-cf27-research-video-001-rtg-path,cf27-menu-head-skin-head-template,CF27_XBOXUNKNOWN_RTG_HEAD_017,LEFT_PROFILE,2026-07-13T01:20:02.000000Z,UNKNOWN_RESEARCHER,PRIMARY_RESEARCH_ONLY_NOT_SECOND_VERIFIED,CURRENT,valid,Full-screen frame selected from the stable selected-label range using fast local seek. Recorded source timestamp is exact to the extraction plan; decoded frame may resolve to the nearest available video frame. Angle labels are approximate and require verifier confirmation before production use. Angle label status: approximate_from_rotation_sequence. Category: Head Template.
PRIMARY RESEARCH CANDIDATE — NOT PRODUCTION VERIFIED,evidence-frame-cf27_xboxunknown_rtg_head_017-menu,data/research/cf27/generated/full-resolution-frames/head-templates-faces-001-029/CF27_XBOXUNKNOWN_RTG_HEAD_017/CF27_XBOXUNKNOWN_RTG_HEAD_017_MENU_video-003_34p20s.png,derivative,menuEvidenceFrame,407e9617295f52ea45f36691b987116dedf127a4590b2c5337ae0e9ae4ac129a,1447454,image/png,video-003,34.2,env-cf27-research-video-001-rtg-path,cf27-menu-head-skin-head-template,CF27_XBOXUNKNOWN_RTG_HEAD_017,MENU,2026-07-13T01:20:02.000000Z,UNKNOWN_RESEARCHER,PRIMARY_RESEARCH_ONLY_NOT_SECOND_VERIFIED,CURRENT,valid,Full-screen frame selected from the stable selected-label range using fast local seek. Recorded source timestamp is exact to the extraction plan; decoded frame may resolve to the nearest available video frame. Angle labels are approximate and require verifier confirmation before production use. Angle label status: menu_evidence. Category: Head Template.
PRIMARY RESEARCH CANDIDATE — NOT PRODUCTION VERIFIED,evidence-frame-cf27_xboxunknown_rtg_head_017-rear,data/research/cf27/generated/full-resolution-frames/head-templates-faces-001-029/CF27_XBOXUNKNOWN_RTG_HEAD_017/CF27_XBOXUNKNOWN_RTG_HEAD_017_REAR_video-003_36p42s.png,derivative,standardAngleDerivativeFrame,35332c73941fd20117db24746e08a16ef84971a77442d151231f22e0fd7c57a8,1425453,image/png,video-003,36.42,env-cf27-research-video-001-rtg-path,cf27-menu-head-skin-head-template,CF27_XBOXUNKNOWN_RTG_HEAD_017,REAR,2026-07-13T01:20:02.000000Z,UNKNOWN_RESEARCHER,PRIMARY_RESEARCH_ONLY_NOT_SECOND_VERIFIED,CURRENT,valid,Full-screen frame selected from the stable selected-label range using fast local seek. Recorded source timestamp is exact to the extraction plan; decoded frame may resolve to the nearest available video frame. Angle labels are approximate and require verifier confirmation before production use. Angle label status: approximate_from_rotation_sequence. Category: Head Template.
PRIMARY RESEARCH CANDIDATE — NOT PRODUCTION VERIFIED,evidence-frame-cf27_xboxunknown_rtg_head_017-right_3q,data/research/cf27/generated/full-resolution-frames/head-templates-faces-001-029/CF27_XBOXUNKNOWN_RTG_HEAD_017/CF27_XBOXUNKNOWN_RTG_HEAD_017_RIGHT_3Q_video-003_37p70s.png,derivative,standardAngleDerivativeFrame,bca83f4f55e6650407a44d8c582e57b73e74bda8b089be937fa019c1a67eb27c,1426161,image/png,video-003,37.7,env-cf27-research-video-001-rtg-path,cf27-menu-head-skin-head-template,CF27_XBOXUNKNOWN_RTG_HEAD_017,RIGHT_3Q,2026-07-13T01:20:02.000000Z,UNKNOWN_RESEARCHER,PRIMARY_RESEARCH_ONLY_NOT_SECOND_VERIFIED,CURRENT,valid,Full-screen frame selected from the stable selected-label range using fast local seek. Recorded source timestamp is exact to the extraction plan; decoded frame may resolve to the nearest available video frame. Angle labels are approximate and require verifier confirmation before production use. Angle label status: approximate_from_rotation_sequence. Category: Head Template.
PRIMARY RESEARCH CANDIDATE — NOT PRODUCTION VERIFIED,evidence-frame-cf27_xboxunknown_rtg_head_017-right_profile,data/research/cf27/generated/full-resolution-frames/head-templates-faces-001-029/CF27_XBOXUNKNOWN_RTG_HEAD_017/CF27_XBOXUNKNOWN_RTG_HEAD_017_RIGHT_PROFILE_video-003_37p06s.png,derivative,standardAngleDerivativeFrame,81ca25556df6b82bb1a3cdef08ca3675c22c496a4566d69d2a7509a14b76d25f,1405129,image/png,video-003,37.06,env-cf27-research-video-001-rtg-path,cf27-menu-head-skin-head-template,CF27_XBOXUNKNOWN_RTG_HEAD_017,RIGHT_PROFILE,2026-07-13T01:20:02.000000Z,UNKNOWN_RESEARCHER,PRIMARY_RESEARCH_ONLY_NOT_SECOND_VERIFIED,CURRENT,valid,Full-screen frame selected from the stable selected-label range using fast local seek. Recorded source timestamp is exact to the extraction plan; decoded frame may resolve to the nearest available video frame. Angle labels are approximate and require verifier confirmation before production use. Angle label status: approximate_from_rotation_sequence. Category: Head Template.
PRIMARY RESEARCH CANDIDATE — NOT PRODUCTION VERIFIED,evidence-frame-cf27_xboxunknown_rtg_head_018-front,data/research/cf27/generated/full-resolution-frames/head-templates-faces-001-029/CF27_XBOXUNKNOWN_RTG_HEAD_018/CF27_XBOXUNKNOWN_RTG_HEAD_018_FRONT_video-003_41p74s.png,derivative,standardAngleDerivativeFrame,c3785f78be4392d7a6be4a25197bb0e726eb749984f45dd298234228f4510438,1376636,image/png,video-003,41.74,env-cf27-research-video-001-rtg-path,cf27-menu-head-skin-head-template,CF27_XBOXUNKNOWN_RTG_HEAD_018,FRONT,2026-07-13T01:20:02.000000Z,UNKNOWN_RESEARCHER,PRIMARY_RESEARCH_ONLY_NOT_SECOND_VERIFIED,CURRENT,valid,Full-screen frame selected from the stable selected-label range using fast local seek. Recorded source timestamp is exact to the extraction plan; decoded frame may resolve to the nearest available video frame. Angle labels are approximate and require verifier confirmation before production use. Angle label status: approximate_from_rotation_sequence. Category: Head Template.
PRIMARY RESEARCH CANDIDATE — NOT PRODUCTION VERIFIED,evidence-frame-cf27_xboxunknown_rtg_head_018-left_3q,data/research/cf27/generated/full-resolution-frames/head-templates-faces-001-029/CF27_XBOXUNKNOWN_RTG_HEAD_018/CF27_XBOXUNKNOWN_RTG_HEAD_018_LEFT_3Q_video-003_42p49s.png,derivative,standardAngleDerivativeFrame,68d03dd5971424ed714770bf5102078fab517fbb60f8dc7f46fcc3902a8a1365,1384175,image/png,video-003,42.49,env-cf27-research-video-001-rtg-path,cf27-menu-head-skin-head-template,CF27_XBOXUNKNOWN_RTG_HEAD_018,LEFT_3Q,2026-07-13T01:20:02.000000Z,UNKNOWN_RESEARCHER,PRIMARY_RESEARCH_ONLY_NOT_SECOND_VERIFIED,CURRENT,valid,Full-screen frame selected from the stable selected-label range using fast local seek. Recorded source timestamp is exact to the extraction plan; decoded frame may resolve to the nearest available video frame. Angle labels are approximate and require verifier confirmation before production use. Angle label status: approximate_from_rotation_sequence. Category: Head Template.
PRIMARY RESEARCH CANDIDATE — NOT PRODUCTION VERIFIED,evidence-frame-cf27_xboxunknown_rtg_head_018-left_profile,data/research/cf27/generated/full-resolution-frames/head-templates-faces-001-029/CF27_XBOXUNKNOWN_RTG_HEAD_018/CF27_XBOXUNKNOWN_RTG_HEAD_018_LEFT_PROFILE_video-003_43p25s.png,derivative,standardAngleDerivativeFrame,39b6ddd05b0921d89959f41a8318d878c670544b08d4451e1296c7d9835bc84e,1334520,image/png,video-003,43.25,env-cf27-research-video-001-rtg-path,cf27-menu-head-skin-head-template,CF27_XBOXUNKNOWN_RTG_HEAD_018,LEFT_PROFILE,2026-07-13T01:20:02.000000Z,UNKNOWN_RESEARCHER,PRIMARY_RESEARCH_ONLY_NOT_SECOND_VERIFIED,CURRENT,valid,Full-screen frame selected from the stable selected-label range using fast local seek. Recorded source timestamp is exact to the extraction plan; decoded frame may resolve to the nearest available video frame. Angle labels are approximate and require verifier confirmation before production use. Angle label status: approximate_from_rotation_sequence. Category: Head Template.
PRIMARY RESEARCH CANDIDATE — NOT PRODUCTION VERIFIED,evidence-frame-cf27_xboxunknown_rtg_head_018-menu,data/research/cf27/generated/full-resolution-frames/head-templates-faces-001-029/CF27_XBOXUNKNOWN_RTG_HEAD_018/CF27_XBOXUNKNOWN_RTG_HEAD_018_MENU_video-003_41p36s.png,derivative,menuEvidenceFrame,6b3b1bed4499bf07a254f0d8fe2f1f30919746011f397bfef23551e2ecb0cf40,1535559,image/png,video-003,41.36,env-cf27-research-video-001-rtg-path,cf27-menu-head-skin-head-template,CF27_XBOXUNKNOWN_RTG_HEAD_018,MENU,2026-07-13T01:20:02.000000Z,UNKNOWN_RESEARCHER,PRIMARY_RESEARCH_ONLY_NOT_SECOND_VERIFIED,CURRENT,valid,Full-screen frame selected from the stable selected-label range using fast local seek. Recorded source timestamp is exact to the extraction plan; decoded frame may resolve to the nearest available video frame. Angle labels are approximate and require verifier confirmation before production use. Angle label status: menu_evidence. Category: Head Template.
PRIMARY RESEARCH CANDIDATE — NOT PRODUCTION VERIFIED,evidence-frame-cf27_xboxunknown_rtg_head_018-rear,data/research/cf27/generated/full-resolution-frames/head-templates-faces-001-029/CF27_XBOXUNKNOWN_RTG_HEAD_018/CF27_XBOXUNKNOWN_RTG_HEAD_018_REAR_video-003_44p00s.png,derivative,standardAngleDerivativeFrame,f2473bd616f22da8e328cf674b70ff06a2be16ad42f6d7bdc073e8ec4ec72b3f,1530072,image/png,video-003,44,env-cf27-research-video-001-rtg-path,cf27-menu-head-skin-head-template,CF27_XBOXUNKNOWN_RTG_HEAD_018,REAR,2026-07-13T01:20:02.000000Z,UNKNOWN_RESEARCHER,PRIMARY_RESEARCH_ONLY_NOT_SECOND_VERIFIED,CURRENT,valid,Full-screen frame selected from the stable selected-label range using fast local seek. Recorded source timestamp is exact to the extraction plan; decoded frame may resolve to the nearest available video frame. Angle labels are approximate and require verifier confirmation before production use. Angle label status: approximate_from_rotation_sequence. Category: Head Template.
PRIMARY RESEARCH CANDIDATE — NOT PRODUCTION VERIFIED,evidence-frame-cf27_xboxunknown_rtg_head_018-right_3q,data/research/cf27/generated/full-resolution-frames/head-templates-faces-001-029/CF27_XBOXUNKNOWN_RTG_HEAD_018/CF27_XBOXUNKNOWN_RTG_HEAD_018_RIGHT_3Q_video-003_45p52s.png,derivative,standardAngleDerivativeFrame,a66c82f7596c860d826ba8b2bd311c60390b711e2a34b253321f99b65333b02d,1554005,image/png,video-003,45.52,env-cf27-research-video-001-rtg-path,cf27-menu-head-skin-head-template,CF27_XBOXUNKNOWN_RTG_HEAD_018,RIGHT_3Q,2026-07-13T01:20:02.000000Z,UNKNOWN_RESEARCHER,PRIMARY_RESEARCH_ONLY_NOT_SECOND_VERIFIED,CURRENT,valid,Full-screen frame selected from the stable selected-label range using fast local seek. Recorded source timestamp is exact to the extraction plan; decoded frame may resolve to the nearest available video frame. Angle labels are approximate and require verifier confirmation before production use. Angle label status: approximate_from_rotation_sequence. Category: Head Template.
PRIMARY RESEARCH CANDIDATE — NOT PRODUCTION VERIFIED,evidence-frame-cf27_xboxunknown_rtg_head_018-right_profile,data/research/cf27/generated/full-resolution-frames/head-templates-faces-001-029/CF27_XBOXUNKNOWN_RTG_HEAD_018/CF27_XBOXUNKNOWN_RTG_HEAD_018_RIGHT_PROFILE_video-003_44p76s.png,derivative,standardAngleDerivativeFrame,99e3f877134bdf4c0ffc2bf908d4f0583d86524912bb2e3cc59c68f477ff653d,1565858,image/png,video-003,44.76,env-cf27-research-video-001-rtg-path,cf27-menu-head-skin-head-template,CF27_XBOXUNKNOWN_RTG_HEAD_018,RIGHT_PROFILE,2026-07-13T01:20:02.000000Z,UNKNOWN_RESEARCHER,PRIMARY_RESEARCH_ONLY_NOT_SECOND_VERIFIED,CURRENT,valid,Full-screen frame selected from the stable selected-label range using fast local seek. Recorded source timestamp is exact to the extraction plan; decoded frame may resolve to the nearest available video frame. Angle labels are approximate and require verifier confirmation before production use. Angle label status: approximate_from_rotation_sequence. Category: Head Template.
PRIMARY RESEARCH CANDIDATE — NOT PRODUCTION VERIFIED,evidence-frame-cf27_xboxunknown_rtg_head_019-front,data/research/cf27/generated/full-resolution-frames/head-templates-faces-001-029/CF27_XBOXUNKNOWN_RTG_HEAD_019/CF27_XBOXUNKNOWN_RTG_HEAD_019_FRONT_video-003_49p74s.png,derivative,standardAngleDerivativeFrame,9597085cc08044a3346ac7f4dea2b6dacb5e6aa1158b407b36b7cad8bcd3ecdc,1335906,image/png,video-003,49.74,env-cf27-research-video-001-rtg-path,cf27-menu-head-skin-head-template,CF27_XBOXUNKNOWN_RTG_HEAD_019,FRONT,2026-07-13T01:20:02.000000Z,UNKNOWN_RESEARCHER,PRIMARY_RESEARCH_ONLY_NOT_SECOND_VERIFIED,CURRENT,valid,Full-screen frame selected from the stable selected-label range using fast local seek. Recorded source timestamp is exact to the extraction plan; decoded frame may resolve to the nearest available video frame. Angle labels are approximate and require verifier confirmation before production use. Angle label status: approximate_from_rotation_sequence. Category: Head Template.
PRIMARY RESEARCH CANDIDATE — NOT PRODUCTION VERIFIED,evidence-frame-cf27_xboxunknown_rtg_head_019-left_3q,data/research/cf27/generated/full-resolution-frames/head-templates-faces-001-029/CF27_XBOXUNKNOWN_RTG_HEAD_019/CF27_XBOXUNKNOWN_RTG_HEAD_019_LEFT_3Q_video-003_50p49s.png,derivative,standardAngleDerivativeFrame,7e9a8cfa6b5550647d2479afc734c3233e515d797cdfcb3399959789b1d7242d,1532767,image/png,video-003,50.49,env-cf27-research-video-001-rtg-path,cf27-menu-head-skin-head-template,CF27_XBOXUNKNOWN_RTG_HEAD_019,LEFT_3Q,2026-07-13T01:20:02.000000Z,UNKNOWN_RESEARCHER,PRIMARY_RESEARCH_ONLY_NOT_SECOND_VERIFIED,CURRENT,valid,Full-screen frame selected from the stable selected-label range using fast local seek. Recorded source timestamp is exact to the extraction plan; decoded frame may resolve to the nearest available video frame. Angle labels are approximate and require verifier confirmation before production use. Angle label status: approximate_from_rotation_sequence. Category: Head Template.
PRIMARY RESEARCH CANDIDATE — NOT PRODUCTION VERIFIED,evidence-frame-cf27_xboxunknown_rtg_head_019-left_profile,data/research/cf27/generated/full-resolution-frames/head-templates-faces-001-029/CF27_XBOXUNKNOWN_RTG_HEAD_019/CF27_XBOXUNKNOWN_RTG_HEAD_019_LEFT_PROFILE_video-003_51p25s.png,derivative,standardAngleDerivativeFrame,f99c8cbf266442adf0fd588b55a3140573d787f000d3522de18163fe7e6c3012,1615335,image/png,video-003,51.25,env-cf27-research-video-001-rtg-path,cf27-menu-head-skin-head-template,CF27_XBOXUNKNOWN_RTG_HEAD_019,LEFT_PROFILE,2026-07-13T01:20:02.000000Z,UNKNOWN_RESEARCHER,PRIMARY_RESEARCH_ONLY_NOT_SECOND_VERIFIED,CURRENT,valid,Full-screen frame selected from the stable selected-label range using fast local seek. Recorded source timestamp is exact to the extraction plan; decoded frame may resolve to the nearest available video frame. Angle labels are approximate and require verifier confirmation before production use. Angle label status: approximate_from_rotation_sequence. Category: Head Template.
PRIMARY RESEARCH CANDIDATE — NOT PRODUCTION VERIFIED,evidence-frame-cf27_xboxunknown_rtg_head_019-menu,data/research/cf27/generated/full-resolution-frames/head-templates-faces-001-029/CF27_XBOXUNKNOWN_RTG_HEAD_019/CF27_XBOXUNKNOWN_RTG_HEAD_019_MENU_video-003_49p36s.png,derivative,menuEvidenceFrame,bc7b8862d36cbc0d0f4bf93e9e37c5b32799ea514a8eeb5e93b54644e4604f18,1264278,image/png,video-003,49.36,env-cf27-research-video-001-rtg-path,cf27-menu-head-skin-head-template,CF27_XBOXUNKNOWN_RTG_HEAD_019,MENU,2026-07-13T01:20:02.000000Z,UNKNOWN_RESEARCHER,PRIMARY_RESEARCH_ONLY_NOT_SECOND_VERIFIED,CURRENT,valid,Full-screen frame selected from the stable selected-label range using fast local seek. Recorded source timestamp is exact to the extraction plan; decoded frame may resolve to the nearest available video frame. Angle labels are approximate and require verifier confirmation before production use. Angle label status: menu_evidence. Category: Head Template.
PRIMARY RESEARCH CANDIDATE — NOT PRODUCTION VERIFIED,evidence-frame-cf27_xboxunknown_rtg_head_019-rear,data/research/cf27/generated/full-resolution-frames/head-templates-faces-001-029/CF27_XBOXUNKNOWN_RTG_HEAD_019/CF27_XBOXUNKNOWN_RTG_HEAD_019_REAR_video-003_52p00s.png,derivative,standardAngleDerivativeFrame,c55a5c3d3fe4bd5c7685290638bdbbc74b12d2f8b1b88439c7aaed461d8eb46f,1566247,image/png,video-003,52,env-cf27-research-video-001-rtg-path,cf27-menu-head-skin-head-template,CF27_XBOXUNKNOWN_RTG_HEAD_019,REAR,2026-07-13T01:20:02.000000Z,UNKNOWN_RESEARCHER,PRIMARY_RESEARCH_ONLY_NOT_SECOND_VERIFIED,CURRENT,valid,Full-screen frame selected from the stable selected-label range using fast local seek. Recorded source timestamp is exact to the extraction plan; decoded frame may resolve to the nearest available video frame. Angle labels are approximate and require verifier confirmation before production use. Angle label status: approximate_from_rotation_sequence. Category: Head Template.
PRIMARY RESEARCH CANDIDATE — NOT PRODUCTION VERIFIED,evidence-frame-cf27_xboxunknown_rtg_head_019-right_3q,data/research/cf27/generated/full-resolution-frames/head-templates-faces-001-029/CF27_XBOXUNKNOWN_RTG_HEAD_019/CF27_XBOXUNKNOWN_RTG_HEAD_019_RIGHT_3Q_video-003_53p52s.png,derivative,standardAngleDerivativeFrame,3985465a921dd46db92642d4c68d48157f4d05a6881ed233375884e8eeb00d23,1487102,image/png,video-003,53.52,env-cf27-research-video-001-rtg-path,cf27-menu-head-skin-head-template,CF27_XBOXUNKNOWN_RTG_HEAD_019,RIGHT_3Q,2026-07-13T01:20:02.000000Z,UNKNOWN_RESEARCHER,PRIMARY_RESEARCH_ONLY_NOT_SECOND_VERIFIED,CURRENT,valid,Full-screen frame selected from the stable selected-label range using fast local seek. Recorded source timestamp is exact to the extraction plan; decoded frame may resolve to the nearest available video frame. Angle labels are approximate and require verifier confirmation before production use. Angle label status: approximate_from_rotation_sequence. Category: Head Template.
PRIMARY RESEARCH CANDIDATE — NOT PRODUCTION VERIFIED,evidence-frame-cf27_xboxunknown_rtg_head_019-right_profile,data/research/cf27/generated/full-resolution-frames/head-templates-faces-001-029/CF27_XBOXUNKNOWN_RTG_HEAD_019/CF27_XBOXUNKNOWN_RTG_HEAD_019_RIGHT_PROFILE_video-003_52p76s.png,derivative,standardAngleDerivativeFrame,a5b89f4d7646afcbb0d6055168fefa69195cb03239cecd5fcb0010bbde1b25d5,1562119,image/png,video-003,52.76,env-cf27-research-video-001-rtg-path,cf27-menu-head-skin-head-template,CF27_XBOXUNKNOWN_RTG_HEAD_019,RIGHT_PROFILE,2026-07-13T01:20:02.000000Z,UNKNOWN_RESEARCHER,PRIMARY_RESEARCH_ONLY_NOT_SECOND_VERIFIED,CURRENT,valid,Full-screen frame selected from the stable selected-label range using fast local seek. Recorded source timestamp is exact to the extraction plan; decoded frame may resolve to the nearest available video frame. Angle labels are approximate and require verifier confirmation before production use. Angle label status: approximate_from_rotation_sequence. Category: Head Template.
PRIMARY RESEARCH CANDIDATE — NOT PRODUCTION VERIFIED,evidence-frame-cf27_xboxunknown_rtg_head_020-front,data/research/cf27/generated/full-resolution-frames/head-templates-faces-001-029/CF27_XBOXUNKNOWN_RTG_HEAD_020/CF27_XBOXUNKNOWN_RTG_HEAD_020_FRONT_video-003_69p74s.png,derivative,standardAngleDerivativeFrame,b92e1cb9ef439fa36b73a1498c4dad9f910010ddcb38b6b86f580b67add6e27a,1417925,image/png,video-003,69.74,env-cf27-research-video-001-rtg-path,cf27-menu-head-skin-head-template,CF27_XBOXUNKNOWN_RTG_HEAD_020,FRONT,2026-07-13T01:20:02.000000Z,UNKNOWN_RESEARCHER,PRIMARY_RESEARCH_ONLY_NOT_SECOND_VERIFIED,CURRENT,valid,Full-screen frame selected from the stable selected-label range using fast local seek. Recorded source timestamp is exact to the extraction plan; decoded frame may resolve to the nearest available video frame. Angle labels are approximate and require verifier confirmation before production use. Angle label status: approximate_from_rotation_sequence. Category: Head Template.
PRIMARY RESEARCH CANDIDATE — NOT PRODUCTION VERIFIED,evidence-frame-cf27_xboxunknown_rtg_head_020-left_3q,data/research/cf27/generated/full-resolution-frames/head-templates-faces-001-029/CF27_XBOXUNKNOWN_RTG_HEAD_020/CF27_XBOXUNKNOWN_RTG_HEAD_020_LEFT_3Q_video-003_70p49s.png,derivative,standardAngleDerivativeFrame,9fa30cd435035ba98e595987b8075d27d543d8896b53d5f2dac1ede876f736f4,1589728,image/png,video-003,70.49,env-cf27-research-video-001-rtg-path,cf27-menu-head-skin-head-template,CF27_XBOXUNKNOWN_RTG_HEAD_020,LEFT_3Q,2026-07-13T01:20:02.000000Z,UNKNOWN_RESEARCHER,PRIMARY_RESEARCH_ONLY_NOT_SECOND_VERIFIED,CURRENT,valid,Full-screen frame selected from the stable selected-label range using fast local seek. Recorded source timestamp is exact to the extraction plan; decoded frame may resolve to the nearest available video frame. Angle labels are approximate and require verifier confirmation before production use. Angle label status: approximate_from_rotation_sequence. Category: Head Template.
PRIMARY RESEARCH CANDIDATE — NOT PRODUCTION VERIFIED,evidence-frame-cf27_xboxunknown_rtg_head_020-left_profile,data/research/cf27/generated/full-resolution-frames/head-templates-faces-001-029/CF27_XBOXUNKNOWN_RTG_HEAD_020/CF27_XBOXUNKNOWN_RTG_HEAD_020_LEFT_PROFILE_video-003_71p25s.png,derivative,standardAngleDerivativeFrame,a694ba78a3da744ff2222a1cca9f78abaad677e588cba631add43fd3bb2fc6a2,1558632,image/png,video-003,71.25,env-cf27-research-video-001-rtg-path,cf27-menu-head-skin-head-template,CF27_XBOXUNKNOWN_RTG_HEAD_020,LEFT_PROFILE,2026-07-13T01:20:02.000000Z,UNKNOWN_RESEARCHER,PRIMARY_RESEARCH_ONLY_NOT_SECOND_VERIFIED,CURRENT,valid,Full-screen frame selected from the stable selected-label range using fast local seek. Recorded source timestamp is exact to the extraction plan; decoded frame may resolve to the nearest available video frame. Angle labels are approximate and require verifier confirmation before production use. Angle label status: approximate_from_rotation_sequence. Category: Head Template.
PRIMARY RESEARCH CANDIDATE — NOT PRODUCTION VERIFIED,evidence-frame-cf27_xboxunknown_rtg_head_020-menu,data/research/cf27/generated/full-resolution-frames/head-templates-faces-001-029/CF27_XBOXUNKNOWN_RTG_HEAD_020/CF27_XBOXUNKNOWN_RTG_HEAD_020_MENU_video-003_69p36s.png,derivative,menuEvidenceFrame,d4b787734a55274af5481573f3b72443254bac036fe03f31c1c7c1d7baf5e05a,1433775,image/png,video-003,69.36,env-cf27-research-video-001-rtg-path,cf27-menu-head-skin-head-template,CF27_XBOXUNKNOWN_RTG_HEAD_020,MENU,2026-07-13T01:20:02.000000Z,UNKNOWN_RESEARCHER,PRIMARY_RESEARCH_ONLY_NOT_SECOND_VERIFIED,CURRENT,valid,Full-screen frame selected from the stable selected-label range using fast local seek. Recorded source timestamp is exact to the extraction plan; decoded frame may resolve to the nearest available video frame. Angle labels are approximate and require verifier confirmation before production use. Angle label status: menu_evidence. Category: Head Template.
PRIMARY RESEARCH CANDIDATE — NOT PRODUCTION VERIFIED,evidence-frame-cf27_xboxunknown_rtg_head_020-rear,data/research/cf27/generated/full-resolution-frames/head-templates-faces-001-029/CF27_XBOXUNKNOWN_RTG_HEAD_020/CF27_XBOXUNKNOWN_RTG_HEAD_020_REAR_video-003_72p00s.png,derivative,standardAngleDerivativeFrame,23bb2d5b4e7ff938a1257179980bbfd0ea472c66834abc51d0fe871e39a145c4,1535514,image/png,video-003,72,env-cf27-research-video-001-rtg-path,cf27-menu-head-skin-head-template,CF27_XBOXUNKNOWN_RTG_HEAD_020,REAR,2026-07-13T01:20:02.000000Z,UNKNOWN_RESEARCHER,PRIMARY_RESEARCH_ONLY_NOT_SECOND_VERIFIED,CURRENT,valid,Full-screen frame selected from the stable selected-label range using fast local seek. Recorded source timestamp is exact to the extraction plan; decoded frame may resolve to the nearest available video frame. Angle labels are approximate and require verifier confirmation before production use. Angle label status: approximate_from_rotation_sequence. Category: Head Template.
PRIMARY RESEARCH CANDIDATE — NOT PRODUCTION VERIFIED,evidence-frame-cf27_xboxunknown_rtg_head_020-right_3q,data/research/cf27/generated/full-resolution-frames/head-templates-faces-001-029/CF27_XBOXUNKNOWN_RTG_HEAD_020/CF27_XBOXUNKNOWN_RTG_HEAD_020_RIGHT_3Q_video-003_73p52s.png,derivative,standardAngleDerivativeFrame,9f105727b29209efec5f61622693f2399311b8214b31921c07689676eff00951,1418545,image/png,video-003,73.52,env-cf27-research-video-001-rtg-path,cf27-menu-head-skin-head-template,CF27_XBOXUNKNOWN_RTG_HEAD_020,RIGHT_3Q,2026-07-13T01:20:02.000000Z,UNKNOWN_RESEARCHER,PRIMARY_RESEARCH_ONLY_NOT_SECOND_VERIFIED,CURRENT,valid,Full-screen frame selected from the stable selected-label range using fast local seek. Recorded source timestamp is exact to the extraction plan; decoded frame may resolve to the nearest available video frame. Angle labels are approximate and require verifier confirmation before production use. Angle label status: approximate_from_rotation_sequence. Category: Head Template.
PRIMARY RESEARCH CANDIDATE — NOT PRODUCTION VERIFIED,evidence-frame-cf27_xboxunknown_rtg_head_020-right_profile,data/research/cf27/generated/full-resolution-frames/head-templates-faces-001-029/CF27_XBOXUNKNOWN_RTG_HEAD_020/CF27_XBOXUNKNOWN_RTG_HEAD_020_RIGHT_PROFILE_video-003_72p76s.png,derivative,standardAngleDerivativeFrame,4e88d702b44ad691b553f15d54ec62e8472ed40a669172dcefec556886d9b5e1,1301757,image/png,video-003,72.76,env-cf27-research-video-001-rtg-path,cf27-menu-head-skin-head-template,CF27_XBOXUNKNOWN_RTG_HEAD_020,RIGHT_PROFILE,2026-07-13T01:20:02.000000Z,UNKNOWN_RESEARCHER,PRIMARY_RESEARCH_ONLY_NOT_SECOND_VERIFIED,CURRENT,valid,Full-screen frame selected from the stable selected-label range using fast local seek. Recorded source timestamp is exact to the extraction plan; decoded frame may resolve to the nearest available video frame. Angle labels are approximate and require verifier confirmation before production use. Angle label status: approximate_from_rotation_sequence. Category: Head Template.
PRIMARY RESEARCH CANDIDATE — NOT PRODUCTION VERIFIED,evidence-frame-cf27_xboxunknown_rtg_head_021-front,data/research/cf27/generated/full-resolution-frames/head-templates-faces-001-029/CF27_XBOXUNKNOWN_RTG_HEAD_021/CF27_XBOXUNKNOWN_RTG_HEAD_021_FRONT_video-003_81p08s.png,derivative,standardAngleDerivativeFrame,6351577ea1de634057d953b6fa4afc1bab8bafd1744ac18c9c8d87df132c56a5,1290256,image/png,video-003,81.08,env-cf27-research-video-001-rtg-path,cf27-menu-head-skin-head-template,CF27_XBOXUNKNOWN_RTG_HEAD_021,FRONT,2026-07-13T01:20:02.000000Z,UNKNOWN_RESEARCHER,PRIMARY_RESEARCH_ONLY_NOT_SECOND_VERIFIED,CURRENT,valid,Full-screen frame selected from the stable selected-label range using fast local seek. Recorded source timestamp is exact to the extraction plan; decoded frame may resolve to the nearest available video frame. Angle labels are approximate and require verifier confirmation before production use. Angle label status: approximate_from_rotation_sequence. Category: Head Template.
PRIMARY RESEARCH CANDIDATE — NOT PRODUCTION VERIFIED,evidence-frame-cf27_xboxunknown_rtg_head_021-left_3q,data/research/cf27/generated/full-resolution-frames/head-templates-faces-001-029/CF27_XBOXUNKNOWN_RTG_HEAD_021/CF27_XBOXUNKNOWN_RTG_HEAD_021_LEFT_3Q_video-003_81p47s.png,derivative,standardAngleDerivativeFrame,53d7bb44dd4e5ccc0f763f092dd3896186479f1a28179891b343a2ab3a1fc58d,1306742,image/png,video-003,81.47,env-cf27-research-video-001-rtg-path,cf27-menu-head-skin-head-template,CF27_XBOXUNKNOWN_RTG_HEAD_021,LEFT_3Q,2026-07-13T01:20:02.000000Z,UNKNOWN_RESEARCHER,PRIMARY_RESEARCH_ONLY_NOT_SECOND_VERIFIED,CURRENT,valid,Full-screen frame selected from the stable selected-label range using fast local seek. Recorded source timestamp is exact to the extraction plan; decoded frame may resolve to the nearest available video frame. Angle labels are approximate and require verifier confirmation before production use. Angle label status: approximate_from_rotation_sequence. Category: Head Template.
PRIMARY RESEARCH CANDIDATE — NOT PRODUCTION VERIFIED,evidence-frame-cf27_xboxunknown_rtg_head_021-left_profile,data/research/cf27/generated/full-resolution-frames/head-templates-faces-001-029/CF27_XBOXUNKNOWN_RTG_HEAD_021/CF27_XBOXUNKNOWN_RTG_HEAD_021_LEFT_PROFILE_video-003_81p87s.png,derivative,standardAngleDerivativeFrame,09085fbd65e413d8a8d1321bcd08e2bf54a5388b2b2822d9c8eab441528807e5,1340684,image/png,video-003,81.87,env-cf27-research-video-001-rtg-path,cf27-menu-head-skin-head-template,CF27_XBOXUNKNOWN_RTG_HEAD_021,LEFT_PROFILE,2026-07-13T01:20:02.000000Z,UNKNOWN_RESEARCHER,PRIMARY_RESEARCH_ONLY_NOT_SECOND_VERIFIED,CURRENT,valid,Full-screen frame selected from the stable selected-label range using fast local seek. Recorded source timestamp is exact to the extraction plan; decoded frame may resolve to the nearest available video frame. Angle labels are approximate and require verifier confirmation before production use. Angle label status: approximate_from_rotation_sequence. Category: Head Template.
PRIMARY RESEARCH CANDIDATE — NOT PRODUCTION VERIFIED,evidence-frame-cf27_xboxunknown_rtg_head_021-menu,data/research/cf27/generated/full-resolution-frames/head-templates-faces-001-029/CF27_XBOXUNKNOWN_RTG_HEAD_021/CF27_XBOXUNKNOWN_RTG_HEAD_021_MENU_video-003_80p88s.png,derivative,menuEvidenceFrame,68168fc8e7bf8f5418477add80fc2d7b957b5d40211457e6dcdc841e207fc586,1306439,image/png,video-003,80.88,env-cf27-research-video-001-rtg-path,cf27-menu-head-skin-head-template,CF27_XBOXUNKNOWN_RTG_HEAD_021,MENU,2026-07-13T01:20:02.000000Z,UNKNOWN_RESEARCHER,PRIMARY_RESEARCH_ONLY_NOT_SECOND_VERIFIED,CURRENT,valid,Full-screen frame selected from the stable selected-label range using fast local seek. Recorded source timestamp is exact to the extraction plan; decoded frame may resolve to the nearest available video frame. Angle labels are approximate and require verifier confirmation before production use. Angle label status: menu_evidence. Category: Head Template.
PRIMARY RESEARCH CANDIDATE — NOT PRODUCTION VERIFIED,evidence-frame-cf27_xboxunknown_rtg_head_021-rear,data/research/cf27/generated/full-resolution-frames/head-templates-faces-001-029/CF27_XBOXUNKNOWN_RTG_HEAD_021/CF27_XBOXUNKNOWN_RTG_HEAD_021_REAR_video-003_82p26s.png,derivative,standardAngleDerivativeFrame,6efe6ab3c69fb62ff5daa39e3c41c9a4d0712fac86312756e6cee608d7f37846,1294247,image/png,video-003,82.26,env-cf27-research-video-001-rtg-path,cf27-menu-head-skin-head-template,CF27_XBOXUNKNOWN_RTG_HEAD_021,REAR,2026-07-13T01:20:02.000000Z,UNKNOWN_RESEARCHER,PRIMARY_RESEARCH_ONLY_NOT_SECOND_VERIFIED,CURRENT,valid,Full-screen frame selected from the stable selected-label range using fast local seek. Recorded source timestamp is exact to the extraction plan; decoded frame may resolve to the nearest available video frame. Angle labels are approximate and require verifier confirmation before production use. Angle label status: approximate_from_rotation_sequence. Category: Head Template.
PRIMARY RESEARCH CANDIDATE — NOT PRODUCTION VERIFIED,evidence-frame-cf27_xboxunknown_rtg_head_021-right_3q,data/research/cf27/generated/full-resolution-frames/head-templates-faces-001-029/CF27_XBOXUNKNOWN_RTG_HEAD_021/CF27_XBOXUNKNOWN_RTG_HEAD_021_RIGHT_3Q_video-003_83p06s.png,derivative,standardAngleDerivativeFrame,147a11d0bc14e25c873f4bac29c3091c32fd72233182630c539f49cc6bf1c11f,1301974,image/png,video-003,83.06,env-cf27-research-video-001-rtg-path,cf27-menu-head-skin-head-template,CF27_XBOXUNKNOWN_RTG_HEAD_021,RIGHT_3Q,2026-07-13T01:20:02.000000Z,UNKNOWN_RESEARCHER,PRIMARY_RESEARCH_ONLY_NOT_SECOND_VERIFIED,CURRENT,valid,Full-screen frame selected from the stable selected-label range using fast local seek. Recorded source timestamp is exact to the extraction plan; decoded frame may resolve to the nearest available video frame. Angle labels are approximate and require verifier confirmation before production use. Angle label status: approximate_from_rotation_sequence. Category: Head Template.
PRIMARY RESEARCH CANDIDATE — NOT PRODUCTION VERIFIED,evidence-frame-cf27_xboxunknown_rtg_head_021-right_profile,data/research/cf27/generated/full-resolution-frames/head-templates-faces-001-029/CF27_XBOXUNKNOWN_RTG_HEAD_021/CF27_XBOXUNKNOWN_RTG_HEAD_021_RIGHT_PROFILE_video-003_82p66s.png,derivative,standardAngleDerivativeFrame,ad27eb1f49f50b8207ff08f6d4c18f286404a829b7c40e37bbe5edd977484d93,1292932,image/png,video-003,82.66,env-cf27-research-video-001-rtg-path,cf27-menu-head-skin-head-template,CF27_XBOXUNKNOWN_RTG_HEAD_021,RIGHT_PROFILE,2026-07-13T01:20:02.000000Z,UNKNOWN_RESEARCHER,PRIMARY_RESEARCH_ONLY_NOT_SECOND_VERIFIED,CURRENT,valid,Full-screen frame selected from the stable selected-label range using fast local seek. Recorded source timestamp is exact to the extraction plan; decoded frame may resolve to the nearest available video frame. Angle labels are approximate and require verifier confirmation before production use. Angle label status: approximate_from_rotation_sequence. Category: Head Template.
PRIMARY RESEARCH CANDIDATE — NOT PRODUCTION VERIFIED,evidence-frame-cf27_xboxunknown_rtg_head_022-front,data/research/cf27/generated/full-resolution-frames/head-templates-faces-001-029/CF27_XBOXUNKNOWN_RTG_HEAD_022/CF27_XBOXUNKNOWN_RTG_HEAD_022_FRONT_video-003_76p86s.png,derivative,standardAngleDerivativeFrame,11138f24a54f4ec562a325c9662d562fb713f0d6081ded1c347fa9542544b703,1374502,image/png,video-003,76.86,env-cf27-research-video-001-rtg-path,cf27-menu-head-skin-head-template,CF27_XBOXUNKNOWN_RTG_HEAD_022,FRONT,2026-07-13T01:20:02.000000Z,UNKNOWN_RESEARCHER,PRIMARY_RESEARCH_ONLY_NOT_SECOND_VERIFIED,CURRENT,valid,Full-screen frame selected from the stable selected-label range using fast local seek. Recorded source timestamp is exact to the extraction plan; decoded frame may resolve to the nearest available video frame. Angle labels are approximate and require verifier confirmation before production use. Angle label status: approximate_from_rotation_sequence. Category: Head Template.
PRIMARY RESEARCH CANDIDATE — NOT PRODUCTION VERIFIED,evidence-frame-cf27_xboxunknown_rtg_head_022-left_3q,data/research/cf27/generated/full-resolution-frames/head-templates-faces-001-029/CF27_XBOXUNKNOWN_RTG_HEAD_022/CF27_XBOXUNKNOWN_RTG_HEAD_022_LEFT_3Q_video-003_77p13s.png,derivative,standardAngleDerivativeFrame,a490725b6233dc749fbbb30c967f31b7abd763e351eb7d408d817c8cbd13657e,1356437,image/png,video-003,77.13,env-cf27-research-video-001-rtg-path,cf27-menu-head-skin-head-template,CF27_XBOXUNKNOWN_RTG_HEAD_022,LEFT_3Q,2026-07-13T01:20:02.000000Z,UNKNOWN_RESEARCHER,PRIMARY_RESEARCH_ONLY_NOT_SECOND_VERIFIED,CURRENT,valid,Full-screen frame selected from the stable selected-label range using fast local seek. Recorded source timestamp is exact to the extraction plan; decoded frame may resolve to the nearest available video frame. Angle labels are approximate and require verifier confirmation before production use. Angle label status: approximate_from_rotation_sequence. Category: Head Template.
PRIMARY RESEARCH CANDIDATE — NOT PRODUCTION VERIFIED,evidence-frame-cf27_xboxunknown_rtg_head_022-left_profile,data/research/cf27/generated/full-resolution-frames/head-templates-faces-001-029/CF27_XBOXUNKNOWN_RTG_HEAD_022/CF27_XBOXUNKNOWN_RTG_HEAD_022_LEFT_PROFILE_video-003_77p41s.png,derivative,standardAngleDerivativeFrame,2a59d0e4f86c8d63a1b9bf0627d0aa946fb0a4c5a16b9a8923fe42322f968a36,1348998,image/png,video-003,77.41,env-cf27-research-video-001-rtg-path,cf27-menu-head-skin-head-template,CF27_XBOXUNKNOWN_RTG_HEAD_022,LEFT_PROFILE,2026-07-13T01:20:02.000000Z,UNKNOWN_RESEARCHER,PRIMARY_RESEARCH_ONLY_NOT_SECOND_VERIFIED,CURRENT,valid,Full-screen frame selected from the stable selected-label range using fast local seek. Recorded source timestamp is exact to the extraction plan; decoded frame may resolve to the nearest available video frame. Angle labels are approximate and require verifier confirmation before production use. Angle label status: approximate_from_rotation_sequence. Category: Head Template.
PRIMARY RESEARCH CANDIDATE — NOT PRODUCTION VERIFIED,evidence-frame-cf27_xboxunknown_rtg_head_022-menu,data/research/cf27/generated/full-resolution-frames/head-templates-faces-001-029/CF27_XBOXUNKNOWN_RTG_HEAD_022/CF27_XBOXUNKNOWN_RTG_HEAD_022_MENU_video-003_76p72s.png,derivative,menuEvidenceFrame,a6ece7308275792c2fa20dbe7180e0e6280fa14408abf7c4c565a95cc07b2012,1434072,image/png,video-003,76.72,env-cf27-research-video-001-rtg-path,cf27-menu-head-skin-head-template,CF27_XBOXUNKNOWN_RTG_HEAD_022,MENU,2026-07-13T01:20:02.000000Z,UNKNOWN_RESEARCHER,PRIMARY_RESEARCH_ONLY_NOT_SECOND_VERIFIED,CURRENT,valid,Full-screen frame selected from the stable selected-label range using fast local seek. Recorded source timestamp is exact to the extraction plan; decoded frame may resolve to the nearest available video frame. Angle labels are approximate and require verifier confirmation before production use. Angle label status: menu_evidence. Category: Head Template.
PRIMARY RESEARCH CANDIDATE — NOT PRODUCTION VERIFIED,evidence-frame-cf27_xboxunknown_rtg_head_022-rear,data/research/cf27/generated/full-resolution-frames/head-templates-faces-001-029/CF27_XBOXUNKNOWN_RTG_HEAD_022/CF27_XBOXUNKNOWN_RTG_HEAD_022_REAR_video-003_77p68s.png,derivative,standardAngleDerivativeFrame,42b930d8bbefe463877ecf0cc825caec1067c4d67b10c83b5d76903ad6c4104c,1342273,image/png,video-003,77.68,env-cf27-research-video-001-rtg-path,cf27-menu-head-skin-head-template,CF27_XBOXUNKNOWN_RTG_HEAD_022,REAR,2026-07-13T01:20:02.000000Z,UNKNOWN_RESEARCHER,PRIMARY_RESEARCH_ONLY_NOT_SECOND_VERIFIED,CURRENT,valid,Full-screen frame selected from the stable selected-label range using fast local seek. Recorded source timestamp is exact to the extraction plan; decoded frame may resolve to the nearest available video frame. Angle labels are approximate and require verifier confirmation before production use. Angle label status: approximate_from_rotation_sequence. Category: Head Template.
PRIMARY RESEARCH CANDIDATE — NOT PRODUCTION VERIFIED,evidence-frame-cf27_xboxunknown_rtg_head_022-right_3q,data/research/cf27/generated/full-resolution-frames/head-templates-faces-001-029/CF27_XBOXUNKNOWN_RTG_HEAD_022/CF27_XBOXUNKNOWN_RTG_HEAD_022_RIGHT_3Q_video-003_78p24s.png,derivative,standardAngleDerivativeFrame,abdab754250b103be48587b75348969cb7260743a32596552086dd40155f9a8c,1372060,image/png,video-003,78.24,env-cf27-research-video-001-rtg-path,cf27-menu-head-skin-head-template,CF27_XBOXUNKNOWN_RTG_HEAD_022,RIGHT_3Q,2026-07-13T01:20:02.000000Z,UNKNOWN_RESEARCHER,PRIMARY_RESEARCH_ONLY_NOT_SECOND_VERIFIED,CURRENT,valid,Full-screen frame selected from the stable selected-label range using fast local seek. Recorded source timestamp is exact to the extraction plan; decoded frame may resolve to the nearest available video frame. Angle labels are approximate and require verifier confirmation before production use. Angle label status: approximate_from_rotation_sequence. Category: Head Template.
PRIMARY RESEARCH CANDIDATE — NOT PRODUCTION VERIFIED,evidence-frame-cf27_xboxunknown_rtg_head_022-right_profile,data/research/cf27/generated/full-resolution-frames/head-templates-faces-001-029/CF27_XBOXUNKNOWN_RTG_HEAD_022/CF27_XBOXUNKNOWN_RTG_HEAD_022_RIGHT_PROFILE_video-003_77p96s.png,derivative,standardAngleDerivativeFrame,0869e33e84119982f91341aeca2549b87302bb1e67170ff3e9736eed38fec76b,1337007,image/png,video-003,77.96,env-cf27-research-video-001-rtg-path,cf27-menu-head-skin-head-template,CF27_XBOXUNKNOWN_RTG_HEAD_022,RIGHT_PROFILE,2026-07-13T01:20:02.000000Z,UNKNOWN_RESEARCHER,PRIMARY_RESEARCH_ONLY_NOT_SECOND_VERIFIED,CURRENT,valid,Full-screen frame selected from the stable selected-label range using fast local seek. Recorded source timestamp is exact to the extraction plan; decoded frame may resolve to the nearest available video frame. Angle labels are approximate and require verifier confirmation before production use. Angle label status: approximate_from_rotation_sequence. Category: Head Template.
PRIMARY RESEARCH CANDIDATE — NOT PRODUCTION VERIFIED,evidence-frame-cf27_xboxunknown_rtg_head_023-front,data/research/cf27/generated/full-resolution-frames/head-templates-faces-001-029/CF27_XBOXUNKNOWN_RTG_HEAD_023/CF27_XBOXUNKNOWN_RTG_HEAD_023_FRONT_video-003_57p52s.png,derivative,standardAngleDerivativeFrame,6e7c0775feed0dd6946d585ba469439eb7807bbade514e9ca43ece86daebbbbb,1457679,image/png,video-003,57.52,env-cf27-research-video-001-rtg-path,cf27-menu-head-skin-head-template,CF27_XBOXUNKNOWN_RTG_HEAD_023,FRONT,2026-07-13T01:20:02.000000Z,UNKNOWN_RESEARCHER,PRIMARY_RESEARCH_ONLY_NOT_SECOND_VERIFIED,CURRENT,valid,Full-screen frame selected from the stable selected-label range using fast local seek. Recorded source timestamp is exact to the extraction plan; decoded frame may resolve to the nearest available video frame. Angle labels are approximate and require verifier confirmation before production use. Angle label status: approximate_from_rotation_sequence. Category: Head Template.
PRIMARY RESEARCH CANDIDATE — NOT PRODUCTION VERIFIED,evidence-frame-cf27_xboxunknown_rtg_head_023-left_3q,data/research/cf27/generated/full-resolution-frames/head-templates-faces-001-029/CF27_XBOXUNKNOWN_RTG_HEAD_023/CF27_XBOXUNKNOWN_RTG_HEAD_023_LEFT_3Q_video-003_58p15s.png,derivative,standardAngleDerivativeFrame,5c5f26be92496f9b6be94260b154b65de5716127a76ef2431810bea8f5766efe,1468806,image/png,video-003,58.15,env-cf27-research-video-001-rtg-path,cf27-menu-head-skin-head-template,CF27_XBOXUNKNOWN_RTG_HEAD_023,LEFT_3Q,2026-07-13T01:20:02.000000Z,UNKNOWN_RESEARCHER,PRIMARY_RESEARCH_ONLY_NOT_SECOND_VERIFIED,CURRENT,valid,Full-screen frame selected from the stable selected-label range using fast local seek. Recorded source timestamp is exact to the extraction plan; decoded frame may resolve to the nearest available video frame. Angle labels are approximate and require verifier confirmation before production use. Angle label status: approximate_from_rotation_sequence. Category: Head Template.
PRIMARY RESEARCH CANDIDATE — NOT PRODUCTION VERIFIED,evidence-frame-cf27_xboxunknown_rtg_head_023-left_profile,data/research/cf27/generated/full-resolution-frames/head-templates-faces-001-029/CF27_XBOXUNKNOWN_RTG_HEAD_023/CF27_XBOXUNKNOWN_RTG_HEAD_023_LEFT_PROFILE_video-003_58p79s.png,derivative,standardAngleDerivativeFrame,6e7275a420f7bc250e76635c05a26ae95d93090c195a6e894c2a5b56a2686390,1471271,image/png,video-003,58.79,env-cf27-research-video-001-rtg-path,cf27-menu-head-skin-head-template,CF27_XBOXUNKNOWN_RTG_HEAD_023,LEFT_PROFILE,2026-07-13T01:20:02.000000Z,UNKNOWN_RESEARCHER,PRIMARY_RESEARCH_ONLY_NOT_SECOND_VERIFIED,CURRENT,valid,Full-screen frame selected from the stable selected-label range using fast local seek. Recorded source timestamp is exact to the extraction plan; decoded frame may resolve to the nearest available video frame. Angle labels are approximate and require verifier confirmation before production use. Angle label status: approximate_from_rotation_sequence. Category: Head Template.
PRIMARY RESEARCH CANDIDATE — NOT PRODUCTION VERIFIED,evidence-frame-cf27_xboxunknown_rtg_head_023-menu,data/research/cf27/generated/full-resolution-frames/head-templates-faces-001-029/CF27_XBOXUNKNOWN_RTG_HEAD_023/CF27_XBOXUNKNOWN_RTG_HEAD_023_MENU_video-003_57p20s.png,derivative,menuEvidenceFrame,543882c20821349928e3eb65b36d4cfb94d20fbb4568a0c7ea193d41c6d653d4,1289552,image/png,video-003,57.2,env-cf27-research-video-001-rtg-path,cf27-menu-head-skin-head-template,CF27_XBOXUNKNOWN_RTG_HEAD_023,MENU,2026-07-13T01:20:02.000000Z,UNKNOWN_RESEARCHER,PRIMARY_RESEARCH_ONLY_NOT_SECOND_VERIFIED,CURRENT,valid,Full-screen frame selected from the stable selected-label range using fast local seek. Recorded source timestamp is exact to the extraction plan; decoded frame may resolve to the nearest available video frame. Angle labels are approximate and require verifier confirmation before production use. Angle label status: menu_evidence. Category: Head Template.
PRIMARY RESEARCH CANDIDATE — NOT PRODUCTION VERIFIED,evidence-frame-cf27_xboxunknown_rtg_head_023-rear,data/research/cf27/generated/full-resolution-frames/head-templates-faces-001-029/CF27_XBOXUNKNOWN_RTG_HEAD_023/CF27_XBOXUNKNOWN_RTG_HEAD_023_REAR_video-003_59p42s.png,derivative,standardAngleDerivativeFrame,40e4aadc185a86da4b52f5e6b4cfd060e9275635f4ac35b98bc0b1b119d9cb45,1477747,image/png,video-003,59.42,env-cf27-research-video-001-rtg-path,cf27-menu-head-skin-head-template,CF27_XBOXUNKNOWN_RTG_HEAD_023,REAR,2026-07-13T01:20:02.000000Z,UNKNOWN_RESEARCHER,PRIMARY_RESEARCH_ONLY_NOT_SECOND_VERIFIED,CURRENT,valid,Full-screen frame selected from the stable selected-label range using fast local seek. Recorded source timestamp is exact to the extraction plan; decoded frame may resolve to the nearest available video frame. Angle labels are approximate and require verifier confirmation before production use. Angle label status: approximate_from_rotation_sequence. Category: Head Template.
PRIMARY RESEARCH CANDIDATE — NOT PRODUCTION VERIFIED,evidence-frame-cf27_xboxunknown_rtg_head_023-right_3q,data/research/cf27/generated/full-resolution-frames/head-templates-faces-001-029/CF27_XBOXUNKNOWN_RTG_HEAD_023/CF27_XBOXUNKNOWN_RTG_HEAD_023_RIGHT_3Q_video-003_60p70s.png,derivative,standardAngleDerivativeFrame,ad51be5429bc7112613b5bbc9e8567b963ecf71c1ce783c43242de2b765180fb,1343665,image/png,video-003,60.7,env-cf27-research-video-001-rtg-path,cf27-menu-head-skin-head-template,CF27_XBOXUNKNOWN_RTG_HEAD_023,RIGHT_3Q,2026-07-13T01:20:02.000000Z,UNKNOWN_RESEARCHER,PRIMARY_RESEARCH_ONLY_NOT_SECOND_VERIFIED,CURRENT,valid,Full-screen frame selected from the stable selected-label range using fast local seek. Recorded source timestamp is exact to the extraction plan; decoded frame may resolve to the nearest available video frame. Angle labels are approximate and require verifier confirmation before production use. Angle label status: approximate_from_rotation_sequence. Category: Head Template.
PRIMARY RESEARCH CANDIDATE — NOT PRODUCTION VERIFIED,evidence-frame-cf27_xboxunknown_rtg_head_023-right_profile,data/research/cf27/generated/full-resolution-frames/head-templates-faces-001-029/CF27_XBOXUNKNOWN_RTG_HEAD_023/CF27_XBOXUNKNOWN_RTG_HEAD_023_RIGHT_PROFILE_video-003_60p06s.png,derivative,standardAngleDerivativeFrame,d6333fec0304801413b201d021e4528bc6b8d76247caf31eb009b2ba7c243c32,1477932,image/png,video-003,60.06,env-cf27-research-video-001-rtg-path,cf27-menu-head-skin-head-template,CF27_XBOXUNKNOWN_RTG_HEAD_023,RIGHT_PROFILE,2026-07-13T01:20:02.000000Z,UNKNOWN_RESEARCHER,PRIMARY_RESEARCH_ONLY_NOT_SECOND_VERIFIED,CURRENT,valid,Full-screen frame selected from the stable selected-label range using fast local seek. Recorded source timestamp is exact to the extraction plan; decoded frame may resolve to the nearest available video frame. Angle labels are approximate and require verifier confirmation before production use. Angle label status: approximate_from_rotation_sequence. Category: Head Template.
PRIMARY RESEARCH CANDIDATE — NOT PRODUCTION VERIFIED,evidence-frame-cf27_xboxunknown_rtg_head_024-front,data/research/cf27/generated/full-resolution-frames/head-templates-faces-001-029/CF27_XBOXUNKNOWN_RTG_HEAD_024/CF27_XBOXUNKNOWN_RTG_HEAD_024_FRONT_video-003_64p08s.png,derivative,standardAngleDerivativeFrame,f5b5f128a71bbd8182a102970e17ecca045afeb77a8e1af95f46e4a40bae20fc,1556116,image/png,video-003,64.08,env-cf27-research-video-001-rtg-path,cf27-menu-head-skin-head-template,CF27_XBOXUNKNOWN_RTG_HEAD_024,FRONT,2026-07-13T01:20:02.000000Z,UNKNOWN_RESEARCHER,PRIMARY_RESEARCH_ONLY_NOT_SECOND_VERIFIED,CURRENT,valid,Full-screen frame selected from the stable selected-label range using fast local seek. Recorded source timestamp is exact to the extraction plan; decoded frame may resolve to the nearest available video frame. Angle labels are approximate and require verifier confirmation before production use. Angle label status: approximate_from_rotation_sequence. Category: Head Template.
PRIMARY RESEARCH CANDIDATE — NOT PRODUCTION VERIFIED,evidence-frame-cf27_xboxunknown_rtg_head_024-left_3q,data/research/cf27/generated/full-resolution-frames/head-templates-faces-001-029/CF27_XBOXUNKNOWN_RTG_HEAD_024/CF27_XBOXUNKNOWN_RTG_HEAD_024_LEFT_3Q_video-003_64p47s.png,derivative,standardAngleDerivativeFrame,6eb6bc598af43ff2e304a8e5aa3324e20bc642756c47be06c46ad2a1510bc31a,1589766,image/png,video-003,64.47,env-cf27-research-video-001-rtg-path,cf27-menu-head-skin-head-template,CF27_XBOXUNKNOWN_RTG_HEAD_024,LEFT_3Q,2026-07-13T01:20:02.000000Z,UNKNOWN_RESEARCHER,PRIMARY_RESEARCH_ONLY_NOT_SECOND_VERIFIED,CURRENT,valid,Full-screen frame selected from the stable selected-label range using fast local seek. Recorded source timestamp is exact to the extraction plan; decoded frame may resolve to the nearest available video frame. Angle labels are approximate and require verifier confirmation before production use. Angle label status: approximate_from_rotation_sequence. Category: Head Template.
PRIMARY RESEARCH CANDIDATE — NOT PRODUCTION VERIFIED,evidence-frame-cf27_xboxunknown_rtg_head_024-left_profile,data/research/cf27/generated/full-resolution-frames/head-templates-faces-001-029/CF27_XBOXUNKNOWN_RTG_HEAD_024/CF27_XBOXUNKNOWN_RTG_HEAD_024_LEFT_PROFILE_video-003_64p87s.png,derivative,standardAngleDerivativeFrame,9df24b3aa3f73022abfe201d57218b9380acbad9f73b22c35ceccbaca2c472a0,1550239,image/png,video-003,64.87,env-cf27-research-video-001-rtg-path,cf27-menu-head-skin-head-template,CF27_XBOXUNKNOWN_RTG_HEAD_024,LEFT_PROFILE,2026-07-13T01:20:02.000000Z,UNKNOWN_RESEARCHER,PRIMARY_RESEARCH_ONLY_NOT_SECOND_VERIFIED,CURRENT,valid,Full-screen frame selected from the stable selected-label range using fast local seek. Recorded source timestamp is exact to the extraction plan; decoded frame may resolve to the nearest available video frame. Angle labels are approximate and require verifier confirmation before production use. Angle label status: approximate_from_rotation_sequence. Category: Head Template.
PRIMARY RESEARCH CANDIDATE — NOT PRODUCTION VERIFIED,evidence-frame-cf27_xboxunknown_rtg_head_024-menu,data/research/cf27/generated/full-resolution-frames/head-templates-faces-001-029/CF27_XBOXUNKNOWN_RTG_HEAD_024/CF27_XBOXUNKNOWN_RTG_HEAD_024_MENU_video-003_63p88s.png,derivative,menuEvidenceFrame,2dbd6f66cb8ee70a15bd788ea8d034213bc47bac3a4c31367e5cade6b1a8b468,1553416,image/png,video-003,63.88,env-cf27-research-video-001-rtg-path,cf27-menu-head-skin-head-template,CF27_XBOXUNKNOWN_RTG_HEAD_024,MENU,2026-07-13T01:20:02.000000Z,UNKNOWN_RESEARCHER,PRIMARY_RESEARCH_ONLY_NOT_SECOND_VERIFIED,CURRENT,valid,Full-screen frame selected from the stable selected-label range using fast local seek. Recorded source timestamp is exact to the extraction plan; decoded frame may resolve to the nearest available video frame. Angle labels are approximate and require verifier confirmation before production use. Angle label status: menu_evidence. Category: Head Template.
PRIMARY RESEARCH CANDIDATE — NOT PRODUCTION VERIFIED,evidence-frame-cf27_xboxunknown_rtg_head_024-rear,data/research/cf27/generated/full-resolution-frames/head-templates-faces-001-029/CF27_XBOXUNKNOWN_RTG_HEAD_024/CF27_XBOXUNKNOWN_RTG_HEAD_024_REAR_video-003_65p26s.png,derivative,standardAngleDerivativeFrame,9596a59bfab728008346b31823fe27a0098d7236694b9f1118da92b0052debec,1590695,image/png,video-003,65.26,env-cf27-research-video-001-rtg-path,cf27-menu-head-skin-head-template,CF27_XBOXUNKNOWN_RTG_HEAD_024,REAR,2026-07-13T01:20:02.000000Z,UNKNOWN_RESEARCHER,PRIMARY_RESEARCH_ONLY_NOT_SECOND_VERIFIED,CURRENT,valid,Full-screen frame selected from the stable selected-label range using fast local seek. Recorded source timestamp is exact to the extraction plan; decoded frame may resolve to the nearest available video frame. Angle labels are approximate and require verifier confirmation before production use. Angle label status: approximate_from_rotation_sequence. Category: Head Template.
PRIMARY RESEARCH CANDIDATE — NOT PRODUCTION VERIFIED,evidence-frame-cf27_xboxunknown_rtg_head_024-right_3q,data/research/cf27/generated/full-resolution-frames/head-templates-faces-001-029/CF27_XBOXUNKNOWN_RTG_HEAD_024/CF27_XBOXUNKNOWN_RTG_HEAD_024_RIGHT_3Q_video-003_66p06s.png,derivative,standardAngleDerivativeFrame,e934e43b09c8a94cf5ceefb7d30462905524bd19533fd0206068677c4c9791ab,1582836,image/png,video-003,66.06,env-cf27-research-video-001-rtg-path,cf27-menu-head-skin-head-template,CF27_XBOXUNKNOWN_RTG_HEAD_024,RIGHT_3Q,2026-07-13T01:20:02.000000Z,UNKNOWN_RESEARCHER,PRIMARY_RESEARCH_ONLY_NOT_SECOND_VERIFIED,CURRENT,valid,Full-screen frame selected from the stable selected-label range using fast local seek. Recorded source timestamp is exact to the extraction plan; decoded frame may resolve to the nearest available video frame. Angle labels are approximate and require verifier confirmation before production use. Angle label status: approximate_from_rotation_sequence. Category: Head Template.
PRIMARY RESEARCH CANDIDATE — NOT PRODUCTION VERIFIED,evidence-frame-cf27_xboxunknown_rtg_head_024-right_profile,data/research/cf27/generated/full-resolution-frames/head-templates-faces-001-029/CF27_XBOXUNKNOWN_RTG_HEAD_024/CF27_XBOXUNKNOWN_RTG_HEAD_024_RIGHT_PROFILE_video-003_65p66s.png,derivative,standardAngleDerivativeFrame,03046e54a74904576573d80bfc17f274222efbac1b90d7189f19e71b5865a96e,1550916,image/png,video-003,65.66,env-cf27-research-video-001-rtg-path,cf27-menu-head-skin-head-template,CF27_XBOXUNKNOWN_RTG_HEAD_024,RIGHT_PROFILE,2026-07-13T01:20:02.000000Z,UNKNOWN_RESEARCHER,PRIMARY_RESEARCH_ONLY_NOT_SECOND_VERIFIED,CURRENT,valid,Full-screen frame selected from the stable selected-label range using fast local seek. Recorded source timestamp is exact to the extraction plan; decoded frame may resolve to the nearest available video frame. Angle labels are approximate and require verifier confirmation before production use. Angle label status: approximate_from_rotation_sequence. Category: Head Template.
PRIMARY RESEARCH CANDIDATE — NOT PRODUCTION VERIFIED,evidence-frame-cf27_xboxunknown_rtg_head_025-front,data/research/cf27/generated/full-resolution-frames/head-templates-faces-001-029/CF27_XBOXUNKNOWN_RTG_HEAD_025/CF27_XBOXUNKNOWN_RTG_HEAD_025_FRONT_video-003_86p96s.png,derivative,standardAngleDerivativeFrame,0c5020b691efae3662e29eac39f7e6c331b91e4b2a63ce882c996e8c80df026e,1309238,image/png,video-003,86.96,env-cf27-research-video-001-rtg-path,cf27-menu-head-skin-head-template,CF27_XBOXUNKNOWN_RTG_HEAD_025,FRONT,2026-07-13T01:20:02.000000Z,UNKNOWN_RESEARCHER,PRIMARY_RESEARCH_ONLY_NOT_SECOND_VERIFIED,CURRENT,valid,Full-screen frame selected from the stable selected-label range using fast local seek. Recorded source timestamp is exact to the extraction plan; decoded frame may resolve to the nearest available video frame. Angle labels are approximate and require verifier confirmation before production use. Angle label status: approximate_from_rotation_sequence. Category: Head Template.
PRIMARY RESEARCH CANDIDATE — NOT PRODUCTION VERIFIED,evidence-frame-cf27_xboxunknown_rtg_head_025-left_3q,data/research/cf27/generated/full-resolution-frames/head-templates-faces-001-029/CF27_XBOXUNKNOWN_RTG_HEAD_025/CF27_XBOXUNKNOWN_RTG_HEAD_025_LEFT_3Q_video-003_87p83s.png,derivative,standardAngleDerivativeFrame,1aa9228cafbd5e288ba4d560a810b5d59df8c310dc5704c83b242b0e81371973,1262205,image/png,video-003,87.83,env-cf27-research-video-001-rtg-path,cf27-menu-head-skin-head-template,CF27_XBOXUNKNOWN_RTG_HEAD_025,LEFT_3Q,2026-07-13T01:20:02.000000Z,UNKNOWN_RESEARCHER,PRIMARY_RESEARCH_ONLY_NOT_SECOND_VERIFIED,CURRENT,valid,Full-screen frame selected from the stable selected-label range using fast local seek. Recorded source timestamp is exact to the extraction plan; decoded frame may resolve to the nearest available video frame. Angle labels are approximate and require verifier confirmation before production use. Angle label status: approximate_from_rotation_sequence. Category: Head Template.
PRIMARY RESEARCH CANDIDATE — NOT PRODUCTION VERIFIED,evidence-frame-cf27_xboxunknown_rtg_head_025-left_profile,data/research/cf27/generated/full-resolution-frames/head-templates-faces-001-029/CF27_XBOXUNKNOWN_RTG_HEAD_025/CF27_XBOXUNKNOWN_RTG_HEAD_025_LEFT_PROFILE_video-003_88p71s.png,derivative,standardAngleDerivativeFrame,44a2a9098fff970ff364cfa13b91a02efe07b75fde35c23b89c6ff39e0730a9d,1358101,image/png,video-003,88.71,env-cf27-research-video-001-rtg-path,cf27-menu-head-skin-head-template,CF27_XBOXUNKNOWN_RTG_HEAD_025,LEFT_PROFILE,2026-07-13T01:20:02.000000Z,UNKNOWN_RESEARCHER,PRIMARY_RESEARCH_ONLY_NOT_SECOND_VERIFIED,CURRENT,valid,Full-screen frame selected from the stable selected-label range using fast local seek. Recorded source timestamp is exact to the extraction plan; decoded frame may resolve to the nearest available video frame. Angle labels are approximate and require verifier confirmation before production use. Angle label status: approximate_from_rotation_sequence. Category: Head Template.
PRIMARY RESEARCH CANDIDATE — NOT PRODUCTION VERIFIED,evidence-frame-cf27_xboxunknown_rtg_head_025-menu,data/research/cf27/generated/full-resolution-frames/head-templates-faces-001-029/CF27_XBOXUNKNOWN_RTG_HEAD_025/CF27_XBOXUNKNOWN_RTG_HEAD_025_MENU_video-003_86p52s.png,derivative,menuEvidenceFrame,17888c1c99fc245d5982e2ef1253cad54dcd240cb88ac45fedbe4b144aec94f6,1344299,image/png,video-003,86.52,env-cf27-research-video-001-rtg-path,cf27-menu-head-skin-head-template,CF27_XBOXUNKNOWN_RTG_HEAD_025,MENU,2026-07-13T01:20:02.000000Z,UNKNOWN_RESEARCHER,PRIMARY_RESEARCH_ONLY_NOT_SECOND_VERIFIED,CURRENT,valid,Full-screen frame selected from the stable selected-label range using fast local seek. Recorded source timestamp is exact to the extraction plan; decoded frame may resolve to the nearest available video frame. Angle labels are approximate and require verifier confirmation before production use. Angle label status: menu_evidence. Category: Head Template.
PRIMARY RESEARCH CANDIDATE — NOT PRODUCTION VERIFIED,evidence-frame-cf27_xboxunknown_rtg_head_025-rear,data/research/cf27/generated/full-resolution-frames/head-templates-faces-001-029/CF27_XBOXUNKNOWN_RTG_HEAD_025/CF27_XBOXUNKNOWN_RTG_HEAD_025_REAR_video-003_89p58s.png,derivative,standardAngleDerivativeFrame,7be1f5b7ff564365130bb5da937421e7611239baab3ec689a05fbd1ef65e3599,1539668,image/png,video-003,89.58,env-cf27-research-video-001-rtg-path,cf27-menu-head-skin-head-template,CF27_XBOXUNKNOWN_RTG_HEAD_025,REAR,2026-07-13T01:20:02.000000Z,UNKNOWN_RESEARCHER,PRIMARY_RESEARCH_ONLY_NOT_SECOND_VERIFIED,CURRENT,valid,Full-screen frame selected from the stable selected-label range using fast local seek. Recorded source timestamp is exact to the extraction plan; decoded frame may resolve to the nearest available video frame. Angle labels are approximate and require verifier confirmation before production use. Angle label status: approximate_from_rotation_sequence. Category: Head Template.
PRIMARY RESEARCH CANDIDATE — NOT PRODUCTION VERIFIED,evidence-frame-cf27_xboxunknown_rtg_head_025-right_3q,data/research/cf27/generated/full-resolution-frames/head-templates-faces-001-029/CF27_XBOXUNKNOWN_RTG_HEAD_025/CF27_XBOXUNKNOWN_RTG_HEAD_025_RIGHT_3Q_video-003_91p34s.png,derivative,standardAngleDerivativeFrame,11719cb8f1b332c9a5be2d25c6bfaeb4e2f95df3a14e320ae4829f39f7d49906,1473388,image/png,video-003,91.34,env-cf27-research-video-001-rtg-path,cf27-menu-head-skin-head-template,CF27_XBOXUNKNOWN_RTG_HEAD_025,RIGHT_3Q,2026-07-13T01:20:02.000000Z,UNKNOWN_RESEARCHER,PRIMARY_RESEARCH_ONLY_NOT_SECOND_VERIFIED,CURRENT,valid,Full-screen frame selected from the stable selected-label range using fast local seek. Recorded source timestamp is exact to the extraction plan; decoded frame may resolve to the nearest available video frame. Angle labels are approximate and require verifier confirmation before production use. Angle label status: approximate_from_rotation_sequence. Category: Head Template.
PRIMARY RESEARCH CANDIDATE — NOT PRODUCTION VERIFIED,evidence-frame-cf27_xboxunknown_rtg_head_025-right_profile,data/research/cf27/generated/full-resolution-frames/head-templates-faces-001-029/CF27_XBOXUNKNOWN_RTG_HEAD_025/CF27_XBOXUNKNOWN_RTG_HEAD_025_RIGHT_PROFILE_video-003_90p46s.png,derivative,standardAngleDerivativeFrame,104863d27086cf4d685d6ab343ce9fa31b091ea527e50e9c88e0167d5ce9d146,1540589,image/png,video-003,90.46,env-cf27-research-video-001-rtg-path,cf27-menu-head-skin-head-template,CF27_XBOXUNKNOWN_RTG_HEAD_025,RIGHT_PROFILE,2026-07-13T01:20:02.000000Z,UNKNOWN_RESEARCHER,PRIMARY_RESEARCH_ONLY_NOT_SECOND_VERIFIED,CURRENT,valid,Full-screen frame selected from the stable selected-label range using fast local seek. Recorded source timestamp is exact to the extraction plan; decoded frame may resolve to the nearest available video frame. Angle labels are approximate and require verifier confirmation before production use. Angle label status: approximate_from_rotation_sequence. Category: Head Template.
PRIMARY RESEARCH CANDIDATE — NOT PRODUCTION VERIFIED,evidence-frame-cf27_xboxunknown_rtg_head_026-front,data/research/cf27/generated/full-resolution-frames/head-templates-faces-001-029/CF27_XBOXUNKNOWN_RTG_HEAD_026/CF27_XBOXUNKNOWN_RTG_HEAD_026_FRONT_video-003_95p30s.png,derivative,standardAngleDerivativeFrame,7f650e7d1b5f3606ce4c6b858ad35620dffa25e870d8e0f3010d63423c0fcfa4,1386552,image/png,video-003,95.3,env-cf27-research-video-001-rtg-path,cf27-menu-head-skin-head-template,CF27_XBOXUNKNOWN_RTG_HEAD_026,FRONT,2026-07-13T01:20:02.000000Z,UNKNOWN_RESEARCHER,PRIMARY_RESEARCH_ONLY_NOT_SECOND_VERIFIED,CURRENT,valid,Full-screen frame selected from the stable selected-label range using fast local seek. Recorded source timestamp is exact to the extraction plan; decoded frame may resolve to the nearest available video frame. Angle labels are approximate and require verifier confirmation before production use. Angle label status: approximate_from_rotation_sequence. Category: Head Template.
PRIMARY RESEARCH CANDIDATE — NOT PRODUCTION VERIFIED,evidence-frame-cf27_xboxunknown_rtg_head_026-left_3q,data/research/cf27/generated/full-resolution-frames/head-templates-faces-001-029/CF27_XBOXUNKNOWN_RTG_HEAD_026/CF27_XBOXUNKNOWN_RTG_HEAD_026_LEFT_3Q_video-003_95p81s.png,derivative,standardAngleDerivativeFrame,60230593fdae8975fceecc3ca42b50bccdf1e597b76dca096124416be876b3a7,1510845,image/png,video-003,95.81,env-cf27-research-video-001-rtg-path,cf27-menu-head-skin-head-template,CF27_XBOXUNKNOWN_RTG_HEAD_026,LEFT_3Q,2026-07-13T01:20:02.000000Z,UNKNOWN_RESEARCHER,PRIMARY_RESEARCH_ONLY_NOT_SECOND_VERIFIED,CURRENT,valid,Full-screen frame selected from the stable selected-label range using fast local seek. Recorded source timestamp is exact to the extraction plan; decoded frame may resolve to the nearest available video frame. Angle labels are approximate and require verifier confirmation before production use. Angle label status: approximate_from_rotation_sequence. Category: Head Template.
PRIMARY RESEARCH CANDIDATE — NOT PRODUCTION VERIFIED,evidence-frame-cf27_xboxunknown_rtg_head_026-left_profile,data/research/cf27/generated/full-resolution-frames/head-templates-faces-001-029/CF27_XBOXUNKNOWN_RTG_HEAD_026/CF27_XBOXUNKNOWN_RTG_HEAD_026_LEFT_PROFILE_video-003_96p33s.png,derivative,standardAngleDerivativeFrame,2afd0866b2212d8b3d34bf99c2d6b5e78630d2f64f90cd303dde44ce1af3a352,1475947,image/png,video-003,96.33,env-cf27-research-video-001-rtg-path,cf27-menu-head-skin-head-template,CF27_XBOXUNKNOWN_RTG_HEAD_026,LEFT_PROFILE,2026-07-13T01:20:02.000000Z,UNKNOWN_RESEARCHER,PRIMARY_RESEARCH_ONLY_NOT_SECOND_VERIFIED,CURRENT,valid,Full-screen frame selected from the stable selected-label range using fast local seek. Recorded source timestamp is exact to the extraction plan; decoded frame may resolve to the nearest available video frame. Angle labels are approximate and require verifier confirmation before production use. Angle label status: approximate_from_rotation_sequence. Category: Head Template.
PRIMARY RESEARCH CANDIDATE — NOT PRODUCTION VERIFIED,evidence-frame-cf27_xboxunknown_rtg_head_026-menu,data/research/cf27/generated/full-resolution-frames/head-templates-faces-001-029/CF27_XBOXUNKNOWN_RTG_HEAD_026/CF27_XBOXUNKNOWN_RTG_HEAD_026_MENU_video-003_95p04s.png,derivative,menuEvidenceFrame,3224c400274eea91b073da05f3b66ed3f48d0ff7055fbfef65339f0e4e645466,1521822,image/png,video-003,95.04,env-cf27-research-video-001-rtg-path,cf27-menu-head-skin-head-template,CF27_XBOXUNKNOWN_RTG_HEAD_026,MENU,2026-07-13T01:20:02.000000Z,UNKNOWN_RESEARCHER,PRIMARY_RESEARCH_ONLY_NOT_SECOND_VERIFIED,CURRENT,valid,Full-screen frame selected from the stable selected-label range using fast local seek. Recorded source timestamp is exact to the extraction plan; decoded frame may resolve to the nearest available video frame. Angle labels are approximate and require verifier confirmation before production use. Angle label status: menu_evidence. Category: Head Template.
PRIMARY RESEARCH CANDIDATE — NOT PRODUCTION VERIFIED,evidence-frame-cf27_xboxunknown_rtg_head_026-rear,data/research/cf27/generated/full-resolution-frames/head-templates-faces-001-029/CF27_XBOXUNKNOWN_RTG_HEAD_026/CF27_XBOXUNKNOWN_RTG_HEAD_026_REAR_video-003_96p84s.png,derivative,standardAngleDerivativeFrame,1b88bcbfc7a81d6c6bf7ece369fe766b61095b91158a49b6dd97abfd35b7474e,1509451,image/png,video-003,96.84,env-cf27-research-video-001-rtg-path,cf27-menu-head-skin-head-template,CF27_XBOXUNKNOWN_RTG_HEAD_026,REAR,2026-07-13T01:20:02.000000Z,UNKNOWN_RESEARCHER,PRIMARY_RESEARCH_ONLY_NOT_SECOND_VERIFIED,CURRENT,valid,Full-screen frame selected from the stable selected-label range using fast local seek. Recorded source timestamp is exact to the extraction plan; decoded frame may resolve to the nearest available video frame. Angle labels are approximate and require verifier confirmation before production use. Angle label status: approximate_from_rotation_sequence. Category: Head Template.
PRIMARY RESEARCH CANDIDATE — NOT PRODUCTION VERIFIED,evidence-frame-cf27_xboxunknown_rtg_head_026-right_3q,data/research/cf27/generated/full-resolution-frames/head-templates-faces-001-029/CF27_XBOXUNKNOWN_RTG_HEAD_026/CF27_XBOXUNKNOWN_RTG_HEAD_026_RIGHT_3Q_video-003_97p88s.png,derivative,standardAngleDerivativeFrame,0ad4da93ef161b1e5609ea471bb8be029fe16e2d7b127787a4572f7f7c5eb45c,1420233,image/png,video-003,97.88,env-cf27-research-video-001-rtg-path,cf27-menu-head-skin-head-template,CF27_XBOXUNKNOWN_RTG_HEAD_026,RIGHT_3Q,2026-07-13T01:20:02.000000Z,UNKNOWN_RESEARCHER,PRIMARY_RESEARCH_ONLY_NOT_SECOND_VERIFIED,CURRENT,valid,Full-screen frame selected from the stable selected-label range using fast local seek. Recorded source timestamp is exact to the extraction plan; decoded frame may resolve to the nearest available video frame. Angle labels are approximate and require verifier confirmation before production use. Angle label status: approximate_from_rotation_sequence. Category: Head Template.
PRIMARY RESEARCH CANDIDATE — NOT PRODUCTION VERIFIED,evidence-frame-cf27_xboxunknown_rtg_head_026-right_profile,data/research/cf27/generated/full-resolution-frames/head-templates-faces-001-029/CF27_XBOXUNKNOWN_RTG_HEAD_026/CF27_XBOXUNKNOWN_RTG_HEAD_026_RIGHT_PROFILE_video-003_97p36s.png,derivative,standardAngleDerivativeFrame,8428806df7f55092e3c3e87b46e0ce8b369a2ab0617c159ec4c6d398c7f1701e,1481944,image/png,video-003,97.36,env-cf27-research-video-001-rtg-path,cf27-menu-head-skin-head-template,CF27_XBOXUNKNOWN_RTG_HEAD_026,RIGHT_PROFILE,2026-07-13T01:20:02.000000Z,UNKNOWN_RESEARCHER,PRIMARY_RESEARCH_ONLY_NOT_SECOND_VERIFIED,CURRENT,valid,Full-screen frame selected from the stable selected-label range using fast local seek. Recorded source timestamp is exact to the extraction plan; decoded frame may resolve to the nearest available video frame. Angle labels are approximate and require verifier confirmation before production use. Angle label status: approximate_from_rotation_sequence. Category: Head Template.
PRIMARY RESEARCH CANDIDATE — NOT PRODUCTION VERIFIED,evidence-frame-cf27_xboxunknown_rtg_head_027-front,data/research/cf27/generated/full-resolution-frames/head-templates-faces-001-029/CF27_XBOXUNKNOWN_RTG_HEAD_027/CF27_XBOXUNKNOWN_RTG_HEAD_027_FRONT_video-003_100p86s.png,derivative,standardAngleDerivativeFrame,40aa788bd5a38ec0b77ec09682f70f2f6a01cbda501180a605a5eb2c6143d730,1410964,image/png,video-003,100.86,env-cf27-research-video-001-rtg-path,cf27-menu-head-skin-head-template,CF27_XBOXUNKNOWN_RTG_HEAD_027,FRONT,2026-07-13T01:20:02.000000Z,UNKNOWN_RESEARCHER,PRIMARY_RESEARCH_ONLY_NOT_SECOND_VERIFIED,CURRENT,valid,Full-screen frame selected from the stable selected-label range using fast local seek. Recorded source timestamp is exact to the extraction plan; decoded frame may resolve to the nearest available video frame. Angle labels are approximate and require verifier confirmation before production use. Angle label status: approximate_from_rotation_sequence. Category: Head Template.
PRIMARY RESEARCH CANDIDATE — NOT PRODUCTION VERIFIED,evidence-frame-cf27_xboxunknown_rtg_head_027-left_3q,data/research/cf27/generated/full-resolution-frames/head-templates-faces-001-029/CF27_XBOXUNKNOWN_RTG_HEAD_027/CF27_XBOXUNKNOWN_RTG_HEAD_027_LEFT_3Q_video-003_101p13s.png,derivative,standardAngleDerivativeFrame,783ba6b9933d8c2d28acc06644115fc7eace99ef67cef360150cd5b200cbdd1e,1454368,image/png,video-003,101.13,env-cf27-research-video-001-rtg-path,cf27-menu-head-skin-head-template,CF27_XBOXUNKNOWN_RTG_HEAD_027,LEFT_3Q,2026-07-13T01:20:02.000000Z,UNKNOWN_RESEARCHER,PRIMARY_RESEARCH_ONLY_NOT_SECOND_VERIFIED,CURRENT,valid,Full-screen frame selected from the stable selected-label range using fast local seek. Recorded source timestamp is exact to the extraction plan; decoded frame may resolve to the nearest available video frame. Angle labels are approximate and require verifier confirmation before production use. Angle label status: approximate_from_rotation_sequence. Category: Head Template.
PRIMARY RESEARCH CANDIDATE — NOT PRODUCTION VERIFIED,evidence-frame-cf27_xboxunknown_rtg_head_027-left_profile,data/research/cf27/generated/full-resolution-frames/head-templates-faces-001-029/CF27_XBOXUNKNOWN_RTG_HEAD_027/CF27_XBOXUNKNOWN_RTG_HEAD_027_LEFT_PROFILE_video-003_101p41s.png,derivative,standardAngleDerivativeFrame,e89bdcf428b299e93aafe8582f304fe53e9c50b3ff4a93dd54d112c30639147d,1460012,image/png,video-003,101.41,env-cf27-research-video-001-rtg-path,cf27-menu-head-skin-head-template,CF27_XBOXUNKNOWN_RTG_HEAD_027,LEFT_PROFILE,2026-07-13T01:20:02.000000Z,UNKNOWN_RESEARCHER,PRIMARY_RESEARCH_ONLY_NOT_SECOND_VERIFIED,CURRENT,valid,Full-screen frame selected from the stable selected-label range using fast local seek. Recorded source timestamp is exact to the extraction plan; decoded frame may resolve to the nearest available video frame. Angle labels are approximate and require verifier confirmation before production use. Angle label status: approximate_from_rotation_sequence. Category: Head Template.
PRIMARY RESEARCH CANDIDATE — NOT PRODUCTION VERIFIED,evidence-frame-cf27_xboxunknown_rtg_head_027-menu,data/research/cf27/generated/full-resolution-frames/head-templates-faces-001-029/CF27_XBOXUNKNOWN_RTG_HEAD_027/CF27_XBOXUNKNOWN_RTG_HEAD_027_MENU_video-003_100p72s.png,derivative,menuEvidenceFrame,af258c31985fcc8bcbb4b3b22c6827cac6b2d3bc679ed4c2aec746d223e0d030,1363558,image/png,video-003,100.72,env-cf27-research-video-001-rtg-path,cf27-menu-head-skin-head-template,CF27_XBOXUNKNOWN_RTG_HEAD_027,MENU,2026-07-13T01:20:02.000000Z,UNKNOWN_RESEARCHER,PRIMARY_RESEARCH_ONLY_NOT_SECOND_VERIFIED,CURRENT,valid,Full-screen frame selected from the stable selected-label range using fast local seek. Recorded source timestamp is exact to the extraction plan; decoded frame may resolve to the nearest available video frame. Angle labels are approximate and require verifier confirmation before production use. Angle label status: menu_evidence. Category: Head Template.
PRIMARY RESEARCH CANDIDATE — NOT PRODUCTION VERIFIED,evidence-frame-cf27_xboxunknown_rtg_head_027-rear,data/research/cf27/generated/full-resolution-frames/head-templates-faces-001-029/CF27_XBOXUNKNOWN_RTG_HEAD_027/CF27_XBOXUNKNOWN_RTG_HEAD_027_REAR_video-003_101p68s.png,derivative,standardAngleDerivativeFrame,1783405b0e006878805eea719521c8b46fb51a5cef54c245d4304cfebe0460d8,1486516,image/png,video-003,101.68,env-cf27-research-video-001-rtg-path,cf27-menu-head-skin-head-template,CF27_XBOXUNKNOWN_RTG_HEAD_027,REAR,2026-07-13T01:20:02.000000Z,UNKNOWN_RESEARCHER,PRIMARY_RESEARCH_ONLY_NOT_SECOND_VERIFIED,CURRENT,valid,Full-screen frame selected from the stable selected-label range using fast local seek. Recorded source timestamp is exact to the extraction plan; decoded frame may resolve to the nearest available video frame. Angle labels are approximate and require verifier confirmation before production use. Angle label status: approximate_from_rotation_sequence. Category: Head Template.
PRIMARY RESEARCH CANDIDATE — NOT PRODUCTION VERIFIED,evidence-frame-cf27_xboxunknown_rtg_head_027-right_3q,data/research/cf27/generated/full-resolution-frames/head-templates-faces-001-029/CF27_XBOXUNKNOWN_RTG_HEAD_027/CF27_XBOXUNKNOWN_RTG_HEAD_027_RIGHT_3Q_video-003_102p24s.png,derivative,standardAngleDerivativeFrame,b02062131edb2489b354d3932860252fc463d44f3f26f248da56e0678b0aa158,1477877,image/png,video-003,102.24,env-cf27-research-video-001-rtg-path,cf27-menu-head-skin-head-template,CF27_XBOXUNKNOWN_RTG_HEAD_027,RIGHT_3Q,2026-07-13T01:20:02.000000Z,UNKNOWN_RESEARCHER,PRIMARY_RESEARCH_ONLY_NOT_SECOND_VERIFIED,CURRENT,valid,Full-screen frame selected from the stable selected-label range using fast local seek. Recorded source timestamp is exact to the extraction plan; decoded frame may resolve to the nearest available video frame. Angle labels are approximate and require verifier confirmation before production use. Angle label status: approximate_from_rotation_sequence. Category: Head Template.
PRIMARY RESEARCH CANDIDATE — NOT PRODUCTION VERIFIED,evidence-frame-cf27_xboxunknown_rtg_head_027-right_profile,data/research/cf27/generated/full-resolution-frames/head-templates-faces-001-029/CF27_XBOXUNKNOWN_RTG_HEAD_027/CF27_XBOXUNKNOWN_RTG_HEAD_027_RIGHT_PROFILE_video-003_101p96s.png,derivative,standardAngleDerivativeFrame,b3e3194e29289538ecff28dd096e1021be9123fca311b61cc545c183462ea13c,1493894,image/png,video-003,101.96,env-cf27-research-video-001-rtg-path,cf27-menu-head-skin-head-template,CF27_XBOXUNKNOWN_RTG_HEAD_027,RIGHT_PROFILE,2026-07-13T01:20:02.000000Z,UNKNOWN_RESEARCHER,PRIMARY_RESEARCH_ONLY_NOT_SECOND_VERIFIED,CURRENT,valid,Full-screen frame selected from the stable selected-label range using fast local seek. Recorded source timestamp is exact to the extraction plan; decoded frame may resolve to the nearest available video frame. Angle labels are approximate and require verifier confirmation before production use. Angle label status: approximate_from_rotation_sequence. Category: Head Template.
PRIMARY RESEARCH CANDIDATE — NOT PRODUCTION VERIFIED,evidence-frame-cf27_xboxunknown_rtg_head_028-front,data/research/cf27/generated/full-resolution-frames/head-templates-faces-001-029/CF27_XBOXUNKNOWN_RTG_HEAD_028/CF27_XBOXUNKNOWN_RTG_HEAD_028_FRONT_video-003_105p52s.png,derivative,standardAngleDerivativeFrame,7b71fa030884870206fe253c9e174d8b32a547fcedc3bfebca21f18deacb12f6,1273133,image/png,video-003,105.52,env-cf27-research-video-001-rtg-path,cf27-menu-head-skin-head-template,CF27_XBOXUNKNOWN_RTG_HEAD_028,FRONT,2026-07-13T01:20:02.000000Z,UNKNOWN_RESEARCHER,PRIMARY_RESEARCH_ONLY_NOT_SECOND_VERIFIED,CURRENT,valid,Full-screen frame selected from the stable selected-label range using fast local seek. Recorded source timestamp is exact to the extraction plan; decoded frame may resolve to the nearest available video frame. Angle labels are approximate and require verifier confirmation before production use. Angle label status: approximate_from_rotation_sequence. Category: Head Template.
PRIMARY RESEARCH CANDIDATE — NOT PRODUCTION VERIFIED,evidence-frame-cf27_xboxunknown_rtg_head_028-left_3q,data/research/cf27/generated/full-resolution-frames/head-templates-faces-001-029/CF27_XBOXUNKNOWN_RTG_HEAD_028/CF27_XBOXUNKNOWN_RTG_HEAD_028_LEFT_3Q_video-003_106p15s.png,derivative,standardAngleDerivativeFrame,293515dce056409254823a878630c1d404a5836a3b0a49ae4ddeb1873811fc53,1451975,image/png,video-003,106.15,env-cf27-research-video-001-rtg-path,cf27-menu-head-skin-head-template,CF27_XBOXUNKNOWN_RTG_HEAD_028,LEFT_3Q,2026-07-13T01:20:02.000000Z,UNKNOWN_RESEARCHER,PRIMARY_RESEARCH_ONLY_NOT_SECOND_VERIFIED,CURRENT,valid,Full-screen frame selected from the stable selected-label range using fast local seek. Recorded source timestamp is exact to the extraction plan; decoded frame may resolve to the nearest available video frame. Angle labels are approximate and require verifier confirmation before production use. Angle label status: approximate_from_rotation_sequence. Category: Head Template.
PRIMARY RESEARCH CANDIDATE — NOT PRODUCTION VERIFIED,evidence-frame-cf27_xboxunknown_rtg_head_028-left_profile,data/research/cf27/generated/full-resolution-frames/head-templates-faces-001-029/CF27_XBOXUNKNOWN_RTG_HEAD_028/CF27_XBOXUNKNOWN_RTG_HEAD_028_LEFT_PROFILE_video-003_106p79s.png,derivative,standardAngleDerivativeFrame,0f2d4ab307878f9d98afef10cb7cc78cf758e6adbd42eb86fd633b877832ce29,1533222,image/png,video-003,106.79,env-cf27-research-video-001-rtg-path,cf27-menu-head-skin-head-template,CF27_XBOXUNKNOWN_RTG_HEAD_028,LEFT_PROFILE,2026-07-13T01:20:02.000000Z,UNKNOWN_RESEARCHER,PRIMARY_RESEARCH_ONLY_NOT_SECOND_VERIFIED,CURRENT,valid,Full-screen frame selected from the stable selected-label range using fast local seek. Recorded source timestamp is exact to the extraction plan; decoded frame may resolve to the nearest available video frame. Angle labels are approximate and require verifier confirmation before production use. Angle label status: approximate_from_rotation_sequence. Category: Head Template.
PRIMARY RESEARCH CANDIDATE — NOT PRODUCTION VERIFIED,evidence-frame-cf27_xboxunknown_rtg_head_028-menu,data/research/cf27/generated/full-resolution-frames/head-templates-faces-001-029/CF27_XBOXUNKNOWN_RTG_HEAD_028/CF27_XBOXUNKNOWN_RTG_HEAD_028_MENU_video-003_105p20s.png,derivative,menuEvidenceFrame,ccef277eb1762b1bcea4f8dabc078502da250fdffd144a2f964aab24d1a323d8,1278462,image/png,video-003,105.2,env-cf27-research-video-001-rtg-path,cf27-menu-head-skin-head-template,CF27_XBOXUNKNOWN_RTG_HEAD_028,MENU,2026-07-13T01:20:02.000000Z,UNKNOWN_RESEARCHER,PRIMARY_RESEARCH_ONLY_NOT_SECOND_VERIFIED,CURRENT,valid,Full-screen frame selected from the stable selected-label range using fast local seek. Recorded source timestamp is exact to the extraction plan; decoded frame may resolve to the nearest available video frame. Angle labels are approximate and require verifier confirmation before production use. Angle label status: menu_evidence. Category: Head Template.
PRIMARY RESEARCH CANDIDATE — NOT PRODUCTION VERIFIED,evidence-frame-cf27_xboxunknown_rtg_head_028-rear,data/research/cf27/generated/full-resolution-frames/head-templates-faces-001-029/CF27_XBOXUNKNOWN_RTG_HEAD_028/CF27_XBOXUNKNOWN_RTG_HEAD_028_REAR_video-003_107p42s.png,derivative,standardAngleDerivativeFrame,313b3c4a25af9ed4803550cefa76875bdbf7a2d88cefbc0f33b8c1bce27467f7,1524569,image/png,video-003,107.42,env-cf27-research-video-001-rtg-path,cf27-menu-head-skin-head-template,CF27_XBOXUNKNOWN_RTG_HEAD_028,REAR,2026-07-13T01:20:02.000000Z,UNKNOWN_RESEARCHER,PRIMARY_RESEARCH_ONLY_NOT_SECOND_VERIFIED,CURRENT,valid,Full-screen frame selected from the stable selected-label range using fast local seek. Recorded source timestamp is exact to the extraction plan; decoded frame may resolve to the nearest available video frame. Angle labels are approximate and require verifier confirmation before production use. Angle label status: approximate_from_rotation_sequence. Category: Head Template.
PRIMARY RESEARCH CANDIDATE — NOT PRODUCTION VERIFIED,evidence-frame-cf27_xboxunknown_rtg_head_028-right_3q,data/research/cf27/generated/full-resolution-frames/head-templates-faces-001-029/CF27_XBOXUNKNOWN_RTG_HEAD_028/CF27_XBOXUNKNOWN_RTG_HEAD_028_RIGHT_3Q_video-003_108p70s.png,derivative,standardAngleDerivativeFrame,0b03d45654620f0f6d32a20e5f3468354fcfab31716de90996cd2c1259923555,1323756,image/png,video-003,108.7,env-cf27-research-video-001-rtg-path,cf27-menu-head-skin-head-template,CF27_XBOXUNKNOWN_RTG_HEAD_028,RIGHT_3Q,2026-07-13T01:20:02.000000Z,UNKNOWN_RESEARCHER,PRIMARY_RESEARCH_ONLY_NOT_SECOND_VERIFIED,CURRENT,valid,Full-screen frame selected from the stable selected-label range using fast local seek. Recorded source timestamp is exact to the extraction plan; decoded frame may resolve to the nearest available video frame. Angle labels are approximate and require verifier confirmation before production use. Angle label status: approximate_from_rotation_sequence. Category: Head Template.
PRIMARY RESEARCH CANDIDATE — NOT PRODUCTION VERIFIED,evidence-frame-cf27_xboxunknown_rtg_head_028-right_profile,data/research/cf27/generated/full-resolution-frames/head-templates-faces-001-029/CF27_XBOXUNKNOWN_RTG_HEAD_028/CF27_XBOXUNKNOWN_RTG_HEAD_028_RIGHT_PROFILE_video-003_108p06s.png,derivative,standardAngleDerivativeFrame,580cc0a7feb940a640717a66b3695469d9fb5aa75f2b09a946b0d63bc8b4a302,1294831,image/png,video-003,108.06,env-cf27-research-video-001-rtg-path,cf27-menu-head-skin-head-template,CF27_XBOXUNKNOWN_RTG_HEAD_028,RIGHT_PROFILE,2026-07-13T01:20:02.000000Z,UNKNOWN_RESEARCHER,PRIMARY_RESEARCH_ONLY_NOT_SECOND_VERIFIED,CURRENT,valid,Full-screen frame selected from the stable selected-label range using fast local seek. Recorded source timestamp is exact to the extraction plan; decoded frame may resolve to the nearest available video frame. Angle labels are approximate and require verifier confirmation before production use. Angle label status: approximate_from_rotation_sequence. Category: Head Template.
PRIMARY RESEARCH CANDIDATE — NOT PRODUCTION VERIFIED,evidence-frame-cf27_xboxunknown_rtg_head_029-front,data/research/cf27/generated/full-resolution-frames/head-templates-faces-001-029/CF27_XBOXUNKNOWN_RTG_HEAD_029/CF27_XBOXUNKNOWN_RTG_HEAD_029_FRONT_video-003_128p52s.png,derivative,standardAngleDerivativeFrame,e5e86d7fdd880ab60f42f1468d8ea65ff50634f9cf8e2d86b7110d1e2b0229df,1277428,image/png,video-003,128.52,env-cf27-research-video-001-rtg-path,cf27-menu-head-skin-head-template,CF27_XBOXUNKNOWN_RTG_HEAD_029,FRONT,2026-07-13T01:20:02.000000Z,UNKNOWN_RESEARCHER,PRIMARY_RESEARCH_ONLY_NOT_SECOND_VERIFIED,CURRENT,valid,Full-screen frame selected from the stable selected-label range using fast local seek. Recorded source timestamp is exact to the extraction plan; decoded frame may resolve to the nearest available video frame. Angle labels are approximate and require verifier confirmation before production use. Angle label status: approximate_from_rotation_sequence. Category: Head Template.
PRIMARY RESEARCH CANDIDATE — NOT PRODUCTION VERIFIED,evidence-frame-cf27_xboxunknown_rtg_head_029-left_3q,data/research/cf27/generated/full-resolution-frames/head-templates-faces-001-029/CF27_XBOXUNKNOWN_RTG_HEAD_029/CF27_XBOXUNKNOWN_RTG_HEAD_029_LEFT_3Q_video-003_129p16s.png,derivative,standardAngleDerivativeFrame,a11a157b79b627f156915e02229dd9f657891787df006810af358dc02816cb04,1253781,image/png,video-003,129.16,env-cf27-research-video-001-rtg-path,cf27-menu-head-skin-head-template,CF27_XBOXUNKNOWN_RTG_HEAD_029,LEFT_3Q,2026-07-13T01:20:02.000000Z,UNKNOWN_RESEARCHER,PRIMARY_RESEARCH_ONLY_NOT_SECOND_VERIFIED,CURRENT,valid,Full-screen frame selected from the stable selected-label range using fast local seek. Recorded source timestamp is exact to the extraction plan; decoded frame may resolve to the nearest available video frame. Angle labels are approximate and require verifier confirmation before production use. Angle label status: approximate_from_rotation_sequence. Category: Head Template.
PRIMARY RESEARCH CANDIDATE — NOT PRODUCTION VERIFIED,evidence-frame-cf27_xboxunknown_rtg_head_029-left_profile,data/research/cf27/generated/full-resolution-frames/head-templates-faces-001-029/CF27_XBOXUNKNOWN_RTG_HEAD_029/CF27_XBOXUNKNOWN_RTG_HEAD_029_LEFT_PROFILE_video-003_129p80s.png,derivative,standardAngleDerivativeFrame,bfd46c41cbc558da0c985c595a5bb840b01756f0f50cc44505ca3bf2f412fee5,1453051,image/png,video-003,129.8,env-cf27-research-video-001-rtg-path,cf27-menu-head-skin-head-template,CF27_XBOXUNKNOWN_RTG_HEAD_029,LEFT_PROFILE,2026-07-13T01:20:02.000000Z,UNKNOWN_RESEARCHER,PRIMARY_RESEARCH_ONLY_NOT_SECOND_VERIFIED,CURRENT,valid,Full-screen frame selected from the stable selected-label range using fast local seek. Recorded source timestamp is exact to the extraction plan; decoded frame may resolve to the nearest available video frame. Angle labels are approximate and require verifier confirmation before production use. Angle label status: approximate_from_rotation_sequence. Category: Head Template.
PRIMARY RESEARCH CANDIDATE — NOT PRODUCTION VERIFIED,evidence-frame-cf27_xboxunknown_rtg_head_029-menu,data/research/cf27/generated/full-resolution-frames/head-templates-faces-001-029/CF27_XBOXUNKNOWN_RTG_HEAD_029/CF27_XBOXUNKNOWN_RTG_HEAD_029_MENU_video-003_128p20s.png,derivative,menuEvidenceFrame,308695f7c8e3882efc96570e17361a3956f4a3aafefd962cb8d3ed6cb0605327,1321687,image/png,video-003,128.2,env-cf27-research-video-001-rtg-path,cf27-menu-head-skin-head-template,CF27_XBOXUNKNOWN_RTG_HEAD_029,MENU,2026-07-13T01:20:02.000000Z,UNKNOWN_RESEARCHER,PRIMARY_RESEARCH_ONLY_NOT_SECOND_VERIFIED,CURRENT,valid,Full-screen frame selected from the stable selected-label range using fast local seek. Recorded source timestamp is exact to the extraction plan; decoded frame may resolve to the nearest available video frame. Angle labels are approximate and require verifier confirmation before production use. Angle label status: menu_evidence. Category: Head Template.
PRIMARY RESEARCH CANDIDATE — NOT PRODUCTION VERIFIED,evidence-frame-cf27_xboxunknown_rtg_head_029-rear,data/research/cf27/generated/full-resolution-frames/head-templates-faces-001-029/CF27_XBOXUNKNOWN_RTG_HEAD_029/CF27_XBOXUNKNOWN_RTG_HEAD_029_REAR_video-003_130p44s.png,derivative,standardAngleDerivativeFrame,d558492bfd5a559824c7479c0ffa4ba9f4357ed2a26f1176178f5fbce7008464,1432459,image/png,video-003,130.44,env-cf27-research-video-001-rtg-path,cf27-menu-head-skin-head-template,CF27_XBOXUNKNOWN_RTG_HEAD_029,REAR,2026-07-13T01:20:02.000000Z,UNKNOWN_RESEARCHER,PRIMARY_RESEARCH_ONLY_NOT_SECOND_VERIFIED,CURRENT,valid,Full-screen frame selected from the stable selected-label range using fast local seek. Recorded source timestamp is exact to the extraction plan; decoded frame may resolve to the nearest available video frame. Angle labels are approximate and require verifier confirmation before production use. Angle label status: approximate_from_rotation_sequence. Category: Head Template.
PRIMARY RESEARCH CANDIDATE — NOT PRODUCTION VERIFIED,evidence-frame-cf27_xboxunknown_rtg_head_029-right_3q,data/research/cf27/generated/full-resolution-frames/head-templates-faces-001-029/CF27_XBOXUNKNOWN_RTG_HEAD_029/CF27_XBOXUNKNOWN_RTG_HEAD_029_RIGHT_3Q_video-003_131p71s.png,derivative,standardAngleDerivativeFrame,dbac27b103edd9861c77843f640abd61695f171373ed7e1f807eab0a11ad98f2,1460624,image/png,video-003,131.71,env-cf27-research-video-001-rtg-path,cf27-menu-head-skin-head-template,CF27_XBOXUNKNOWN_RTG_HEAD_029,RIGHT_3Q,2026-07-13T01:20:02.000000Z,UNKNOWN_RESEARCHER,PRIMARY_RESEARCH_ONLY_NOT_SECOND_VERIFIED,CURRENT,valid,Full-screen frame selected from the stable selected-label range using fast local seek. Recorded source timestamp is exact to the extraction plan; decoded frame may resolve to the nearest available video frame. Angle labels are approximate and require verifier confirmation before production use. Angle label status: approximate_from_rotation_sequence. Category: Head Template.
PRIMARY RESEARCH CANDIDATE — NOT PRODUCTION VERIFIED,evidence-frame-cf27_xboxunknown_rtg_head_029-right_profile,data/research/cf27/generated/full-resolution-frames/head-templates-faces-001-029/CF27_XBOXUNKNOWN_RTG_HEAD_029/CF27_XBOXUNKNOWN_RTG_HEAD_029_RIGHT_PROFILE_video-003_131p07s.png,derivative,standardAngleDerivativeFrame,7c556144a9856e5b53e3d87a4e74709001e95d76164e0f40ca7b34f1b5cc02de,1434548,image/png,video-003,131.07,env-cf27-research-video-001-rtg-path,cf27-menu-head-skin-head-template,CF27_XBOXUNKNOWN_RTG_HEAD_029,RIGHT_PROFILE,2026-07-13T01:20:02.000000Z,UNKNOWN_RESEARCHER,PRIMARY_RESEARCH_ONLY_NOT_SECOND_VERIFIED,CURRENT,valid,Full-screen frame selected from the stable selected-label range using fast local seek. Recorded source timestamp is exact to the extraction plan; decoded frame may resolve to the nearest available video frame. Angle labels are approximate and require verifier confirmation before production use. Angle label status: approximate_from_rotation_sequence. Category: Head Template.
PRIMARY RESEARCH CANDIDATE — NOT PRODUCTION VERIFIED,evidence-frame-cf27_xboxunknown_rtg_nose_001-best_available_three_quarter,data/research/cf27/generated/full-resolution-frames/nose-options-001-007/CF27_XBOXUNKNOWN_RTG_NOSE_001/CF27_XBOXUNKNOWN_RTG_NOSE_001_BEST_AVAILABLE_THREE_QUARTER_video-008_15p00s.png,derivative,standardAngleDerivativeFrame,e05ae434ceb526fcf59ea954196f23f7040f98511a10a040ee82813d0d25b740,1363781,image/png,video-008,15,env-cf27-research-video-001-rtg-path,cf27-menu-head-skin-nose,CF27_XBOXUNKNOWN_RTG_NOSE_001,BEST_AVAILABLE_THREE_QUARTER,2026-07-13T01:31:15.000000Z,UNKNOWN_RESEARCHER,PRIMARY_RESEARCH_ONLY_NOT_SECOND_VERIFIED,CURRENT,valid,Full-screen frame extracted from a directly selected Nose label. Frame is a local derivative and is not production data. Category: Nose.
PRIMARY RESEARCH CANDIDATE — NOT PRODUCTION VERIFIED,evidence-frame-cf27_xboxunknown_rtg_nose_001-front,data/research/cf27/generated/full-resolution-frames/nose-options-001-007/CF27_XBOXUNKNOWN_RTG_NOSE_001/CF27_XBOXUNKNOWN_RTG_NOSE_001_FRONT_video-008_15p00s.png,derivative,standardAngleDerivativeFrame,e05ae434ceb526fcf59ea954196f23f7040f98511a10a040ee82813d0d25b740,1363781,image/png,video-008,15,env-cf27-research-video-001-rtg-path,cf27-menu-head-skin-nose,CF27_XBOXUNKNOWN_RTG_NOSE_001,FRONT,2026-07-13T01:31:15.000000Z,UNKNOWN_RESEARCHER,PRIMARY_RESEARCH_ONLY_NOT_SECOND_VERIFIED,CURRENT,valid,Full-screen frame extracted from a directly selected Nose label. Frame is a local derivative and is not production data. Category: Nose.
PRIMARY RESEARCH CANDIDATE — NOT PRODUCTION VERIFIED,evidence-frame-cf27_xboxunknown_rtg_nose_001-menu_evidence,data/research/cf27/generated/full-resolution-frames/nose-options-001-007/CF27_XBOXUNKNOWN_RTG_NOSE_001/CF27_XBOXUNKNOWN_RTG_NOSE_001_MENU_EVIDENCE_video-008_15p00s.png,derivative,menuEvidenceFrame,e05ae434ceb526fcf59ea954196f23f7040f98511a10a040ee82813d0d25b740,1363781,image/png,video-008,15,env-cf27-research-video-001-rtg-path,cf27-menu-head-skin-nose,CF27_XBOXUNKNOWN_RTG_NOSE_001,MENU,2026-07-13T01:31:15.000000Z,UNKNOWN_RESEARCHER,PRIMARY_RESEARCH_ONLY_NOT_SECOND_VERIFIED,CURRENT,valid,Full-screen frame extracted from a directly selected Nose label. Frame is a local derivative and is not production data. Category: Nose.
PRIMARY RESEARCH CANDIDATE — NOT PRODUCTION VERIFIED,evidence-frame-cf27_xboxunknown_rtg_nose_002-best_available_three_quarter,data/research/cf27/generated/full-resolution-frames/nose-options-001-007/CF27_XBOXUNKNOWN_RTG_NOSE_002/CF27_XBOXUNKNOWN_RTG_NOSE_002_BEST_AVAILABLE_THREE_QUARTER_video-008_18p00s.png,derivative,standardAngleDerivativeFrame,072c479b0a0ced190939783b6075ba54bcd5c0d202484b404f566e2fc011ffa8,1302242,image/png,video-008,18,env-cf27-research-video-001-rtg-path,cf27-menu-head-skin-nose,CF27_XBOXUNKNOWN_RTG_NOSE_002,BEST_AVAILABLE_THREE_QUARTER,2026-07-13T01:31:15.000000Z,UNKNOWN_RESEARCHER,PRIMARY_RESEARCH_ONLY_NOT_SECOND_VERIFIED,CURRENT,valid,Full-screen frame extracted from a directly selected Nose label. Frame is a local derivative and is not production data. Category: Nose.
PRIMARY RESEARCH CANDIDATE — NOT PRODUCTION VERIFIED,evidence-frame-cf27_xboxunknown_rtg_nose_002-front,data/research/cf27/generated/full-resolution-frames/nose-options-001-007/CF27_XBOXUNKNOWN_RTG_NOSE_002/CF27_XBOXUNKNOWN_RTG_NOSE_002_FRONT_video-008_17p00s.png,derivative,standardAngleDerivativeFrame,65c1d83eb8037ca2618b058732dacd605db911d8a03d0dbf3cefef4366cab4ed,1327297,image/png,video-008,17,env-cf27-research-video-001-rtg-path,cf27-menu-head-skin-nose,CF27_XBOXUNKNOWN_RTG_NOSE_002,FRONT,2026-07-13T01:31:15.000000Z,UNKNOWN_RESEARCHER,PRIMARY_RESEARCH_ONLY_NOT_SECOND_VERIFIED,CURRENT,valid,Full-screen frame extracted from a directly selected Nose label. Frame is a local derivative and is not production data. Category: Nose.
PRIMARY RESEARCH CANDIDATE — NOT PRODUCTION VERIFIED,evidence-frame-cf27_xboxunknown_rtg_nose_002-menu_evidence,data/research/cf27/generated/full-resolution-frames/nose-options-001-007/CF27_XBOXUNKNOWN_RTG_NOSE_002/CF27_XBOXUNKNOWN_RTG_NOSE_002_MENU_EVIDENCE_video-008_17p00s.png,derivative,menuEvidenceFrame,65c1d83eb8037ca2618b058732dacd605db911d8a03d0dbf3cefef4366cab4ed,1327297,image/png,video-008,17,env-cf27-research-video-001-rtg-path,cf27-menu-head-skin-nose,CF27_XBOXUNKNOWN_RTG_NOSE_002,MENU,2026-07-13T01:31:15.000000Z,UNKNOWN_RESEARCHER,PRIMARY_RESEARCH_ONLY_NOT_SECOND_VERIFIED,CURRENT,valid,Full-screen frame extracted from a directly selected Nose label. Frame is a local derivative and is not production data. Category: Nose.
PRIMARY RESEARCH CANDIDATE — NOT PRODUCTION VERIFIED,evidence-frame-cf27_xboxunknown_rtg_nose_003-best_available_three_quarter,data/research/cf27/generated/full-resolution-frames/nose-options-001-007/CF27_XBOXUNKNOWN_RTG_NOSE_003/CF27_XBOXUNKNOWN_RTG_NOSE_003_BEST_AVAILABLE_THREE_QUARTER_video-008_20p00s.png,derivative,standardAngleDerivativeFrame,f3eef85da655c37d476a9301806060bd6c51c6f6d60e20b8e12df9457de90caa,1386582,image/png,video-008,20,env-cf27-research-video-001-rtg-path,cf27-menu-head-skin-nose,CF27_XBOXUNKNOWN_RTG_NOSE_003,BEST_AVAILABLE_THREE_QUARTER,2026-07-13T01:31:15.000000Z,UNKNOWN_RESEARCHER,PRIMARY_RESEARCH_ONLY_NOT_SECOND_VERIFIED,CURRENT,valid,Full-screen frame extracted from a directly selected Nose label. Frame is a local derivative and is not production data. Category: Nose.
PRIMARY RESEARCH CANDIDATE — NOT PRODUCTION VERIFIED,evidence-frame-cf27_xboxunknown_rtg_nose_003-front,data/research/cf27/generated/full-resolution-frames/nose-options-001-007/CF27_XBOXUNKNOWN_RTG_NOSE_003/CF27_XBOXUNKNOWN_RTG_NOSE_003_FRONT_video-008_19p00s.png,derivative,standardAngleDerivativeFrame,d1f8e83879c35f3ffbe78189cbfc7cf7a3b7f7880c1237281f53bf4901dfde34,1388072,image/png,video-008,19,env-cf27-research-video-001-rtg-path,cf27-menu-head-skin-nose,CF27_XBOXUNKNOWN_RTG_NOSE_003,FRONT,2026-07-13T01:31:15.000000Z,UNKNOWN_RESEARCHER,PRIMARY_RESEARCH_ONLY_NOT_SECOND_VERIFIED,CURRENT,valid,Full-screen frame extracted from a directly selected Nose label. Frame is a local derivative and is not production data. Category: Nose.
PRIMARY RESEARCH CANDIDATE — NOT PRODUCTION VERIFIED,evidence-frame-cf27_xboxunknown_rtg_nose_003-menu_evidence,data/research/cf27/generated/full-resolution-frames/nose-options-001-007/CF27_XBOXUNKNOWN_RTG_NOSE_003/CF27_XBOXUNKNOWN_RTG_NOSE_003_MENU_EVIDENCE_video-008_19p00s.png,derivative,menuEvidenceFrame,d1f8e83879c35f3ffbe78189cbfc7cf7a3b7f7880c1237281f53bf4901dfde34,1388072,image/png,video-008,19,env-cf27-research-video-001-rtg-path,cf27-menu-head-skin-nose,CF27_XBOXUNKNOWN_RTG_NOSE_003,MENU,2026-07-13T01:31:15.000000Z,UNKNOWN_RESEARCHER,PRIMARY_RESEARCH_ONLY_NOT_SECOND_VERIFIED,CURRENT,valid,Full-screen frame extracted from a directly selected Nose label. Frame is a local derivative and is not production data. Category: Nose.
PRIMARY RESEARCH CANDIDATE — NOT PRODUCTION VERIFIED,evidence-frame-cf27_xboxunknown_rtg_nose_004-best_available_three_quarter,data/research/cf27/generated/full-resolution-frames/nose-options-001-007/CF27_XBOXUNKNOWN_RTG_NOSE_004/CF27_XBOXUNKNOWN_RTG_NOSE_004_BEST_AVAILABLE_THREE_QUARTER_video-008_22p00s.png,derivative,standardAngleDerivativeFrame,34e5eacd7c41b3f2ed08b3fc47241e47064e297cbd56f4238a73d0c5d512d86d,1402846,image/png,video-008,22,env-cf27-research-video-001-rtg-path,cf27-menu-head-skin-nose,CF27_XBOXUNKNOWN_RTG_NOSE_004,BEST_AVAILABLE_THREE_QUARTER,2026-07-13T01:31:15.000000Z,UNKNOWN_RESEARCHER,PRIMARY_RESEARCH_ONLY_NOT_SECOND_VERIFIED,CURRENT,valid,Full-screen frame extracted from a directly selected Nose label. Frame is a local derivative and is not production data. Category: Nose.
PRIMARY RESEARCH CANDIDATE — NOT PRODUCTION VERIFIED,evidence-frame-cf27_xboxunknown_rtg_nose_004-front,data/research/cf27/generated/full-resolution-frames/nose-options-001-007/CF27_XBOXUNKNOWN_RTG_NOSE_004/CF27_XBOXUNKNOWN_RTG_NOSE_004_FRONT_video-008_21p00s.png,derivative,standardAngleDerivativeFrame,29d07f6899421a5dca22a7785b203d4b02d24f4a65d613bcc643534fb61499a6,1382977,image/png,video-008,21,env-cf27-research-video-001-rtg-path,cf27-menu-head-skin-nose,CF27_XBOXUNKNOWN_RTG_NOSE_004,FRONT,2026-07-13T01:31:15.000000Z,UNKNOWN_RESEARCHER,PRIMARY_RESEARCH_ONLY_NOT_SECOND_VERIFIED,CURRENT,valid,Full-screen frame extracted from a directly selected Nose label. Frame is a local derivative and is not production data. Category: Nose.
PRIMARY RESEARCH CANDIDATE — NOT PRODUCTION VERIFIED,evidence-frame-cf27_xboxunknown_rtg_nose_004-menu_evidence,data/research/cf27/generated/full-resolution-frames/nose-options-001-007/CF27_XBOXUNKNOWN_RTG_NOSE_004/CF27_XBOXUNKNOWN_RTG_NOSE_004_MENU_EVIDENCE_video-008_21p00s.png,derivative,menuEvidenceFrame,29d07f6899421a5dca22a7785b203d4b02d24f4a65d613bcc643534fb61499a6,1382977,image/png,video-008,21,env-cf27-research-video-001-rtg-path,cf27-menu-head-skin-nose,CF27_XBOXUNKNOWN_RTG_NOSE_004,MENU,2026-07-13T01:31:15.000000Z,UNKNOWN_RESEARCHER,PRIMARY_RESEARCH_ONLY_NOT_SECOND_VERIFIED,CURRENT,valid,Full-screen frame extracted from a directly selected Nose label. Frame is a local derivative and is not production data. Category: Nose.
PRIMARY RESEARCH CANDIDATE — NOT PRODUCTION VERIFIED,evidence-frame-cf27_xboxunknown_rtg_nose_005-best_available_three_quarter,data/research/cf27/generated/full-resolution-frames/nose-options-001-007/CF27_XBOXUNKNOWN_RTG_NOSE_005/CF27_XBOXUNKNOWN_RTG_NOSE_005_BEST_AVAILABLE_THREE_QUARTER_video-008_14p00s.png,derivative,standardAngleDerivativeFrame,b87bc1365340deba50f9867863057e3fd2e2a73fc6e1b2c2767b5b0609a7919e,1367916,image/png,video-008,14,env-cf27-research-video-001-rtg-path,cf27-menu-head-skin-nose,CF27_XBOXUNKNOWN_RTG_NOSE_005,BEST_AVAILABLE_THREE_QUARTER,2026-07-13T01:31:15.000000Z,UNKNOWN_RESEARCHER,PRIMARY_RESEARCH_ONLY_NOT_SECOND_VERIFIED,CURRENT,valid,Full-screen frame extracted from a directly selected Nose label. Frame is a local derivative and is not production data. Category: Nose.
PRIMARY RESEARCH CANDIDATE — NOT PRODUCTION VERIFIED,evidence-frame-cf27_xboxunknown_rtg_nose_005-front,data/research/cf27/generated/full-resolution-frames/nose-options-001-007/CF27_XBOXUNKNOWN_RTG_NOSE_005/CF27_XBOXUNKNOWN_RTG_NOSE_005_FRONT_video-008_29p00s.png,derivative,standardAngleDerivativeFrame,d3c0dc5215979abadf14a0481ebb9745db7c595bec6ba2f3bf80d1eae2cd7ba0,1397881,image/png,video-008,29,env-cf27-research-video-001-rtg-path,cf27-menu-head-skin-nose,CF27_XBOXUNKNOWN_RTG_NOSE_005,FRONT,2026-07-13T01:31:15.000000Z,UNKNOWN_RESEARCHER,PRIMARY_RESEARCH_ONLY_NOT_SECOND_VERIFIED,CURRENT,valid,Full-screen frame extracted from a directly selected Nose label. Frame is a local derivative and is not production data. Category: Nose.
PRIMARY RESEARCH CANDIDATE — NOT PRODUCTION VERIFIED,evidence-frame-cf27_xboxunknown_rtg_nose_005-menu_evidence,data/research/cf27/generated/full-resolution-frames/nose-options-001-007/CF27_XBOXUNKNOWN_RTG_NOSE_005/CF27_XBOXUNKNOWN_RTG_NOSE_005_MENU_EVIDENCE_video-008_29p00s.png,derivative,menuEvidenceFrame,d3c0dc5215979abadf14a0481ebb9745db7c595bec6ba2f3bf80d1eae2cd7ba0,1397881,image/png,video-008,29,env-cf27-research-video-001-rtg-path,cf27-menu-head-skin-nose,CF27_XBOXUNKNOWN_RTG_NOSE_005,MENU,2026-07-13T01:31:15.000000Z,UNKNOWN_RESEARCHER,PRIMARY_RESEARCH_ONLY_NOT_SECOND_VERIFIED,CURRENT,valid,Full-screen frame extracted from a directly selected Nose label. Frame is a local derivative and is not production data. Category: Nose.
PRIMARY RESEARCH CANDIDATE — NOT PRODUCTION VERIFIED,evidence-frame-cf27_xboxunknown_rtg_nose_006-best_available_three_quarter,data/research/cf27/generated/full-resolution-frames/nose-options-001-007/CF27_XBOXUNKNOWN_RTG_NOSE_006/CF27_XBOXUNKNOWN_RTG_NOSE_006_BEST_AVAILABLE_THREE_QUARTER_video-008_25p00s.png,derivative,standardAngleDerivativeFrame,d6f35d114a03855d75b48c8c0e63ed30e9edb0b57c50f0bc1666e344019d6052,1377328,image/png,video-008,25,env-cf27-research-video-001-rtg-path,cf27-menu-head-skin-nose,CF27_XBOXUNKNOWN_RTG_NOSE_006,BEST_AVAILABLE_THREE_QUARTER,2026-07-13T01:31:15.000000Z,UNKNOWN_RESEARCHER,PRIMARY_RESEARCH_ONLY_NOT_SECOND_VERIFIED,CURRENT,valid,Full-screen frame extracted from a directly selected Nose label. Frame is a local derivative and is not production data. Category: Nose.
PRIMARY RESEARCH CANDIDATE — NOT PRODUCTION VERIFIED,evidence-frame-cf27_xboxunknown_rtg_nose_006-front,data/research/cf27/generated/full-resolution-frames/nose-options-001-007/CF27_XBOXUNKNOWN_RTG_NOSE_006/CF27_XBOXUNKNOWN_RTG_NOSE_006_FRONT_video-008_26p00s.png,derivative,standardAngleDerivativeFrame,3220379312d8ad4d1557e894a605a5287cd74c7c79cab535d0eb4677159ae588,1401602,image/png,video-008,26,env-cf27-research-video-001-rtg-path,cf27-menu-head-skin-nose,CF27_XBOXUNKNOWN_RTG_NOSE_006,FRONT,2026-07-13T01:31:15.000000Z,UNKNOWN_RESEARCHER,PRIMARY_RESEARCH_ONLY_NOT_SECOND_VERIFIED,CURRENT,valid,Full-screen frame extracted from a directly selected Nose label. Frame is a local derivative and is not production data. Category: Nose.
PRIMARY RESEARCH CANDIDATE — NOT PRODUCTION VERIFIED,evidence-frame-cf27_xboxunknown_rtg_nose_006-menu_evidence,data/research/cf27/generated/full-resolution-frames/nose-options-001-007/CF27_XBOXUNKNOWN_RTG_NOSE_006/CF27_XBOXUNKNOWN_RTG_NOSE_006_MENU_EVIDENCE_video-008_26p00s.png,derivative,menuEvidenceFrame,3220379312d8ad4d1557e894a605a5287cd74c7c79cab535d0eb4677159ae588,1401602,image/png,video-008,26,env-cf27-research-video-001-rtg-path,cf27-menu-head-skin-nose,CF27_XBOXUNKNOWN_RTG_NOSE_006,MENU,2026-07-13T01:31:15.000000Z,UNKNOWN_RESEARCHER,PRIMARY_RESEARCH_ONLY_NOT_SECOND_VERIFIED,CURRENT,valid,Full-screen frame extracted from a directly selected Nose label. Frame is a local derivative and is not production data. Category: Nose.
PRIMARY RESEARCH CANDIDATE — NOT PRODUCTION VERIFIED,evidence-frame-cf27_xboxunknown_rtg_nose_007-best_available_three_quarter,data/research/cf27/generated/full-resolution-frames/nose-options-001-007/CF27_XBOXUNKNOWN_RTG_NOSE_007/CF27_XBOXUNKNOWN_RTG_NOSE_007_BEST_AVAILABLE_THREE_QUARTER_video-008_24p00s.png,derivative,standardAngleDerivativeFrame,edcfe159c7ee5c9878e05c99a68bc518d5dbcb72e7c11a88ce374217e7d501e4,1374649,image/png,video-008,24,env-cf27-research-video-001-rtg-path,cf27-menu-head-skin-nose,CF27_XBOXUNKNOWN_RTG_NOSE_007,BEST_AVAILABLE_THREE_QUARTER,2026-07-13T01:31:15.000000Z,UNKNOWN_RESEARCHER,PRIMARY_RESEARCH_ONLY_NOT_SECOND_VERIFIED,CURRENT,valid,Full-screen frame extracted from a directly selected Nose label. Frame is a local derivative and is not production data. Category: Nose.
PRIMARY RESEARCH CANDIDATE — NOT PRODUCTION VERIFIED,evidence-frame-cf27_xboxunknown_rtg_nose_007-front,data/research/cf27/generated/full-resolution-frames/nose-options-001-007/CF27_XBOXUNKNOWN_RTG_NOSE_007/CF27_XBOXUNKNOWN_RTG_NOSE_007_FRONT_video-008_23p00s.png,derivative,standardAngleDerivativeFrame,08b6ff5ac4f5f6a329eeb64c78887033bb640d98457d06e1bc3d409ce4c1cfae,1413564,image/png,video-008,23,env-cf27-research-video-001-rtg-path,cf27-menu-head-skin-nose,CF27_XBOXUNKNOWN_RTG_NOSE_007,FRONT,2026-07-13T01:31:15.000000Z,UNKNOWN_RESEARCHER,PRIMARY_RESEARCH_ONLY_NOT_SECOND_VERIFIED,CURRENT,valid,Full-screen frame extracted from a directly selected Nose label. Frame is a local derivative and is not production data. Category: Nose.
PRIMARY RESEARCH CANDIDATE — NOT PRODUCTION VERIFIED,evidence-frame-cf27_xboxunknown_rtg_nose_007-menu_evidence,data/research/cf27/generated/full-resolution-frames/nose-options-001-007/CF27_XBOXUNKNOWN_RTG_NOSE_007/CF27_XBOXUNKNOWN_RTG_NOSE_007_MENU_EVIDENCE_video-008_23p00s.png,derivative,menuEvidenceFrame,08b6ff5ac4f5f6a329eeb64c78887033bb640d98457d06e1bc3d409ce4c1cfae,1413564,image/png,video-008,23,env-cf27-research-video-001-rtg-path,cf27-menu-head-skin-nose,CF27_XBOXUNKNOWN_RTG_NOSE_007,MENU,2026-07-13T01:31:15.000000Z,UNKNOWN_RESEARCHER,PRIMARY_RESEARCH_ONLY_NOT_SECOND_VERIFIED,CURRENT,valid,Full-screen frame extracted from a directly selected Nose label. Frame is a local derivative and is not production data. Category: Nose.
PRIMARY RESEARCH CANDIDATE — NOT PRODUCTION VERIFIED,evidence-frame-cf27_xboxunknown_rtg_skindetails_001-character_stable,data/research/cf27/generated/full-resolution-frames/skin-details-options-001-010/CF27_XBOXUNKNOWN_RTG_SKINDETAILS_001/CF27_XBOXUNKNOWN_RTG_SKINDETAILS_001_CHARACTER_STABLE_video-005_8p00s.png,derivative,catalogDerivativeFrame,7c15b44b022de8209eb8de659a64ceba3bb14efdaf9502cdecceb98c19f86278,1526108,image/png,video-005,8,env-cf27-research-video-001-rtg-path,cf27-menu-head-skin-skin-details,CF27_XBOXUNKNOWN_RTG_SKINDETAILS_001,CHARACTER_STABLE,2026-07-13T01:28:50.000000Z,UNKNOWN_RESEARCHER,PRIMARY_RESEARCH_ONLY_NOT_SECOND_VERIFIED,CURRENT,valid,Full-screen frame extracted from a directly selected Skin Details label. Frame is a local derivative and is not production data. Category: Skin Details.
PRIMARY RESEARCH CANDIDATE — NOT PRODUCTION VERIFIED,evidence-frame-cf27_xboxunknown_rtg_skindetails_001-menu,data/research/cf27/generated/full-resolution-frames/skin-details-options-001-010/CF27_XBOXUNKNOWN_RTG_SKINDETAILS_001/CF27_XBOXUNKNOWN_RTG_SKINDETAILS_001_MENU_video-005_8p00s.png,derivative,menuEvidenceFrame,7c15b44b022de8209eb8de659a64ceba3bb14efdaf9502cdecceb98c19f86278,1526108,image/png,video-005,8,env-cf27-research-video-001-rtg-path,cf27-menu-head-skin-skin-details,CF27_XBOXUNKNOWN_RTG_SKINDETAILS_001,MENU,2026-07-13T01:28:50.000000Z,UNKNOWN_RESEARCHER,PRIMARY_RESEARCH_ONLY_NOT_SECOND_VERIFIED,CURRENT,valid,Full-screen frame extracted from a directly selected Skin Details label. Frame is a local derivative and is not production data. Category: Skin Details.
PRIMARY RESEARCH CANDIDATE — NOT PRODUCTION VERIFIED,evidence-frame-cf27_xboxunknown_rtg_skindetails_002-character_stable,data/research/cf27/generated/full-resolution-frames/skin-details-options-001-010/CF27_XBOXUNKNOWN_RTG_SKINDETAILS_002/CF27_XBOXUNKNOWN_RTG_SKINDETAILS_002_CHARACTER_STABLE_video-005_10p00s.png,derivative,catalogDerivativeFrame,6f344155a804d0e05743144c8091b6bd1536001841a4baa714318d6b629fb2ec,1531118,image/png,video-005,10,env-cf27-research-video-001-rtg-path,cf27-menu-head-skin-skin-details,CF27_XBOXUNKNOWN_RTG_SKINDETAILS_002,CHARACTER_STABLE,2026-07-13T01:28:50.000000Z,UNKNOWN_RESEARCHER,PRIMARY_RESEARCH_ONLY_NOT_SECOND_VERIFIED,CURRENT,valid,Full-screen frame extracted from a directly selected Skin Details label. Frame is a local derivative and is not production data. Category: Skin Details.
PRIMARY RESEARCH CANDIDATE — NOT PRODUCTION VERIFIED,evidence-frame-cf27_xboxunknown_rtg_skindetails_002-menu,data/research/cf27/generated/full-resolution-frames/skin-details-options-001-010/CF27_XBOXUNKNOWN_RTG_SKINDETAILS_002/CF27_XBOXUNKNOWN_RTG_SKINDETAILS_002_MENU_video-005_10p00s.png,derivative,menuEvidenceFrame,6f344155a804d0e05743144c8091b6bd1536001841a4baa714318d6b629fb2ec,1531118,image/png,video-005,10,env-cf27-research-video-001-rtg-path,cf27-menu-head-skin-skin-details,CF27_XBOXUNKNOWN_RTG_SKINDETAILS_002,MENU,2026-07-13T01:28:50.000000Z,UNKNOWN_RESEARCHER,PRIMARY_RESEARCH_ONLY_NOT_SECOND_VERIFIED,CURRENT,valid,Full-screen frame extracted from a directly selected Skin Details label. Frame is a local derivative and is not production data. Category: Skin Details.
PRIMARY RESEARCH CANDIDATE — NOT PRODUCTION VERIFIED,evidence-frame-cf27_xboxunknown_rtg_skindetails_003-character_stable,data/research/cf27/generated/full-resolution-frames/skin-details-options-001-010/CF27_XBOXUNKNOWN_RTG_SKINDETAILS_003/CF27_XBOXUNKNOWN_RTG_SKINDETAILS_003_CHARACTER_STABLE_video-005_13p00s.png,derivative,catalogDerivativeFrame,10ca0e3680a730321aefeeec831cfe866acef89988eddfad27287ff4128de46f,1536371,image/png,video-005,13,env-cf27-research-video-001-rtg-path,cf27-menu-head-skin-skin-details,CF27_XBOXUNKNOWN_RTG_SKINDETAILS_003,CHARACTER_STABLE,2026-07-13T01:28:50.000000Z,UNKNOWN_RESEARCHER,PRIMARY_RESEARCH_ONLY_NOT_SECOND_VERIFIED,CURRENT,valid,Full-screen frame extracted from a directly selected Skin Details label. Frame is a local derivative and is not production data. Category: Skin Details.
PRIMARY RESEARCH CANDIDATE — NOT PRODUCTION VERIFIED,evidence-frame-cf27_xboxunknown_rtg_skindetails_003-menu,data/research/cf27/generated/full-resolution-frames/skin-details-options-001-010/CF27_XBOXUNKNOWN_RTG_SKINDETAILS_003/CF27_XBOXUNKNOWN_RTG_SKINDETAILS_003_MENU_video-005_13p00s.png,derivative,menuEvidenceFrame,10ca0e3680a730321aefeeec831cfe866acef89988eddfad27287ff4128de46f,1536371,image/png,video-005,13,env-cf27-research-video-001-rtg-path,cf27-menu-head-skin-skin-details,CF27_XBOXUNKNOWN_RTG_SKINDETAILS_003,MENU,2026-07-13T01:28:50.000000Z,UNKNOWN_RESEARCHER,PRIMARY_RESEARCH_ONLY_NOT_SECOND_VERIFIED,CURRENT,valid,Full-screen frame extracted from a directly selected Skin Details label. Frame is a local derivative and is not production data. Category: Skin Details.
PRIMARY RESEARCH CANDIDATE — NOT PRODUCTION VERIFIED,evidence-frame-cf27_xboxunknown_rtg_skindetails_004-character_stable,data/research/cf27/generated/full-resolution-frames/skin-details-options-001-010/CF27_XBOXUNKNOWN_RTG_SKINDETAILS_004/CF27_XBOXUNKNOWN_RTG_SKINDETAILS_004_CHARACTER_STABLE_video-005_15p50s.png,derivative,catalogDerivativeFrame,f389b2a66617594496967c38dbcfe285116c55d76aa249e89b192bfa24519ae4,1478378,image/png,video-005,15.5,env-cf27-research-video-001-rtg-path,cf27-menu-head-skin-skin-details,CF27_XBOXUNKNOWN_RTG_SKINDETAILS_004,CHARACTER_STABLE,2026-07-13T01:28:50.000000Z,UNKNOWN_RESEARCHER,PRIMARY_RESEARCH_ONLY_NOT_SECOND_VERIFIED,CURRENT,valid,Full-screen frame extracted from a directly selected Skin Details label. Frame is a local derivative and is not production data. Category: Skin Details.
PRIMARY RESEARCH CANDIDATE — NOT PRODUCTION VERIFIED,evidence-frame-cf27_xboxunknown_rtg_skindetails_004-menu,data/research/cf27/generated/full-resolution-frames/skin-details-options-001-010/CF27_XBOXUNKNOWN_RTG_SKINDETAILS_004/CF27_XBOXUNKNOWN_RTG_SKINDETAILS_004_MENU_video-005_15p50s.png,derivative,menuEvidenceFrame,f389b2a66617594496967c38dbcfe285116c55d76aa249e89b192bfa24519ae4,1478378,image/png,video-005,15.5,env-cf27-research-video-001-rtg-path,cf27-menu-head-skin-skin-details,CF27_XBOXUNKNOWN_RTG_SKINDETAILS_004,MENU,2026-07-13T01:28:50.000000Z,UNKNOWN_RESEARCHER,PRIMARY_RESEARCH_ONLY_NOT_SECOND_VERIFIED,CURRENT,valid,Full-screen frame extracted from a directly selected Skin Details label. Frame is a local derivative and is not production data. Category: Skin Details.
PRIMARY RESEARCH CANDIDATE — NOT PRODUCTION VERIFIED,evidence-frame-cf27_xboxunknown_rtg_skindetails_005-character_stable,data/research/cf27/generated/full-resolution-frames/skin-details-options-001-010/CF27_XBOXUNKNOWN_RTG_SKINDETAILS_005/CF27_XBOXUNKNOWN_RTG_SKINDETAILS_005_CHARACTER_STABLE_video-005_24p00s.png,derivative,catalogDerivativeFrame,3428a87e3a4ae4e94b8af5f2e72069b8c76a733ce1f686dac261c64316d07a8c,1579177,image/png,video-005,24,env-cf27-research-video-001-rtg-path,cf27-menu-head-skin-skin-details,CF27_XBOXUNKNOWN_RTG_SKINDETAILS_005,CHARACTER_STABLE,2026-07-13T01:28:50.000000Z,UNKNOWN_RESEARCHER,PRIMARY_RESEARCH_ONLY_NOT_SECOND_VERIFIED,CURRENT,valid,Full-screen frame extracted from a directly selected Skin Details label. Frame is a local derivative and is not production data. Category: Skin Details.
PRIMARY RESEARCH CANDIDATE — NOT PRODUCTION VERIFIED,evidence-frame-cf27_xboxunknown_rtg_skindetails_005-menu,data/research/cf27/generated/full-resolution-frames/skin-details-options-001-010/CF27_XBOXUNKNOWN_RTG_SKINDETAILS_005/CF27_XBOXUNKNOWN_RTG_SKINDETAILS_005_MENU_video-005_24p00s.png,derivative,menuEvidenceFrame,3428a87e3a4ae4e94b8af5f2e72069b8c76a733ce1f686dac261c64316d07a8c,1579177,image/png,video-005,24,env-cf27-research-video-001-rtg-path,cf27-menu-head-skin-skin-details,CF27_XBOXUNKNOWN_RTG_SKINDETAILS_005,MENU,2026-07-13T01:28:50.000000Z,UNKNOWN_RESEARCHER,PRIMARY_RESEARCH_ONLY_NOT_SECOND_VERIFIED,CURRENT,valid,Full-screen frame extracted from a directly selected Skin Details label. Frame is a local derivative and is not production data. Category: Skin Details.
PRIMARY RESEARCH CANDIDATE — NOT PRODUCTION VERIFIED,evidence-frame-cf27_xboxunknown_rtg_skindetails_006-character_stable,data/research/cf27/generated/full-resolution-frames/skin-details-options-001-010/CF27_XBOXUNKNOWN_RTG_SKINDETAILS_006/CF27_XBOXUNKNOWN_RTG_SKINDETAILS_006_CHARACTER_STABLE_video-005_22p00s.png,derivative,catalogDerivativeFrame,adc62dbcc6186c5d98ee2e93fcbbc32187c2a1d4af837e713552e306e1237c3d,1562257,image/png,video-005,22,env-cf27-research-video-001-rtg-path,cf27-menu-head-skin-skin-details,CF27_XBOXUNKNOWN_RTG_SKINDETAILS_006,CHARACTER_STABLE,2026-07-13T01:28:50.000000Z,UNKNOWN_RESEARCHER,PRIMARY_RESEARCH_ONLY_NOT_SECOND_VERIFIED,CURRENT,valid,Full-screen frame extracted from a directly selected Skin Details label. Frame is a local derivative and is not production data. Category: Skin Details.
PRIMARY RESEARCH CANDIDATE — NOT PRODUCTION VERIFIED,evidence-frame-cf27_xboxunknown_rtg_skindetails_006-menu,data/research/cf27/generated/full-resolution-frames/skin-details-options-001-010/CF27_XBOXUNKNOWN_RTG_SKINDETAILS_006/CF27_XBOXUNKNOWN_RTG_SKINDETAILS_006_MENU_video-005_22p00s.png,derivative,menuEvidenceFrame,adc62dbcc6186c5d98ee2e93fcbbc32187c2a1d4af837e713552e306e1237c3d,1562257,image/png,video-005,22,env-cf27-research-video-001-rtg-path,cf27-menu-head-skin-skin-details,CF27_XBOXUNKNOWN_RTG_SKINDETAILS_006,MENU,2026-07-13T01:28:50.000000Z,UNKNOWN_RESEARCHER,PRIMARY_RESEARCH_ONLY_NOT_SECOND_VERIFIED,CURRENT,valid,Full-screen frame extracted from a directly selected Skin Details label. Frame is a local derivative and is not production data. Category: Skin Details.
PRIMARY RESEARCH CANDIDATE — NOT PRODUCTION VERIFIED,evidence-frame-cf27_xboxunknown_rtg_skindetails_007-character_stable,data/research/cf27/generated/full-resolution-frames/skin-details-options-001-010/CF27_XBOXUNKNOWN_RTG_SKINDETAILS_007/CF27_XBOXUNKNOWN_RTG_SKINDETAILS_007_CHARACTER_STABLE_video-005_20p00s.png,derivative,catalogDerivativeFrame,8ff9550a97891310dca6fab20891761c0a352318198622a9307a83f0916ff8e1,1505933,image/png,video-005,20,env-cf27-research-video-001-rtg-path,cf27-menu-head-skin-skin-details,CF27_XBOXUNKNOWN_RTG_SKINDETAILS_007,CHARACTER_STABLE,2026-07-13T01:28:50.000000Z,UNKNOWN_RESEARCHER,PRIMARY_RESEARCH_ONLY_NOT_SECOND_VERIFIED,CURRENT,valid,Full-screen frame extracted from a directly selected Skin Details label. Frame is a local derivative and is not production data. Category: Skin Details.
PRIMARY RESEARCH CANDIDATE — NOT PRODUCTION VERIFIED,evidence-frame-cf27_xboxunknown_rtg_skindetails_007-menu,data/research/cf27/generated/full-resolution-frames/skin-details-options-001-010/CF27_XBOXUNKNOWN_RTG_SKINDETAILS_007/CF27_XBOXUNKNOWN_RTG_SKINDETAILS_007_MENU_video-005_20p00s.png,derivative,menuEvidenceFrame,8ff9550a97891310dca6fab20891761c0a352318198622a9307a83f0916ff8e1,1505933,image/png,video-005,20,env-cf27-research-video-001-rtg-path,cf27-menu-head-skin-skin-details,CF27_XBOXUNKNOWN_RTG_SKINDETAILS_007,MENU,2026-07-13T01:28:50.000000Z,UNKNOWN_RESEARCHER,PRIMARY_RESEARCH_ONLY_NOT_SECOND_VERIFIED,CURRENT,valid,Full-screen frame extracted from a directly selected Skin Details label. Frame is a local derivative and is not production data. Category: Skin Details.
PRIMARY RESEARCH CANDIDATE — NOT PRODUCTION VERIFIED,evidence-frame-cf27_xboxunknown_rtg_skindetails_008-character_stable,data/research/cf27/generated/full-resolution-frames/skin-details-options-001-010/CF27_XBOXUNKNOWN_RTG_SKINDETAILS_008/CF27_XBOXUNKNOWN_RTG_SKINDETAILS_008_CHARACTER_STABLE_video-005_18p00s.png,derivative,catalogDerivativeFrame,bbfc2ba7f18336bdb59939f3c4be3bf6d2dea56531841573f8cdd9427898be6a,1506690,image/png,video-005,18,env-cf27-research-video-001-rtg-path,cf27-menu-head-skin-skin-details,CF27_XBOXUNKNOWN_RTG_SKINDETAILS_008,CHARACTER_STABLE,2026-07-13T01:28:50.000000Z,UNKNOWN_RESEARCHER,PRIMARY_RESEARCH_ONLY_NOT_SECOND_VERIFIED,CURRENT,valid,Full-screen frame extracted from a directly selected Skin Details label. Frame is a local derivative and is not production data. Category: Skin Details.
PRIMARY RESEARCH CANDIDATE — NOT PRODUCTION VERIFIED,evidence-frame-cf27_xboxunknown_rtg_skindetails_008-menu,data/research/cf27/generated/full-resolution-frames/skin-details-options-001-010/CF27_XBOXUNKNOWN_RTG_SKINDETAILS_008/CF27_XBOXUNKNOWN_RTG_SKINDETAILS_008_MENU_video-005_18p00s.png,derivative,menuEvidenceFrame,bbfc2ba7f18336bdb59939f3c4be3bf6d2dea56531841573f8cdd9427898be6a,1506690,image/png,video-005,18,env-cf27-research-video-001-rtg-path,cf27-menu-head-skin-skin-details,CF27_XBOXUNKNOWN_RTG_SKINDETAILS_008,MENU,2026-07-13T01:28:50.000000Z,UNKNOWN_RESEARCHER,PRIMARY_RESEARCH_ONLY_NOT_SECOND_VERIFIED,CURRENT,valid,Full-screen frame extracted from a directly selected Skin Details label. Frame is a local derivative and is not production data. Category: Skin Details.
PRIMARY RESEARCH CANDIDATE — NOT PRODUCTION VERIFIED,evidence-frame-cf27_xboxunknown_rtg_skindetails_009-character_stable,data/research/cf27/generated/full-resolution-frames/skin-details-options-001-010/CF27_XBOXUNKNOWN_RTG_SKINDETAILS_009/CF27_XBOXUNKNOWN_RTG_SKINDETAILS_009_CHARACTER_STABLE_video-005_26p00s.png,derivative,catalogDerivativeFrame,dafc00930bc01fea10c680ec70e8b6fa2c6a946c767017ab14eba471e1a5ea14,1512459,image/png,video-005,26,env-cf27-research-video-001-rtg-path,cf27-menu-head-skin-skin-details,CF27_XBOXUNKNOWN_RTG_SKINDETAILS_009,CHARACTER_STABLE,2026-07-13T01:28:50.000000Z,UNKNOWN_RESEARCHER,PRIMARY_RESEARCH_ONLY_NOT_SECOND_VERIFIED,CURRENT,valid,Full-screen frame extracted from a directly selected Skin Details label. Frame is a local derivative and is not production data. Category: Skin Details.
PRIMARY RESEARCH CANDIDATE — NOT PRODUCTION VERIFIED,evidence-frame-cf27_xboxunknown_rtg_skindetails_009-menu,data/research/cf27/generated/full-resolution-frames/skin-details-options-001-010/CF27_XBOXUNKNOWN_RTG_SKINDETAILS_009/CF27_XBOXUNKNOWN_RTG_SKINDETAILS_009_MENU_video-005_26p00s.png,derivative,menuEvidenceFrame,dafc00930bc01fea10c680ec70e8b6fa2c6a946c767017ab14eba471e1a5ea14,1512459,image/png,video-005,26,env-cf27-research-video-001-rtg-path,cf27-menu-head-skin-skin-details,CF27_XBOXUNKNOWN_RTG_SKINDETAILS_009,MENU,2026-07-13T01:28:50.000000Z,UNKNOWN_RESEARCHER,PRIMARY_RESEARCH_ONLY_NOT_SECOND_VERIFIED,CURRENT,valid,Full-screen frame extracted from a directly selected Skin Details label. Frame is a local derivative and is not production data. Category: Skin Details.
PRIMARY RESEARCH CANDIDATE — NOT PRODUCTION VERIFIED,evidence-frame-cf27_xboxunknown_rtg_skindetails_010-character_stable,data/research/cf27/generated/full-resolution-frames/skin-details-options-001-010/CF27_XBOXUNKNOWN_RTG_SKINDETAILS_010/CF27_XBOXUNKNOWN_RTG_SKINDETAILS_010_CHARACTER_STABLE_video-005_29p00s.png,derivative,catalogDerivativeFrame,254d86eb2ae21cd08150dab39d8d577c101a09acfbe0e6d940b91093f5bbf396,1544399,image/png,video-005,29,env-cf27-research-video-001-rtg-path,cf27-menu-head-skin-skin-details,CF27_XBOXUNKNOWN_RTG_SKINDETAILS_010,CHARACTER_STABLE,2026-07-13T01:28:50.000000Z,UNKNOWN_RESEARCHER,PRIMARY_RESEARCH_ONLY_NOT_SECOND_VERIFIED,CURRENT,valid,Full-screen frame extracted from a directly selected Skin Details label. Frame is a local derivative and is not production data. Category: Skin Details.
PRIMARY RESEARCH CANDIDATE — NOT PRODUCTION VERIFIED,evidence-frame-cf27_xboxunknown_rtg_skindetails_010-menu,data/research/cf27/generated/full-resolution-frames/skin-details-options-001-010/CF27_XBOXUNKNOWN_RTG_SKINDETAILS_010/CF27_XBOXUNKNOWN_RTG_SKINDETAILS_010_MENU_video-005_29p00s.png,derivative,menuEvidenceFrame,254d86eb2ae21cd08150dab39d8d577c101a09acfbe0e6d940b91093f5bbf396,1544399,image/png,video-005,29,env-cf27-research-video-001-rtg-path,cf27-menu-head-skin-skin-details,CF27_XBOXUNKNOWN_RTG_SKINDETAILS_010,MENU,2026-07-13T01:28:50.000000Z,UNKNOWN_RESEARCHER,PRIMARY_RESEARCH_ONLY_NOT_SECOND_VERIFIED,CURRENT,valid,Full-screen frame extracted from a directly selected Skin Details label. Frame is a local derivative and is not production data. Category: Skin Details.
PRIMARY RESEARCH CANDIDATE — NOT PRODUCTION VERIFIED,evidence-frame-cf27_xboxunknown_rtg_skintone_001-character_stable,data/research/cf27/generated/full-resolution-frames/skin-tone-values-001-024/CF27_XBOXUNKNOWN_RTG_SKINTONE_001/CF27_XBOXUNKNOWN_RTG_SKINTONE_001_CHARACTER_STABLE_video-004_45p50s.png,derivative,catalogDerivativeFrame,d0c74f973e3797777b9e937cf7811cd5022323f73b6bce6e5d0f7b15f182b2d6,1443593,image/png,video-004,45.5,env-cf27-research-video-001-rtg-path,cf27-menu-head-skin-skin-tone,CF27_XBOXUNKNOWN_RTG_SKINTONE_001,CHARACTER_STABLE,2026-07-13T01:27:47.000000Z,UNKNOWN_RESEARCHER,PRIMARY_RESEARCH_ONLY_NOT_SECOND_VERIFIED,CURRENT,valid,Full-screen frame extracted from a directly selected Skin Tone label. Frame is a local derivative and is not production data. Category: Skin Tone.
PRIMARY RESEARCH CANDIDATE — NOT PRODUCTION VERIFIED,evidence-frame-cf27_xboxunknown_rtg_skintone_001-menu,data/research/cf27/generated/full-resolution-frames/skin-tone-values-001-024/CF27_XBOXUNKNOWN_RTG_SKINTONE_001/CF27_XBOXUNKNOWN_RTG_SKINTONE_001_MENU_video-004_45p50s.png,derivative,menuEvidenceFrame,d0c74f973e3797777b9e937cf7811cd5022323f73b6bce6e5d0f7b15f182b2d6,1443593,image/png,video-004,45.5,env-cf27-research-video-001-rtg-path,cf27-menu-head-skin-skin-tone,CF27_XBOXUNKNOWN_RTG_SKINTONE_001,MENU,2026-07-13T01:27:47.000000Z,UNKNOWN_RESEARCHER,PRIMARY_RESEARCH_ONLY_NOT_SECOND_VERIFIED,CURRENT,valid,Full-screen frame extracted from a directly selected Skin Tone label. Frame is a local derivative and is not production data. Category: Skin Tone.
PRIMARY RESEARCH CANDIDATE — NOT PRODUCTION VERIFIED,evidence-frame-cf27_xboxunknown_rtg_skintone_002-character_stable,data/research/cf27/generated/full-resolution-frames/skin-tone-values-001-024/CF27_XBOXUNKNOWN_RTG_SKINTONE_002/CF27_XBOXUNKNOWN_RTG_SKINTONE_002_CHARACTER_STABLE_video-004_47p00s.png,derivative,catalogDerivativeFrame,8d9cbd282a9261e76948802c0e47ed11034421311cef14d737888bf1464b70fc,1454350,image/png,video-004,47,env-cf27-research-video-001-rtg-path,cf27-menu-head-skin-skin-tone,CF27_XBOXUNKNOWN_RTG_SKINTONE_002,CHARACTER_STABLE,2026-07-13T01:27:47.000000Z,UNKNOWN_RESEARCHER,PRIMARY_RESEARCH_ONLY_NOT_SECOND_VERIFIED,CURRENT,valid,Full-screen frame extracted from a directly selected Skin Tone label. Frame is a local derivative and is not production data. Category: Skin Tone.
PRIMARY RESEARCH CANDIDATE — NOT PRODUCTION VERIFIED,evidence-frame-cf27_xboxunknown_rtg_skintone_002-menu,data/research/cf27/generated/full-resolution-frames/skin-tone-values-001-024/CF27_XBOXUNKNOWN_RTG_SKINTONE_002/CF27_XBOXUNKNOWN_RTG_SKINTONE_002_MENU_video-004_47p00s.png,derivative,menuEvidenceFrame,8d9cbd282a9261e76948802c0e47ed11034421311cef14d737888bf1464b70fc,1454350,image/png,video-004,47,env-cf27-research-video-001-rtg-path,cf27-menu-head-skin-skin-tone,CF27_XBOXUNKNOWN_RTG_SKINTONE_002,MENU,2026-07-13T01:27:47.000000Z,UNKNOWN_RESEARCHER,PRIMARY_RESEARCH_ONLY_NOT_SECOND_VERIFIED,CURRENT,valid,Full-screen frame extracted from a directly selected Skin Tone label. Frame is a local derivative and is not production data. Category: Skin Tone.
PRIMARY RESEARCH CANDIDATE — NOT PRODUCTION VERIFIED,evidence-frame-cf27_xboxunknown_rtg_skintone_003-character_stable,data/research/cf27/generated/full-resolution-frames/skin-tone-values-001-024/CF27_XBOXUNKNOWN_RTG_SKINTONE_003/CF27_XBOXUNKNOWN_RTG_SKINTONE_003_CHARACTER_STABLE_video-004_48p50s.png,derivative,catalogDerivativeFrame,b42f9dcab6e7c5106865c5ab10d9759d9a586857be201dcce23841ca91319803,1472773,image/png,video-004,48.5,env-cf27-research-video-001-rtg-path,cf27-menu-head-skin-skin-tone,CF27_XBOXUNKNOWN_RTG_SKINTONE_003,CHARACTER_STABLE,2026-07-13T01:27:47.000000Z,UNKNOWN_RESEARCHER,PRIMARY_RESEARCH_ONLY_NOT_SECOND_VERIFIED,CURRENT,valid,Full-screen frame extracted from a directly selected Skin Tone label. Frame is a local derivative and is not production data. Category: Skin Tone.
PRIMARY RESEARCH CANDIDATE — NOT PRODUCTION VERIFIED,evidence-frame-cf27_xboxunknown_rtg_skintone_003-menu,data/research/cf27/generated/full-resolution-frames/skin-tone-values-001-024/CF27_XBOXUNKNOWN_RTG_SKINTONE_003/CF27_XBOXUNKNOWN_RTG_SKINTONE_003_MENU_video-004_48p50s.png,derivative,menuEvidenceFrame,b42f9dcab6e7c5106865c5ab10d9759d9a586857be201dcce23841ca91319803,1472773,image/png,video-004,48.5,env-cf27-research-video-001-rtg-path,cf27-menu-head-skin-skin-tone,CF27_XBOXUNKNOWN_RTG_SKINTONE_003,MENU,2026-07-13T01:27:47.000000Z,UNKNOWN_RESEARCHER,PRIMARY_RESEARCH_ONLY_NOT_SECOND_VERIFIED,CURRENT,valid,Full-screen frame extracted from a directly selected Skin Tone label. Frame is a local derivative and is not production data. Category: Skin Tone.
PRIMARY RESEARCH CANDIDATE — NOT PRODUCTION VERIFIED,evidence-frame-cf27_xboxunknown_rtg_skintone_004-character_stable,data/research/cf27/generated/full-resolution-frames/skin-tone-values-001-024/CF27_XBOXUNKNOWN_RTG_SKINTONE_004/CF27_XBOXUNKNOWN_RTG_SKINTONE_004_CHARACTER_STABLE_video-004_12p50s.png,derivative,catalogDerivativeFrame,f0b38718a6c1da36cf399ea015a8af5a4324dc944837c067334273198126b9f9,1488185,image/png,video-004,12.5,env-cf27-research-video-001-rtg-path,cf27-menu-head-skin-skin-tone,CF27_XBOXUNKNOWN_RTG_SKINTONE_004,CHARACTER_STABLE,2026-07-13T01:27:47.000000Z,UNKNOWN_RESEARCHER,PRIMARY_RESEARCH_ONLY_NOT_SECOND_VERIFIED,CURRENT,valid,Full-screen frame extracted from a directly selected Skin Tone label. Frame is a local derivative and is not production data. Category: Skin Tone.
PRIMARY RESEARCH CANDIDATE — NOT PRODUCTION VERIFIED,evidence-frame-cf27_xboxunknown_rtg_skintone_004-menu,data/research/cf27/generated/full-resolution-frames/skin-tone-values-001-024/CF27_XBOXUNKNOWN_RTG_SKINTONE_004/CF27_XBOXUNKNOWN_RTG_SKINTONE_004_MENU_video-004_12p50s.png,derivative,menuEvidenceFrame,f0b38718a6c1da36cf399ea015a8af5a4324dc944837c067334273198126b9f9,1488185,image/png,video-004,12.5,env-cf27-research-video-001-rtg-path,cf27-menu-head-skin-skin-tone,CF27_XBOXUNKNOWN_RTG_SKINTONE_004,MENU,2026-07-13T01:27:47.000000Z,UNKNOWN_RESEARCHER,PRIMARY_RESEARCH_ONLY_NOT_SECOND_VERIFIED,CURRENT,valid,Full-screen frame extracted from a directly selected Skin Tone label. Frame is a local derivative and is not production data. Category: Skin Tone.
PRIMARY RESEARCH CANDIDATE — NOT PRODUCTION VERIFIED,evidence-frame-cf27_xboxunknown_rtg_skintone_005-character_stable,data/research/cf27/generated/full-resolution-frames/skin-tone-values-001-024/CF27_XBOXUNKNOWN_RTG_SKINTONE_005/CF27_XBOXUNKNOWN_RTG_SKINTONE_005_CHARACTER_STABLE_video-004_29p50s.png,derivative,catalogDerivativeFrame,b35d102d47f9a14a66fd1862a0e54f4c7bed83649e069aa94cb32a50dc123dd9,1480835,image/png,video-004,29.5,env-cf27-research-video-001-rtg-path,cf27-menu-head-skin-skin-tone,CF27_XBOXUNKNOWN_RTG_SKINTONE_005,CHARACTER_STABLE,2026-07-13T01:27:47.000000Z,UNKNOWN_RESEARCHER,PRIMARY_RESEARCH_ONLY_NOT_SECOND_VERIFIED,CURRENT,valid,Full-screen frame extracted from a directly selected Skin Tone label. Frame is a local derivative and is not production data. Category: Skin Tone.
PRIMARY RESEARCH CANDIDATE — NOT PRODUCTION VERIFIED,evidence-frame-cf27_xboxunknown_rtg_skintone_005-menu,data/research/cf27/generated/full-resolution-frames/skin-tone-values-001-024/CF27_XBOXUNKNOWN_RTG_SKINTONE_005/CF27_XBOXUNKNOWN_RTG_SKINTONE_005_MENU_video-004_29p50s.png,derivative,menuEvidenceFrame,b35d102d47f9a14a66fd1862a0e54f4c7bed83649e069aa94cb32a50dc123dd9,1480835,image/png,video-004,29.5,env-cf27-research-video-001-rtg-path,cf27-menu-head-skin-skin-tone,CF27_XBOXUNKNOWN_RTG_SKINTONE_005,MENU,2026-07-13T01:27:47.000000Z,UNKNOWN_RESEARCHER,PRIMARY_RESEARCH_ONLY_NOT_SECOND_VERIFIED,CURRENT,valid,Full-screen frame extracted from a directly selected Skin Tone label. Frame is a local derivative and is not production data. Category: Skin Tone.
PRIMARY RESEARCH CANDIDATE — NOT PRODUCTION VERIFIED,evidence-frame-cf27_xboxunknown_rtg_skintone_006-character_stable,data/research/cf27/generated/full-resolution-frames/skin-tone-values-001-024/CF27_XBOXUNKNOWN_RTG_SKINTONE_006/CF27_XBOXUNKNOWN_RTG_SKINTONE_006_CHARACTER_STABLE_video-004_25p50s.png,derivative,catalogDerivativeFrame,bb801655293ec24779396175b6ab9db9e10b838224d34619110402c8eb29cfe7,1378995,image/png,video-004,25.5,env-cf27-research-video-001-rtg-path,cf27-menu-head-skin-skin-tone,CF27_XBOXUNKNOWN_RTG_SKINTONE_006,CHARACTER_STABLE,2026-07-13T01:27:47.000000Z,UNKNOWN_RESEARCHER,PRIMARY_RESEARCH_ONLY_NOT_SECOND_VERIFIED,CURRENT,valid,Full-screen frame extracted from a directly selected Skin Tone label. Frame is a local derivative and is not production data. Category: Skin Tone.
PRIMARY RESEARCH CANDIDATE — NOT PRODUCTION VERIFIED,evidence-frame-cf27_xboxunknown_rtg_skintone_006-menu,data/research/cf27/generated/full-resolution-frames/skin-tone-values-001-024/CF27_XBOXUNKNOWN_RTG_SKINTONE_006/CF27_XBOXUNKNOWN_RTG_SKINTONE_006_MENU_video-004_25p50s.png,derivative,menuEvidenceFrame,bb801655293ec24779396175b6ab9db9e10b838224d34619110402c8eb29cfe7,1378995,image/png,video-004,25.5,env-cf27-research-video-001-rtg-path,cf27-menu-head-skin-skin-tone,CF27_XBOXUNKNOWN_RTG_SKINTONE_006,MENU,2026-07-13T01:27:47.000000Z,UNKNOWN_RESEARCHER,PRIMARY_RESEARCH_ONLY_NOT_SECOND_VERIFIED,CURRENT,valid,Full-screen frame extracted from a directly selected Skin Tone label. Frame is a local derivative and is not production data. Category: Skin Tone.
PRIMARY RESEARCH CANDIDATE — NOT PRODUCTION VERIFIED,evidence-frame-cf27_xboxunknown_rtg_skintone_007-character_stable,data/research/cf27/generated/full-resolution-frames/skin-tone-values-001-024/CF27_XBOXUNKNOWN_RTG_SKINTONE_007/CF27_XBOXUNKNOWN_RTG_SKINTONE_007_CHARACTER_STABLE_video-004_27p50s.png,derivative,catalogDerivativeFrame,41f4b10667f2e80d9310e5e99cd8d74e40e2dc4cc3940114632b1add1093e984,1426549,image/png,video-004,27.5,env-cf27-research-video-001-rtg-path,cf27-menu-head-skin-skin-tone,CF27_XBOXUNKNOWN_RTG_SKINTONE_007,CHARACTER_STABLE,2026-07-13T01:27:47.000000Z,UNKNOWN_RESEARCHER,PRIMARY_RESEARCH_ONLY_NOT_SECOND_VERIFIED,CURRENT,valid,Full-screen frame extracted from a directly selected Skin Tone label. Frame is a local derivative and is not production data. Category: Skin Tone.
PRIMARY RESEARCH CANDIDATE — NOT PRODUCTION VERIFIED,evidence-frame-cf27_xboxunknown_rtg_skintone_007-menu,data/research/cf27/generated/full-resolution-frames/skin-tone-values-001-024/CF27_XBOXUNKNOWN_RTG_SKINTONE_007/CF27_XBOXUNKNOWN_RTG_SKINTONE_007_MENU_video-004_27p50s.png,derivative,menuEvidenceFrame,41f4b10667f2e80d9310e5e99cd8d74e40e2dc4cc3940114632b1add1093e984,1426549,image/png,video-004,27.5,env-cf27-research-video-001-rtg-path,cf27-menu-head-skin-skin-tone,CF27_XBOXUNKNOWN_RTG_SKINTONE_007,MENU,2026-07-13T01:27:47.000000Z,UNKNOWN_RESEARCHER,PRIMARY_RESEARCH_ONLY_NOT_SECOND_VERIFIED,CURRENT,valid,Full-screen frame extracted from a directly selected Skin Tone label. Frame is a local derivative and is not production data. Category: Skin Tone.
PRIMARY RESEARCH CANDIDATE — NOT PRODUCTION VERIFIED,evidence-frame-cf27_xboxunknown_rtg_skintone_008-character_stable,data/research/cf27/generated/full-resolution-frames/skin-tone-values-001-024/CF27_XBOXUNKNOWN_RTG_SKINTONE_008/CF27_XBOXUNKNOWN_RTG_SKINTONE_008_CHARACTER_STABLE_video-004_10p50s.png,derivative,catalogDerivativeFrame,d19dfa53bd8d97e8a46c3fff7c4e13a0d3e560cf91dd296bff69bb274d10526e,1463341,image/png,video-004,10.5,env-cf27-research-video-001-rtg-path,cf27-menu-head-skin-skin-tone,CF27_XBOXUNKNOWN_RTG_SKINTONE_008,CHARACTER_STABLE,2026-07-13T01:27:47.000000Z,UNKNOWN_RESEARCHER,PRIMARY_RESEARCH_ONLY_NOT_SECOND_VERIFIED,CURRENT,valid,Full-screen frame extracted from a directly selected Skin Tone label. Frame is a local derivative and is not production data. Category: Skin Tone.
PRIMARY RESEARCH CANDIDATE — NOT PRODUCTION VERIFIED,evidence-frame-cf27_xboxunknown_rtg_skintone_008-menu,data/research/cf27/generated/full-resolution-frames/skin-tone-values-001-024/CF27_XBOXUNKNOWN_RTG_SKINTONE_008/CF27_XBOXUNKNOWN_RTG_SKINTONE_008_MENU_video-004_10p50s.png,derivative,menuEvidenceFrame,d19dfa53bd8d97e8a46c3fff7c4e13a0d3e560cf91dd296bff69bb274d10526e,1463341,image/png,video-004,10.5,env-cf27-research-video-001-rtg-path,cf27-menu-head-skin-skin-tone,CF27_XBOXUNKNOWN_RTG_SKINTONE_008,MENU,2026-07-13T01:27:47.000000Z,UNKNOWN_RESEARCHER,PRIMARY_RESEARCH_ONLY_NOT_SECOND_VERIFIED,CURRENT,valid,Full-screen frame extracted from a directly selected Skin Tone label. Frame is a local derivative and is not production data. Category: Skin Tone.
PRIMARY RESEARCH CANDIDATE — NOT PRODUCTION VERIFIED,evidence-frame-cf27_xboxunknown_rtg_skintone_009-character_stable,data/research/cf27/generated/full-resolution-frames/skin-tone-values-001-024/CF27_XBOXUNKNOWN_RTG_SKINTONE_009/CF27_XBOXUNKNOWN_RTG_SKINTONE_009_CHARACTER_STABLE_video-004_8p50s.png,derivative,catalogDerivativeFrame,60abc1d819070dd3dc2524cd9b1fbcb566bd1e3d860178d425c18ef8c79aa536,1412958,image/png,video-004,8.5,env-cf27-research-video-001-rtg-path,cf27-menu-head-skin-skin-tone,CF27_XBOXUNKNOWN_RTG_SKINTONE_009,CHARACTER_STABLE,2026-07-13T01:27:47.000000Z,UNKNOWN_RESEARCHER,PRIMARY_RESEARCH_ONLY_NOT_SECOND_VERIFIED,CURRENT,valid,Full-screen frame extracted from a directly selected Skin Tone label. Frame is a local derivative and is not production data. Category: Skin Tone.
PRIMARY RESEARCH CANDIDATE — NOT PRODUCTION VERIFIED,evidence-frame-cf27_xboxunknown_rtg_skintone_009-menu,data/research/cf27/generated/full-resolution-frames/skin-tone-values-001-024/CF27_XBOXUNKNOWN_RTG_SKINTONE_009/CF27_XBOXUNKNOWN_RTG_SKINTONE_009_MENU_video-004_8p50s.png,derivative,menuEvidenceFrame,60abc1d819070dd3dc2524cd9b1fbcb566bd1e3d860178d425c18ef8c79aa536,1412958,image/png,video-004,8.5,env-cf27-research-video-001-rtg-path,cf27-menu-head-skin-skin-tone,CF27_XBOXUNKNOWN_RTG_SKINTONE_009,MENU,2026-07-13T01:27:47.000000Z,UNKNOWN_RESEARCHER,PRIMARY_RESEARCH_ONLY_NOT_SECOND_VERIFIED,CURRENT,valid,Full-screen frame extracted from a directly selected Skin Tone label. Frame is a local derivative and is not production data. Category: Skin Tone.
PRIMARY RESEARCH CANDIDATE — NOT PRODUCTION VERIFIED,evidence-frame-cf27_xboxunknown_rtg_skintone_010-character_stable,data/research/cf27/generated/full-resolution-frames/skin-tone-values-001-024/CF27_XBOXUNKNOWN_RTG_SKINTONE_010/CF27_XBOXUNKNOWN_RTG_SKINTONE_010_CHARACTER_STABLE_video-004_41p50s.png,derivative,catalogDerivativeFrame,66b93efcf272b6087a74b3061f0b3ad76f43cfc4d19d9d0a94ed6e7cc79eacc6,1453454,image/png,video-004,41.5,env-cf27-research-video-001-rtg-path,cf27-menu-head-skin-skin-tone,CF27_XBOXUNKNOWN_RTG_SKINTONE_010,CHARACTER_STABLE,2026-07-13T01:27:47.000000Z,UNKNOWN_RESEARCHER,PRIMARY_RESEARCH_ONLY_NOT_SECOND_VERIFIED,CURRENT,valid,Full-screen frame extracted from a directly selected Skin Tone label. Frame is a local derivative and is not production data. Category: Skin Tone.
PRIMARY RESEARCH CANDIDATE — NOT PRODUCTION VERIFIED,evidence-frame-cf27_xboxunknown_rtg_skintone_010-menu,data/research/cf27/generated/full-resolution-frames/skin-tone-values-001-024/CF27_XBOXUNKNOWN_RTG_SKINTONE_010/CF27_XBOXUNKNOWN_RTG_SKINTONE_010_MENU_video-004_41p50s.png,derivative,menuEvidenceFrame,66b93efcf272b6087a74b3061f0b3ad76f43cfc4d19d9d0a94ed6e7cc79eacc6,1453454,image/png,video-004,41.5,env-cf27-research-video-001-rtg-path,cf27-menu-head-skin-skin-tone,CF27_XBOXUNKNOWN_RTG_SKINTONE_010,MENU,2026-07-13T01:27:47.000000Z,UNKNOWN_RESEARCHER,PRIMARY_RESEARCH_ONLY_NOT_SECOND_VERIFIED,CURRENT,valid,Full-screen frame extracted from a directly selected Skin Tone label. Frame is a local derivative and is not production data. Category: Skin Tone.
PRIMARY RESEARCH CANDIDATE — NOT PRODUCTION VERIFIED,evidence-frame-cf27_xboxunknown_rtg_skintone_011-character_stable,data/research/cf27/generated/full-resolution-frames/skin-tone-values-001-024/CF27_XBOXUNKNOWN_RTG_SKINTONE_011/CF27_XBOXUNKNOWN_RTG_SKINTONE_011_CHARACTER_STABLE_video-004_51p50s.png,derivative,catalogDerivativeFrame,ffd80a96debc6e8ab12c181de124a3a63a5d570e54f1198fb04a1c7c8d5d4fd5,1335569,image/png,video-004,51.5,env-cf27-research-video-001-rtg-path,cf27-menu-head-skin-skin-tone,CF27_XBOXUNKNOWN_RTG_SKINTONE_011,CHARACTER_STABLE,2026-07-13T01:27:47.000000Z,UNKNOWN_RESEARCHER,PRIMARY_RESEARCH_ONLY_NOT_SECOND_VERIFIED,CURRENT,valid,Full-screen frame extracted from a directly selected Skin Tone label. Frame is a local derivative and is not production data. Category: Skin Tone.
PRIMARY RESEARCH CANDIDATE — NOT PRODUCTION VERIFIED,evidence-frame-cf27_xboxunknown_rtg_skintone_011-menu,data/research/cf27/generated/full-resolution-frames/skin-tone-values-001-024/CF27_XBOXUNKNOWN_RTG_SKINTONE_011/CF27_XBOXUNKNOWN_RTG_SKINTONE_011_MENU_video-004_51p50s.png,derivative,menuEvidenceFrame,ffd80a96debc6e8ab12c181de124a3a63a5d570e54f1198fb04a1c7c8d5d4fd5,1335569,image/png,video-004,51.5,env-cf27-research-video-001-rtg-path,cf27-menu-head-skin-skin-tone,CF27_XBOXUNKNOWN_RTG_SKINTONE_011,MENU,2026-07-13T01:27:47.000000Z,UNKNOWN_RESEARCHER,PRIMARY_RESEARCH_ONLY_NOT_SECOND_VERIFIED,CURRENT,valid,Full-screen frame extracted from a directly selected Skin Tone label. Frame is a local derivative and is not production data. Category: Skin Tone.
PRIMARY RESEARCH CANDIDATE — NOT PRODUCTION VERIFIED,evidence-frame-cf27_xboxunknown_rtg_skintone_012-character_stable,data/research/cf27/generated/full-resolution-frames/skin-tone-values-001-024/CF27_XBOXUNKNOWN_RTG_SKINTONE_012/CF27_XBOXUNKNOWN_RTG_SKINTONE_012_CHARACTER_STABLE_video-004_43p50s.png,derivative,catalogDerivativeFrame,6fb56cce8e7b6937e912e10e3c7a6c0779b5c280f1b01bd436ce69ca487b5e99,1469472,image/png,video-004,43.5,env-cf27-research-video-001-rtg-path,cf27-menu-head-skin-skin-tone,CF27_XBOXUNKNOWN_RTG_SKINTONE_012,CHARACTER_STABLE,2026-07-13T01:27:47.000000Z,UNKNOWN_RESEARCHER,PRIMARY_RESEARCH_ONLY_NOT_SECOND_VERIFIED,CURRENT,valid,Full-screen frame extracted from a directly selected Skin Tone label. Frame is a local derivative and is not production data. Category: Skin Tone.
PRIMARY RESEARCH CANDIDATE — NOT PRODUCTION VERIFIED,evidence-frame-cf27_xboxunknown_rtg_skintone_012-menu,data/research/cf27/generated/full-resolution-frames/skin-tone-values-001-024/CF27_XBOXUNKNOWN_RTG_SKINTONE_012/CF27_XBOXUNKNOWN_RTG_SKINTONE_012_MENU_video-004_43p50s.png,derivative,menuEvidenceFrame,6fb56cce8e7b6937e912e10e3c7a6c0779b5c280f1b01bd436ce69ca487b5e99,1469472,image/png,video-004,43.5,env-cf27-research-video-001-rtg-path,cf27-menu-head-skin-skin-tone,CF27_XBOXUNKNOWN_RTG_SKINTONE_012,MENU,2026-07-13T01:27:47.000000Z,UNKNOWN_RESEARCHER,PRIMARY_RESEARCH_ONLY_NOT_SECOND_VERIFIED,CURRENT,valid,Full-screen frame extracted from a directly selected Skin Tone label. Frame is a local derivative and is not production data. Category: Skin Tone.
PRIMARY RESEARCH CANDIDATE — NOT PRODUCTION VERIFIED,evidence-frame-cf27_xboxunknown_rtg_skintone_013-character_stable,data/research/cf27/generated/full-resolution-frames/skin-tone-values-001-024/CF27_XBOXUNKNOWN_RTG_SKINTONE_013/CF27_XBOXUNKNOWN_RTG_SKINTONE_013_CHARACTER_STABLE_video-004_39p50s.png,derivative,catalogDerivativeFrame,57ed95ef5876d0bab4993a86bd088d9a634da02828a36b8b2905cd861fd2ffcf,1396801,image/png,video-004,39.5,env-cf27-research-video-001-rtg-path,cf27-menu-head-skin-skin-tone,CF27_XBOXUNKNOWN_RTG_SKINTONE_013,CHARACTER_STABLE,2026-07-13T01:27:47.000000Z,UNKNOWN_RESEARCHER,PRIMARY_RESEARCH_ONLY_NOT_SECOND_VERIFIED,CURRENT,valid,Full-screen frame extracted from a directly selected Skin Tone label. Frame is a local derivative and is not production data. Category: Skin Tone.
PRIMARY RESEARCH CANDIDATE — NOT PRODUCTION VERIFIED,evidence-frame-cf27_xboxunknown_rtg_skintone_013-menu,data/research/cf27/generated/full-resolution-frames/skin-tone-values-001-024/CF27_XBOXUNKNOWN_RTG_SKINTONE_013/CF27_XBOXUNKNOWN_RTG_SKINTONE_013_MENU_video-004_39p50s.png,derivative,menuEvidenceFrame,57ed95ef5876d0bab4993a86bd088d9a634da02828a36b8b2905cd861fd2ffcf,1396801,image/png,video-004,39.5,env-cf27-research-video-001-rtg-path,cf27-menu-head-skin-skin-tone,CF27_XBOXUNKNOWN_RTG_SKINTONE_013,MENU,2026-07-13T01:27:47.000000Z,UNKNOWN_RESEARCHER,PRIMARY_RESEARCH_ONLY_NOT_SECOND_VERIFIED,CURRENT,valid,Full-screen frame extracted from a directly selected Skin Tone label. Frame is a local derivative and is not production data. Category: Skin Tone.
PRIMARY RESEARCH CANDIDATE — NOT PRODUCTION VERIFIED,evidence-frame-cf27_xboxunknown_rtg_skintone_014-character_stable,data/research/cf27/generated/full-resolution-frames/skin-tone-values-001-024/CF27_XBOXUNKNOWN_RTG_SKINTONE_014/CF27_XBOXUNKNOWN_RTG_SKINTONE_014_CHARACTER_STABLE_video-004_38p00s.png,derivative,catalogDerivativeFrame,85328015d10eeedb7341a3f01eea6047b7d039b8723bfa42e0101b7e0d3c0ccd,1481227,image/png,video-004,38,env-cf27-research-video-001-rtg-path,cf27-menu-head-skin-skin-tone,CF27_XBOXUNKNOWN_RTG_SKINTONE_014,CHARACTER_STABLE,2026-07-13T01:27:47.000000Z,UNKNOWN_RESEARCHER,PRIMARY_RESEARCH_ONLY_NOT_SECOND_VERIFIED,CURRENT,valid,Full-screen frame extracted from a directly selected Skin Tone label. Frame is a local derivative and is not production data. Category: Skin Tone.
PRIMARY RESEARCH CANDIDATE — NOT PRODUCTION VERIFIED,evidence-frame-cf27_xboxunknown_rtg_skintone_014-menu,data/research/cf27/generated/full-resolution-frames/skin-tone-values-001-024/CF27_XBOXUNKNOWN_RTG_SKINTONE_014/CF27_XBOXUNKNOWN_RTG_SKINTONE_014_MENU_video-004_38p00s.png,derivative,menuEvidenceFrame,85328015d10eeedb7341a3f01eea6047b7d039b8723bfa42e0101b7e0d3c0ccd,1481227,image/png,video-004,38,env-cf27-research-video-001-rtg-path,cf27-menu-head-skin-skin-tone,CF27_XBOXUNKNOWN_RTG_SKINTONE_014,MENU,2026-07-13T01:27:47.000000Z,UNKNOWN_RESEARCHER,PRIMARY_RESEARCH_ONLY_NOT_SECOND_VERIFIED,CURRENT,valid,Full-screen frame extracted from a directly selected Skin Tone label. Frame is a local derivative and is not production data. Category: Skin Tone.
PRIMARY RESEARCH CANDIDATE — NOT PRODUCTION VERIFIED,evidence-frame-cf27_xboxunknown_rtg_skintone_015-character_stable,data/research/cf27/generated/full-resolution-frames/skin-tone-values-001-024/CF27_XBOXUNKNOWN_RTG_SKINTONE_015/CF27_XBOXUNKNOWN_RTG_SKINTONE_015_CHARACTER_STABLE_video-004_21p50s.png,derivative,catalogDerivativeFrame,3c0896c7d685698de57cef772ce34952b68a1e33fa55bf72a653e589913e4e3e,1414557,image/png,video-004,21.5,env-cf27-research-video-001-rtg-path,cf27-menu-head-skin-skin-tone,CF27_XBOXUNKNOWN_RTG_SKINTONE_015,CHARACTER_STABLE,2026-07-13T01:27:47.000000Z,UNKNOWN_RESEARCHER,PRIMARY_RESEARCH_ONLY_NOT_SECOND_VERIFIED,CURRENT,valid,Full-screen frame extracted from a directly selected Skin Tone label. Frame is a local derivative and is not production data. Category: Skin Tone.
PRIMARY RESEARCH CANDIDATE — NOT PRODUCTION VERIFIED,evidence-frame-cf27_xboxunknown_rtg_skintone_015-menu,data/research/cf27/generated/full-resolution-frames/skin-tone-values-001-024/CF27_XBOXUNKNOWN_RTG_SKINTONE_015/CF27_XBOXUNKNOWN_RTG_SKINTONE_015_MENU_video-004_21p50s.png,derivative,menuEvidenceFrame,3c0896c7d685698de57cef772ce34952b68a1e33fa55bf72a653e589913e4e3e,1414557,image/png,video-004,21.5,env-cf27-research-video-001-rtg-path,cf27-menu-head-skin-skin-tone,CF27_XBOXUNKNOWN_RTG_SKINTONE_015,MENU,2026-07-13T01:27:47.000000Z,UNKNOWN_RESEARCHER,PRIMARY_RESEARCH_ONLY_NOT_SECOND_VERIFIED,CURRENT,valid,Full-screen frame extracted from a directly selected Skin Tone label. Frame is a local derivative and is not production data. Category: Skin Tone.
PRIMARY RESEARCH CANDIDATE — NOT PRODUCTION VERIFIED,evidence-frame-cf27_xboxunknown_rtg_skintone_016-character_stable,data/research/cf27/generated/full-resolution-frames/skin-tone-values-001-024/CF27_XBOXUNKNOWN_RTG_SKINTONE_016/CF27_XBOXUNKNOWN_RTG_SKINTONE_016_CHARACTER_STABLE_video-004_14p00s.png,derivative,catalogDerivativeFrame,364f5963fadad77b7296a6c16d9f83df87ca4c46a37cc7affc4799ee9f787b30,1526821,image/png,video-004,14,env-cf27-research-video-001-rtg-path,cf27-menu-head-skin-skin-tone,CF27_XBOXUNKNOWN_RTG_SKINTONE_016,CHARACTER_STABLE,2026-07-13T01:27:47.000000Z,UNKNOWN_RESEARCHER,PRIMARY_RESEARCH_ONLY_NOT_SECOND_VERIFIED,CURRENT,valid,Full-screen frame extracted from a directly selected Skin Tone label. Frame is a local derivative and is not production data. Category: Skin Tone.
PRIMARY RESEARCH CANDIDATE — NOT PRODUCTION VERIFIED,evidence-frame-cf27_xboxunknown_rtg_skintone_016-menu,data/research/cf27/generated/full-resolution-frames/skin-tone-values-001-024/CF27_XBOXUNKNOWN_RTG_SKINTONE_016/CF27_XBOXUNKNOWN_RTG_SKINTONE_016_MENU_video-004_14p00s.png,derivative,menuEvidenceFrame,364f5963fadad77b7296a6c16d9f83df87ca4c46a37cc7affc4799ee9f787b30,1526821,image/png,video-004,14,env-cf27-research-video-001-rtg-path,cf27-menu-head-skin-skin-tone,CF27_XBOXUNKNOWN_RTG_SKINTONE_016,MENU,2026-07-13T01:27:47.000000Z,UNKNOWN_RESEARCHER,PRIMARY_RESEARCH_ONLY_NOT_SECOND_VERIFIED,CURRENT,valid,Full-screen frame extracted from a directly selected Skin Tone label. Frame is a local derivative and is not production data. Category: Skin Tone.
PRIMARY RESEARCH CANDIDATE — NOT PRODUCTION VERIFIED,evidence-frame-cf27_xboxunknown_rtg_skintone_017-character_stable,data/research/cf27/generated/full-resolution-frames/skin-tone-values-001-024/CF27_XBOXUNKNOWN_RTG_SKINTONE_017/CF27_XBOXUNKNOWN_RTG_SKINTONE_017_CHARACTER_STABLE_video-004_36p50s.png,derivative,catalogDerivativeFrame,34d329d3f0d802da380921f9f78e71b5a74c9f4c579654d81835a2302402954f,1405897,image/png,video-004,36.5,env-cf27-research-video-001-rtg-path,cf27-menu-head-skin-skin-tone,CF27_XBOXUNKNOWN_RTG_SKINTONE_017,CHARACTER_STABLE,2026-07-13T01:27:47.000000Z,UNKNOWN_RESEARCHER,PRIMARY_RESEARCH_ONLY_NOT_SECOND_VERIFIED,CURRENT,valid,Full-screen frame extracted from a directly selected Skin Tone label. Frame is a local derivative and is not production data. Category: Skin Tone.
PRIMARY RESEARCH CANDIDATE — NOT PRODUCTION VERIFIED,evidence-frame-cf27_xboxunknown_rtg_skintone_017-menu,data/research/cf27/generated/full-resolution-frames/skin-tone-values-001-024/CF27_XBOXUNKNOWN_RTG_SKINTONE_017/CF27_XBOXUNKNOWN_RTG_SKINTONE_017_MENU_video-004_36p50s.png,derivative,menuEvidenceFrame,34d329d3f0d802da380921f9f78e71b5a74c9f4c579654d81835a2302402954f,1405897,image/png,video-004,36.5,env-cf27-research-video-001-rtg-path,cf27-menu-head-skin-skin-tone,CF27_XBOXUNKNOWN_RTG_SKINTONE_017,MENU,2026-07-13T01:27:47.000000Z,UNKNOWN_RESEARCHER,PRIMARY_RESEARCH_ONLY_NOT_SECOND_VERIFIED,CURRENT,valid,Full-screen frame extracted from a directly selected Skin Tone label. Frame is a local derivative and is not production data. Category: Skin Tone.
PRIMARY RESEARCH CANDIDATE — NOT PRODUCTION VERIFIED,evidence-frame-cf27_xboxunknown_rtg_skintone_018-character_stable,data/research/cf27/generated/full-resolution-frames/skin-tone-values-001-024/CF27_XBOXUNKNOWN_RTG_SKINTONE_018/CF27_XBOXUNKNOWN_RTG_SKINTONE_018_CHARACTER_STABLE_video-004_19p50s.png,derivative,catalogDerivativeFrame,9e6a6d6ff7bec653e7ec231871cf906dc916903903ab72719a0ff0eed24b9471,1476396,image/png,video-004,19.5,env-cf27-research-video-001-rtg-path,cf27-menu-head-skin-skin-tone,CF27_XBOXUNKNOWN_RTG_SKINTONE_018,CHARACTER_STABLE,2026-07-13T01:27:47.000000Z,UNKNOWN_RESEARCHER,PRIMARY_RESEARCH_ONLY_NOT_SECOND_VERIFIED,CURRENT,valid,Full-screen frame extracted from a directly selected Skin Tone label. Frame is a local derivative and is not production data. Category: Skin Tone.
PRIMARY RESEARCH CANDIDATE — NOT PRODUCTION VERIFIED,evidence-frame-cf27_xboxunknown_rtg_skintone_018-menu,data/research/cf27/generated/full-resolution-frames/skin-tone-values-001-024/CF27_XBOXUNKNOWN_RTG_SKINTONE_018/CF27_XBOXUNKNOWN_RTG_SKINTONE_018_MENU_video-004_19p50s.png,derivative,menuEvidenceFrame,9e6a6d6ff7bec653e7ec231871cf906dc916903903ab72719a0ff0eed24b9471,1476396,image/png,video-004,19.5,env-cf27-research-video-001-rtg-path,cf27-menu-head-skin-skin-tone,CF27_XBOXUNKNOWN_RTG_SKINTONE_018,MENU,2026-07-13T01:27:47.000000Z,UNKNOWN_RESEARCHER,PRIMARY_RESEARCH_ONLY_NOT_SECOND_VERIFIED,CURRENT,valid,Full-screen frame extracted from a directly selected Skin Tone label. Frame is a local derivative and is not production data. Category: Skin Tone.
PRIMARY RESEARCH CANDIDATE — NOT PRODUCTION VERIFIED,evidence-frame-cf27_xboxunknown_rtg_skintone_019-character_stable,data/research/cf27/generated/full-resolution-frames/skin-tone-values-001-024/CF27_XBOXUNKNOWN_RTG_SKINTONE_019/CF27_XBOXUNKNOWN_RTG_SKINTONE_019_CHARACTER_STABLE_video-004_17p50s.png,derivative,catalogDerivativeFrame,437927e8b73a0de35cd5bd7ddbb456a7880f188a846653d67b8bb73a974ce565,1395177,image/png,video-004,17.5,env-cf27-research-video-001-rtg-path,cf27-menu-head-skin-skin-tone,CF27_XBOXUNKNOWN_RTG_SKINTONE_019,CHARACTER_STABLE,2026-07-13T01:27:47.000000Z,UNKNOWN_RESEARCHER,PRIMARY_RESEARCH_ONLY_NOT_SECOND_VERIFIED,CURRENT,valid,Full-screen frame extracted from a directly selected Skin Tone label. Frame is a local derivative and is not production data. Category: Skin Tone.
PRIMARY RESEARCH CANDIDATE — NOT PRODUCTION VERIFIED,evidence-frame-cf27_xboxunknown_rtg_skintone_019-menu,data/research/cf27/generated/full-resolution-frames/skin-tone-values-001-024/CF27_XBOXUNKNOWN_RTG_SKINTONE_019/CF27_XBOXUNKNOWN_RTG_SKINTONE_019_MENU_video-004_17p50s.png,derivative,menuEvidenceFrame,437927e8b73a0de35cd5bd7ddbb456a7880f188a846653d67b8bb73a974ce565,1395177,image/png,video-004,17.5,env-cf27-research-video-001-rtg-path,cf27-menu-head-skin-skin-tone,CF27_XBOXUNKNOWN_RTG_SKINTONE_019,MENU,2026-07-13T01:27:47.000000Z,UNKNOWN_RESEARCHER,PRIMARY_RESEARCH_ONLY_NOT_SECOND_VERIFIED,CURRENT,valid,Full-screen frame extracted from a directly selected Skin Tone label. Frame is a local derivative and is not production data. Category: Skin Tone.
PRIMARY RESEARCH CANDIDATE — NOT PRODUCTION VERIFIED,evidence-frame-cf27_xboxunknown_rtg_skintone_020-character_stable,data/research/cf27/generated/full-resolution-frames/skin-tone-values-001-024/CF27_XBOXUNKNOWN_RTG_SKINTONE_020/CF27_XBOXUNKNOWN_RTG_SKINTONE_020_CHARACTER_STABLE_video-004_15p50s.png,derivative,catalogDerivativeFrame,d96f67af1c5882fcd76003db629a20eef54de1155302ba5077d56d22c7a1ab85,1466679,image/png,video-004,15.5,env-cf27-research-video-001-rtg-path,cf27-menu-head-skin-skin-tone,CF27_XBOXUNKNOWN_RTG_SKINTONE_020,CHARACTER_STABLE,2026-07-13T01:27:47.000000Z,UNKNOWN_RESEARCHER,PRIMARY_RESEARCH_ONLY_NOT_SECOND_VERIFIED,CURRENT,valid,Full-screen frame extracted from a directly selected Skin Tone label. Frame is a local derivative and is not production data. Category: Skin Tone.
PRIMARY RESEARCH CANDIDATE — NOT PRODUCTION VERIFIED,evidence-frame-cf27_xboxunknown_rtg_skintone_020-menu,data/research/cf27/generated/full-resolution-frames/skin-tone-values-001-024/CF27_XBOXUNKNOWN_RTG_SKINTONE_020/CF27_XBOXUNKNOWN_RTG_SKINTONE_020_MENU_video-004_15p50s.png,derivative,menuEvidenceFrame,d96f67af1c5882fcd76003db629a20eef54de1155302ba5077d56d22c7a1ab85,1466679,image/png,video-004,15.5,env-cf27-research-video-001-rtg-path,cf27-menu-head-skin-skin-tone,CF27_XBOXUNKNOWN_RTG_SKINTONE_020,MENU,2026-07-13T01:27:47.000000Z,UNKNOWN_RESEARCHER,PRIMARY_RESEARCH_ONLY_NOT_SECOND_VERIFIED,CURRENT,valid,Full-screen frame extracted from a directly selected Skin Tone label. Frame is a local derivative and is not production data. Category: Skin Tone.
PRIMARY RESEARCH CANDIDATE — NOT PRODUCTION VERIFIED,evidence-frame-cf27_xboxunknown_rtg_skintone_021-character_stable,data/research/cf27/generated/full-resolution-frames/skin-tone-values-001-024/CF27_XBOXUNKNOWN_RTG_SKINTONE_021/CF27_XBOXUNKNOWN_RTG_SKINTONE_021_CHARACTER_STABLE_video-004_23p50s.png,derivative,catalogDerivativeFrame,91703d03bd165614c7c62baed673254c8177343a0e620bb7126a01bc0cfa8158,1422033,image/png,video-004,23.5,env-cf27-research-video-001-rtg-path,cf27-menu-head-skin-skin-tone,CF27_XBOXUNKNOWN_RTG_SKINTONE_021,CHARACTER_STABLE,2026-07-13T01:27:47.000000Z,UNKNOWN_RESEARCHER,PRIMARY_RESEARCH_ONLY_NOT_SECOND_VERIFIED,CURRENT,valid,Full-screen frame extracted from a directly selected Skin Tone label. Frame is a local derivative and is not production data. Category: Skin Tone.
PRIMARY RESEARCH CANDIDATE — NOT PRODUCTION VERIFIED,evidence-frame-cf27_xboxunknown_rtg_skintone_021-menu,data/research/cf27/generated/full-resolution-frames/skin-tone-values-001-024/CF27_XBOXUNKNOWN_RTG_SKINTONE_021/CF27_XBOXUNKNOWN_RTG_SKINTONE_021_MENU_video-004_23p50s.png,derivative,menuEvidenceFrame,91703d03bd165614c7c62baed673254c8177343a0e620bb7126a01bc0cfa8158,1422033,image/png,video-004,23.5,env-cf27-research-video-001-rtg-path,cf27-menu-head-skin-skin-tone,CF27_XBOXUNKNOWN_RTG_SKINTONE_021,MENU,2026-07-13T01:27:47.000000Z,UNKNOWN_RESEARCHER,PRIMARY_RESEARCH_ONLY_NOT_SECOND_VERIFIED,CURRENT,valid,Full-screen frame extracted from a directly selected Skin Tone label. Frame is a local derivative and is not production data. Category: Skin Tone.
PRIMARY RESEARCH CANDIDATE — NOT PRODUCTION VERIFIED,evidence-frame-cf27_xboxunknown_rtg_skintone_022-character_stable,data/research/cf27/generated/full-resolution-frames/skin-tone-values-001-024/CF27_XBOXUNKNOWN_RTG_SKINTONE_022/CF27_XBOXUNKNOWN_RTG_SKINTONE_022_CHARACTER_STABLE_video-004_34p50s.png,derivative,catalogDerivativeFrame,98810ede87920ee5803ca7a153e00571d365d4887bdc8b5a71d2816f723e889a,1398565,image/png,video-004,34.5,env-cf27-research-video-001-rtg-path,cf27-menu-head-skin-skin-tone,CF27_XBOXUNKNOWN_RTG_SKINTONE_022,CHARACTER_STABLE,2026-07-13T01:27:47.000000Z,UNKNOWN_RESEARCHER,PRIMARY_RESEARCH_ONLY_NOT_SECOND_VERIFIED,CURRENT,valid,Full-screen frame extracted from a directly selected Skin Tone label. Frame is a local derivative and is not production data. Category: Skin Tone.
PRIMARY RESEARCH CANDIDATE — NOT PRODUCTION VERIFIED,evidence-frame-cf27_xboxunknown_rtg_skintone_022-menu,data/research/cf27/generated/full-resolution-frames/skin-tone-values-001-024/CF27_XBOXUNKNOWN_RTG_SKINTONE_022/CF27_XBOXUNKNOWN_RTG_SKINTONE_022_MENU_video-004_34p50s.png,derivative,menuEvidenceFrame,98810ede87920ee5803ca7a153e00571d365d4887bdc8b5a71d2816f723e889a,1398565,image/png,video-004,34.5,env-cf27-research-video-001-rtg-path,cf27-menu-head-skin-skin-tone,CF27_XBOXUNKNOWN_RTG_SKINTONE_022,MENU,2026-07-13T01:27:47.000000Z,UNKNOWN_RESEARCHER,PRIMARY_RESEARCH_ONLY_NOT_SECOND_VERIFIED,CURRENT,valid,Full-screen frame extracted from a directly selected Skin Tone label. Frame is a local derivative and is not production data. Category: Skin Tone.
PRIMARY RESEARCH CANDIDATE — NOT PRODUCTION VERIFIED,evidence-frame-cf27_xboxunknown_rtg_skintone_023-character_stable,data/research/cf27/generated/full-resolution-frames/skin-tone-values-001-024/CF27_XBOXUNKNOWN_RTG_SKINTONE_023/CF27_XBOXUNKNOWN_RTG_SKINTONE_023_CHARACTER_STABLE_video-004_31p50s.png,derivative,catalogDerivativeFrame,b683e35176283f433884ce3856a62ef67181800ea824b41a24c53aed27160349,1486678,image/png,video-004,31.5,env-cf27-research-video-001-rtg-path,cf27-menu-head-skin-skin-tone,CF27_XBOXUNKNOWN_RTG_SKINTONE_023,CHARACTER_STABLE,2026-07-13T01:27:47.000000Z,UNKNOWN_RESEARCHER,PRIMARY_RESEARCH_ONLY_NOT_SECOND_VERIFIED,CURRENT,valid,Full-screen frame extracted from a directly selected Skin Tone label. Frame is a local derivative and is not production data. Category: Skin Tone.
PRIMARY RESEARCH CANDIDATE — NOT PRODUCTION VERIFIED,evidence-frame-cf27_xboxunknown_rtg_skintone_023-menu,data/research/cf27/generated/full-resolution-frames/skin-tone-values-001-024/CF27_XBOXUNKNOWN_RTG_SKINTONE_023/CF27_XBOXUNKNOWN_RTG_SKINTONE_023_MENU_video-004_31p50s.png,derivative,menuEvidenceFrame,b683e35176283f433884ce3856a62ef67181800ea824b41a24c53aed27160349,1486678,image/png,video-004,31.5,env-cf27-research-video-001-rtg-path,cf27-menu-head-skin-skin-tone,CF27_XBOXUNKNOWN_RTG_SKINTONE_023,MENU,2026-07-13T01:27:47.000000Z,UNKNOWN_RESEARCHER,PRIMARY_RESEARCH_ONLY_NOT_SECOND_VERIFIED,CURRENT,valid,Full-screen frame extracted from a directly selected Skin Tone label. Frame is a local derivative and is not production data. Category: Skin Tone.
PRIMARY RESEARCH CANDIDATE — NOT PRODUCTION VERIFIED,evidence-frame-cf27_xboxunknown_rtg_skintone_024-character_stable,data/research/cf27/generated/full-resolution-frames/skin-tone-values-001-024/CF27_XBOXUNKNOWN_RTG_SKINTONE_024/CF27_XBOXUNKNOWN_RTG_SKINTONE_024_CHARACTER_STABLE_video-004_33p00s.png,derivative,catalogDerivativeFrame,3695744233b4cd638e786f055d017e224323cc8b249ee65a6ca3d1b488e317ac,1382769,image/png,video-004,33,env-cf27-research-video-001-rtg-path,cf27-menu-head-skin-skin-tone,CF27_XBOXUNKNOWN_RTG_SKINTONE_024,CHARACTER_STABLE,2026-07-13T01:27:47.000000Z,UNKNOWN_RESEARCHER,PRIMARY_RESEARCH_ONLY_NOT_SECOND_VERIFIED,CURRENT,valid,Full-screen frame extracted from a directly selected Skin Tone label. Frame is a local derivative and is not production data. Category: Skin Tone.
PRIMARY RESEARCH CANDIDATE — NOT PRODUCTION VERIFIED,evidence-frame-cf27_xboxunknown_rtg_skintone_024-menu,data/research/cf27/generated/full-resolution-frames/skin-tone-values-001-024/CF27_XBOXUNKNOWN_RTG_SKINTONE_024/CF27_XBOXUNKNOWN_RTG_SKINTONE_024_MENU_video-004_33p00s.png,derivative,menuEvidenceFrame,3695744233b4cd638e786f055d017e224323cc8b249ee65a6ca3d1b488e317ac,1382769,image/png,video-004,33,env-cf27-research-video-001-rtg-path,cf27-menu-head-skin-skin-tone,CF27_XBOXUNKNOWN_RTG_SKINTONE_024,MENU,2026-07-13T01:27:47.000000Z,UNKNOWN_RESEARCHER,PRIMARY_RESEARCH_ONLY_NOT_SECOND_VERIFIED,CURRENT,valid,Full-screen frame extracted from a directly selected Skin Tone label. Frame is a local derivative and is not production data. Category: Skin Tone.
PRIMARY RESEARCH CANDIDATE — NOT PRODUCTION VERIFIED,evidence-video-001-source-master,OWNER_DOWNLOADS/01_Environment_and_Creation_Path.MP4,master,sourceVideoMaster,6f42d3ef2572810fc09ac5138970dee5f325c539925f084a130d3fdcf7c2a0b2,156142794,video/mp4,video-001,,env-cf27-research-video-001-rtg-path,,,SOURCE_VIDEO,2026-07-12T19:03:45.000000Z,UNKNOWN_RESEARCHER,PRIMARY_RESEARCH_ONLY_NOT_SECOND_VERIFIED,CURRENT,valid,Environment and Road to Glory creation path Accepted as primary research evidence for environment and creation-path mapping. Not production catalog data. Spans environment and creation-path evidence rather than one catalog item.
PRIMARY RESEARCH CANDIDATE — NOT PRODUCTION VERIFIED,evidence-video-002-source-master,OWNER_DOWNLOADS/02_Appearance_Menu_Part_1.mp4.MOV,master,sourceVideoMaster,b016660e24dd24e63b9f1b2412ef08e3e21a905ccc71e8b59adb406d10228a53,254684699,video/quicktime,video-002,,env-cf27-research-video-001-rtg-path,cf27-menu-head-skin-head-template,,SOURCE_VIDEO,2026-07-13T01:19:19.000000Z,UNKNOWN_RESEARCHER,PRIMARY_RESEARCH_ONLY_NOT_SECOND_VERIFIED,CURRENT,valid,"Head Template captures; manifest states Face 1 through Face 12 Direct frame review confirms Head Template content and Face 12 overlap, but the stated Faces 1-12 working range is incomplete because sampled later frames show additional faces. Requires frame-level segmentation before catalog extraction."
PRIMARY RESEARCH CANDIDATE — NOT PRODUCTION VERIFIED,evidence-video-003-source-master,OWNER_DOWNLOADS/02_Appearance_Menu_Part_2.mp4.MOV,master,sourceVideoMaster,c348b96b1414927fca5ab12f8a65cc7668a6fdb22a2622c99e11a984d819a302,302595103,video/quicktime,video-003,,env-cf27-research-video-001-rtg-path,cf27-menu-head-skin-head-template,,SOURCE_VIDEO,2026-07-13T01:20:02.000000Z,UNKNOWN_RESEARCHER,PRIMARY_RESEARCH_ONLY_NOT_SECOND_VERIFIED,CURRENT,valid,Head Template captures; manifest states Face 12 through Face 29 Direct frame review confirms the Face 12 overlap and Head Template content. Requires frame-level segmentation to validate the full claimed range before any catalog records are created.
PRIMARY RESEARCH CANDIDATE — NOT PRODUCTION VERIFIED,evidence-video-004-source-master,OWNER_DOWNLOADS/03_Appearance_Skin_Tone.MP4,master,sourceVideoMaster,a65e57da173c1221c9e6472d3cc17ff645871d22ffd2b37fca4f57f83bd75146,128477357,video/mp4,video-004,,env-cf27-research-video-001-rtg-path,cf27-menu-head-skin-skin-tone,,SOURCE_VIDEO,2026-07-13T01:27:47.000000Z,UNKNOWN_RESEARCHER,PRIMARY_RESEARCH_ONLY_NOT_SECOND_VERIFIED,CURRENT,valid,Skin Tone menu and options Exact duplicate video-010 was also discovered and is retained as duplicate provenance only.
PRIMARY RESEARCH CANDIDATE — NOT PRODUCTION VERIFIED,evidence-video-005-source-master,OWNER_DOWNLOADS/04_Appearance_Skin_Details.MP4,master,sourceVideoMaster,a86993245c6762c40ba1e66d4cf3961ba69462eeb6636b20ca0be63e3246b32b,78206366,video/mp4,video-005,,env-cf27-research-video-001-rtg-path,cf27-menu-head-skin-skin-details,,SOURCE_VIDEO,2026-07-13T01:28:50.000000Z,UNKNOWN_RESEARCHER,PRIMARY_RESEARCH_ONLY_NOT_SECOND_VERIFIED,CURRENT,valid,Skin Details menu and options Exact duplicate video-011 was also discovered and is retained as duplicate provenance only.
PRIMARY RESEARCH CANDIDATE — NOT PRODUCTION VERIFIED,evidence-video-006-source-master,OWNER_DOWNLOADS/45926e39-7553-43b1-803a-6ddc787c63dd.MP4,master,sourceVideoMaster,84bdb04ca232a662a8add3ceef92f021ad6c96d241e536b12c0af968f3d92ca2,61265737,video/mp4,video-006,,env-cf27-research-video-001-rtg-path,cf27-menu-head-skin-eye-shape,,SOURCE_VIDEO,2026-07-13T01:29:49.000000Z,UNKNOWN_RESEARCHER,PRIMARY_RESEARCH_ONLY_NOT_SECOND_VERIFIED,CURRENT,valid,Eye Shape menu and options Accepted for research review of Eye Shape after navigation lead-in. Requires category segmentation before publication.
PRIMARY RESEARCH CANDIDATE — NOT PRODUCTION VERIFIED,evidence-video-007-source-master,OWNER_DOWNLOADS/a1e6193d-625e-4880-8977-3a8c7670c336.MP4,master,sourceVideoMaster,c07fdab8d65b19859ae5985dc4fb06bb9919aecf597996ab74463bc6020acfd3,73201886,video/mp4,video-007,,env-cf27-research-video-001-rtg-path,cf27-menu-head-skin-eye-color,,SOURCE_VIDEO,2026-07-13T01:30:40.000000Z,UNKNOWN_RESEARCHER,PRIMARY_RESEARCH_ONLY_NOT_SECOND_VERIFIED,CURRENT,valid,Eye Color menu and options Manifest original filename lacked an extension; current discovered file name is retained separately for provenance.
PRIMARY RESEARCH CANDIDATE — NOT PRODUCTION VERIFIED,evidence-video-008-source-master,OWNER_DOWNLOADS/5bcd4869-531b-41bf-b643-5331f34cb3f3.MP4,master,sourceVideoMaster,301b6c7ba55233503e54296e55366cdd0468f0c23b5117be6ca5ff0363d5e5b7,80062286,video/mp4,video-008,,env-cf27-research-video-001-rtg-path,cf27-menu-head-skin-nose,,SOURCE_VIDEO,2026-07-13T01:31:15.000000Z,UNKNOWN_RESEARCHER,PRIMARY_RESEARCH_ONLY_NOT_SECOND_VERIFIED,CURRENT,valid,Nose menu and options Manifest original filename lacked an extension; current discovered file name is retained separately for provenance.
PRIMARY RESEARCH CANDIDATE — NOT PRODUCTION VERIFIED,evidence-video-009-source-master,OWNER_DOWNLOADS/55b7d607-eefa-41a4-8635-1eedb5296ab0.MP4,master,sourceVideoMaster,e615e0919ebc50da7cdb1ec27ea302e28ac632b01728a88ca28ab0bb1f5902a1,69914730,video/mp4,video-009,,env-cf27-research-video-001-rtg-path,cf27-menu-head-skin-ear-shape,,SOURCE_VIDEO,2026-07-13T01:37:28.000000Z,UNKNOWN_RESEARCHER,PRIMARY_RESEARCH_ONLY_NOT_SECOND_VERIFIED,CURRENT,valid,Ear Shape menu and options Accepted for research review of Ear Shape after navigation lead-in. Requires category segmentation before publication.
PRIMARY RESEARCH CANDIDATE — NOT PRODUCTION VERIFIED,evidence-video-010-source-master,OWNER_DOWNLOADS/7cafeb6e-0488-42e6-8d6d-5836f8e30daf.MP4,master,sourceVideoMaster,a65e57da173c1221c9e6472d3cc17ff645871d22ffd2b37fca4f57f83bd75146,128477357,video/mp4,video-010,,env-cf27-research-video-001-rtg-path,cf27-menu-head-skin-skin-tone,,SOURCE_VIDEO,2026-07-13T01:27:47.000000Z,UNKNOWN_RESEARCHER,PRIMARY_RESEARCH_ONLY_NOT_SECOND_VERIFIED,DUPLICATE_OF_video-004,valid,Exact duplicate of Skin Tone menu and options recording Do not delete. Preserve as provenance-only duplicate; do not use as an additional independent evidence source. Exact duplicate source reference of video-004; preserved for provenance.
PRIMARY RESEARCH CANDIDATE — NOT PRODUCTION VERIFIED,evidence-video-011-source-master,OWNER_DOWNLOADS/4df34d2b-7dea-4afe-8dcc-05583430012f.MP4,master,sourceVideoMaster,a86993245c6762c40ba1e66d4cf3961ba69462eeb6636b20ca0be63e3246b32b,78206366,video/mp4,video-011,,env-cf27-research-video-001-rtg-path,cf27-menu-head-skin-skin-details,,SOURCE_VIDEO,2026-07-13T01:28:50.000000Z,UNKNOWN_RESEARCHER,PRIMARY_RESEARCH_ONLY_NOT_SECOND_VERIFIED,DUPLICATE_OF_video-005,valid,Exact duplicate of Skin Details menu and options recording Do not delete. Preserve as provenance-only duplicate; do not use as an additional independent evidence source. Exact duplicate source reference of video-005; preserved for provenance.
