task_id,group,priority,candidate_or_menu_id,affected_candidate_ids,category,required_view,recommended_file_name,related_source_video_timestamp,why_blocked,evidence_will_clear_blocker,source_issue_ids,source_capture_ids
CF27-REC-GLOBAL-ENVIRONMENT-VERSION,Environment evidence,P0,CF27_ENVIRONMENT_VERSION_PATCH,CF27_XBOXUNKNOWN_RTG_JOURNEYTYPE_BLUE_CHIP;CF27_XBOXUNKNOWN_RTG_JOURNEYTYPE_CONTRIBUTOR;CF27_XBOXUNKNOWN_RTG_JOURNEYTYPE_ELITE;CF27_XBOXUNKNOWN_RTG_JOURNEYTYPE_UNDERDOG;CF27_XBOXUNKNOWN_RTG_POSITION_QB;CF27_XBOXUNKNOWN_RTG_CHIN_SQUARE;CF27_XBOXUNKNOWN_RTG_EARSHAPE_001;CF27_XBOXUNKNOWN_RTG_EARSHAPE_002;CF27_XBOXUNKNOWN_RTG_EARSHAPE_003;CF27_XBOXUNKNOWN_RTG_EARSHAPE_004;CF27_XBOXUNKNOWN_RTG_EYECOLOR_001;CF27_XBOXUNKNOWN_RTG_EYECOLOR_002;CF27_XBOXUNKNOWN_RTG_EYECOLOR_003;CF27_XBOXUNKNOWN_RTG_EYECOLOR_004;CF27_XBOXUNKNOWN_RTG_EYECOLOR_005;CF27_XBOXUNKNOWN_RTG_EYECOLOR_006;CF27_XBOXUNKNOWN_RTG_EYECOLOR_007;CF27_XBOXUNKNOWN_RTG_EYESHAPE_001;CF27_XBOXUNKNOWN_RTG_EYESHAPE_002;CF27_XBOXUNKNOWN_RTG_EYESHAPE_003;CF27_XBOXUNKNOWN_RTG_EYESHAPE_004;CF27_XBOXUNKNOWN_RTG_EYESHAPE_005;CF27_XBOXUNKNOWN_RTG_FACIALHAIR_MUTTON_CHOPS;CF27_XBOXUNKNOWN_RTG_FACIALHAIRCOLOR_PURPLE;CF27_XBOXUNKNOWN_RTG_HAIRCOLOR_LIGHT_BROWN;CF27_XBOXUNKNOWN_RTG_HAIRSTYLE_SHORT_CURLY;CF27_XBOXUNKNOWN_RTG_HEAD_001;CF27_XBOXUNKNOWN_RTG_HEAD_002;CF27_XBOXUNKNOWN_RTG_HEAD_003;CF27_XBOXUNKNOWN_RTG_HEAD_004;CF27_XBOXUNKNOWN_RTG_HEAD_005;CF27_XBOXUNKNOWN_RTG_HEAD_006;CF27_XBOXUNKNOWN_RTG_HEAD_007;CF27_XBOXUNKNOWN_RTG_HEAD_008;CF27_XBOXUNKNOWN_RTG_HEAD_009;CF27_XBOXUNKNOWN_RTG_HEAD_010;CF27_XBOXUNKNOWN_RTG_HEAD_011;CF27_XBOXUNKNOWN_RTG_HEAD_012;CF27_XBOXUNKNOWN_RTG_HEAD_013;CF27_XBOXUNKNOWN_RTG_HEAD_014;CF27_XBOXUNKNOWN_RTG_HEAD_016;CF27_XBOXUNKNOWN_RTG_HEAD_017;CF27_XBOXUNKNOWN_RTG_HEAD_018;CF27_XBOXUNKNOWN_RTG_HEAD_021;CF27_XBOXUNKNOWN_RTG_HEAD_022;CF27_XBOXUNKNOWN_RTG_HEAD_023;CF27_XBOXUNKNOWN_RTG_HEAD_024;CF27_XBOXUNKNOWN_RTG_HEAD_027;CF27_XBOXUNKNOWN_RTG_HEAD_028;CF27_XBOXUNKNOWN_RTG_HEAD_029;CF27_XBOXUNKNOWN_RTG_HEAD_030;CF27_XBOXUNKNOWN_RTG_HEAD_031;CF27_XBOXUNKNOWN_RTG_JAWSHAPE_SQUARE;CF27_XBOXUNKNOWN_RTG_MOUTHSHAPE_HEAVY;CF27_XBOXUNKNOWN_RTG_NOSE_001;CF27_XBOXUNKNOWN_RTG_NOSE_002;CF27_XBOXUNKNOWN_RTG_NOSE_003;CF27_XBOXUNKNOWN_RTG_NOSE_004;CF27_XBOXUNKNOWN_RTG_NOSE_005;CF27_XBOXUNKNOWN_RTG_NOSE_006;CF27_XBOXUNKNOWN_RTG_NOSE_007;CF27_XBOXUNKNOWN_RTG_SKINDETAILS_001;CF27_XBOXUNKNOWN_RTG_SKINDETAILS_002;CF27_XBOXUNKNOWN_RTG_SKINDETAILS_003;CF27_XBOXUNKNOWN_RTG_SKINDETAILS_004;CF27_XBOXUNKNOWN_RTG_SKINDETAILS_005;CF27_XBOXUNKNOWN_RTG_SKINDETAILS_006;CF27_XBOXUNKNOWN_RTG_SKINDETAILS_007;CF27_XBOXUNKNOWN_RTG_SKINDETAILS_008;CF27_XBOXUNKNOWN_RTG_SKINDETAILS_009;CF27_XBOXUNKNOWN_RTG_SKINDETAILS_010;CF27_XBOXUNKNOWN_RTG_SKINTONE_001;CF27_XBOXUNKNOWN_RTG_SKINTONE_002;CF27_XBOXUNKNOWN_RTG_SKINTONE_003;CF27_XBOXUNKNOWN_RTG_SKINTONE_004;CF27_XBOXUNKNOWN_RTG_SKINTONE_006;CF27_XBOXUNKNOWN_RTG_SKINTONE_007;CF27_XBOXUNKNOWN_RTG_SKINTONE_008;CF27_XBOXUNKNOWN_RTG_SKINTONE_009;CF27_XBOXUNKNOWN_RTG_SKINTONE_010;CF27_XBOXUNKNOWN_RTG_SKINTONE_011;CF27_XBOXUNKNOWN_RTG_SKINTONE_012;CF27_XBOXUNKNOWN_RTG_SKINTONE_013;CF27_XBOXUNKNOWN_RTG_SKINTONE_017;CF27_XBOXUNKNOWN_RTG_SKINTONE_018;CF27_XBOXUNKNOWN_RTG_SKINTONE_019;CF27_XBOXUNKNOWN_RTG_SKINTONE_020;CF27_XBOXUNKNOWN_RTG_SKINTONE_021;CF27_XBOXUNKNOWN_RTG_SKINTONE_022;CF27_XBOXUNKNOWN_RTG_SKINTONE_023;CF27_XBOXUNKNOWN_RTG_SKINTONE_024;CF27_XBOXUNKNOWN_RTG_SKINTONE_029,Environment metadata,ENVIRONMENT_SCREEN,GFM-CF27-ENVIRONMENT-VERSION-PATCH-YYYYMMDD-partNN.mp4,,Production release cannot bind observations to a reproducible game version and patch.,"Direct console/game screens showing platform, game version, patch/update state, mode, creation path, and safe account/entitlement context.",,
CF27-REC-GLOBAL-CREATION-PATH,Creation-path evidence,P0,CF27_CREATION_PATH_CANONICAL,CF27_XBOXUNKNOWN_RTG_JOURNEYTYPE_BLUE_CHIP;CF27_XBOXUNKNOWN_RTG_JOURNEYTYPE_CONTRIBUTOR;CF27_XBOXUNKNOWN_RTG_JOURNEYTYPE_ELITE;CF27_XBOXUNKNOWN_RTG_JOURNEYTYPE_UNDERDOG;CF27_XBOXUNKNOWN_RTG_POSITION_QB;CF27_XBOXUNKNOWN_RTG_CHIN_SQUARE;CF27_XBOXUNKNOWN_RTG_EARSHAPE_001;CF27_XBOXUNKNOWN_RTG_EARSHAPE_002;CF27_XBOXUNKNOWN_RTG_EARSHAPE_003;CF27_XBOXUNKNOWN_RTG_EARSHAPE_004;CF27_XBOXUNKNOWN_RTG_EYECOLOR_001;CF27_XBOXUNKNOWN_RTG_EYECOLOR_002;CF27_XBOXUNKNOWN_RTG_EYECOLOR_003;CF27_XBOXUNKNOWN_RTG_EYECOLOR_004;CF27_XBOXUNKNOWN_RTG_EYECOLOR_005;CF27_XBOXUNKNOWN_RTG_EYECOLOR_006;CF27_XBOXUNKNOWN_RTG_EYECOLOR_007;CF27_XBOXUNKNOWN_RTG_EYESHAPE_001;CF27_XBOXUNKNOWN_RTG_EYESHAPE_002;CF27_XBOXUNKNOWN_RTG_EYESHAPE_003;CF27_XBOXUNKNOWN_RTG_EYESHAPE_004;CF27_XBOXUNKNOWN_RTG_EYESHAPE_005;CF27_XBOXUNKNOWN_RTG_FACIALHAIR_MUTTON_CHOPS;CF27_XBOXUNKNOWN_RTG_FACIALHAIRCOLOR_PURPLE;CF27_XBOXUNKNOWN_RTG_HAIRCOLOR_LIGHT_BROWN;CF27_XBOXUNKNOWN_RTG_HAIRSTYLE_SHORT_CURLY;CF27_XBOXUNKNOWN_RTG_HEAD_001;CF27_XBOXUNKNOWN_RTG_HEAD_002;CF27_XBOXUNKNOWN_RTG_HEAD_003;CF27_XBOXUNKNOWN_RTG_HEAD_004;CF27_XBOXUNKNOWN_RTG_HEAD_005;CF27_XBOXUNKNOWN_RTG_HEAD_006;CF27_XBOXUNKNOWN_RTG_HEAD_007;CF27_XBOXUNKNOWN_RTG_HEAD_008;CF27_XBOXUNKNOWN_RTG_HEAD_009;CF27_XBOXUNKNOWN_RTG_HEAD_010;CF27_XBOXUNKNOWN_RTG_HEAD_011;CF27_XBOXUNKNOWN_RTG_HEAD_012;CF27_XBOXUNKNOWN_RTG_HEAD_013;CF27_XBOXUNKNOWN_RTG_HEAD_014;CF27_XBOXUNKNOWN_RTG_HEAD_016;CF27_XBOXUNKNOWN_RTG_HEAD_017;CF27_XBOXUNKNOWN_RTG_HEAD_018;CF27_XBOXUNKNOWN_RTG_HEAD_021;CF27_XBOXUNKNOWN_RTG_HEAD_022;CF27_XBOXUNKNOWN_RTG_HEAD_023;CF27_XBOXUNKNOWN_RTG_HEAD_024;CF27_XBOXUNKNOWN_RTG_HEAD_027;CF27_XBOXUNKNOWN_RTG_HEAD_028;CF27_XBOXUNKNOWN_RTG_HEAD_029;CF27_XBOXUNKNOWN_RTG_HEAD_030;CF27_XBOXUNKNOWN_RTG_HEAD_031;CF27_XBOXUNKNOWN_RTG_JAWSHAPE_SQUARE;CF27_XBOXUNKNOWN_RTG_MOUTHSHAPE_HEAVY;CF27_XBOXUNKNOWN_RTG_NOSE_001;CF27_XBOXUNKNOWN_RTG_NOSE_002;CF27_XBOXUNKNOWN_RTG_NOSE_003;CF27_XBOXUNKNOWN_RTG_NOSE_004;CF27_XBOXUNKNOWN_RTG_NOSE_005;CF27_XBOXUNKNOWN_RTG_NOSE_006;CF27_XBOXUNKNOWN_RTG_NOSE_007;CF27_XBOXUNKNOWN_RTG_SKINDETAILS_001;CF27_XBOXUNKNOWN_RTG_SKINDETAILS_002;CF27_XBOXUNKNOWN_RTG_SKINDETAILS_003;CF27_XBOXUNKNOWN_RTG_SKINDETAILS_004;CF27_XBOXUNKNOWN_RTG_SKINDETAILS_005;CF27_XBOXUNKNOWN_RTG_SKINDETAILS_006;CF27_XBOXUNKNOWN_RTG_SKINDETAILS_007;CF27_XBOXUNKNOWN_RTG_SKINDETAILS_008;CF27_XBOXUNKNOWN_RTG_SKINDETAILS_009;CF27_XBOXUNKNOWN_RTG_SKINDETAILS_010;CF27_XBOXUNKNOWN_RTG_SKINTONE_001;CF27_XBOXUNKNOWN_RTG_SKINTONE_002;CF27_XBOXUNKNOWN_RTG_SKINTONE_003;CF27_XBOXUNKNOWN_RTG_SKINTONE_004;CF27_XBOXUNKNOWN_RTG_SKINTONE_006;CF27_XBOXUNKNOWN_RTG_SKINTONE_007;CF27_XBOXUNKNOWN_RTG_SKINTONE_008;CF27_XBOXUNKNOWN_RTG_SKINTONE_009;CF27_XBOXUNKNOWN_RTG_SKINTONE_010;CF27_XBOXUNKNOWN_RTG_SKINTONE_011;CF27_XBOXUNKNOWN_RTG_SKINTONE_012;CF27_XBOXUNKNOWN_RTG_SKINTONE_013;CF27_XBOXUNKNOWN_RTG_SKINTONE_017;CF27_XBOXUNKNOWN_RTG_SKINTONE_018;CF27_XBOXUNKNOWN_RTG_SKINTONE_019;CF27_XBOXUNKNOWN_RTG_SKINTONE_020;CF27_XBOXUNKNOWN_RTG_SKINTONE_021;CF27_XBOXUNKNOWN_RTG_SKINTONE_022;CF27_XBOXUNKNOWN_RTG_SKINTONE_023;CF27_XBOXUNKNOWN_RTG_SKINTONE_024;CF27_XBOXUNKNOWN_RTG_SKINTONE_029,Creation paths,MENU,GFM-CF27-CREATION-PATH-CANONICAL-YYYYMMDD-partNN.mp4,,Creation path and environment context must be reproducible before production publication.,Continuous menu evidence from Road to Glory entry through the supported Create Player appearance path.,,
CF27-REC-GLOBAL-MENU-MAP,Menu-map evidence,P0,GFM-CAP-001,CF27_XBOXUNKNOWN_RTG_JOURNEYTYPE_BLUE_CHIP;CF27_XBOXUNKNOWN_RTG_JOURNEYTYPE_CONTRIBUTOR;CF27_XBOXUNKNOWN_RTG_JOURNEYTYPE_ELITE;CF27_XBOXUNKNOWN_RTG_JOURNEYTYPE_UNDERDOG;CF27_XBOXUNKNOWN_RTG_POSITION_QB;CF27_XBOXUNKNOWN_RTG_CHIN_SQUARE;CF27_XBOXUNKNOWN_RTG_EARSHAPE_001;CF27_XBOXUNKNOWN_RTG_EARSHAPE_002;CF27_XBOXUNKNOWN_RTG_EARSHAPE_003;CF27_XBOXUNKNOWN_RTG_EARSHAPE_004;CF27_XBOXUNKNOWN_RTG_EYECOLOR_001;CF27_XBOXUNKNOWN_RTG_EYECOLOR_002;CF27_XBOXUNKNOWN_RTG_EYECOLOR_003;CF27_XBOXUNKNOWN_RTG_EYECOLOR_004;CF27_XBOXUNKNOWN_RTG_EYECOLOR_005;CF27_XBOXUNKNOWN_RTG_EYECOLOR_006;CF27_XBOXUNKNOWN_RTG_EYECOLOR_007;CF27_XBOXUNKNOWN_RTG_EYESHAPE_001;CF27_XBOXUNKNOWN_RTG_EYESHAPE_002;CF27_XBOXUNKNOWN_RTG_EYESHAPE_003;CF27_XBOXUNKNOWN_RTG_EYESHAPE_004;CF27_XBOXUNKNOWN_RTG_EYESHAPE_005;CF27_XBOXUNKNOWN_RTG_FACIALHAIR_MUTTON_CHOPS;CF27_XBOXUNKNOWN_RTG_FACIALHAIRCOLOR_PURPLE;CF27_XBOXUNKNOWN_RTG_HAIRCOLOR_LIGHT_BROWN;CF27_XBOXUNKNOWN_RTG_HAIRSTYLE_SHORT_CURLY;CF27_XBOXUNKNOWN_RTG_HEAD_001;CF27_XBOXUNKNOWN_RTG_HEAD_002;CF27_XBOXUNKNOWN_RTG_HEAD_003;CF27_XBOXUNKNOWN_RTG_HEAD_004;CF27_XBOXUNKNOWN_RTG_HEAD_005;CF27_XBOXUNKNOWN_RTG_HEAD_006;CF27_XBOXUNKNOWN_RTG_HEAD_007;CF27_XBOXUNKNOWN_RTG_HEAD_008;CF27_XBOXUNKNOWN_RTG_HEAD_009;CF27_XBOXUNKNOWN_RTG_HEAD_010;CF27_XBOXUNKNOWN_RTG_HEAD_011;CF27_XBOXUNKNOWN_RTG_HEAD_012;CF27_XBOXUNKNOWN_RTG_HEAD_013;CF27_XBOXUNKNOWN_RTG_HEAD_014;CF27_XBOXUNKNOWN_RTG_HEAD_016;CF27_XBOXUNKNOWN_RTG_HEAD_017;CF27_XBOXUNKNOWN_RTG_HEAD_018;CF27_XBOXUNKNOWN_RTG_HEAD_021;CF27_XBOXUNKNOWN_RTG_HEAD_022;CF27_XBOXUNKNOWN_RTG_HEAD_023;CF27_XBOXUNKNOWN_RTG_HEAD_024;CF27_XBOXUNKNOWN_RTG_HEAD_027;CF27_XBOXUNKNOWN_RTG_HEAD_028;CF27_XBOXUNKNOWN_RTG_HEAD_029;CF27_XBOXUNKNOWN_RTG_HEAD_030;CF27_XBOXUNKNOWN_RTG_HEAD_031;CF27_XBOXUNKNOWN_RTG_JAWSHAPE_SQUARE;CF27_XBOXUNKNOWN_RTG_MOUTHSHAPE_HEAVY;CF27_XBOXUNKNOWN_RTG_NOSE_001;CF27_XBOXUNKNOWN_RTG_NOSE_002;CF27_XBOXUNKNOWN_RTG_NOSE_003;CF27_XBOXUNKNOWN_RTG_NOSE_004;CF27_XBOXUNKNOWN_RTG_NOSE_005;CF27_XBOXUNKNOWN_RTG_NOSE_006;CF27_XBOXUNKNOWN_RTG_NOSE_007;CF27_XBOXUNKNOWN_RTG_SKINDETAILS_001;CF27_XBOXUNKNOWN_RTG_SKINDETAILS_002;CF27_XBOXUNKNOWN_RTG_SKINDETAILS_003;CF27_XBOXUNKNOWN_RTG_SKINDETAILS_004;CF27_XBOXUNKNOWN_RTG_SKINDETAILS_005;CF27_XBOXUNKNOWN_RTG_SKINDETAILS_006;CF27_XBOXUNKNOWN_RTG_SKINDETAILS_007;CF27_XBOXUNKNOWN_RTG_SKINDETAILS_008;CF27_XBOXUNKNOWN_RTG_SKINDETAILS_009;CF27_XBOXUNKNOWN_RTG_SKINDETAILS_010;CF27_XBOXUNKNOWN_RTG_SKINTONE_001;CF27_XBOXUNKNOWN_RTG_SKINTONE_002;CF27_XBOXUNKNOWN_RTG_SKINTONE_003;CF27_XBOXUNKNOWN_RTG_SKINTONE_004;CF27_XBOXUNKNOWN_RTG_SKINTONE_006;CF27_XBOXUNKNOWN_RTG_SKINTONE_007;CF27_XBOXUNKNOWN_RTG_SKINTONE_008;CF27_XBOXUNKNOWN_RTG_SKINTONE_009;CF27_XBOXUNKNOWN_RTG_SKINTONE_010;CF27_XBOXUNKNOWN_RTG_SKINTONE_011;CF27_XBOXUNKNOWN_RTG_SKINTONE_012;CF27_XBOXUNKNOWN_RTG_SKINTONE_013;CF27_XBOXUNKNOWN_RTG_SKINTONE_017;CF27_XBOXUNKNOWN_RTG_SKINTONE_018;CF27_XBOXUNKNOWN_RTG_SKINTONE_019;CF27_XBOXUNKNOWN_RTG_SKINTONE_020;CF27_XBOXUNKNOWN_RTG_SKINTONE_021;CF27_XBOXUNKNOWN_RTG_SKINTONE_022;CF27_XBOXUNKNOWN_RTG_SKINTONE_023;CF27_XBOXUNKNOWN_RTG_SKINTONE_024;CF27_XBOXUNKNOWN_RTG_SKINTONE_029,Appearance menu hierarchy,MENU,GFM-CAP-001_APPEARANCE_HEADSKIN_BOUNDARY_YYYYMMDD_partNN.mp4,,Menu-map boundaries and scroll continuations are not production complete.,"Readable menu labels, first/final visible rows, and scroll/wrap proof without inferred categories.",,GFM-CAP-001
CF27-REC-cf27-xboxunknown-rtg-head-001,Head records,P0,CF27_XBOXUNKNOWN_RTG_HEAD_001,CF27_XBOXUNKNOWN_RTG_HEAD_001,Heads,FRONT;LEFT_3Q;LEFT_PROFILE;RIGHT_3Q;RIGHT_PROFILE;REAR,GFM-CAP-001_APPEARANCE_HEADSKIN_BOUNDARY_YYYYMMDD_partNN.mp4,phase0-video-002@10-19,"Missing required production view(s): FRONT, LEFT_3Q, LEFT_PROFILE, RIGHT_3Q, RIGHT_PROFILE, REAR. Missing environment/version field(s): gameVersion, patch. Canonical setting consistency is FAIL. Framing/visibility status is FAIL. Lighting status is UNRESOLVED_NOT_CAPTURE_STANDARDIZED.","direct game version, patch, platform, mode, and creation-path evidence; stable required view evidence: FRONT, LEFT_3Q, LEFT_PROFILE, RIGHT_3Q, RIGHT_PROFILE, REAR",issue-phase0-primary-review-category-incomplete;issue-phase0-primary-review-environment-unresolved,GFM-CAP-001
CF27-REC-cf27-xboxunknown-rtg-head-002,Head records,P0,CF27_XBOXUNKNOWN_RTG_HEAD_002,CF27_XBOXUNKNOWN_RTG_HEAD_002,Heads,FRONT;LEFT_3Q;LEFT_PROFILE;RIGHT_3Q;RIGHT_PROFILE;REAR,GFM-CAP-001_APPEARANCE_HEADSKIN_BOUNDARY_YYYYMMDD_partNN.mp4,phase0-video-002@20-28,"Missing required production view(s): FRONT, LEFT_3Q, LEFT_PROFILE, RIGHT_3Q, RIGHT_PROFILE, REAR. Missing environment/version field(s): gameVersion, patch. Canonical setting consistency is FAIL. Framing/visibility status is FAIL. Lighting status is UNRESOLVED_NOT_CAPTURE_STANDARDIZED.","direct game version, patch, platform, mode, and creation-path evidence; stable required view evidence: FRONT, LEFT_3Q, LEFT_PROFILE, RIGHT_3Q, RIGHT_PROFILE, REAR",issue-phase0-primary-review-category-incomplete;issue-phase0-primary-review-environment-unresolved,GFM-CAP-001
CF27-REC-cf27-xboxunknown-rtg-head-003,Head records,P0,CF27_XBOXUNKNOWN_RTG_HEAD_003,CF27_XBOXUNKNOWN_RTG_HEAD_003,Heads,FRONT;LEFT_3Q;LEFT_PROFILE;RIGHT_3Q;RIGHT_PROFILE;REAR,GFM-CAP-001_APPEARANCE_HEADSKIN_BOUNDARY_YYYYMMDD_partNN.mp4,phase0-video-002@29-38,"Missing required production view(s): FRONT, LEFT_3Q, LEFT_PROFILE, RIGHT_3Q, RIGHT_PROFILE, REAR. Missing environment/version field(s): gameVersion, patch. Canonical setting consistency is FAIL. Framing/visibility status is FAIL. Lighting status is UNRESOLVED_NOT_CAPTURE_STANDARDIZED.","direct game version, patch, platform, mode, and creation-path evidence; stable required view evidence: FRONT, LEFT_3Q, LEFT_PROFILE, RIGHT_3Q, RIGHT_PROFILE, REAR",issue-phase0-primary-review-category-incomplete;issue-phase0-primary-review-environment-unresolved,GFM-CAP-001
CF27-REC-cf27-xboxunknown-rtg-head-004,Head records,P0,CF27_XBOXUNKNOWN_RTG_HEAD_004,CF27_XBOXUNKNOWN_RTG_HEAD_004,Heads,FRONT;LEFT_3Q;LEFT_PROFILE;RIGHT_3Q;RIGHT_PROFILE;REAR,GFM-CAP-001_APPEARANCE_HEADSKIN_BOUNDARY_YYYYMMDD_partNN.mp4,phase0-video-002@39-48,"Missing required production view(s): FRONT, LEFT_3Q, LEFT_PROFILE, RIGHT_3Q, RIGHT_PROFILE, REAR. Missing environment/version field(s): gameVersion, patch. Canonical setting consistency is FAIL. Framing/visibility status is FAIL. Lighting status is UNRESOLVED_NOT_CAPTURE_STANDARDIZED.","direct game version, patch, platform, mode, and creation-path evidence; stable required view evidence: FRONT, LEFT_3Q, LEFT_PROFILE, RIGHT_3Q, RIGHT_PROFILE, REAR",issue-phase0-primary-review-category-incomplete;issue-phase0-primary-review-environment-unresolved,GFM-CAP-001
CF27-REC-cf27-xboxunknown-rtg-head-005,Head records,P0,CF27_XBOXUNKNOWN_RTG_HEAD_005,CF27_XBOXUNKNOWN_RTG_HEAD_005,Heads,FRONT;LEFT_3Q;LEFT_PROFILE;RIGHT_3Q;RIGHT_PROFILE;REAR,GFM-CAP-001_APPEARANCE_HEADSKIN_BOUNDARY_YYYYMMDD_partNN.mp4,phase0-video-002@69-74,"Missing required production view(s): FRONT, LEFT_3Q, LEFT_PROFILE, RIGHT_3Q, RIGHT_PROFILE, REAR. Missing environment/version field(s): gameVersion, patch. Canonical setting consistency is FAIL. Framing/visibility status is FAIL. Lighting status is UNRESOLVED_NOT_CAPTURE_STANDARDIZED.","direct game version, patch, platform, mode, and creation-path evidence; stable required view evidence: FRONT, LEFT_3Q, LEFT_PROFILE, RIGHT_3Q, RIGHT_PROFILE, REAR",issue-phase0-primary-review-category-incomplete;issue-phase0-primary-review-environment-unresolved,GFM-CAP-001
CF27-REC-cf27-xboxunknown-rtg-head-006,Head records,P0,CF27_XBOXUNKNOWN_RTG_HEAD_006,CF27_XBOXUNKNOWN_RTG_HEAD_006,Heads,FRONT;LEFT_3Q;LEFT_PROFILE;RIGHT_3Q;RIGHT_PROFILE;REAR,GFM-CAP-001_APPEARANCE_HEADSKIN_BOUNDARY_YYYYMMDD_partNN.mp4,phase0-video-002@60-68,"Missing required production view(s): FRONT, LEFT_3Q, LEFT_PROFILE, RIGHT_3Q, RIGHT_PROFILE, REAR. Missing environment/version field(s): gameVersion, patch. Canonical setting consistency is FAIL. Framing/visibility status is FAIL. Lighting status is UNRESOLVED_NOT_CAPTURE_STANDARDIZED.","direct game version, patch, platform, mode, and creation-path evidence; stable required view evidence: FRONT, LEFT_3Q, LEFT_PROFILE, RIGHT_3Q, RIGHT_PROFILE, REAR",issue-phase0-primary-review-category-incomplete;issue-phase0-primary-review-environment-unresolved,GFM-CAP-001
CF27-REC-cf27-xboxunknown-rtg-head-007,Head records,P0,CF27_XBOXUNKNOWN_RTG_HEAD_007,CF27_XBOXUNKNOWN_RTG_HEAD_007,Heads,FRONT;LEFT_3Q;LEFT_PROFILE;RIGHT_3Q;RIGHT_PROFILE;REAR,GFM-CAP-001_APPEARANCE_HEADSKIN_BOUNDARY_YYYYMMDD_partNN.mp4,phase0-video-002@54-59,"Missing required production view(s): FRONT, LEFT_3Q, LEFT_PROFILE, RIGHT_3Q, RIGHT_PROFILE, REAR. Missing environment/version field(s): gameVersion, patch. Canonical setting consistency is FAIL. Framing/visibility status is FAIL. Lighting status is UNRESOLVED_NOT_CAPTURE_STANDARDIZED.","direct game version, patch, platform, mode, and creation-path evidence; stable required view evidence: FRONT, LEFT_3Q, LEFT_PROFILE, RIGHT_3Q, RIGHT_PROFILE, REAR",issue-phase0-primary-review-category-incomplete;issue-phase0-primary-review-environment-unresolved,GFM-CAP-001
CF27-REC-cf27-xboxunknown-rtg-head-008,Head records,P0,CF27_XBOXUNKNOWN_RTG_HEAD_008,CF27_XBOXUNKNOWN_RTG_HEAD_008,Heads,FRONT;LEFT_3Q;LEFT_PROFILE;RIGHT_3Q;RIGHT_PROFILE;REAR,GFM-CAP-001_APPEARANCE_HEADSKIN_BOUNDARY_YYYYMMDD_partNN.mp4,phase0-video-002@49-53,"Missing required production view(s): FRONT, LEFT_3Q, LEFT_PROFILE, RIGHT_3Q, RIGHT_PROFILE, REAR. Missing environment/version field(s): gameVersion, patch. Canonical setting consistency is FAIL. Framing/visibility status is FAIL. Lighting status is UNRESOLVED_NOT_CAPTURE_STANDARDIZED.","direct game version, patch, platform, mode, and creation-path evidence; stable required view evidence: FRONT, LEFT_3Q, LEFT_PROFILE, RIGHT_3Q, RIGHT_PROFILE, REAR",issue-phase0-primary-review-category-incomplete;issue-phase0-primary-review-environment-unresolved,GFM-CAP-001
CF27-REC-cf27-xboxunknown-rtg-head-009,Head records,P0,CF27_XBOXUNKNOWN_RTG_HEAD_009,CF27_XBOXUNKNOWN_RTG_HEAD_009,Heads,FRONT;LEFT_3Q;LEFT_PROFILE;RIGHT_3Q;RIGHT_PROFILE;REAR,GFM-CAP-001_APPEARANCE_HEADSKIN_BOUNDARY_YYYYMMDD_partNN.mp4,phase0-video-002@75-79,"Missing required production view(s): FRONT, LEFT_3Q, LEFT_PROFILE, RIGHT_3Q, RIGHT_PROFILE, REAR. Missing environment/version field(s): gameVersion, patch. Canonical setting consistency is FAIL. Framing/visibility status is FAIL. Lighting status is UNRESOLVED_NOT_CAPTURE_STANDARDIZED.","direct game version, patch, platform, mode, and creation-path evidence; stable required view evidence: FRONT, LEFT_3Q, LEFT_PROFILE, RIGHT_3Q, RIGHT_PROFILE, REAR",issue-phase0-primary-review-category-incomplete;issue-phase0-primary-review-environment-unresolved,GFM-CAP-001
CF27-REC-cf27-xboxunknown-rtg-head-010,Head records,P0,CF27_XBOXUNKNOWN_RTG_HEAD_010,CF27_XBOXUNKNOWN_RTG_HEAD_010,Heads,FRONT;LEFT_3Q;LEFT_PROFILE;RIGHT_3Q;RIGHT_PROFILE;REAR,GFM-CAP-001_APPEARANCE_HEADSKIN_BOUNDARY_YYYYMMDD_partNN.mp4,phase0-video-002@80-88,"Missing required production view(s): FRONT, LEFT_3Q, LEFT_PROFILE, RIGHT_3Q, RIGHT_PROFILE, REAR. Missing environment/version field(s): gameVersion, patch. Canonical setting consistency is FAIL. Framing/visibility status is FAIL. Lighting status is UNRESOLVED_NOT_CAPTURE_STANDARDIZED.","direct game version, patch, platform, mode, and creation-path evidence; stable required view evidence: FRONT, LEFT_3Q, LEFT_PROFILE, RIGHT_3Q, RIGHT_PROFILE, REAR",issue-phase0-primary-review-category-incomplete;issue-phase0-primary-review-environment-unresolved,GFM-CAP-001
CF27-REC-cf27-xboxunknown-rtg-head-011,Head records,P0,CF27_XBOXUNKNOWN_RTG_HEAD_011,CF27_XBOXUNKNOWN_RTG_HEAD_011,Heads,FRONT;LEFT_3Q;LEFT_PROFILE;RIGHT_3Q;RIGHT_PROFILE;REAR,GFM-CAP-001_APPEARANCE_HEADSKIN_BOUNDARY_YYYYMMDD_partNN.mp4,phase0-video-002@89-94,"Missing required production view(s): FRONT, LEFT_3Q, LEFT_PROFILE, RIGHT_3Q, RIGHT_PROFILE, REAR. Missing environment/version field(s): gameVersion, patch. Canonical setting consistency is FAIL. Framing/visibility status is FAIL. Lighting status is UNRESOLVED_NOT_CAPTURE_STANDARDIZED.","direct game version, patch, platform, mode, and creation-path evidence; stable required view evidence: FRONT, LEFT_3Q, LEFT_PROFILE, RIGHT_3Q, RIGHT_PROFILE, REAR",issue-phase0-primary-review-category-incomplete;issue-phase0-primary-review-environment-unresolved,GFM-CAP-001
CF27-REC-cf27-xboxunknown-rtg-head-013,Head records,P0,CF27_XBOXUNKNOWN_RTG_HEAD_013,CF27_XBOXUNKNOWN_RTG_HEAD_013,Heads,FRONT;LEFT_3Q;LEFT_PROFILE;RIGHT_3Q;RIGHT_PROFILE;REAR,GFM-CAP-001_APPEARANCE_HEADSKIN_BOUNDARY_YYYYMMDD_partNN.mp4,phase0-video-003@21-29,"Missing required production view(s): FRONT, LEFT_3Q, LEFT_PROFILE, RIGHT_3Q, RIGHT_PROFILE, REAR. Missing environment/version field(s): gameVersion, patch. Canonical setting consistency is FAIL. Framing/visibility status is FAIL. Lighting status is UNRESOLVED_NOT_CAPTURE_STANDARDIZED.","direct game version, patch, platform, mode, and creation-path evidence; stable required view evidence: FRONT, LEFT_3Q, LEFT_PROFILE, RIGHT_3Q, RIGHT_PROFILE, REAR",issue-phase0-primary-review-category-incomplete;issue-phase0-primary-review-environment-unresolved,GFM-CAP-001
CF27-REC-cf27-xboxunknown-rtg-head-014,Head records,P0,CF27_XBOXUNKNOWN_RTG_HEAD_014,CF27_XBOXUNKNOWN_RTG_HEAD_014,Heads,FRONT;LEFT_3Q;LEFT_PROFILE;RIGHT_3Q;RIGHT_PROFILE;REAR,GFM-CAP-001_APPEARANCE_HEADSKIN_BOUNDARY_YYYYMMDD_partNN.mp4,phase0-video-003@14-20,"Missing required production view(s): FRONT, LEFT_3Q, LEFT_PROFILE, RIGHT_3Q, RIGHT_PROFILE, REAR. Missing environment/version field(s): gameVersion, patch. Canonical setting consistency is FAIL. Framing/visibility status is FAIL. Lighting status is UNRESOLVED_NOT_CAPTURE_STANDARDIZED.","direct game version, patch, platform, mode, and creation-path evidence; stable required view evidence: FRONT, LEFT_3Q, LEFT_PROFILE, RIGHT_3Q, RIGHT_PROFILE, REAR",issue-phase0-primary-review-category-incomplete;issue-phase0-primary-review-environment-unresolved,GFM-CAP-001
CF27-REC-cf27-xboxunknown-rtg-head-017,Head records,P0,CF27_XBOXUNKNOWN_RTG_HEAD_017,CF27_XBOXUNKNOWN_RTG_HEAD_017,Heads,FRONT;LEFT_3Q;LEFT_PROFILE;RIGHT_3Q;RIGHT_PROFILE;REAR,GFM-CAP-001_APPEARANCE_HEADSKIN_BOUNDARY_YYYYMMDD_partNN.mp4,phase0-video-003@30-39,"Missing required production view(s): FRONT, LEFT_3Q, LEFT_PROFILE, RIGHT_3Q, RIGHT_PROFILE, REAR. Missing environment/version field(s): gameVersion, patch. Canonical setting consistency is FAIL. Framing/visibility status is FAIL. Lighting status is UNRESOLVED_NOT_CAPTURE_STANDARDIZED.","direct game version, patch, platform, mode, and creation-path evidence; stable required view evidence: FRONT, LEFT_3Q, LEFT_PROFILE, RIGHT_3Q, RIGHT_PROFILE, REAR",issue-phase0-primary-review-category-incomplete;issue-phase0-primary-review-environment-unresolved,GFM-CAP-001
CF27-REC-cf27-xboxunknown-rtg-head-018,Head records,P0,CF27_XBOXUNKNOWN_RTG_HEAD_018,CF27_XBOXUNKNOWN_RTG_HEAD_018,Heads,FRONT;LEFT_3Q;LEFT_PROFILE;RIGHT_3Q;RIGHT_PROFILE;REAR,GFM-CAP-001_APPEARANCE_HEADSKIN_BOUNDARY_YYYYMMDD_partNN.mp4,phase0-video-003@40-49,"Missing required production view(s): FRONT, LEFT_3Q, LEFT_PROFILE, RIGHT_3Q, RIGHT_PROFILE, REAR. Missing environment/version field(s): gameVersion, patch. Canonical setting consistency is FAIL. Framing/visibility status is FAIL. Lighting status is UNRESOLVED_NOT_CAPTURE_STANDARDIZED.","direct game version, patch, platform, mode, and creation-path evidence; stable required view evidence: FRONT, LEFT_3Q, LEFT_PROFILE, RIGHT_3Q, RIGHT_PROFILE, REAR",issue-phase0-primary-review-category-incomplete;issue-phase0-primary-review-environment-unresolved,GFM-CAP-001
CF27-REC-cf27-xboxunknown-rtg-head-021,Head records,P0,CF27_XBOXUNKNOWN_RTG_HEAD_021,CF27_XBOXUNKNOWN_RTG_HEAD_021,Heads,FRONT;LEFT_3Q;LEFT_PROFILE;RIGHT_3Q;RIGHT_PROFILE;REAR,GFM-CAP-001_APPEARANCE_HEADSKIN_BOUNDARY_YYYYMMDD_partNN.mp4,phase0-video-003@80-89,"Missing required production view(s): FRONT, LEFT_3Q, LEFT_PROFILE, RIGHT_3Q, RIGHT_PROFILE, REAR. Missing environment/version field(s): gameVersion, patch. Canonical setting consistency is FAIL. Framing/visibility status is FAIL. Lighting status is UNRESOLVED_NOT_CAPTURE_STANDARDIZED.","direct game version, patch, platform, mode, and creation-path evidence; stable required view evidence: FRONT, LEFT_3Q, LEFT_PROFILE, RIGHT_3Q, RIGHT_PROFILE, REAR",issue-phase0-primary-review-category-incomplete;issue-phase0-primary-review-environment-unresolved,GFM-CAP-001
CF27-REC-cf27-xboxunknown-rtg-head-022,Head records,P0,CF27_XBOXUNKNOWN_RTG_HEAD_022,CF27_XBOXUNKNOWN_RTG_HEAD_022,Heads,FRONT;LEFT_3Q;LEFT_PROFILE;RIGHT_3Q;RIGHT_PROFILE;REAR,GFM-CAP-001_APPEARANCE_HEADSKIN_BOUNDARY_YYYYMMDD_partNN.mp4,phase0-video-003@70-79,"Missing required production view(s): FRONT, LEFT_3Q, LEFT_PROFILE, RIGHT_3Q, RIGHT_PROFILE, REAR. Missing environment/version field(s): gameVersion, patch. Canonical setting consistency is FAIL. Framing/visibility status is FAIL. Lighting status is UNRESOLVED_NOT_CAPTURE_STANDARDIZED.","direct game version, patch, platform, mode, and creation-path evidence; stable required view evidence: FRONT, LEFT_3Q, LEFT_PROFILE, RIGHT_3Q, RIGHT_PROFILE, REAR",issue-phase0-primary-review-category-incomplete;issue-phase0-primary-review-environment-unresolved,GFM-CAP-001
CF27-REC-cf27-xboxunknown-rtg-head-023,Head records,P0,CF27_XBOXUNKNOWN_RTG_HEAD_023,CF27_XBOXUNKNOWN_RTG_HEAD_023,Heads,FRONT;LEFT_3Q;LEFT_PROFILE;RIGHT_3Q;RIGHT_PROFILE;REAR,GFM-CAP-001_APPEARANCE_HEADSKIN_BOUNDARY_YYYYMMDD_partNN.mp4,phase0-video-003@50-59,"Missing required production view(s): FRONT, LEFT_3Q, LEFT_PROFILE, RIGHT_3Q, RIGHT_PROFILE, REAR. Missing environment/version field(s): gameVersion, patch. Canonical setting consistency is FAIL. Framing/visibility status is FAIL. Lighting status is UNRESOLVED_NOT_CAPTURE_STANDARDIZED.","direct game version, patch, platform, mode, and creation-path evidence; stable required view evidence: FRONT, LEFT_3Q, LEFT_PROFILE, RIGHT_3Q, RIGHT_PROFILE, REAR",issue-phase0-primary-review-category-incomplete;issue-phase0-primary-review-environment-unresolved,GFM-CAP-001
CF27-REC-cf27-xboxunknown-rtg-head-024,Head records,P0,CF27_XBOXUNKNOWN_RTG_HEAD_024,CF27_XBOXUNKNOWN_RTG_HEAD_024,Heads,FRONT;LEFT_3Q;LEFT_PROFILE;RIGHT_3Q;RIGHT_PROFILE;REAR,GFM-CAP-001_APPEARANCE_HEADSKIN_BOUNDARY_YYYYMMDD_partNN.mp4,phase0-video-003@60-69,"Missing required production view(s): FRONT, LEFT_3Q, LEFT_PROFILE, RIGHT_3Q, RIGHT_PROFILE, REAR. Missing environment/version field(s): gameVersion, patch. Canonical setting consistency is FAIL. Framing/visibility status is FAIL. Lighting status is UNRESOLVED_NOT_CAPTURE_STANDARDIZED.","direct game version, patch, platform, mode, and creation-path evidence; stable required view evidence: FRONT, LEFT_3Q, LEFT_PROFILE, RIGHT_3Q, RIGHT_PROFILE, REAR",issue-phase0-primary-review-category-incomplete;issue-phase0-primary-review-environment-unresolved,GFM-CAP-001
CF27-REC-cf27-xboxunknown-rtg-head-027,Head records,P0,CF27_XBOXUNKNOWN_RTG_HEAD_027,CF27_XBOXUNKNOWN_RTG_HEAD_027,Heads,FRONT;LEFT_3Q;LEFT_PROFILE;RIGHT_3Q;RIGHT_PROFILE;REAR,GFM-CAP-001_APPEARANCE_HEADSKIN_BOUNDARY_YYYYMMDD_partNN.mp4,phase0-video-003@90-99,"Missing required production view(s): FRONT, LEFT_3Q, LEFT_PROFILE, RIGHT_3Q, RIGHT_PROFILE, REAR. Missing environment/version field(s): gameVersion, patch. Canonical setting consistency is FAIL. Framing/visibility status is FAIL. Lighting status is UNRESOLVED_NOT_CAPTURE_STANDARDIZED.","direct game version, patch, platform, mode, and creation-path evidence; stable required view evidence: FRONT, LEFT_3Q, LEFT_PROFILE, RIGHT_3Q, RIGHT_PROFILE, REAR",issue-phase0-primary-review-category-incomplete;issue-phase0-primary-review-environment-unresolved,GFM-CAP-001
CF27-REC-cf27-xboxunknown-rtg-head-028,Head records,P0,CF27_XBOXUNKNOWN_RTG_HEAD_028,CF27_XBOXUNKNOWN_RTG_HEAD_028,Heads,FRONT;LEFT_3Q;LEFT_PROFILE;RIGHT_3Q;RIGHT_PROFILE;REAR,GFM-CAP-001_APPEARANCE_HEADSKIN_BOUNDARY_YYYYMMDD_partNN.mp4,phase0-video-003@100-109,"Missing required production view(s): FRONT, LEFT_3Q, LEFT_PROFILE, RIGHT_3Q, RIGHT_PROFILE, REAR. Missing environment/version field(s): gameVersion, patch. Canonical setting consistency is FAIL. Framing/visibility status is FAIL. Lighting status is UNRESOLVED_NOT_CAPTURE_STANDARDIZED.","direct game version, patch, platform, mode, and creation-path evidence; stable required view evidence: FRONT, LEFT_3Q, LEFT_PROFILE, RIGHT_3Q, RIGHT_PROFILE, REAR",issue-phase0-primary-review-category-incomplete;issue-phase0-primary-review-environment-unresolved,GFM-CAP-001
CF27-REC-cf27-xboxunknown-rtg-head-029,Head records,P0,CF27_XBOXUNKNOWN_RTG_HEAD_029,CF27_XBOXUNKNOWN_RTG_HEAD_029,Heads,FRONT;LEFT_3Q;LEFT_PROFILE;RIGHT_3Q;RIGHT_PROFILE;REAR,GFM-CAP-001_APPEARANCE_HEADSKIN_BOUNDARY_YYYYMMDD_partNN.mp4,phase0-video-003@127-133.02,"Missing required production view(s): FRONT, LEFT_3Q, LEFT_PROFILE, RIGHT_3Q, RIGHT_PROFILE, REAR. Missing environment/version field(s): gameVersion, patch. Canonical setting consistency is FAIL. Framing/visibility status is FAIL. Lighting status is UNRESOLVED_NOT_CAPTURE_STANDARDIZED.","direct game version, patch, platform, mode, and creation-path evidence; stable required view evidence: FRONT, LEFT_3Q, LEFT_PROFILE, RIGHT_3Q, RIGHT_PROFILE, REAR",issue-phase0-primary-review-category-incomplete;issue-phase0-primary-review-environment-unresolved,GFM-CAP-001
CF27-REC-cf27-xboxunknown-rtg-head-030,Head records,P0,CF27_XBOXUNKNOWN_RTG_HEAD_030,CF27_XBOXUNKNOWN_RTG_HEAD_030,Heads,FRONT;LEFT_3Q;LEFT_PROFILE;RIGHT_3Q;RIGHT_PROFILE;REAR,GFM-CAP-001_APPEARANCE_HEADSKIN_BOUNDARY_YYYYMMDD_partNN.mp4,phase0-video-003@120-126,"Missing required production view(s): FRONT, LEFT_3Q, LEFT_PROFILE, RIGHT_3Q, RIGHT_PROFILE, REAR. Missing environment/version field(s): gameVersion, patch. Canonical setting consistency is FAIL. Framing/visibility status is FAIL. Lighting status is UNRESOLVED_NOT_CAPTURE_STANDARDIZED.","direct game version, patch, platform, mode, and creation-path evidence; stable required view evidence: FRONT, LEFT_3Q, LEFT_PROFILE, RIGHT_3Q, RIGHT_PROFILE, REAR",issue-phase0-primary-review-category-incomplete;issue-phase0-primary-review-environment-unresolved,GFM-CAP-001
CF27-REC-cf27-xboxunknown-rtg-head-031,Head records,P0,CF27_XBOXUNKNOWN_RTG_HEAD_031,CF27_XBOXUNKNOWN_RTG_HEAD_031,Heads,FRONT;LEFT_3Q;LEFT_PROFILE;RIGHT_3Q;RIGHT_PROFILE;REAR,GFM-CAP-001_APPEARANCE_HEADSKIN_BOUNDARY_YYYYMMDD_partNN.mp4,phase0-video-003@110-119,"Missing required production view(s): FRONT, LEFT_3Q, LEFT_PROFILE, RIGHT_3Q, RIGHT_PROFILE, REAR. Missing environment/version field(s): gameVersion, patch. Canonical setting consistency is FAIL. Framing/visibility status is FAIL. Lighting status is UNRESOLVED_NOT_CAPTURE_STANDARDIZED.","direct game version, patch, platform, mode, and creation-path evidence; stable required view evidence: FRONT, LEFT_3Q, LEFT_PROFILE, RIGHT_3Q, RIGHT_PROFILE, REAR",issue-phase0-primary-review-category-incomplete;issue-phase0-primary-review-environment-unresolved,GFM-CAP-001
CF27-REC-cf27-xboxunknown-rtg-facialhaircolor-purple,Hairstyles,P0,CF27_XBOXUNKNOWN_RTG_FACIALHAIRCOLOR_PURPLE,CF27_XBOXUNKNOWN_RTG_FACIALHAIRCOLOR_PURPLE,Facial-hair colors,FRONT,GFM-CAP-009_HAIR_COLORS_IF_VISIBLE_YYYYMMDD_partNN.mp4,CF27_XBOX_SOURCE_2026_08_02_002@225-235.35,"Missing required production view(s): FRONT. Missing environment/version field(s): gameVersion, patch. Native order, selector boundary, or count continuity is unresolved for this record/category. Canonical setting consistency is FAIL. Framing/visibility status is FAIL. Lighting status is UNRESOLVED_NOT_CAPTURE_STANDARDIZED.","direct game version, patch, platform, mode, and creation-path evidence; stable required view evidence: FRONT; complete native-order and selector-boundary capture",issue-phase0-primary-review-category-incomplete;issue-phase0-primary-review-environment-unresolved,GFM-CAP-009
CF27-REC-cf27-xboxunknown-rtg-haircolor-light-brown,Hairstyles,P0,CF27_XBOXUNKNOWN_RTG_HAIRCOLOR_LIGHT_BROWN,CF27_XBOXUNKNOWN_RTG_HAIRCOLOR_LIGHT_BROWN,Hair colors,FRONT,GFM-CAP-009_HAIR_COLORS_IF_VISIBLE_YYYYMMDD_partNN.mp4,CF27_XBOX_SOURCE_2026_08_02_002@100-174,"Missing required production view(s): FRONT. Missing environment/version field(s): gameVersion, patch. Native order, selector boundary, or count continuity is unresolved for this record/category. Canonical setting consistency is FAIL. Framing/visibility status is FAIL. Lighting status is UNRESOLVED_NOT_CAPTURE_STANDARDIZED.","direct game version, patch, platform, mode, and creation-path evidence; stable required view evidence: FRONT; complete native-order and selector-boundary capture",issue-phase0-primary-review-category-incomplete;issue-phase0-primary-review-environment-unresolved,GFM-CAP-009
CF27-REC-cf27-xboxunknown-rtg-hairstyle-short-curly,Hairstyles,P0,CF27_XBOXUNKNOWN_RTG_HAIRSTYLE_SHORT_CURLY,CF27_XBOXUNKNOWN_RTG_HAIRSTYLE_SHORT_CURLY,Hairstyles,FRONT;LEFT_3Q;LEFT_PROFILE;REAR;RIGHT_PROFILE;RIGHT_3Q,GFM-CAP-008_HAIRSTYLES_IF_VISIBLE_YYYYMMDD_partNN.mp4,CF27_XBOX_SOURCE_2026_08_02_002@5-99,"Missing required production view(s): FRONT, LEFT_3Q, LEFT_PROFILE, REAR, RIGHT_PROFILE, RIGHT_3Q. Missing environment/version field(s): gameVersion, patch. Native order, selector boundary, or count continuity is unresolved for this record/category. Canonical setting consistency is FAIL. Framing/visibility status is FAIL. Lighting status is UNRESOLVED_NOT_CAPTURE_STANDARDIZED.","direct game version, patch, platform, mode, and creation-path evidence; stable required view evidence: FRONT, LEFT_3Q, LEFT_PROFILE, REAR, RIGHT_PROFILE, RIGHT_3Q; complete native-order and selector-boundary capture",issue-phase0-primary-review-category-incomplete;issue-phase0-primary-review-environment-unresolved,GFM-CAP-008
CF27-REC-cf27-xboxunknown-rtg-facialhair-mutton-chops,Facial hair,P0,CF27_XBOXUNKNOWN_RTG_FACIALHAIR_MUTTON_CHOPS,CF27_XBOXUNKNOWN_RTG_FACIALHAIR_MUTTON_CHOPS,Facial hair,FRONT;LEFT_3Q;LEFT_PROFILE;RIGHT_3Q;RIGHT_PROFILE,GFM-CF27-FACIAL-HAIR-CF27-XBOXUNKNOWN-RTG-FACIALHAIR-MUTTON-CHOPS-YYYYMMDD-partNN.mp4,CF27_XBOX_SOURCE_2026_08_02_002@175-224,"Missing required production view(s): FRONT, LEFT_3Q, LEFT_PROFILE, RIGHT_3Q, RIGHT_PROFILE. Missing environment/version field(s): gameVersion, patch. Native order, selector boundary, or count continuity is unresolved for this record/category. Canonical setting consistency is FAIL. Framing/visibility status is FAIL. Lighting status is UNRESOLVED_NOT_CAPTURE_STANDARDIZED.","direct game version, patch, platform, mode, and creation-path evidence; stable required view evidence: FRONT, LEFT_3Q, LEFT_PROFILE, RIGHT_3Q, RIGHT_PROFILE; complete native-order and selector-boundary capture",issue-phase0-primary-review-category-incomplete;issue-phase0-primary-review-environment-unresolved,
CF27-REC-cf27-xboxunknown-rtg-chin-square,Additional attributes,P0,CF27_XBOXUNKNOWN_RTG_CHIN_SQUARE,CF27_XBOXUNKNOWN_RTG_CHIN_SQUARE,Chin,FRONT;LEFT_PROFILE;RIGHT_PROFILE,GFM-CF27-ADDITIONAL-ATTRIBUTES-CF27-XBOXUNKNOWN-RTG-CHIN-SQUARE-YYYYMMDD-partNN.mp4,CF27_XBOX_SOURCE_2026_08_02_001@230-240.24,"Missing required production view(s): FRONT, LEFT_PROFILE, RIGHT_PROFILE. Missing environment/version field(s): gameVersion, patch. Canonical setting consistency is FAIL. Framing/visibility status is FAIL. Lighting status is UNRESOLVED_NOT_CAPTURE_STANDARDIZED.","direct game version, patch, platform, mode, and creation-path evidence; stable required view evidence: FRONT, LEFT_PROFILE, RIGHT_PROFILE",issue-phase0-primary-review-category-incomplete;issue-phase0-primary-review-environment-unresolved,
CF27-REC-cf27-xboxunknown-rtg-jawshape-square,Additional attributes,P0,CF27_XBOXUNKNOWN_RTG_JAWSHAPE_SQUARE,CF27_XBOXUNKNOWN_RTG_JAWSHAPE_SQUARE,Jaw Shape,FRONT;LEFT_PROFILE;RIGHT_PROFILE,GFM-CF27-ADDITIONAL-ATTRIBUTES-CF27-XBOXUNKNOWN-RTG-JAWSHAPE-SQUARE-YYYYMMDD-partNN.mp4,CF27_XBOX_SOURCE_2026_08_02_001@220-229,"Missing required production view(s): FRONT, LEFT_PROFILE, RIGHT_PROFILE. Missing environment/version field(s): gameVersion, patch. Canonical setting consistency is FAIL. Framing/visibility status is FAIL. Lighting status is UNRESOLVED_NOT_CAPTURE_STANDARDIZED.","direct game version, patch, platform, mode, and creation-path evidence; stable required view evidence: FRONT, LEFT_PROFILE, RIGHT_PROFILE",issue-phase0-primary-review-category-incomplete;issue-phase0-primary-review-environment-unresolved,
CF27-REC-cf27-xboxunknown-rtg-journeytype-blue-chip,Additional attributes,P0,CF27_XBOXUNKNOWN_RTG_JOURNEYTYPE_BLUE_CHIP,CF27_XBOXUNKNOWN_RTG_JOURNEYTYPE_BLUE_CHIP,Body-related appearance controls,ENVIRONMENT_SCREEN,GFM-CF27-ADDITIONAL-ATTRIBUTES-CF27-XBOXUNKNOWN-RTG-JOURNEYTYPE-BLUE-CHIP-YYYYMMDD-partNN.mp4,phase0-video-001@18-23,"Missing environment/version field(s): gameVersion, patch. Canonical setting consistency is FAIL. Lighting status is UNRESOLVED_NOT_CAPTURE_STANDARDIZED.","direct game version, patch, platform, mode, and creation-path evidence",issue-phase0-primary-review-category-incomplete;issue-phase0-primary-review-environment-unresolved,
CF27-REC-cf27-xboxunknown-rtg-journeytype-contributor,Additional attributes,P0,CF27_XBOXUNKNOWN_RTG_JOURNEYTYPE_CONTRIBUTOR,CF27_XBOXUNKNOWN_RTG_JOURNEYTYPE_CONTRIBUTOR,Body-related appearance controls,ENVIRONMENT_SCREEN,GFM-CF27-ADDITIONAL-ATTRIBUTES-CF27-XBOXUNKNOWN-RTG-JOURNEYTYPE-CONTRIBUTOR-YYYYMMDD-partNN.mp4,phase0-video-001@18-23,"Missing environment/version field(s): gameVersion, patch. Canonical setting consistency is FAIL. Lighting status is UNRESOLVED_NOT_CAPTURE_STANDARDIZED.","direct game version, patch, platform, mode, and creation-path evidence",issue-phase0-primary-review-category-incomplete;issue-phase0-primary-review-environment-unresolved,
CF27-REC-cf27-xboxunknown-rtg-journeytype-elite,Additional attributes,P0,CF27_XBOXUNKNOWN_RTG_JOURNEYTYPE_ELITE,CF27_XBOXUNKNOWN_RTG_JOURNEYTYPE_ELITE,Body-related appearance controls,ENVIRONMENT_SCREEN,GFM-CF27-ADDITIONAL-ATTRIBUTES-CF27-XBOXUNKNOWN-RTG-JOURNEYTYPE-ELITE-YYYYMMDD-partNN.mp4,phase0-video-001@18-23,"Missing environment/version field(s): gameVersion, patch. Canonical setting consistency is FAIL. Lighting status is UNRESOLVED_NOT_CAPTURE_STANDARDIZED.","direct game version, patch, platform, mode, and creation-path evidence",issue-phase0-primary-review-category-incomplete;issue-phase0-primary-review-environment-unresolved,
CF27-REC-cf27-xboxunknown-rtg-journeytype-underdog,Additional attributes,P0,CF27_XBOXUNKNOWN_RTG_JOURNEYTYPE_UNDERDOG,CF27_XBOXUNKNOWN_RTG_JOURNEYTYPE_UNDERDOG,Body-related appearance controls,ENVIRONMENT_SCREEN,GFM-CF27-ADDITIONAL-ATTRIBUTES-CF27-XBOXUNKNOWN-RTG-JOURNEYTYPE-UNDERDOG-YYYYMMDD-partNN.mp4,phase0-video-001@18-23,"Missing environment/version field(s): gameVersion, patch. Canonical setting consistency is FAIL. Lighting status is UNRESOLVED_NOT_CAPTURE_STANDARDIZED.","direct game version, patch, platform, mode, and creation-path evidence",issue-phase0-primary-review-category-incomplete;issue-phase0-primary-review-environment-unresolved,
CF27-REC-cf27-xboxunknown-rtg-mouthshape-heavy,Additional attributes,P0,CF27_XBOXUNKNOWN_RTG_MOUTHSHAPE_HEAVY,CF27_XBOXUNKNOWN_RTG_MOUTHSHAPE_HEAVY,Mouth Shape,FRONT,GFM-CF27-ADDITIONAL-ATTRIBUTES-CF27-XBOXUNKNOWN-RTG-MOUTHSHAPE-HEAVY-YYYYMMDD-partNN.mp4,CF27_XBOX_SOURCE_2026_08_02_001@210-219,"Missing required production view(s): FRONT. Missing environment/version field(s): gameVersion, patch. Canonical setting consistency is FAIL. Framing/visibility status is FAIL. Lighting status is UNRESOLVED_NOT_CAPTURE_STANDARDIZED.","direct game version, patch, platform, mode, and creation-path evidence; stable required view evidence: FRONT",issue-phase0-primary-review-category-incomplete;issue-phase0-primary-review-environment-unresolved,
CF27-REC-cf27-xboxunknown-rtg-position-qb,Additional attributes,P0,CF27_XBOXUNKNOWN_RTG_POSITION_QB,CF27_XBOXUNKNOWN_RTG_POSITION_QB,Body-related appearance controls,ENVIRONMENT_SCREEN,GFM-CF27-ADDITIONAL-ATTRIBUTES-CF27-XBOXUNKNOWN-RTG-POSITION-QB-YYYYMMDD-partNN.mp4,phase0-video-001@24-29,"Missing environment/version field(s): gameVersion, patch. Canonical setting consistency is FAIL. Lighting status is UNRESOLVED_NOT_CAPTURE_STANDARDIZED.","direct game version, patch, platform, mode, and creation-path evidence",issue-phase0-primary-review-category-incomplete;issue-phase0-primary-review-environment-unresolved,
CF27-REC-cf27-xboxunknown-rtg-earshape-002,Duplicate disputes,P0,CF27_XBOXUNKNOWN_RTG_EARSHAPE_002,CF27_XBOXUNKNOWN_RTG_EARSHAPE_002,Ear Shape,LEFT_PROFILE;RIGHT_PROFILE,GFM-CF27-DUPLICATE-DISPUTES-CF27-XBOXUNKNOWN-RTG-EARSHAPE-002-YYYYMMDD-partNN.mp4,phase0-video-009@16-17,"Missing required production view(s): LEFT_PROFILE, RIGHT_PROFILE. Missing environment/version field(s): gameVersion, patch. Duplicate or continuity concern must be reviewed from direct evidence. Native order, selector boundary, or count continuity is unresolved for this record/category. Canonical setting consistency is FAIL. Framing/visibility status is FAIL. Lighting status is UNRESOLVED_NOT_CAPTURE_STANDARDIZED.","direct game version, patch, platform, mode, and creation-path evidence; stable required view evidence: LEFT_PROFILE, RIGHT_PROFILE; complete native-order and selector-boundary capture; continuity/duplicate-resolution capture preserving both observations",issue-phase0-appearance-control-ear-shape-recapture;issue-phase0-primary-review-category-incomplete;issue-phase0-primary-review-duplicate-observations;issue-phase0-primary-review-environment-unresolved,
CF27-REC-cf27-xboxunknown-rtg-head-012,Duplicate disputes,P0,CF27_XBOXUNKNOWN_RTG_HEAD_012,CF27_XBOXUNKNOWN_RTG_HEAD_012,Heads,FRONT;LEFT_3Q;LEFT_PROFILE;RIGHT_3Q;RIGHT_PROFILE;REAR,GFM-CAP-001_APPEARANCE_HEADSKIN_BOUNDARY_YYYYMMDD_partNN.mp4,phase0-video-003@0-4,"Missing required production view(s): FRONT, LEFT_3Q, LEFT_PROFILE, RIGHT_3Q, RIGHT_PROFILE, REAR. Missing environment/version field(s): gameVersion, patch. Duplicate or continuity concern must be reviewed from direct evidence. Canonical setting consistency is FAIL. Framing/visibility status is FAIL. Lighting status is UNRESOLVED_NOT_CAPTURE_STANDARDIZED.","direct game version, patch, platform, mode, and creation-path evidence; stable required view evidence: FRONT, LEFT_3Q, LEFT_PROFILE, RIGHT_3Q, RIGHT_PROFILE, REAR; continuity/duplicate-resolution capture preserving both observations",issue-phase0-primary-review-category-incomplete;issue-phase0-primary-review-duplicate-observations;issue-phase0-primary-review-environment-unresolved,GFM-CAP-001
CF27-REC-cf27-xboxunknown-rtg-head-016,Duplicate disputes,P0,CF27_XBOXUNKNOWN_RTG_HEAD_016,CF27_XBOXUNKNOWN_RTG_HEAD_016,Heads,FRONT;LEFT_3Q;LEFT_PROFILE;RIGHT_3Q;RIGHT_PROFILE;REAR,GFM-CAP-001_APPEARANCE_HEADSKIN_BOUNDARY_YYYYMMDD_partNN.mp4,phase0-video-003@5-13,"Missing required production view(s): FRONT, LEFT_3Q, LEFT_PROFILE, RIGHT_3Q, RIGHT_PROFILE, REAR. Missing environment/version field(s): gameVersion, patch. Duplicate or continuity concern must be reviewed from direct evidence. Canonical setting consistency is FAIL. Framing/visibility status is FAIL. Lighting status is UNRESOLVED_NOT_CAPTURE_STANDARDIZED.","direct game version, patch, platform, mode, and creation-path evidence; stable required view evidence: FRONT, LEFT_3Q, LEFT_PROFILE, RIGHT_3Q, RIGHT_PROFILE, REAR; continuity/duplicate-resolution capture preserving both observations",issue-phase0-primary-review-category-incomplete;issue-phase0-primary-review-duplicate-observations;issue-phase0-primary-review-environment-unresolved,GFM-CAP-001
CF27-REC-cf27-xboxunknown-rtg-nose-005,Duplicate disputes,P0,CF27_XBOXUNKNOWN_RTG_NOSE_005,CF27_XBOXUNKNOWN_RTG_NOSE_005,Nose,FRONT;LEFT_PROFILE;RIGHT_PROFILE,GFM-CF27-DUPLICATE-DISPUTES-CF27-XBOXUNKNOWN-RTG-NOSE-005-YYYYMMDD-partNN.mp4,phase0-video-008@14-14,"Missing required production view(s): FRONT, LEFT_PROFILE, RIGHT_PROFILE. Missing environment/version field(s): gameVersion, patch. Duplicate or continuity concern must be reviewed from direct evidence. Native order, selector boundary, or count continuity is unresolved for this record/category. Canonical setting consistency is FAIL. Lighting status is UNRESOLVED_NOT_CAPTURE_STANDARDIZED.","direct game version, patch, platform, mode, and creation-path evidence; stable required view evidence: FRONT, LEFT_PROFILE, RIGHT_PROFILE; complete native-order and selector-boundary capture; continuity/duplicate-resolution capture preserving both observations",issue-phase0-appearance-control-nose-recapture;issue-phase0-primary-review-category-incomplete;issue-phase0-primary-review-duplicate-observations;issue-phase0-primary-review-environment-unresolved,
CF27-REC-cf27-xboxunknown-rtg-skintone-010,Duplicate disputes,P0,CF27_XBOXUNKNOWN_RTG_SKINTONE_010,CF27_XBOXUNKNOWN_RTG_SKINTONE_010,Skin Tone,FRONT,GFM-CF27-DUPLICATE-DISPUTES-CF27-XBOXUNKNOWN-RTG-SKINTONE-010-YYYYMMDD-partNN.mp4,phase0-video-004@14-14,"Missing required production view(s): FRONT. Missing environment/version field(s): gameVersion, patch. Duplicate or continuity concern must be reviewed from direct evidence. Native order, selector boundary, or count continuity is unresolved for this record/category. Canonical setting consistency is FAIL. Lighting status is UNRESOLVED_NOT_CAPTURE_STANDARDIZED.","direct game version, patch, platform, mode, and creation-path evidence; stable required view evidence: FRONT; complete native-order and selector-boundary capture; continuity/duplicate-resolution capture preserving both observations",issue-phase0-appearance-control-skin-tone-recapture;issue-phase0-primary-review-category-incomplete;issue-phase0-primary-review-duplicate-observations;issue-phase0-primary-review-environment-unresolved,
CF27-REC-cf27-xboxunknown-rtg-earshape-001,Ordering disputes,P0,CF27_XBOXUNKNOWN_RTG_EARSHAPE_001,CF27_XBOXUNKNOWN_RTG_EARSHAPE_001,Ear Shape,LEFT_PROFILE;RIGHT_PROFILE,GFM-CF27-ORDERING-DISPUTES-CF27-XBOXUNKNOWN-RTG-EARSHAPE-001-YYYYMMDD-partNN.mp4,phase0-video-009@18-20,"Missing required production view(s): LEFT_PROFILE, RIGHT_PROFILE. Missing environment/version field(s): gameVersion, patch. Native order, selector boundary, or count continuity is unresolved for this record/category. Canonical setting consistency is FAIL. Lighting status is UNRESOLVED_NOT_CAPTURE_STANDARDIZED.","direct game version, patch, platform, mode, and creation-path evidence; stable required view evidence: LEFT_PROFILE, RIGHT_PROFILE; complete native-order and selector-boundary capture",issue-phase0-appearance-control-ear-shape-recapture;issue-phase0-primary-review-category-incomplete;issue-phase0-primary-review-environment-unresolved,
CF27-REC-cf27-xboxunknown-rtg-earshape-003,Ordering disputes,P0,CF27_XBOXUNKNOWN_RTG_EARSHAPE_003,CF27_XBOXUNKNOWN_RTG_EARSHAPE_003,Ear Shape,LEFT_PROFILE;RIGHT_PROFILE,GFM-CF27-ORDERING-DISPUTES-CF27-XBOXUNKNOWN-RTG-EARSHAPE-003-YYYYMMDD-partNN.mp4,phase0-video-009@23-25,"Missing required production view(s): LEFT_PROFILE, RIGHT_PROFILE. Missing environment/version field(s): gameVersion, patch. Native order, selector boundary, or count continuity is unresolved for this record/category. Canonical setting consistency is FAIL. Framing/visibility status is FAIL. Lighting status is UNRESOLVED_NOT_CAPTURE_STANDARDIZED.","direct game version, patch, platform, mode, and creation-path evidence; stable required view evidence: LEFT_PROFILE, RIGHT_PROFILE; complete native-order and selector-boundary capture",issue-phase0-appearance-control-ear-shape-recapture;issue-phase0-primary-review-category-incomplete;issue-phase0-primary-review-environment-unresolved,
CF27-REC-cf27-xboxunknown-rtg-earshape-004,Ordering disputes,P0,CF27_XBOXUNKNOWN_RTG_EARSHAPE_004,CF27_XBOXUNKNOWN_RTG_EARSHAPE_004,Ear Shape,LEFT_PROFILE;RIGHT_PROFILE,GFM-CF27-ORDERING-DISPUTES-CF27-XBOXUNKNOWN-RTG-EARSHAPE-004-YYYYMMDD-partNN.mp4,phase0-video-009@26-30.21,"Missing required production view(s): LEFT_PROFILE, RIGHT_PROFILE. Missing environment/version field(s): gameVersion, patch. Native order, selector boundary, or count continuity is unresolved for this record/category. Canonical setting consistency is FAIL. Lighting status is UNRESOLVED_NOT_CAPTURE_STANDARDIZED.","direct game version, patch, platform, mode, and creation-path evidence; stable required view evidence: LEFT_PROFILE, RIGHT_PROFILE; complete native-order and selector-boundary capture",issue-phase0-appearance-control-ear-shape-recapture;issue-phase0-primary-review-category-incomplete;issue-phase0-primary-review-environment-unresolved,
CF27-REC-cf27-xboxunknown-rtg-eyecolor-001,Ordering disputes,P0,CF27_XBOXUNKNOWN_RTG_EYECOLOR_001,CF27_XBOXUNKNOWN_RTG_EYECOLOR_001,Eye Color,FRONT,GFM-CF27-ORDERING-DISPUTES-CF27-XBOXUNKNOWN-RTG-EYECOLOR-001-YYYYMMDD-partNN.mp4,phase0-video-007@12-12,"Missing required production view(s): FRONT. Missing environment/version field(s): gameVersion, patch. Native order, selector boundary, or count continuity is unresolved for this record/category. Canonical setting consistency is FAIL. Framing/visibility status is FAIL. Lighting status is UNRESOLVED_NOT_CAPTURE_STANDARDIZED.","direct game version, patch, platform, mode, and creation-path evidence; stable required view evidence: FRONT; complete native-order and selector-boundary capture",issue-phase0-appearance-control-eye-color-recapture;issue-phase0-primary-review-category-incomplete;issue-phase0-primary-review-environment-unresolved,
CF27-REC-cf27-xboxunknown-rtg-eyecolor-002,Ordering disputes,P0,CF27_XBOXUNKNOWN_RTG_EYECOLOR_002,CF27_XBOXUNKNOWN_RTG_EYECOLOR_002,Eye Color,FRONT,GFM-CF27-ORDERING-DISPUTES-CF27-XBOXUNKNOWN-RTG-EYECOLOR-002-YYYYMMDD-partNN.mp4,phase0-video-007@13-15,"Missing required production view(s): FRONT. Missing environment/version field(s): gameVersion, patch. Native order, selector boundary, or count continuity is unresolved for this record/category. Canonical setting consistency is FAIL. Framing/visibility status is FAIL. Lighting status is UNRESOLVED_NOT_CAPTURE_STANDARDIZED.","direct game version, patch, platform, mode, and creation-path evidence; stable required view evidence: FRONT; complete native-order and selector-boundary capture",issue-phase0-appearance-control-eye-color-recapture;issue-phase0-primary-review-category-incomplete;issue-phase0-primary-review-environment-unresolved,
CF27-REC-cf27-xboxunknown-rtg-eyecolor-003,Ordering disputes,P0,CF27_XBOXUNKNOWN_RTG_EYECOLOR_003,CF27_XBOXUNKNOWN_RTG_EYECOLOR_003,Eye Color,FRONT,GFM-CF27-ORDERING-DISPUTES-CF27-XBOXUNKNOWN-RTG-EYECOLOR-003-YYYYMMDD-partNN.mp4,phase0-video-007@16-17,"Missing required production view(s): FRONT. Missing environment/version field(s): gameVersion, patch. Native order, selector boundary, or count continuity is unresolved for this record/category. Canonical setting consistency is FAIL. Lighting status is UNRESOLVED_NOT_CAPTURE_STANDARDIZED.","direct game version, patch, platform, mode, and creation-path evidence; stable required view evidence: FRONT; complete native-order and selector-boundary capture",issue-phase0-appearance-control-eye-color-recapture;issue-phase0-primary-review-category-incomplete;issue-phase0-primary-review-environment-unresolved,
CF27-REC-cf27-xboxunknown-rtg-eyecolor-004,Ordering disputes,P0,CF27_XBOXUNKNOWN_RTG_EYECOLOR_004,CF27_XBOXUNKNOWN_RTG_EYECOLOR_004,Eye Color,FRONT,GFM-CF27-ORDERING-DISPUTES-CF27-XBOXUNKNOWN-RTG-EYECOLOR-004-YYYYMMDD-partNN.mp4,phase0-video-007@18-20,"Missing required production view(s): FRONT. Missing environment/version field(s): gameVersion, patch. Native order, selector boundary, or count continuity is unresolved for this record/category. Canonical setting consistency is FAIL. Lighting status is UNRESOLVED_NOT_CAPTURE_STANDARDIZED.","direct game version, patch, platform, mode, and creation-path evidence; stable required view evidence: FRONT; complete native-order and selector-boundary capture",issue-phase0-appearance-control-eye-color-recapture;issue-phase0-primary-review-category-incomplete;issue-phase0-primary-review-environment-unresolved,
CF27-REC-cf27-xboxunknown-rtg-eyecolor-005,Ordering disputes,P0,CF27_XBOXUNKNOWN_RTG_EYECOLOR_005,CF27_XBOXUNKNOWN_RTG_EYECOLOR_005,Eye Color,FRONT,GFM-CF27-ORDERING-DISPUTES-CF27-XBOXUNKNOWN-RTG-EYECOLOR-005-YYYYMMDD-partNN.mp4,phase0-video-007@25-29.33,"Missing required production view(s): FRONT. Missing environment/version field(s): gameVersion, patch. Native order, selector boundary, or count continuity is unresolved for this record/category. Canonical setting consistency is FAIL. Lighting status is UNRESOLVED_NOT_CAPTURE_STANDARDIZED.","direct game version, patch, platform, mode, and creation-path evidence; stable required view evidence: FRONT; complete native-order and selector-boundary capture",issue-phase0-appearance-control-eye-color-recapture;issue-phase0-primary-review-category-incomplete;issue-phase0-primary-review-environment-unresolved,
CF27-REC-cf27-xboxunknown-rtg-eyecolor-006,Ordering disputes,P0,CF27_XBOXUNKNOWN_RTG_EYECOLOR_006,CF27_XBOXUNKNOWN_RTG_EYECOLOR_006,Eye Color,FRONT,GFM-CF27-ORDERING-DISPUTES-CF27-XBOXUNKNOWN-RTG-EYECOLOR-006-YYYYMMDD-partNN.mp4,phase0-video-007@23-24,"Missing required production view(s): FRONT. Missing environment/version field(s): gameVersion, patch. Native order, selector boundary, or count continuity is unresolved for this record/category. Canonical setting consistency is FAIL. Lighting status is UNRESOLVED_NOT_CAPTURE_STANDARDIZED.","direct game version, patch, platform, mode, and creation-path evidence; stable required view evidence: FRONT; complete native-order and selector-boundary capture",issue-phase0-appearance-control-eye-color-recapture;issue-phase0-primary-review-category-incomplete;issue-phase0-primary-review-environment-unresolved,
CF27-REC-cf27-xboxunknown-rtg-eyecolor-007,Ordering disputes,P0,CF27_XBOXUNKNOWN_RTG_EYECOLOR_007,CF27_XBOXUNKNOWN_RTG_EYECOLOR_007,Eye Color,FRONT,GFM-CF27-ORDERING-DISPUTES-CF27-XBOXUNKNOWN-RTG-EYECOLOR-007-YYYYMMDD-partNN.mp4,phase0-video-007@21-22,"Missing required production view(s): FRONT. Missing environment/version field(s): gameVersion, patch. Native order, selector boundary, or count continuity is unresolved for this record/category. Canonical setting consistency is FAIL. Lighting status is UNRESOLVED_NOT_CAPTURE_STANDARDIZED.","direct game version, patch, platform, mode, and creation-path evidence; stable required view evidence: FRONT; complete native-order and selector-boundary capture",issue-phase0-appearance-control-eye-color-recapture;issue-phase0-primary-review-category-incomplete;issue-phase0-primary-review-environment-unresolved,
CF27-REC-cf27-xboxunknown-rtg-eyeshape-001,Ordering disputes,P0,CF27_XBOXUNKNOWN_RTG_EYESHAPE_001,CF27_XBOXUNKNOWN_RTG_EYESHAPE_001,Eye Shape,FRONT,GFM-CF27-ORDERING-DISPUTES-CF27-XBOXUNKNOWN-RTG-EYESHAPE-001-YYYYMMDD-partNN.mp4,phase0-video-006@14-14,"Missing required production view(s): FRONT. Missing environment/version field(s): gameVersion, patch. Native order, selector boundary, or count continuity is unresolved for this record/category. Canonical setting consistency is FAIL. Lighting status is UNRESOLVED_NOT_CAPTURE_STANDARDIZED.","direct game version, patch, platform, mode, and creation-path evidence; stable required view evidence: FRONT; complete native-order and selector-boundary capture",issue-phase0-appearance-control-eye-shape-recapture;issue-phase0-primary-review-category-incomplete;issue-phase0-primary-review-environment-unresolved,
CF27-REC-cf27-xboxunknown-rtg-eyeshape-002,Ordering disputes,P0,CF27_XBOXUNKNOWN_RTG_EYESHAPE_002,CF27_XBOXUNKNOWN_RTG_EYESHAPE_002,Eye Shape,FRONT,GFM-CF27-ORDERING-DISPUTES-CF27-XBOXUNKNOWN-RTG-EYESHAPE-002-YYYYMMDD-partNN.mp4,phase0-video-006@15-16,"Missing required production view(s): FRONT. Missing environment/version field(s): gameVersion, patch. Native order, selector boundary, or count continuity is unresolved for this record/category. Canonical setting consistency is FAIL. Lighting status is UNRESOLVED_NOT_CAPTURE_STANDARDIZED.","direct game version, patch, platform, mode, and creation-path evidence; stable required view evidence: FRONT; complete native-order and selector-boundary capture",issue-phase0-appearance-control-eye-shape-recapture;issue-phase0-primary-review-category-incomplete;issue-phase0-primary-review-environment-unresolved,
CF27-REC-cf27-xboxunknown-rtg-eyeshape-003,Ordering disputes,P0,CF27_XBOXUNKNOWN_RTG_EYESHAPE_003,CF27_XBOXUNKNOWN_RTG_EYESHAPE_003,Eye Shape,FRONT,GFM-CF27-ORDERING-DISPUTES-CF27-XBOXUNKNOWN-RTG-EYESHAPE-003-YYYYMMDD-partNN.mp4,phase0-video-006@17-18,"Missing required production view(s): FRONT. Missing environment/version field(s): gameVersion, patch. Native order, selector boundary, or count continuity is unresolved for this record/category. Canonical setting consistency is FAIL. Lighting status is UNRESOLVED_NOT_CAPTURE_STANDARDIZED.","direct game version, patch, platform, mode, and creation-path evidence; stable required view evidence: FRONT; complete native-order and selector-boundary capture",issue-phase0-appearance-control-eye-shape-recapture;issue-phase0-primary-review-category-incomplete;issue-phase0-primary-review-environment-unresolved,
CF27-REC-cf27-xboxunknown-rtg-eyeshape-004,Ordering disputes,P0,CF27_XBOXUNKNOWN_RTG_EYESHAPE_004,CF27_XBOXUNKNOWN_RTG_EYESHAPE_004,Eye Shape,FRONT,GFM-CF27-ORDERING-DISPUTES-CF27-XBOXUNKNOWN-RTG-EYESHAPE-004-YYYYMMDD-partNN.mp4,phase0-video-006@19-19,"Missing required production view(s): FRONT. Missing environment/version field(s): gameVersion, patch. Native order, selector boundary, or count continuity is unresolved for this record/category. Canonical setting consistency is FAIL. Lighting status is UNRESOLVED_NOT_CAPTURE_STANDARDIZED.","direct game version, patch, platform, mode, and creation-path evidence; stable required view evidence: FRONT; complete native-order and selector-boundary capture",issue-phase0-appearance-control-eye-shape-recapture;issue-phase0-primary-review-category-incomplete;issue-phase0-primary-review-environment-unresolved,
CF27-REC-cf27-xboxunknown-rtg-eyeshape-005,Ordering disputes,P0,CF27_XBOXUNKNOWN_RTG_EYESHAPE_005,CF27_XBOXUNKNOWN_RTG_EYESHAPE_005,Eye Shape,FRONT,GFM-CF27-ORDERING-DISPUTES-CF27-XBOXUNKNOWN-RTG-EYESHAPE-005-YYYYMMDD-partNN.mp4,phase0-video-006@20-24.93,"Missing required production view(s): FRONT. Missing environment/version field(s): gameVersion, patch. Native order, selector boundary, or count continuity is unresolved for this record/category. Canonical setting consistency is FAIL. Lighting status is UNRESOLVED_NOT_CAPTURE_STANDARDIZED.","direct game version, patch, platform, mode, and creation-path evidence; stable required view evidence: FRONT; complete native-order and selector-boundary capture",issue-phase0-appearance-control-eye-shape-recapture;issue-phase0-primary-review-category-incomplete;issue-phase0-primary-review-environment-unresolved,
CF27-REC-cf27-xboxunknown-rtg-nose-001,Ordering disputes,P0,CF27_XBOXUNKNOWN_RTG_NOSE_001,CF27_XBOXUNKNOWN_RTG_NOSE_001,Nose,FRONT;LEFT_PROFILE;RIGHT_PROFILE,GFM-CF27-ORDERING-DISPUTES-CF27-XBOXUNKNOWN-RTG-NOSE-001-YYYYMMDD-partNN.mp4,phase0-video-008@15-15,"Missing required production view(s): FRONT, LEFT_PROFILE, RIGHT_PROFILE. Missing environment/version field(s): gameVersion, patch. Native order, selector boundary, or count continuity is unresolved for this record/category. Canonical setting consistency is FAIL. Lighting status is UNRESOLVED_NOT_CAPTURE_STANDARDIZED.","direct game version, patch, platform, mode, and creation-path evidence; stable required view evidence: FRONT, LEFT_PROFILE, RIGHT_PROFILE; complete native-order and selector-boundary capture",issue-phase0-appearance-control-nose-recapture;issue-phase0-primary-review-category-incomplete;issue-phase0-primary-review-environment-unresolved,
CF27-REC-cf27-xboxunknown-rtg-nose-002,Ordering disputes,P0,CF27_XBOXUNKNOWN_RTG_NOSE_002,CF27_XBOXUNKNOWN_RTG_NOSE_002,Nose,FRONT;LEFT_PROFILE;RIGHT_PROFILE,GFM-CF27-ORDERING-DISPUTES-CF27-XBOXUNKNOWN-RTG-NOSE-002-YYYYMMDD-partNN.mp4,phase0-video-008@16-18,"Missing required production view(s): FRONT, LEFT_PROFILE, RIGHT_PROFILE. Missing environment/version field(s): gameVersion, patch. Native order, selector boundary, or count continuity is unresolved for this record/category. Canonical setting consistency is FAIL. Lighting status is UNRESOLVED_NOT_CAPTURE_STANDARDIZED.","direct game version, patch, platform, mode, and creation-path evidence; stable required view evidence: FRONT, LEFT_PROFILE, RIGHT_PROFILE; complete native-order and selector-boundary capture",issue-phase0-appearance-control-nose-recapture;issue-phase0-primary-review-category-incomplete;issue-phase0-primary-review-environment-unresolved,
CF27-REC-cf27-xboxunknown-rtg-nose-003,Ordering disputes,P0,CF27_XBOXUNKNOWN_RTG_NOSE_003,CF27_XBOXUNKNOWN_RTG_NOSE_003,Nose,FRONT;LEFT_PROFILE;RIGHT_PROFILE,GFM-CF27-ORDERING-DISPUTES-CF27-XBOXUNKNOWN-RTG-NOSE-003-YYYYMMDD-partNN.mp4,phase0-video-008@19-20,"Missing required production view(s): FRONT, LEFT_PROFILE, RIGHT_PROFILE. Missing environment/version field(s): gameVersion, patch. Native order, selector boundary, or count continuity is unresolved for this record/category. Canonical setting consistency is FAIL. Lighting status is UNRESOLVED_NOT_CAPTURE_STANDARDIZED.","direct game version, patch, platform, mode, and creation-path evidence; stable required view evidence: FRONT, LEFT_PROFILE, RIGHT_PROFILE; complete native-order and selector-boundary capture",issue-phase0-appearance-control-nose-recapture;issue-phase0-primary-review-category-incomplete;issue-phase0-primary-review-environment-unresolved,
CF27-REC-cf27-xboxunknown-rtg-nose-004,Ordering disputes,P0,CF27_XBOXUNKNOWN_RTG_NOSE_004,CF27_XBOXUNKNOWN_RTG_NOSE_004,Nose,FRONT;LEFT_PROFILE;RIGHT_PROFILE,GFM-CF27-ORDERING-DISPUTES-CF27-XBOXUNKNOWN-RTG-NOSE-004-YYYYMMDD-partNN.mp4,phase0-video-008@21-22,"Missing required production view(s): FRONT, LEFT_PROFILE, RIGHT_PROFILE. Missing environment/version field(s): gameVersion, patch. Native order, selector boundary, or count continuity is unresolved for this record/category. Canonical setting consistency is FAIL. Lighting status is UNRESOLVED_NOT_CAPTURE_STANDARDIZED.","direct game version, patch, platform, mode, and creation-path evidence; stable required view evidence: FRONT, LEFT_PROFILE, RIGHT_PROFILE; complete native-order and selector-boundary capture",issue-phase0-appearance-control-nose-recapture;issue-phase0-primary-review-category-incomplete;issue-phase0-primary-review-environment-unresolved,
CF27-REC-cf27-xboxunknown-rtg-nose-006,Ordering disputes,P0,CF27_XBOXUNKNOWN_RTG_NOSE_006,CF27_XBOXUNKNOWN_RTG_NOSE_006,Nose,FRONT;LEFT_PROFILE;RIGHT_PROFILE,GFM-CF27-ORDERING-DISPUTES-CF27-XBOXUNKNOWN-RTG-NOSE-006-YYYYMMDD-partNN.mp4,phase0-video-008@25-27,"Missing required production view(s): FRONT, LEFT_PROFILE, RIGHT_PROFILE. Missing environment/version field(s): gameVersion, patch. Native order, selector boundary, or count continuity is unresolved for this record/category. Canonical setting consistency is FAIL. Lighting status is UNRESOLVED_NOT_CAPTURE_STANDARDIZED.","direct game version, patch, platform, mode, and creation-path evidence; stable required view evidence: FRONT, LEFT_PROFILE, RIGHT_PROFILE; complete native-order and selector-boundary capture",issue-phase0-appearance-control-nose-recapture;issue-phase0-primary-review-category-incomplete;issue-phase0-primary-review-environment-unresolved,
CF27-REC-cf27-xboxunknown-rtg-nose-007,Ordering disputes,P0,CF27_XBOXUNKNOWN_RTG_NOSE_007,CF27_XBOXUNKNOWN_RTG_NOSE_007,Nose,FRONT;LEFT_PROFILE;RIGHT_PROFILE,GFM-CF27-ORDERING-DISPUTES-CF27-XBOXUNKNOWN-RTG-NOSE-007-YYYYMMDD-partNN.mp4,phase0-video-008@23-24,"Missing required production view(s): FRONT, LEFT_PROFILE, RIGHT_PROFILE. Missing environment/version field(s): gameVersion, patch. Native order, selector boundary, or count continuity is unresolved for this record/category. Canonical setting consistency is FAIL. Lighting status is UNRESOLVED_NOT_CAPTURE_STANDARDIZED.","direct game version, patch, platform, mode, and creation-path evidence; stable required view evidence: FRONT, LEFT_PROFILE, RIGHT_PROFILE; complete native-order and selector-boundary capture",issue-phase0-appearance-control-nose-recapture;issue-phase0-primary-review-category-incomplete;issue-phase0-primary-review-environment-unresolved,
CF27-REC-cf27-xboxunknown-rtg-skindetails-001,Ordering disputes,P0,CF27_XBOXUNKNOWN_RTG_SKINDETAILS_001,CF27_XBOXUNKNOWN_RTG_SKINDETAILS_001,Skin Details,FRONT,GFM-CF27-ORDERING-DISPUTES-CF27-XBOXUNKNOWN-RTG-SKINDETAILS-001-YYYYMMDD-partNN.mp4,phase0-video-005@8-8,"Missing required production view(s): FRONT. Missing environment/version field(s): gameVersion, patch. Native order, selector boundary, or count continuity is unresolved for this record/category. Canonical setting consistency is FAIL. Lighting status is UNRESOLVED_NOT_CAPTURE_STANDARDIZED.","direct game version, patch, platform, mode, and creation-path evidence; stable required view evidence: FRONT; complete native-order and selector-boundary capture",issue-phase0-appearance-control-skin-details-recapture;issue-phase0-primary-review-category-incomplete;issue-phase0-primary-review-environment-unresolved,
CF27-REC-cf27-xboxunknown-rtg-skindetails-002,Ordering disputes,P0,CF27_XBOXUNKNOWN_RTG_SKINDETAILS_002,CF27_XBOXUNKNOWN_RTG_SKINDETAILS_002,Skin Details,FRONT,GFM-CF27-ORDERING-DISPUTES-CF27-XBOXUNKNOWN-RTG-SKINDETAILS-002-YYYYMMDD-partNN.mp4,phase0-video-005@9-10,"Missing required production view(s): FRONT. Missing environment/version field(s): gameVersion, patch. Native order, selector boundary, or count continuity is unresolved for this record/category. Canonical setting consistency is FAIL. Lighting status is UNRESOLVED_NOT_CAPTURE_STANDARDIZED.","direct game version, patch, platform, mode, and creation-path evidence; stable required view evidence: FRONT; complete native-order and selector-boundary capture",issue-phase0-appearance-control-skin-details-recapture;issue-phase0-primary-review-category-incomplete;issue-phase0-primary-review-environment-unresolved,
CF27-REC-cf27-xboxunknown-rtg-skindetails-003,Ordering disputes,P0,CF27_XBOXUNKNOWN_RTG_SKINDETAILS_003,CF27_XBOXUNKNOWN_RTG_SKINDETAILS_003,Skin Details,FRONT,GFM-CF27-ORDERING-DISPUTES-CF27-XBOXUNKNOWN-RTG-SKINDETAILS-003-YYYYMMDD-partNN.mp4,phase0-video-005@11-14,"Missing required production view(s): FRONT. Missing environment/version field(s): gameVersion, patch. Native order, selector boundary, or count continuity is unresolved for this record/category. Canonical setting consistency is FAIL. Lighting status is UNRESOLVED_NOT_CAPTURE_STANDARDIZED.","direct game version, patch, platform, mode, and creation-path evidence; stable required view evidence: FRONT; complete native-order and selector-boundary capture",issue-phase0-appearance-control-skin-details-recapture;issue-phase0-primary-review-category-incomplete;issue-phase0-primary-review-environment-unresolved,
CF27-REC-cf27-xboxunknown-rtg-skindetails-004,Ordering disputes,P0,CF27_XBOXUNKNOWN_RTG_SKINDETAILS_004,CF27_XBOXUNKNOWN_RTG_SKINDETAILS_004,Skin Details,FRONT,GFM-CF27-ORDERING-DISPUTES-CF27-XBOXUNKNOWN-RTG-SKINDETAILS-004-YYYYMMDD-partNN.mp4,phase0-video-005@15-16,"Missing required production view(s): FRONT. Missing environment/version field(s): gameVersion, patch. Native order, selector boundary, or count continuity is unresolved for this record/category. Canonical setting consistency is FAIL. Lighting status is UNRESOLVED_NOT_CAPTURE_STANDARDIZED.","direct game version, patch, platform, mode, and creation-path evidence; stable required view evidence: FRONT; complete native-order and selector-boundary capture",issue-phase0-appearance-control-skin-details-recapture;issue-phase0-primary-review-category-incomplete;issue-phase0-primary-review-environment-unresolved,
CF27-REC-cf27-xboxunknown-rtg-skindetails-005,Ordering disputes,P0,CF27_XBOXUNKNOWN_RTG_SKINDETAILS_005,CF27_XBOXUNKNOWN_RTG_SKINDETAILS_005,Skin Details,FRONT,GFM-CF27-ORDERING-DISPUTES-CF27-XBOXUNKNOWN-RTG-SKINDETAILS-005-YYYYMMDD-partNN.mp4,phase0-video-005@23-24,"Missing required production view(s): FRONT. Missing environment/version field(s): gameVersion, patch. Native order, selector boundary, or count continuity is unresolved for this record/category. Canonical setting consistency is FAIL. Lighting status is UNRESOLVED_NOT_CAPTURE_STANDARDIZED.","direct game version, patch, platform, mode, and creation-path evidence; stable required view evidence: FRONT; complete native-order and selector-boundary capture",issue-phase0-appearance-control-skin-details-recapture;issue-phase0-primary-review-category-incomplete;issue-phase0-primary-review-environment-unresolved,
CF27-REC-cf27-xboxunknown-rtg-skindetails-006,Ordering disputes,P0,CF27_XBOXUNKNOWN_RTG_SKINDETAILS_006,CF27_XBOXUNKNOWN_RTG_SKINDETAILS_006,Skin Details,FRONT,GFM-CF27-ORDERING-DISPUTES-CF27-XBOXUNKNOWN-RTG-SKINDETAILS-006-YYYYMMDD-partNN.mp4,phase0-video-005@21-22,"Missing required production view(s): FRONT. Missing environment/version field(s): gameVersion, patch. Native order, selector boundary, or count continuity is unresolved for this record/category. Canonical setting consistency is FAIL. Lighting status is UNRESOLVED_NOT_CAPTURE_STANDARDIZED.","direct game version, patch, platform, mode, and creation-path evidence; stable required view evidence: FRONT; complete native-order and selector-boundary capture",issue-phase0-appearance-control-skin-details-recapture;issue-phase0-primary-review-category-incomplete;issue-phase0-primary-review-environment-unresolved,
CF27-REC-cf27-xboxunknown-rtg-skindetails-007,Ordering disputes,P0,CF27_XBOXUNKNOWN_RTG_SKINDETAILS_007,CF27_XBOXUNKNOWN_RTG_SKINDETAILS_007,Skin Details,FRONT,GFM-CF27-ORDERING-DISPUTES-CF27-XBOXUNKNOWN-RTG-SKINDETAILS-007-YYYYMMDD-partNN.mp4,phase0-video-005@19-20,"Missing required production view(s): FRONT. Missing environment/version field(s): gameVersion, patch. Native order, selector boundary, or count continuity is unresolved for this record/category. Canonical setting consistency is FAIL. Lighting status is UNRESOLVED_NOT_CAPTURE_STANDARDIZED.","direct game version, patch, platform, mode, and creation-path evidence; stable required view evidence: FRONT; complete native-order and selector-boundary capture",issue-phase0-appearance-control-skin-details-recapture;issue-phase0-primary-review-category-incomplete;issue-phase0-primary-review-environment-unresolved,
CF27-REC-cf27-xboxunknown-rtg-skindetails-008,Ordering disputes,P0,CF27_XBOXUNKNOWN_RTG_SKINDETAILS_008,CF27_XBOXUNKNOWN_RTG_SKINDETAILS_008,Skin Details,FRONT,GFM-CF27-ORDERING-DISPUTES-CF27-XBOXUNKNOWN-RTG-SKINDETAILS-008-YYYYMMDD-partNN.mp4,phase0-video-005@17-18,"Missing required production view(s): FRONT. Missing environment/version field(s): gameVersion, patch. Native order, selector boundary, or count continuity is unresolved for this record/category. Canonical setting consistency is FAIL. Lighting status is UNRESOLVED_NOT_CAPTURE_STANDARDIZED.","direct game version, patch, platform, mode, and creation-path evidence; stable required view evidence: FRONT; complete native-order and selector-boundary capture",issue-phase0-appearance-control-skin-details-recapture;issue-phase0-primary-review-category-incomplete;issue-phase0-primary-review-environment-unresolved,
CF27-REC-cf27-xboxunknown-rtg-skindetails-009,Ordering disputes,P0,CF27_XBOXUNKNOWN_RTG_SKINDETAILS_009,CF27_XBOXUNKNOWN_RTG_SKINDETAILS_009,Skin Details,FRONT,GFM-CF27-ORDERING-DISPUTES-CF27-XBOXUNKNOWN-RTG-SKINDETAILS-009-YYYYMMDD-partNN.mp4,phase0-video-005@25-26,"Missing required production view(s): FRONT. Missing environment/version field(s): gameVersion, patch. Native order, selector boundary, or count continuity is unresolved for this record/category. Canonical setting consistency is FAIL. Lighting status is UNRESOLVED_NOT_CAPTURE_STANDARDIZED.","direct game version, patch, platform, mode, and creation-path evidence; stable required view evidence: FRONT; complete native-order and selector-boundary capture",issue-phase0-appearance-control-skin-details-recapture;issue-phase0-primary-review-category-incomplete;issue-phase0-primary-review-environment-unresolved,
CF27-REC-cf27-xboxunknown-rtg-skindetails-010,Ordering disputes,P0,CF27_XBOXUNKNOWN_RTG_SKINDETAILS_010,CF27_XBOXUNKNOWN_RTG_SKINDETAILS_010,Skin Details,FRONT,GFM-CF27-ORDERING-DISPUTES-CF27-XBOXUNKNOWN-RTG-SKINDETAILS-010-YYYYMMDD-partNN.mp4,phase0-video-005@27-31.72,"Missing required production view(s): FRONT. Missing environment/version field(s): gameVersion, patch. Native order, selector boundary, or count continuity is unresolved for this record/category. Canonical setting consistency is FAIL. Lighting status is UNRESOLVED_NOT_CAPTURE_STANDARDIZED.","direct game version, patch, platform, mode, and creation-path evidence; stable required view evidence: FRONT; complete native-order and selector-boundary capture",issue-phase0-appearance-control-skin-details-recapture;issue-phase0-primary-review-category-incomplete;issue-phase0-primary-review-environment-unresolved,
CF27-REC-cf27-xboxunknown-rtg-skintone-001,Ordering disputes,P0,CF27_XBOXUNKNOWN_RTG_SKINTONE_001,CF27_XBOXUNKNOWN_RTG_SKINTONE_001,Skin Tone,FRONT,GFM-CF27-ORDERING-DISPUTES-CF27-XBOXUNKNOWN-RTG-SKINTONE-001-YYYYMMDD-partNN.mp4,phase0-video-004@45-46,"Missing required production view(s): FRONT. Missing environment/version field(s): gameVersion, patch. Native order, selector boundary, or count continuity is unresolved for this record/category. Canonical setting consistency is FAIL. Lighting status is UNRESOLVED_NOT_CAPTURE_STANDARDIZED.","direct game version, patch, platform, mode, and creation-path evidence; stable required view evidence: FRONT; complete native-order and selector-boundary capture",issue-phase0-appearance-control-skin-tone-recapture;issue-phase0-primary-review-category-incomplete;issue-phase0-primary-review-environment-unresolved,
CF27-REC-cf27-xboxunknown-rtg-skintone-002,Ordering disputes,P0,CF27_XBOXUNKNOWN_RTG_SKINTONE_002,CF27_XBOXUNKNOWN_RTG_SKINTONE_002,Skin Tone,FRONT,GFM-CF27-ORDERING-DISPUTES-CF27-XBOXUNKNOWN-RTG-SKINTONE-002-YYYYMMDD-partNN.mp4,phase0-video-004@47-47,"Missing required production view(s): FRONT. Missing environment/version field(s): gameVersion, patch. Native order, selector boundary, or count continuity is unresolved for this record/category. Canonical setting consistency is FAIL. Lighting status is UNRESOLVED_NOT_CAPTURE_STANDARDIZED.","direct game version, patch, platform, mode, and creation-path evidence; stable required view evidence: FRONT; complete native-order and selector-boundary capture",issue-phase0-appearance-control-skin-tone-recapture;issue-phase0-primary-review-category-incomplete;issue-phase0-primary-review-environment-unresolved,
CF27-REC-cf27-xboxunknown-rtg-skintone-003,Ordering disputes,P0,CF27_XBOXUNKNOWN_RTG_SKINTONE_003,CF27_XBOXUNKNOWN_RTG_SKINTONE_003,Skin Tone,FRONT,GFM-CF27-ORDERING-DISPUTES-CF27-XBOXUNKNOWN-RTG-SKINTONE-003-YYYYMMDD-partNN.mp4,phase0-video-004@48-49,"Missing required production view(s): FRONT. Missing environment/version field(s): gameVersion, patch. Native order, selector boundary, or count continuity is unresolved for this record/category. Canonical setting consistency is FAIL. Lighting status is UNRESOLVED_NOT_CAPTURE_STANDARDIZED.","direct game version, patch, platform, mode, and creation-path evidence; stable required view evidence: FRONT; complete native-order and selector-boundary capture",issue-phase0-appearance-control-skin-tone-recapture;issue-phase0-primary-review-category-incomplete;issue-phase0-primary-review-environment-unresolved,
CF27-REC-cf27-xboxunknown-rtg-skintone-004,Ordering disputes,P0,CF27_XBOXUNKNOWN_RTG_SKINTONE_004,CF27_XBOXUNKNOWN_RTG_SKINTONE_004,Skin Tone,FRONT,GFM-CF27-ORDERING-DISPUTES-CF27-XBOXUNKNOWN-RTG-SKINTONE-004-YYYYMMDD-partNN.mp4,phase0-video-004@12-13,"Missing required production view(s): FRONT. Missing environment/version field(s): gameVersion, patch. Native order, selector boundary, or count continuity is unresolved for this record/category. Canonical setting consistency is FAIL. Lighting status is UNRESOLVED_NOT_CAPTURE_STANDARDIZED.","direct game version, patch, platform, mode, and creation-path evidence; stable required view evidence: FRONT; complete native-order and selector-boundary capture",issue-phase0-appearance-control-skin-tone-recapture;issue-phase0-primary-review-category-incomplete;issue-phase0-primary-review-environment-unresolved,
CF27-REC-cf27-xboxunknown-rtg-skintone-006,Ordering disputes,P0,CF27_XBOXUNKNOWN_RTG_SKINTONE_006,CF27_XBOXUNKNOWN_RTG_SKINTONE_006,Skin Tone,FRONT,GFM-CF27-ORDERING-DISPUTES-CF27-XBOXUNKNOWN-RTG-SKINTONE-006-YYYYMMDD-partNN.mp4,phase0-video-004@29-30,"Missing required production view(s): FRONT. Missing environment/version field(s): gameVersion, patch. Native order, selector boundary, or count continuity is unresolved for this record/category. Canonical setting consistency is FAIL. Framing/visibility status is FAIL. Lighting status is UNRESOLVED_NOT_CAPTURE_STANDARDIZED.","direct game version, patch, platform, mode, and creation-path evidence; stable required view evidence: FRONT; complete native-order and selector-boundary capture",issue-phase0-appearance-control-skin-tone-recapture;issue-phase0-primary-review-category-incomplete;issue-phase0-primary-review-environment-unresolved,
CF27-REC-cf27-xboxunknown-rtg-skintone-007,Ordering disputes,P0,CF27_XBOXUNKNOWN_RTG_SKINTONE_007,CF27_XBOXUNKNOWN_RTG_SKINTONE_007,Skin Tone,FRONT,GFM-CF27-ORDERING-DISPUTES-CF27-XBOXUNKNOWN-RTG-SKINTONE-007-YYYYMMDD-partNN.mp4,phase0-video-004@27-28,"Missing required production view(s): FRONT. Missing environment/version field(s): gameVersion, patch. Native order, selector boundary, or count continuity is unresolved for this record/category. Canonical setting consistency is FAIL. Lighting status is UNRESOLVED_NOT_CAPTURE_STANDARDIZED.","direct game version, patch, platform, mode, and creation-path evidence; stable required view evidence: FRONT; complete native-order and selector-boundary capture",issue-phase0-appearance-control-skin-tone-recapture;issue-phase0-primary-review-category-incomplete;issue-phase0-primary-review-environment-unresolved,
CF27-REC-cf27-xboxunknown-rtg-skintone-008,Ordering disputes,P0,CF27_XBOXUNKNOWN_RTG_SKINTONE_008,CF27_XBOXUNKNOWN_RTG_SKINTONE_008,Skin Tone,FRONT,GFM-CF27-ORDERING-DISPUTES-CF27-XBOXUNKNOWN-RTG-SKINTONE-008-YYYYMMDD-partNN.mp4,phase0-video-004@25-26,"Missing required production view(s): FRONT. Missing environment/version field(s): gameVersion, patch. Native order, selector boundary, or count continuity is unresolved for this record/category. Canonical setting consistency is FAIL. Framing/visibility status is FAIL. Lighting status is UNRESOLVED_NOT_CAPTURE_STANDARDIZED.","direct game version, patch, platform, mode, and creation-path evidence; stable required view evidence: FRONT; complete native-order and selector-boundary capture",issue-phase0-appearance-control-skin-tone-recapture;issue-phase0-primary-review-category-incomplete;issue-phase0-primary-review-environment-unresolved,
CF27-REC-cf27-xboxunknown-rtg-skintone-009,Ordering disputes,P0,CF27_XBOXUNKNOWN_RTG_SKINTONE_009,CF27_XBOXUNKNOWN_RTG_SKINTONE_009,Skin Tone,FRONT,GFM-CF27-ORDERING-DISPUTES-CF27-XBOXUNKNOWN-RTG-SKINTONE-009-YYYYMMDD-partNN.mp4,phase0-video-004@8-11,"Missing required production view(s): FRONT. Missing environment/version field(s): gameVersion, patch. Native order, selector boundary, or count continuity is unresolved for this record/category. Canonical setting consistency is FAIL. Framing/visibility status is FAIL. Lighting status is UNRESOLVED_NOT_CAPTURE_STANDARDIZED.","direct game version, patch, platform, mode, and creation-path evidence; stable required view evidence: FRONT; complete native-order and selector-boundary capture",issue-phase0-appearance-control-skin-tone-recapture;issue-phase0-primary-review-category-incomplete;issue-phase0-primary-review-environment-unresolved,
CF27-REC-cf27-xboxunknown-rtg-skintone-011,Ordering disputes,P0,CF27_XBOXUNKNOWN_RTG_SKINTONE_011,CF27_XBOXUNKNOWN_RTG_SKINTONE_011,Skin Tone,FRONT,GFM-CF27-ORDERING-DISPUTES-CF27-XBOXUNKNOWN-RTG-SKINTONE-011-YYYYMMDD-partNN.mp4,phase0-video-004@50-51,"Missing required production view(s): FRONT. Missing environment/version field(s): gameVersion, patch. Native order, selector boundary, or count continuity is unresolved for this record/category. Canonical setting consistency is FAIL. Framing/visibility status is FAIL. Lighting status is UNRESOLVED_NOT_CAPTURE_STANDARDIZED.","direct game version, patch, platform, mode, and creation-path evidence; stable required view evidence: FRONT; complete native-order and selector-boundary capture",issue-phase0-appearance-control-skin-tone-recapture;issue-phase0-primary-review-category-incomplete;issue-phase0-primary-review-environment-unresolved,
CF27-REC-cf27-xboxunknown-rtg-skintone-012,Ordering disputes,P0,CF27_XBOXUNKNOWN_RTG_SKINTONE_012,CF27_XBOXUNKNOWN_RTG_SKINTONE_012,Skin Tone,FRONT,GFM-CF27-ORDERING-DISPUTES-CF27-XBOXUNKNOWN-RTG-SKINTONE-012-YYYYMMDD-partNN.mp4,phase0-video-004@43-44,"Missing required production view(s): FRONT. Missing environment/version field(s): gameVersion, patch. Native order, selector boundary, or count continuity is unresolved for this record/category. Canonical setting consistency is FAIL. Lighting status is UNRESOLVED_NOT_CAPTURE_STANDARDIZED.","direct game version, patch, platform, mode, and creation-path evidence; stable required view evidence: FRONT; complete native-order and selector-boundary capture",issue-phase0-appearance-control-skin-tone-recapture;issue-phase0-primary-review-category-incomplete;issue-phase0-primary-review-environment-unresolved,
CF27-REC-cf27-xboxunknown-rtg-skintone-013,Ordering disputes,P0,CF27_XBOXUNKNOWN_RTG_SKINTONE_013,CF27_XBOXUNKNOWN_RTG_SKINTONE_013,Skin Tone,FRONT,GFM-CF27-ORDERING-DISPUTES-CF27-XBOXUNKNOWN-RTG-SKINTONE-013-YYYYMMDD-partNN.mp4,phase0-video-004@39-40,"Missing required production view(s): FRONT. Missing environment/version field(s): gameVersion, patch. Native order, selector boundary, or count continuity is unresolved for this record/category. Canonical setting consistency is FAIL. Lighting status is UNRESOLVED_NOT_CAPTURE_STANDARDIZED.","direct game version, patch, platform, mode, and creation-path evidence; stable required view evidence: FRONT; complete native-order and selector-boundary capture",issue-phase0-appearance-control-skin-tone-recapture;issue-phase0-primary-review-category-incomplete;issue-phase0-primary-review-environment-unresolved,
CF27-REC-cf27-xboxunknown-rtg-skintone-017,Ordering disputes,P0,CF27_XBOXUNKNOWN_RTG_SKINTONE_017,CF27_XBOXUNKNOWN_RTG_SKINTONE_017,Skin Tone,FRONT,GFM-CF27-ORDERING-DISPUTES-CF27-XBOXUNKNOWN-RTG-SKINTONE-017-YYYYMMDD-partNN.mp4,phase0-video-004@37-38,"Missing required production view(s): FRONT. Missing environment/version field(s): gameVersion, patch. Native order, selector boundary, or count continuity is unresolved for this record/category. Canonical setting consistency is FAIL. Framing/visibility status is FAIL. Lighting status is UNRESOLVED_NOT_CAPTURE_STANDARDIZED.","direct game version, patch, platform, mode, and creation-path evidence; stable required view evidence: FRONT; complete native-order and selector-boundary capture",issue-phase0-appearance-control-skin-tone-recapture;issue-phase0-primary-review-category-incomplete;issue-phase0-primary-review-environment-unresolved,
CF27-REC-cf27-xboxunknown-rtg-skintone-018,Ordering disputes,P0,CF27_XBOXUNKNOWN_RTG_SKINTONE_018,CF27_XBOXUNKNOWN_RTG_SKINTONE_018,Skin Tone,FRONT,GFM-CF27-ORDERING-DISPUTES-CF27-XBOXUNKNOWN-RTG-SKINTONE-018-YYYYMMDD-partNN.mp4,phase0-video-004@20-22,"Missing required production view(s): FRONT. Missing environment/version field(s): gameVersion, patch. Native order, selector boundary, or count continuity is unresolved for this record/category. Canonical setting consistency is FAIL. Framing/visibility status is FAIL. Lighting status is UNRESOLVED_NOT_CAPTURE_STANDARDIZED.","direct game version, patch, platform, mode, and creation-path evidence; stable required view evidence: FRONT; complete native-order and selector-boundary capture",issue-phase0-appearance-control-skin-tone-recapture;issue-phase0-primary-review-category-incomplete;issue-phase0-primary-review-environment-unresolved,
CF27-REC-cf27-xboxunknown-rtg-skintone-019,Ordering disputes,P0,CF27_XBOXUNKNOWN_RTG_SKINTONE_019,CF27_XBOXUNKNOWN_RTG_SKINTONE_019,Skin Tone,FRONT,GFM-CF27-ORDERING-DISPUTES-CF27-XBOXUNKNOWN-RTG-SKINTONE-019-YYYYMMDD-partNN.mp4,phase0-video-004@17-19,"Missing required production view(s): FRONT. Missing environment/version field(s): gameVersion, patch. Native order, selector boundary, or count continuity is unresolved for this record/category. Canonical setting consistency is FAIL. Lighting status is UNRESOLVED_NOT_CAPTURE_STANDARDIZED.","direct game version, patch, platform, mode, and creation-path evidence; stable required view evidence: FRONT; complete native-order and selector-boundary capture",issue-phase0-appearance-control-skin-tone-recapture;issue-phase0-primary-review-category-incomplete;issue-phase0-primary-review-environment-unresolved,
CF27-REC-cf27-xboxunknown-rtg-skintone-020,Ordering disputes,P0,CF27_XBOXUNKNOWN_RTG_SKINTONE_020,CF27_XBOXUNKNOWN_RTG_SKINTONE_020,Skin Tone,FRONT,GFM-CF27-ORDERING-DISPUTES-CF27-XBOXUNKNOWN-RTG-SKINTONE-020-YYYYMMDD-partNN.mp4,phase0-video-004@15-16,"Missing required production view(s): FRONT. Missing environment/version field(s): gameVersion, patch. Native order, selector boundary, or count continuity is unresolved for this record/category. Canonical setting consistency is FAIL. Lighting status is UNRESOLVED_NOT_CAPTURE_STANDARDIZED.","direct game version, patch, platform, mode, and creation-path evidence; stable required view evidence: FRONT; complete native-order and selector-boundary capture",issue-phase0-appearance-control-skin-tone-recapture;issue-phase0-primary-review-category-incomplete;issue-phase0-primary-review-environment-unresolved,
CF27-REC-cf27-xboxunknown-rtg-skintone-021,Ordering disputes,P0,CF27_XBOXUNKNOWN_RTG_SKINTONE_021,CF27_XBOXUNKNOWN_RTG_SKINTONE_021,Skin Tone,FRONT,GFM-CF27-ORDERING-DISPUTES-CF27-XBOXUNKNOWN-RTG-SKINTONE-021-YYYYMMDD-partNN.mp4,phase0-video-004@23-24,"Missing required production view(s): FRONT. Missing environment/version field(s): gameVersion, patch. Native order, selector boundary, or count continuity is unresolved for this record/category. Canonical setting consistency is FAIL. Lighting status is UNRESOLVED_NOT_CAPTURE_STANDARDIZED.","direct game version, patch, platform, mode, and creation-path evidence; stable required view evidence: FRONT; complete native-order and selector-boundary capture",issue-phase0-appearance-control-skin-tone-recapture;issue-phase0-primary-review-category-incomplete;issue-phase0-primary-review-environment-unresolved,
CF27-REC-cf27-xboxunknown-rtg-skintone-022,Ordering disputes,P0,CF27_XBOXUNKNOWN_RTG_SKINTONE_022,CF27_XBOXUNKNOWN_RTG_SKINTONE_022,Skin Tone,FRONT,GFM-CF27-ORDERING-DISPUTES-CF27-XBOXUNKNOWN-RTG-SKINTONE-022-YYYYMMDD-partNN.mp4,phase0-video-004@35-36,"Missing required production view(s): FRONT. Missing environment/version field(s): gameVersion, patch. Native order, selector boundary, or count continuity is unresolved for this record/category. Canonical setting consistency is FAIL. Framing/visibility status is FAIL. Lighting status is UNRESOLVED_NOT_CAPTURE_STANDARDIZED.","direct game version, patch, platform, mode, and creation-path evidence; stable required view evidence: FRONT; complete native-order and selector-boundary capture",issue-phase0-appearance-control-skin-tone-recapture;issue-phase0-primary-review-category-incomplete;issue-phase0-primary-review-environment-unresolved,
CF27-REC-cf27-xboxunknown-rtg-skintone-023,Ordering disputes,P0,CF27_XBOXUNKNOWN_RTG_SKINTONE_023,CF27_XBOXUNKNOWN_RTG_SKINTONE_023,Skin Tone,FRONT,GFM-CF27-ORDERING-DISPUTES-CF27-XBOXUNKNOWN-RTG-SKINTONE-023-YYYYMMDD-partNN.mp4,phase0-video-004@52-53.82,"Missing required production view(s): FRONT. Missing environment/version field(s): gameVersion, patch. Native order, selector boundary, or count continuity is unresolved for this record/category. Canonical setting consistency is FAIL. Framing/visibility status is FAIL. Lighting status is UNRESOLVED_NOT_CAPTURE_STANDARDIZED.","direct game version, patch, platform, mode, and creation-path evidence; stable required view evidence: FRONT; complete native-order and selector-boundary capture",issue-phase0-appearance-control-skin-tone-recapture;issue-phase0-primary-review-category-incomplete;issue-phase0-primary-review-environment-unresolved,
CF27-REC-cf27-xboxunknown-rtg-skintone-024,Ordering disputes,P0,CF27_XBOXUNKNOWN_RTG_SKINTONE_024,CF27_XBOXUNKNOWN_RTG_SKINTONE_024,Skin Tone,FRONT,GFM-CF27-ORDERING-DISPUTES-CF27-XBOXUNKNOWN-RTG-SKINTONE-024-YYYYMMDD-partNN.mp4,phase0-video-004@33-34,"Missing required production view(s): FRONT. Missing environment/version field(s): gameVersion, patch. Native order, selector boundary, or count continuity is unresolved for this record/category. Canonical setting consistency is FAIL. Lighting status is UNRESOLVED_NOT_CAPTURE_STANDARDIZED.","direct game version, patch, platform, mode, and creation-path evidence; stable required view evidence: FRONT; complete native-order and selector-boundary capture",issue-phase0-appearance-control-skin-tone-recapture;issue-phase0-primary-review-category-incomplete;issue-phase0-primary-review-environment-unresolved,
CF27-REC-cf27-xboxunknown-rtg-skintone-029,Ordering disputes,P0,CF27_XBOXUNKNOWN_RTG_SKINTONE_029,CF27_XBOXUNKNOWN_RTG_SKINTONE_029,Skin Tone,FRONT,GFM-CF27-ORDERING-DISPUTES-CF27-XBOXUNKNOWN-RTG-SKINTONE-029-YYYYMMDD-partNN.mp4,phase0-video-004@31-32,"Missing required production view(s): FRONT. Missing environment/version field(s): gameVersion, patch. Native order, selector boundary, or count continuity is unresolved for this record/category. Canonical setting consistency is FAIL. Framing/visibility status is FAIL. Lighting status is UNRESOLVED_NOT_CAPTURE_STANDARDIZED.","direct game version, patch, platform, mode, and creation-path evidence; stable required view evidence: FRONT; complete native-order and selector-boundary capture",issue-phase0-appearance-control-skin-tone-recapture;issue-phase0-primary-review-category-incomplete;issue-phase0-primary-review-environment-unresolved,
CF27-ORDER-ear-shape,Ordering disputes,P0,ear-shape,CF27_XBOXUNKNOWN_RTG_EARSHAPE_001;CF27_XBOXUNKNOWN_RTG_EARSHAPE_002;CF27_XBOXUNKNOWN_RTG_EARSHAPE_003;CF27_XBOXUNKNOWN_RTG_EARSHAPE_004,Ear Shape,MENU,GFM-CF27-ORDER-ear-shape-YYYYMMDD-partNN.mp4,phase0-video-009@18-20 | phase0-video-009@16-17 | phase0-video-009@23-25 | phase0-video-009@26-30.21,Category count/order audit is incomplete.,"A continuous console capture proving native order continuity, first/final boundaries, two counts where required, and wrap/no-wrap behavior.",issue-phase0-appearance-control-ear-shape-recapture;issue-phase0-primary-review-category-incomplete;issue-phase0-primary-review-duplicate-observations;issue-phase0-primary-review-environment-unresolved,
CF27-ORDER-eye-color,Ordering disputes,P0,eye-color,CF27_XBOXUNKNOWN_RTG_EYECOLOR_001;CF27_XBOXUNKNOWN_RTG_EYECOLOR_002;CF27_XBOXUNKNOWN_RTG_EYECOLOR_003;CF27_XBOXUNKNOWN_RTG_EYECOLOR_004;CF27_XBOXUNKNOWN_RTG_EYECOLOR_005;CF27_XBOXUNKNOWN_RTG_EYECOLOR_006;CF27_XBOXUNKNOWN_RTG_EYECOLOR_007,Eye Color,MENU,GFM-CF27-ORDER-eye-color-YYYYMMDD-partNN.mp4,phase0-video-007@12-12 | phase0-video-007@13-15 | phase0-video-007@16-17 | phase0-video-007@18-20 | phase0-video-007@25-29.33,Category count/order audit is incomplete.,"A continuous console capture proving native order continuity, first/final boundaries, two counts where required, and wrap/no-wrap behavior.",issue-phase0-appearance-control-eye-color-recapture;issue-phase0-primary-review-category-incomplete;issue-phase0-primary-review-environment-unresolved,
CF27-ORDER-eye-shape,Ordering disputes,P0,eye-shape,CF27_XBOXUNKNOWN_RTG_EYESHAPE_001;CF27_XBOXUNKNOWN_RTG_EYESHAPE_002;CF27_XBOXUNKNOWN_RTG_EYESHAPE_003;CF27_XBOXUNKNOWN_RTG_EYESHAPE_004;CF27_XBOXUNKNOWN_RTG_EYESHAPE_005,Eye Shape,MENU,GFM-CF27-ORDER-eye-shape-YYYYMMDD-partNN.mp4,phase0-video-006@14-14 | phase0-video-006@15-16 | phase0-video-006@17-18 | phase0-video-006@19-19 | phase0-video-006@20-24.93,Category count/order audit is incomplete.,"A continuous console capture proving native order continuity, first/final boundaries, two counts where required, and wrap/no-wrap behavior.",issue-phase0-appearance-control-eye-shape-recapture;issue-phase0-primary-review-category-incomplete;issue-phase0-primary-review-environment-unresolved,
CF27-ORDER-hairstyle,Ordering disputes,P0,hairstyle,CF27_XBOXUNKNOWN_RTG_HAIRSTYLE_SHORT_CURLY,Hairstyles,MENU,GFM-CF27-ORDER-hairstyle-YYYYMMDD-partNN.mp4,CF27_XBOX_SOURCE_2026_08_02_002@5-99,Category count/order audit is incomplete.,"A continuous console capture proving native order continuity, first/final boundaries, two counts where required, and wrap/no-wrap behavior.",issue-phase0-primary-review-category-incomplete;issue-phase0-primary-review-environment-unresolved,
CF27-ORDER-nose,Ordering disputes,P0,nose,CF27_XBOXUNKNOWN_RTG_NOSE_001;CF27_XBOXUNKNOWN_RTG_NOSE_002;CF27_XBOXUNKNOWN_RTG_NOSE_003;CF27_XBOXUNKNOWN_RTG_NOSE_004;CF27_XBOXUNKNOWN_RTG_NOSE_005;CF27_XBOXUNKNOWN_RTG_NOSE_006;CF27_XBOXUNKNOWN_RTG_NOSE_007,Nose,MENU,GFM-CF27-ORDER-nose-YYYYMMDD-partNN.mp4,phase0-video-008@15-15 | phase0-video-008@16-18 | phase0-video-008@19-20 | phase0-video-008@21-22 | phase0-video-008@14-14,Category count/order audit is incomplete.,"A continuous console capture proving native order continuity, first/final boundaries, two counts where required, and wrap/no-wrap behavior.",issue-phase0-appearance-control-nose-recapture;issue-phase0-primary-review-category-incomplete;issue-phase0-primary-review-duplicate-observations;issue-phase0-primary-review-environment-unresolved,
CF27-ORDER-skin-details,Ordering disputes,P0,skin-details,CF27_XBOXUNKNOWN_RTG_SKINDETAILS_001;CF27_XBOXUNKNOWN_RTG_SKINDETAILS_002;CF27_XBOXUNKNOWN_RTG_SKINDETAILS_003;CF27_XBOXUNKNOWN_RTG_SKINDETAILS_004;CF27_XBOXUNKNOWN_RTG_SKINDETAILS_005;CF27_XBOXUNKNOWN_RTG_SKINDETAILS_006;CF27_XBOXUNKNOWN_RTG_SKINDETAILS_007;CF27_XBOXUNKNOWN_RTG_SKINDETAILS_008;CF27_XBOXUNKNOWN_RTG_SKINDETAILS_009;CF27_XBOXUNKNOWN_RTG_SKINDETAILS_010,Skin Details,MENU,GFM-CF27-ORDER-skin-details-YYYYMMDD-partNN.mp4,phase0-video-005@8-8 | phase0-video-005@9-10 | phase0-video-005@11-14 | phase0-video-005@15-16 | phase0-video-005@23-24,Category count/order audit is incomplete.,"A continuous console capture proving native order continuity, first/final boundaries, two counts where required, and wrap/no-wrap behavior.",issue-phase0-appearance-control-skin-details-recapture;issue-phase0-primary-review-category-incomplete;issue-phase0-primary-review-environment-unresolved,
CF27-ORDER-skin-tone,Ordering disputes,P0,skin-tone,CF27_XBOXUNKNOWN_RTG_SKINTONE_001;CF27_XBOXUNKNOWN_RTG_SKINTONE_002;CF27_XBOXUNKNOWN_RTG_SKINTONE_003;CF27_XBOXUNKNOWN_RTG_SKINTONE_004;CF27_XBOXUNKNOWN_RTG_SKINTONE_006;CF27_XBOXUNKNOWN_RTG_SKINTONE_007;CF27_XBOXUNKNOWN_RTG_SKINTONE_008;CF27_XBOXUNKNOWN_RTG_SKINTONE_009;CF27_XBOXUNKNOWN_RTG_SKINTONE_010;CF27_XBOXUNKNOWN_RTG_SKINTONE_011;CF27_XBOXUNKNOWN_RTG_SKINTONE_012;CF27_XBOXUNKNOWN_RTG_SKINTONE_013;CF27_XBOXUNKNOWN_RTG_SKINTONE_017;CF27_XBOXUNKNOWN_RTG_SKINTONE_018;CF27_XBOXUNKNOWN_RTG_SKINTONE_019;CF27_XBOXUNKNOWN_RTG_SKINTONE_020;CF27_XBOXUNKNOWN_RTG_SKINTONE_021;CF27_XBOXUNKNOWN_RTG_SKINTONE_022;CF27_XBOXUNKNOWN_RTG_SKINTONE_023;CF27_XBOXUNKNOWN_RTG_SKINTONE_024;CF27_XBOXUNKNOWN_RTG_SKINTONE_029,Skin Tone,MENU,GFM-CF27-ORDER-skin-tone-YYYYMMDD-partNN.mp4,phase0-video-004@45-46 | phase0-video-004@47-47 | phase0-video-004@48-49 | phase0-video-004@12-13 | phase0-video-004@29-30,Category count/order audit is incomplete.,"A continuous console capture proving native order continuity, first/final boundaries, two counts where required, and wrap/no-wrap behavior.",issue-phase0-appearance-control-skin-tone-recapture;issue-phase0-primary-review-category-incomplete;issue-phase0-primary-review-duplicate-observations;issue-phase0-primary-review-environment-unresolved,
CF27-REC-GLOBAL-VERSION-MISMATCH-BASELINE,Version mismatches,P0,CF27_VERSION_PATCH_BASELINE,CF27_XBOXUNKNOWN_RTG_JOURNEYTYPE_BLUE_CHIP;CF27_XBOXUNKNOWN_RTG_JOURNEYTYPE_CONTRIBUTOR;CF27_XBOXUNKNOWN_RTG_JOURNEYTYPE_ELITE;CF27_XBOXUNKNOWN_RTG_JOURNEYTYPE_UNDERDOG;CF27_XBOXUNKNOWN_RTG_POSITION_QB;CF27_XBOXUNKNOWN_RTG_CHIN_SQUARE;CF27_XBOXUNKNOWN_RTG_EARSHAPE_001;CF27_XBOXUNKNOWN_RTG_EARSHAPE_002;CF27_XBOXUNKNOWN_RTG_EARSHAPE_003;CF27_XBOXUNKNOWN_RTG_EARSHAPE_004;CF27_XBOXUNKNOWN_RTG_EYECOLOR_001;CF27_XBOXUNKNOWN_RTG_EYECOLOR_002;CF27_XBOXUNKNOWN_RTG_EYECOLOR_003;CF27_XBOXUNKNOWN_RTG_EYECOLOR_004;CF27_XBOXUNKNOWN_RTG_EYECOLOR_005;CF27_XBOXUNKNOWN_RTG_EYECOLOR_006;CF27_XBOXUNKNOWN_RTG_EYECOLOR_007;CF27_XBOXUNKNOWN_RTG_EYESHAPE_001;CF27_XBOXUNKNOWN_RTG_EYESHAPE_002;CF27_XBOXUNKNOWN_RTG_EYESHAPE_003;CF27_XBOXUNKNOWN_RTG_EYESHAPE_004;CF27_XBOXUNKNOWN_RTG_EYESHAPE_005;CF27_XBOXUNKNOWN_RTG_FACIALHAIR_MUTTON_CHOPS;CF27_XBOXUNKNOWN_RTG_FACIALHAIRCOLOR_PURPLE;CF27_XBOXUNKNOWN_RTG_HAIRCOLOR_LIGHT_BROWN;CF27_XBOXUNKNOWN_RTG_HAIRSTYLE_SHORT_CURLY;CF27_XBOXUNKNOWN_RTG_HEAD_001;CF27_XBOXUNKNOWN_RTG_HEAD_002;CF27_XBOXUNKNOWN_RTG_HEAD_003;CF27_XBOXUNKNOWN_RTG_HEAD_004;CF27_XBOXUNKNOWN_RTG_HEAD_005;CF27_XBOXUNKNOWN_RTG_HEAD_006;CF27_XBOXUNKNOWN_RTG_HEAD_007;CF27_XBOXUNKNOWN_RTG_HEAD_008;CF27_XBOXUNKNOWN_RTG_HEAD_009;CF27_XBOXUNKNOWN_RTG_HEAD_010;CF27_XBOXUNKNOWN_RTG_HEAD_011;CF27_XBOXUNKNOWN_RTG_HEAD_012;CF27_XBOXUNKNOWN_RTG_HEAD_013;CF27_XBOXUNKNOWN_RTG_HEAD_014;CF27_XBOXUNKNOWN_RTG_HEAD_016;CF27_XBOXUNKNOWN_RTG_HEAD_017;CF27_XBOXUNKNOWN_RTG_HEAD_018;CF27_XBOXUNKNOWN_RTG_HEAD_021;CF27_XBOXUNKNOWN_RTG_HEAD_022;CF27_XBOXUNKNOWN_RTG_HEAD_023;CF27_XBOXUNKNOWN_RTG_HEAD_024;CF27_XBOXUNKNOWN_RTG_HEAD_027;CF27_XBOXUNKNOWN_RTG_HEAD_028;CF27_XBOXUNKNOWN_RTG_HEAD_029;CF27_XBOXUNKNOWN_RTG_HEAD_030;CF27_XBOXUNKNOWN_RTG_HEAD_031;CF27_XBOXUNKNOWN_RTG_JAWSHAPE_SQUARE;CF27_XBOXUNKNOWN_RTG_MOUTHSHAPE_HEAVY;CF27_XBOXUNKNOWN_RTG_NOSE_001;CF27_XBOXUNKNOWN_RTG_NOSE_002;CF27_XBOXUNKNOWN_RTG_NOSE_003;CF27_XBOXUNKNOWN_RTG_NOSE_004;CF27_XBOXUNKNOWN_RTG_NOSE_005;CF27_XBOXUNKNOWN_RTG_NOSE_006;CF27_XBOXUNKNOWN_RTG_NOSE_007;CF27_XBOXUNKNOWN_RTG_SKINDETAILS_001;CF27_XBOXUNKNOWN_RTG_SKINDETAILS_002;CF27_XBOXUNKNOWN_RTG_SKINDETAILS_003;CF27_XBOXUNKNOWN_RTG_SKINDETAILS_004;CF27_XBOXUNKNOWN_RTG_SKINDETAILS_005;CF27_XBOXUNKNOWN_RTG_SKINDETAILS_006;CF27_XBOXUNKNOWN_RTG_SKINDETAILS_007;CF27_XBOXUNKNOWN_RTG_SKINDETAILS_008;CF27_XBOXUNKNOWN_RTG_SKINDETAILS_009;CF27_XBOXUNKNOWN_RTG_SKINDETAILS_010;CF27_XBOXUNKNOWN_RTG_SKINTONE_001;CF27_XBOXUNKNOWN_RTG_SKINTONE_002;CF27_XBOXUNKNOWN_RTG_SKINTONE_003;CF27_XBOXUNKNOWN_RTG_SKINTONE_004;CF27_XBOXUNKNOWN_RTG_SKINTONE_006;CF27_XBOXUNKNOWN_RTG_SKINTONE_007;CF27_XBOXUNKNOWN_RTG_SKINTONE_008;CF27_XBOXUNKNOWN_RTG_SKINTONE_009;CF27_XBOXUNKNOWN_RTG_SKINTONE_010;CF27_XBOXUNKNOWN_RTG_SKINTONE_011;CF27_XBOXUNKNOWN_RTG_SKINTONE_012;CF27_XBOXUNKNOWN_RTG_SKINTONE_013;CF27_XBOXUNKNOWN_RTG_SKINTONE_017;CF27_XBOXUNKNOWN_RTG_SKINTONE_018;CF27_XBOXUNKNOWN_RTG_SKINTONE_019;CF27_XBOXUNKNOWN_RTG_SKINTONE_020;CF27_XBOXUNKNOWN_RTG_SKINTONE_021;CF27_XBOXUNKNOWN_RTG_SKINTONE_022;CF27_XBOXUNKNOWN_RTG_SKINTONE_023;CF27_XBOXUNKNOWN_RTG_SKINTONE_024;CF27_XBOXUNKNOWN_RTG_SKINTONE_029,Version and patch baseline,VERSION_OR_PATCH_SCREEN,GFM-CF27-VERSION-PATCH-BASELINE-YYYYMMDD-partNN.mp4,,A verifier cannot distinguish matching evidence from a version mismatch until the supported version/patch baseline is captured.,Direct title/update/manage-game evidence showing the game version or explicit patch/update state.,,
CF27-REC-GLOBAL-DEPENDENCY-TESTS,Dependency tests,P1,CF27_DEPENDENCY_TESTS,CF27_XBOXUNKNOWN_RTG_JOURNEYTYPE_BLUE_CHIP;CF27_XBOXUNKNOWN_RTG_JOURNEYTYPE_CONTRIBUTOR;CF27_XBOXUNKNOWN_RTG_JOURNEYTYPE_ELITE;CF27_XBOXUNKNOWN_RTG_JOURNEYTYPE_UNDERDOG;CF27_XBOXUNKNOWN_RTG_POSITION_QB;CF27_XBOXUNKNOWN_RTG_CHIN_SQUARE;CF27_XBOXUNKNOWN_RTG_EARSHAPE_001;CF27_XBOXUNKNOWN_RTG_EARSHAPE_002;CF27_XBOXUNKNOWN_RTG_EARSHAPE_003;CF27_XBOXUNKNOWN_RTG_EARSHAPE_004;CF27_XBOXUNKNOWN_RTG_EYECOLOR_001;CF27_XBOXUNKNOWN_RTG_EYECOLOR_002;CF27_XBOXUNKNOWN_RTG_EYECOLOR_003;CF27_XBOXUNKNOWN_RTG_EYECOLOR_004;CF27_XBOXUNKNOWN_RTG_EYECOLOR_005;CF27_XBOXUNKNOWN_RTG_EYECOLOR_006;CF27_XBOXUNKNOWN_RTG_EYECOLOR_007;CF27_XBOXUNKNOWN_RTG_EYESHAPE_001;CF27_XBOXUNKNOWN_RTG_EYESHAPE_002;CF27_XBOXUNKNOWN_RTG_EYESHAPE_003;CF27_XBOXUNKNOWN_RTG_EYESHAPE_004;CF27_XBOXUNKNOWN_RTG_EYESHAPE_005;CF27_XBOXUNKNOWN_RTG_FACIALHAIR_MUTTON_CHOPS;CF27_XBOXUNKNOWN_RTG_FACIALHAIRCOLOR_PURPLE;CF27_XBOXUNKNOWN_RTG_HAIRCOLOR_LIGHT_BROWN;CF27_XBOXUNKNOWN_RTG_HAIRSTYLE_SHORT_CURLY;CF27_XBOXUNKNOWN_RTG_HEAD_001;CF27_XBOXUNKNOWN_RTG_HEAD_002;CF27_XBOXUNKNOWN_RTG_HEAD_003;CF27_XBOXUNKNOWN_RTG_HEAD_004;CF27_XBOXUNKNOWN_RTG_HEAD_005;CF27_XBOXUNKNOWN_RTG_HEAD_006;CF27_XBOXUNKNOWN_RTG_HEAD_007;CF27_XBOXUNKNOWN_RTG_HEAD_008;CF27_XBOXUNKNOWN_RTG_HEAD_009;CF27_XBOXUNKNOWN_RTG_HEAD_010;CF27_XBOXUNKNOWN_RTG_HEAD_011;CF27_XBOXUNKNOWN_RTG_HEAD_012;CF27_XBOXUNKNOWN_RTG_HEAD_013;CF27_XBOXUNKNOWN_RTG_HEAD_014;CF27_XBOXUNKNOWN_RTG_HEAD_016;CF27_XBOXUNKNOWN_RTG_HEAD_017;CF27_XBOXUNKNOWN_RTG_HEAD_018;CF27_XBOXUNKNOWN_RTG_HEAD_021;CF27_XBOXUNKNOWN_RTG_HEAD_022;CF27_XBOXUNKNOWN_RTG_HEAD_023;CF27_XBOXUNKNOWN_RTG_HEAD_024;CF27_XBOXUNKNOWN_RTG_HEAD_027;CF27_XBOXUNKNOWN_RTG_HEAD_028;CF27_XBOXUNKNOWN_RTG_HEAD_029;CF27_XBOXUNKNOWN_RTG_HEAD_030;CF27_XBOXUNKNOWN_RTG_HEAD_031;CF27_XBOXUNKNOWN_RTG_JAWSHAPE_SQUARE;CF27_XBOXUNKNOWN_RTG_MOUTHSHAPE_HEAVY;CF27_XBOXUNKNOWN_RTG_NOSE_001;CF27_XBOXUNKNOWN_RTG_NOSE_002;CF27_XBOXUNKNOWN_RTG_NOSE_003;CF27_XBOXUNKNOWN_RTG_NOSE_004;CF27_XBOXUNKNOWN_RTG_NOSE_005;CF27_XBOXUNKNOWN_RTG_NOSE_006;CF27_XBOXUNKNOWN_RTG_NOSE_007;CF27_XBOXUNKNOWN_RTG_SKINDETAILS_001;CF27_XBOXUNKNOWN_RTG_SKINDETAILS_002;CF27_XBOXUNKNOWN_RTG_SKINDETAILS_003;CF27_XBOXUNKNOWN_RTG_SKINDETAILS_004;CF27_XBOXUNKNOWN_RTG_SKINDETAILS_005;CF27_XBOXUNKNOWN_RTG_SKINDETAILS_006;CF27_XBOXUNKNOWN_RTG_SKINDETAILS_007;CF27_XBOXUNKNOWN_RTG_SKINDETAILS_008;CF27_XBOXUNKNOWN_RTG_SKINDETAILS_009;CF27_XBOXUNKNOWN_RTG_SKINDETAILS_010;CF27_XBOXUNKNOWN_RTG_SKINTONE_001;CF27_XBOXUNKNOWN_RTG_SKINTONE_002;CF27_XBOXUNKNOWN_RTG_SKINTONE_003;CF27_XBOXUNKNOWN_RTG_SKINTONE_004;CF27_XBOXUNKNOWN_RTG_SKINTONE_006;CF27_XBOXUNKNOWN_RTG_SKINTONE_007;CF27_XBOXUNKNOWN_RTG_SKINTONE_008;CF27_XBOXUNKNOWN_RTG_SKINTONE_009;CF27_XBOXUNKNOWN_RTG_SKINTONE_010;CF27_XBOXUNKNOWN_RTG_SKINTONE_011;CF27_XBOXUNKNOWN_RTG_SKINTONE_012;CF27_XBOXUNKNOWN_RTG_SKINTONE_013;CF27_XBOXUNKNOWN_RTG_SKINTONE_017;CF27_XBOXUNKNOWN_RTG_SKINTONE_018;CF27_XBOXUNKNOWN_RTG_SKINTONE_019;CF27_XBOXUNKNOWN_RTG_SKINTONE_020;CF27_XBOXUNKNOWN_RTG_SKINTONE_021;CF27_XBOXUNKNOWN_RTG_SKINTONE_022;CF27_XBOXUNKNOWN_RTG_SKINTONE_023;CF27_XBOXUNKNOWN_RTG_SKINTONE_024;CF27_XBOXUNKNOWN_RTG_SKINTONE_029,Dependencies,DEPENDENCY_TEST,GFM-CF27-DEPENDENCY-TESTS-YYYYMMDD-partNN.mp4,,"Untested dependencies can change available options, order, rendering, or recommendation instructions.",Controlled dependency-test captures that change one variable at a time and preserve before/after counts/order.,,
