stableInternalID,nativeOrder,visibleGameLabelOrIndex,view,selectionStatus,selectedFrameID,confidence,candidateCount,reviewReason,missingViewReason,topWarnings
CF27_XBOXUNKNOWN_RTG_EARSHAPE_001,1,Attached Lobe,FRONT,missingViewNoSelection,,0,1,No exact view candidate exists. Ambiguous or menu-only frames are not promoted to this view.,no_exact_candidate_for_requested_view,manual_review_required_before_selection|menu_context_only|lighting_not_measured|head_size_not_measured
CF27_XBOXUNKNOWN_RTG_EARSHAPE_001,1,Attached Lobe,LEFT_3Q,missingViewNoSelection,,0,2,No exact view candidate exists. Ambiguous or menu-only frames are not promoted to this view.,no_exact_candidate_for_requested_view,manual_review_required_before_selection|three_quarter_direction_unknown|lighting_not_measured|head_size_not_measured|menu_context_only
CF27_XBOXUNKNOWN_RTG_EARSHAPE_001,1,Attached Lobe,LEFT_PROFILE,missingViewNoSelection,,0,1,No exact view candidate exists. Ambiguous or menu-only frames are not promoted to this view.,no_exact_candidate_for_requested_view,manual_review_required_before_selection|menu_context_only|lighting_not_measured|head_size_not_measured
CF27_XBOXUNKNOWN_RTG_EARSHAPE_001,1,Attached Lobe,RIGHT_3Q,missingViewNoSelection,,0,2,No exact view candidate exists. Ambiguous or menu-only frames are not promoted to this view.,no_exact_candidate_for_requested_view,manual_review_required_before_selection|three_quarter_direction_unknown|lighting_not_measured|head_size_not_measured|menu_context_only
CF27_XBOXUNKNOWN_RTG_EARSHAPE_001,1,Attached Lobe,RIGHT_PROFILE,missingViewNoSelection,,0,1,No exact view candidate exists. Ambiguous or menu-only frames are not promoted to this view.,no_exact_candidate_for_requested_view,manual_review_required_before_selection|menu_context_only|lighting_not_measured|head_size_not_measured
CF27_XBOXUNKNOWN_RTG_EARSHAPE_001,1,Attached Lobe,REAR,missingViewNoSelection,,0,1,No exact view candidate exists. Ambiguous or menu-only frames are not promoted to this view.,no_exact_candidate_for_requested_view,manual_review_required_before_selection|menu_context_only|lighting_not_measured|head_size_not_measured
CF27_XBOXUNKNOWN_RTG_EARSHAPE_002,2,None,FRONT,missingViewNoSelection,,0,1,No exact view candidate exists. Ambiguous or menu-only frames are not promoted to this view.,no_exact_candidate_for_requested_view,manual_review_required_before_selection|menu_context_only|lighting_not_measured|head_size_not_measured
CF27_XBOXUNKNOWN_RTG_EARSHAPE_002,2,None,LEFT_3Q,missingViewNoSelection,,0,2,No exact view candidate exists. Ambiguous or menu-only frames are not promoted to this view.,no_exact_candidate_for_requested_view,manual_review_required_before_selection|three_quarter_direction_unknown|lighting_not_measured|head_size_not_measured|menu_context_only
CF27_XBOXUNKNOWN_RTG_EARSHAPE_002,2,None,LEFT_PROFILE,missingViewNoSelection,,0,1,No exact view candidate exists. Ambiguous or menu-only frames are not promoted to this view.,no_exact_candidate_for_requested_view,manual_review_required_before_selection|menu_context_only|lighting_not_measured|head_size_not_measured
CF27_XBOXUNKNOWN_RTG_EARSHAPE_002,2,None,RIGHT_3Q,missingViewNoSelection,,0,2,No exact view candidate exists. Ambiguous or menu-only frames are not promoted to this view.,no_exact_candidate_for_requested_view,manual_review_required_before_selection|three_quarter_direction_unknown|lighting_not_measured|head_size_not_measured|menu_context_only
CF27_XBOXUNKNOWN_RTG_EARSHAPE_002,2,None,RIGHT_PROFILE,missingViewNoSelection,,0,1,No exact view candidate exists. Ambiguous or menu-only frames are not promoted to this view.,no_exact_candidate_for_requested_view,manual_review_required_before_selection|menu_context_only|lighting_not_measured|head_size_not_measured
CF27_XBOXUNKNOWN_RTG_EARSHAPE_002,2,None,REAR,missingViewNoSelection,,0,1,No exact view candidate exists. Ambiguous or menu-only frames are not promoted to this view.,no_exact_candidate_for_requested_view,manual_review_required_before_selection|menu_context_only|lighting_not_measured|head_size_not_measured
CF27_XBOXUNKNOWN_RTG_EARSHAPE_003,3,Round Free Lobe,FRONT,missingViewNoSelection,,0,1,No exact view candidate exists. Ambiguous or menu-only frames are not promoted to this view.,no_exact_candidate_for_requested_view,manual_review_required_before_selection|menu_context_only|lighting_not_measured|head_size_not_measured
CF27_XBOXUNKNOWN_RTG_EARSHAPE_003,3,Round Free Lobe,LEFT_3Q,missingViewNoSelection,,0,2,No exact view candidate exists. Ambiguous or menu-only frames are not promoted to this view.,no_exact_candidate_for_requested_view,manual_review_required_before_selection|three_quarter_direction_unknown|lighting_not_measured|head_size_not_measured|menu_context_only
CF27_XBOXUNKNOWN_RTG_EARSHAPE_003,3,Round Free Lobe,LEFT_PROFILE,missingViewNoSelection,,0,1,No exact view candidate exists. Ambiguous or menu-only frames are not promoted to this view.,no_exact_candidate_for_requested_view,manual_review_required_before_selection|menu_context_only|lighting_not_measured|head_size_not_measured
CF27_XBOXUNKNOWN_RTG_EARSHAPE_003,3,Round Free Lobe,RIGHT_3Q,missingViewNoSelection,,0,2,No exact view candidate exists. Ambiguous or menu-only frames are not promoted to this view.,no_exact_candidate_for_requested_view,manual_review_required_before_selection|three_quarter_direction_unknown|lighting_not_measured|head_size_not_measured|menu_context_only
CF27_XBOXUNKNOWN_RTG_EARSHAPE_003,3,Round Free Lobe,RIGHT_PROFILE,missingViewNoSelection,,0,1,No exact view candidate exists. Ambiguous or menu-only frames are not promoted to this view.,no_exact_candidate_for_requested_view,manual_review_required_before_selection|menu_context_only|lighting_not_measured|head_size_not_measured
CF27_XBOXUNKNOWN_RTG_EARSHAPE_003,3,Round Free Lobe,REAR,missingViewNoSelection,,0,1,No exact view candidate exists. Ambiguous or menu-only frames are not promoted to this view.,no_exact_candidate_for_requested_view,manual_review_required_before_selection|menu_context_only|lighting_not_measured|head_size_not_measured
CF27_XBOXUNKNOWN_RTG_EARSHAPE_004,4,Pointed,FRONT,missingViewNoSelection,,0,1,No exact view candidate exists. Ambiguous or menu-only frames are not promoted to this view.,no_exact_candidate_for_requested_view,manual_review_required_before_selection|menu_context_only|lighting_not_measured|head_size_not_measured
CF27_XBOXUNKNOWN_RTG_EARSHAPE_004,4,Pointed,LEFT_3Q,missingViewNoSelection,,0,2,No exact view candidate exists. Ambiguous or menu-only frames are not promoted to this view.,no_exact_candidate_for_requested_view,manual_review_required_before_selection|three_quarter_direction_unknown|lighting_not_measured|head_size_not_measured|menu_context_only
CF27_XBOXUNKNOWN_RTG_EARSHAPE_004,4,Pointed,LEFT_PROFILE,missingViewNoSelection,,0,1,No exact view candidate exists. Ambiguous or menu-only frames are not promoted to this view.,no_exact_candidate_for_requested_view,manual_review_required_before_selection|menu_context_only|lighting_not_measured|head_size_not_measured
CF27_XBOXUNKNOWN_RTG_EARSHAPE_004,4,Pointed,RIGHT_3Q,missingViewNoSelection,,0,2,No exact view candidate exists. Ambiguous or menu-only frames are not promoted to this view.,no_exact_candidate_for_requested_view,manual_review_required_before_selection|three_quarter_direction_unknown|lighting_not_measured|head_size_not_measured|menu_context_only
CF27_XBOXUNKNOWN_RTG_EARSHAPE_004,4,Pointed,RIGHT_PROFILE,missingViewNoSelection,,0,1,No exact view candidate exists. Ambiguous or menu-only frames are not promoted to this view.,no_exact_candidate_for_requested_view,manual_review_required_before_selection|menu_context_only|lighting_not_measured|head_size_not_measured
CF27_XBOXUNKNOWN_RTG_EARSHAPE_004,4,Pointed,REAR,missingViewNoSelection,,0,1,No exact view candidate exists. Ambiguous or menu-only frames are not promoted to this view.,no_exact_candidate_for_requested_view,manual_review_required_before_selection|menu_context_only|lighting_not_measured|head_size_not_measured
CF27_XBOXUNKNOWN_RTG_EYECOLOR_001,1,Light Blue,FRONT,missingViewNoSelection,,0,2,No exact view candidate exists. Ambiguous or menu-only frames are not promoted to this view.,no_exact_candidate_for_requested_view,manual_review_required_before_selection|lighting_not_measured|head_size_not_measured|menu_context_only
CF27_XBOXUNKNOWN_RTG_EYECOLOR_001,1,Light Blue,LEFT_3Q,missingViewNoSelection,,0,1,No exact view candidate exists. Ambiguous or menu-only frames are not promoted to this view.,no_exact_candidate_for_requested_view,manual_review_required_before_selection|menu_context_only|lighting_not_measured|head_size_not_measured
CF27_XBOXUNKNOWN_RTG_EYECOLOR_001,1,Light Blue,LEFT_PROFILE,missingViewNoSelection,,0,1,No exact view candidate exists. Ambiguous or menu-only frames are not promoted to this view.,no_exact_candidate_for_requested_view,manual_review_required_before_selection|menu_context_only|lighting_not_measured|head_size_not_measured
CF27_XBOXUNKNOWN_RTG_EYECOLOR_001,1,Light Blue,RIGHT_3Q,missingViewNoSelection,,0,1,No exact view candidate exists. Ambiguous or menu-only frames are not promoted to this view.,no_exact_candidate_for_requested_view,manual_review_required_before_selection|menu_context_only|lighting_not_measured|head_size_not_measured
CF27_XBOXUNKNOWN_RTG_EYECOLOR_001,1,Light Blue,RIGHT_PROFILE,missingViewNoSelection,,0,1,No exact view candidate exists. Ambiguous or menu-only frames are not promoted to this view.,no_exact_candidate_for_requested_view,manual_review_required_before_selection|menu_context_only|lighting_not_measured|head_size_not_measured
CF27_XBOXUNKNOWN_RTG_EYECOLOR_001,1,Light Blue,REAR,missingViewNoSelection,,0,1,No exact view candidate exists. Ambiguous or menu-only frames are not promoted to this view.,no_exact_candidate_for_requested_view,manual_review_required_before_selection|menu_context_only|lighting_not_measured|head_size_not_measured
CF27_XBOXUNKNOWN_RTG_EYECOLOR_002,2,Light Brown,FRONT,missingViewNoSelection,,0,2,No exact view candidate exists. Ambiguous or menu-only frames are not promoted to this view.,no_exact_candidate_for_requested_view,manual_review_required_before_selection|lighting_not_measured|head_size_not_measured|menu_context_only
CF27_XBOXUNKNOWN_RTG_EYECOLOR_002,2,Light Brown,LEFT_3Q,missingViewNoSelection,,0,1,No exact view candidate exists. Ambiguous or menu-only frames are not promoted to this view.,no_exact_candidate_for_requested_view,manual_review_required_before_selection|menu_context_only|lighting_not_measured|head_size_not_measured
CF27_XBOXUNKNOWN_RTG_EYECOLOR_002,2,Light Brown,LEFT_PROFILE,missingViewNoSelection,,0,1,No exact view candidate exists. Ambiguous or menu-only frames are not promoted to this view.,no_exact_candidate_for_requested_view,manual_review_required_before_selection|menu_context_only|lighting_not_measured|head_size_not_measured
CF27_XBOXUNKNOWN_RTG_EYECOLOR_002,2,Light Brown,RIGHT_3Q,missingViewNoSelection,,0,1,No exact view candidate exists. Ambiguous or menu-only frames are not promoted to this view.,no_exact_candidate_for_requested_view,manual_review_required_before_selection|menu_context_only|lighting_not_measured|head_size_not_measured
CF27_XBOXUNKNOWN_RTG_EYECOLOR_002,2,Light Brown,RIGHT_PROFILE,missingViewNoSelection,,0,1,No exact view candidate exists. Ambiguous or menu-only frames are not promoted to this view.,no_exact_candidate_for_requested_view,manual_review_required_before_selection|menu_context_only|lighting_not_measured|head_size_not_measured
CF27_XBOXUNKNOWN_RTG_EYECOLOR_002,2,Light Brown,REAR,missingViewNoSelection,,0,1,No exact view candidate exists. Ambiguous or menu-only frames are not promoted to this view.,no_exact_candidate_for_requested_view,manual_review_required_before_selection|menu_context_only|lighting_not_measured|head_size_not_measured
CF27_XBOXUNKNOWN_RTG_EYECOLOR_003,3,Brown,FRONT,missingViewNoSelection,,0,2,No exact view candidate exists. Ambiguous or menu-only frames are not promoted to this view.,no_exact_candidate_for_requested_view,manual_review_required_before_selection|lighting_not_measured|head_size_not_measured|menu_context_only
CF27_XBOXUNKNOWN_RTG_EYECOLOR_003,3,Brown,LEFT_3Q,missingViewNoSelection,,0,1,No exact view candidate exists. Ambiguous or menu-only frames are not promoted to this view.,no_exact_candidate_for_requested_view,manual_review_required_before_selection|menu_context_only|lighting_not_measured|head_size_not_measured
CF27_XBOXUNKNOWN_RTG_EYECOLOR_003,3,Brown,LEFT_PROFILE,missingViewNoSelection,,0,1,No exact view candidate exists. Ambiguous or menu-only frames are not promoted to this view.,no_exact_candidate_for_requested_view,manual_review_required_before_selection|menu_context_only|lighting_not_measured|head_size_not_measured
CF27_XBOXUNKNOWN_RTG_EYECOLOR_003,3,Brown,RIGHT_3Q,missingViewNoSelection,,0,1,No exact view candidate exists. Ambiguous or menu-only frames are not promoted to this view.,no_exact_candidate_for_requested_view,manual_review_required_before_selection|menu_context_only|lighting_not_measured|head_size_not_measured
CF27_XBOXUNKNOWN_RTG_EYECOLOR_003,3,Brown,RIGHT_PROFILE,missingViewNoSelection,,0,1,No exact view candidate exists. Ambiguous or menu-only frames are not promoted to this view.,no_exact_candidate_for_requested_view,manual_review_required_before_selection|menu_context_only|lighting_not_measured|head_size_not_measured
CF27_XBOXUNKNOWN_RTG_EYECOLOR_003,3,Brown,REAR,missingViewNoSelection,,0,1,No exact view candidate exists. Ambiguous or menu-only frames are not promoted to this view.,no_exact_candidate_for_requested_view,manual_review_required_before_selection|menu_context_only|lighting_not_measured|head_size_not_measured
CF27_XBOXUNKNOWN_RTG_EYECOLOR_004,4,Blue,FRONT,missingViewNoSelection,,0,2,No exact view candidate exists. Ambiguous or menu-only frames are not promoted to this view.,no_exact_candidate_for_requested_view,manual_review_required_before_selection|lighting_not_measured|head_size_not_measured|menu_context_only
CF27_XBOXUNKNOWN_RTG_EYECOLOR_004,4,Blue,LEFT_3Q,missingViewNoSelection,,0,1,No exact view candidate exists. Ambiguous or menu-only frames are not promoted to this view.,no_exact_candidate_for_requested_view,manual_review_required_before_selection|menu_context_only|lighting_not_measured|head_size_not_measured
CF27_XBOXUNKNOWN_RTG_EYECOLOR_004,4,Blue,LEFT_PROFILE,missingViewNoSelection,,0,1,No exact view candidate exists. Ambiguous or menu-only frames are not promoted to this view.,no_exact_candidate_for_requested_view,manual_review_required_before_selection|menu_context_only|lighting_not_measured|head_size_not_measured
CF27_XBOXUNKNOWN_RTG_EYECOLOR_004,4,Blue,RIGHT_3Q,missingViewNoSelection,,0,1,No exact view candidate exists. Ambiguous or menu-only frames are not promoted to this view.,no_exact_candidate_for_requested_view,manual_review_required_before_selection|menu_context_only|lighting_not_measured|head_size_not_measured
CF27_XBOXUNKNOWN_RTG_EYECOLOR_004,4,Blue,RIGHT_PROFILE,missingViewNoSelection,,0,1,No exact view candidate exists. Ambiguous or menu-only frames are not promoted to this view.,no_exact_candidate_for_requested_view,manual_review_required_before_selection|menu_context_only|lighting_not_measured|head_size_not_measured
CF27_XBOXUNKNOWN_RTG_EYECOLOR_004,4,Blue,REAR,missingViewNoSelection,,0,1,No exact view candidate exists. Ambiguous or menu-only frames are not promoted to this view.,no_exact_candidate_for_requested_view,manual_review_required_before_selection|menu_context_only|lighting_not_measured|head_size_not_measured
CF27_XBOXUNKNOWN_RTG_EYECOLOR_005,5,Light Green,FRONT,missingViewNoSelection,,0,2,No exact view candidate exists. Ambiguous or menu-only frames are not promoted to this view.,no_exact_candidate_for_requested_view,manual_review_required_before_selection|lighting_not_measured|head_size_not_measured|menu_context_only
CF27_XBOXUNKNOWN_RTG_EYECOLOR_005,5,Light Green,LEFT_3Q,missingViewNoSelection,,0,1,No exact view candidate exists. Ambiguous or menu-only frames are not promoted to this view.,no_exact_candidate_for_requested_view,manual_review_required_before_selection|menu_context_only|lighting_not_measured|head_size_not_measured
CF27_XBOXUNKNOWN_RTG_EYECOLOR_005,5,Light Green,LEFT_PROFILE,missingViewNoSelection,,0,1,No exact view candidate exists. Ambiguous or menu-only frames are not promoted to this view.,no_exact_candidate_for_requested_view,manual_review_required_before_selection|menu_context_only|lighting_not_measured|head_size_not_measured
CF27_XBOXUNKNOWN_RTG_EYECOLOR_005,5,Light Green,RIGHT_3Q,missingViewNoSelection,,0,1,No exact view candidate exists. Ambiguous or menu-only frames are not promoted to this view.,no_exact_candidate_for_requested_view,manual_review_required_before_selection|menu_context_only|lighting_not_measured|head_size_not_measured
CF27_XBOXUNKNOWN_RTG_EYECOLOR_005,5,Light Green,RIGHT_PROFILE,missingViewNoSelection,,0,1,No exact view candidate exists. Ambiguous or menu-only frames are not promoted to this view.,no_exact_candidate_for_requested_view,manual_review_required_before_selection|menu_context_only|lighting_not_measured|head_size_not_measured
CF27_XBOXUNKNOWN_RTG_EYECOLOR_005,5,Light Green,REAR,missingViewNoSelection,,0,1,No exact view candidate exists. Ambiguous or menu-only frames are not promoted to this view.,no_exact_candidate_for_requested_view,manual_review_required_before_selection|menu_context_only|lighting_not_measured|head_size_not_measured
CF27_XBOXUNKNOWN_RTG_EYECOLOR_006,6,Grey,FRONT,missingViewNoSelection,,0,2,No exact view candidate exists. Ambiguous or menu-only frames are not promoted to this view.,no_exact_candidate_for_requested_view,manual_review_required_before_selection|lighting_not_measured|head_size_not_measured|menu_context_only
CF27_XBOXUNKNOWN_RTG_EYECOLOR_006,6,Grey,LEFT_3Q,missingViewNoSelection,,0,1,No exact view candidate exists. Ambiguous or menu-only frames are not promoted to this view.,no_exact_candidate_for_requested_view,manual_review_required_before_selection|menu_context_only|lighting_not_measured|head_size_not_measured
CF27_XBOXUNKNOWN_RTG_EYECOLOR_006,6,Grey,LEFT_PROFILE,missingViewNoSelection,,0,1,No exact view candidate exists. Ambiguous or menu-only frames are not promoted to this view.,no_exact_candidate_for_requested_view,manual_review_required_before_selection|menu_context_only|lighting_not_measured|head_size_not_measured
CF27_XBOXUNKNOWN_RTG_EYECOLOR_006,6,Grey,RIGHT_3Q,missingViewNoSelection,,0,1,No exact view candidate exists. Ambiguous or menu-only frames are not promoted to this view.,no_exact_candidate_for_requested_view,manual_review_required_before_selection|menu_context_only|lighting_not_measured|head_size_not_measured
CF27_XBOXUNKNOWN_RTG_EYECOLOR_006,6,Grey,RIGHT_PROFILE,missingViewNoSelection,,0,1,No exact view candidate exists. Ambiguous or menu-only frames are not promoted to this view.,no_exact_candidate_for_requested_view,manual_review_required_before_selection|menu_context_only|lighting_not_measured|head_size_not_measured
CF27_XBOXUNKNOWN_RTG_EYECOLOR_006,6,Grey,REAR,missingViewNoSelection,,0,1,No exact view candidate exists. Ambiguous or menu-only frames are not promoted to this view.,no_exact_candidate_for_requested_view,manual_review_required_before_selection|menu_context_only|lighting_not_measured|head_size_not_measured
CF27_XBOXUNKNOWN_RTG_EYECOLOR_007,7,Hazel,FRONT,missingViewNoSelection,,0,2,No exact view candidate exists. Ambiguous or menu-only frames are not promoted to this view.,no_exact_candidate_for_requested_view,manual_review_required_before_selection|lighting_not_measured|head_size_not_measured|menu_context_only
CF27_XBOXUNKNOWN_RTG_EYECOLOR_007,7,Hazel,LEFT_3Q,missingViewNoSelection,,0,1,No exact view candidate exists. Ambiguous or menu-only frames are not promoted to this view.,no_exact_candidate_for_requested_view,manual_review_required_before_selection|menu_context_only|lighting_not_measured|head_size_not_measured
CF27_XBOXUNKNOWN_RTG_EYECOLOR_007,7,Hazel,LEFT_PROFILE,missingViewNoSelection,,0,1,No exact view candidate exists. Ambiguous or menu-only frames are not promoted to this view.,no_exact_candidate_for_requested_view,manual_review_required_before_selection|menu_context_only|lighting_not_measured|head_size_not_measured
CF27_XBOXUNKNOWN_RTG_EYECOLOR_007,7,Hazel,RIGHT_3Q,missingViewNoSelection,,0,1,No exact view candidate exists. Ambiguous or menu-only frames are not promoted to this view.,no_exact_candidate_for_requested_view,manual_review_required_before_selection|menu_context_only|lighting_not_measured|head_size_not_measured
CF27_XBOXUNKNOWN_RTG_EYECOLOR_007,7,Hazel,RIGHT_PROFILE,missingViewNoSelection,,0,1,No exact view candidate exists. Ambiguous or menu-only frames are not promoted to this view.,no_exact_candidate_for_requested_view,manual_review_required_before_selection|menu_context_only|lighting_not_measured|head_size_not_measured
CF27_XBOXUNKNOWN_RTG_EYECOLOR_007,7,Hazel,REAR,missingViewNoSelection,,0,1,No exact view candidate exists. Ambiguous or menu-only frames are not promoted to this view.,no_exact_candidate_for_requested_view,manual_review_required_before_selection|menu_context_only|lighting_not_measured|head_size_not_measured
CF27_XBOXUNKNOWN_RTG_EYESHAPE_001,1,Almond,FRONT,autoSelected,frame-cf27_xboxunknown_rtg_eyeshape_001-character_front,0.71,2,Automated best-frame selection requires human review before verification or publication.,,lighting_not_measured|head_size_not_measured|manual_review_required_before_selection|menu_context_only
CF27_XBOXUNKNOWN_RTG_EYESHAPE_001,1,Almond,LEFT_3Q,missingViewNoSelection,,0,1,No exact view candidate exists. Ambiguous or menu-only frames are not promoted to this view.,no_exact_candidate_for_requested_view,manual_review_required_before_selection|menu_context_only|lighting_not_measured|head_size_not_measured
CF27_XBOXUNKNOWN_RTG_EYESHAPE_001,1,Almond,LEFT_PROFILE,missingViewNoSelection,,0,1,No exact view candidate exists. Ambiguous or menu-only frames are not promoted to this view.,no_exact_candidate_for_requested_view,manual_review_required_before_selection|menu_context_only|lighting_not_measured|head_size_not_measured
CF27_XBOXUNKNOWN_RTG_EYESHAPE_001,1,Almond,RIGHT_3Q,missingViewNoSelection,,0,1,No exact view candidate exists. Ambiguous or menu-only frames are not promoted to this view.,no_exact_candidate_for_requested_view,manual_review_required_before_selection|menu_context_only|lighting_not_measured|head_size_not_measured
CF27_XBOXUNKNOWN_RTG_EYESHAPE_001,1,Almond,RIGHT_PROFILE,missingViewNoSelection,,0,1,No exact view candidate exists. Ambiguous or menu-only frames are not promoted to this view.,no_exact_candidate_for_requested_view,manual_review_required_before_selection|menu_context_only|lighting_not_measured|head_size_not_measured
CF27_XBOXUNKNOWN_RTG_EYESHAPE_001,1,Almond,REAR,missingViewNoSelection,,0,1,No exact view candidate exists. Ambiguous or menu-only frames are not promoted to this view.,no_exact_candidate_for_requested_view,manual_review_required_before_selection|menu_context_only|lighting_not_measured|head_size_not_measured
CF27_XBOXUNKNOWN_RTG_EYESHAPE_002,2,None,FRONT,autoSelected,frame-cf27_xboxunknown_rtg_eyeshape_002-character_front,0.72,2,Automated best-frame selection requires human review before verification or publication.,,lighting_not_measured|head_size_not_measured|manual_review_required_before_selection|menu_context_only
CF27_XBOXUNKNOWN_RTG_EYESHAPE_002,2,None,LEFT_3Q,missingViewNoSelection,,0,1,No exact view candidate exists. Ambiguous or menu-only frames are not promoted to this view.,no_exact_candidate_for_requested_view,manual_review_required_before_selection|menu_context_only|lighting_not_measured|head_size_not_measured
CF27_XBOXUNKNOWN_RTG_EYESHAPE_002,2,None,LEFT_PROFILE,missingViewNoSelection,,0,1,No exact view candidate exists. Ambiguous or menu-only frames are not promoted to this view.,no_exact_candidate_for_requested_view,manual_review_required_before_selection|menu_context_only|lighting_not_measured|head_size_not_measured
CF27_XBOXUNKNOWN_RTG_EYESHAPE_002,2,None,RIGHT_3Q,missingViewNoSelection,,0,1,No exact view candidate exists. Ambiguous or menu-only frames are not promoted to this view.,no_exact_candidate_for_requested_view,manual_review_required_before_selection|menu_context_only|lighting_not_measured|head_size_not_measured
CF27_XBOXUNKNOWN_RTG_EYESHAPE_002,2,None,RIGHT_PROFILE,missingViewNoSelection,,0,1,No exact view candidate exists. Ambiguous or menu-only frames are not promoted to this view.,no_exact_candidate_for_requested_view,manual_review_required_before_selection|menu_context_only|lighting_not_measured|head_size_not_measured
CF27_XBOXUNKNOWN_RTG_EYESHAPE_002,2,None,REAR,missingViewNoSelection,,0,1,No exact view candidate exists. Ambiguous or menu-only frames are not promoted to this view.,no_exact_candidate_for_requested_view,manual_review_required_before_selection|menu_context_only|lighting_not_measured|head_size_not_measured
CF27_XBOXUNKNOWN_RTG_EYESHAPE_003,3,Prominent,FRONT,autoSelected,frame-cf27_xboxunknown_rtg_eyeshape_003-character_front,0.72,2,Automated best-frame selection requires human review before verification or publication.,,lighting_not_measured|head_size_not_measured|manual_review_required_before_selection|menu_context_only
CF27_XBOXUNKNOWN_RTG_EYESHAPE_003,3,Prominent,LEFT_3Q,missingViewNoSelection,,0,1,No exact view candidate exists. Ambiguous or menu-only frames are not promoted to this view.,no_exact_candidate_for_requested_view,manual_review_required_before_selection|menu_context_only|lighting_not_measured|head_size_not_measured
CF27_XBOXUNKNOWN_RTG_EYESHAPE_003,3,Prominent,LEFT_PROFILE,missingViewNoSelection,,0,1,No exact view candidate exists. Ambiguous or menu-only frames are not promoted to this view.,no_exact_candidate_for_requested_view,manual_review_required_before_selection|menu_context_only|lighting_not_measured|head_size_not_measured
CF27_XBOXUNKNOWN_RTG_EYESHAPE_003,3,Prominent,RIGHT_3Q,missingViewNoSelection,,0,1,No exact view candidate exists. Ambiguous or menu-only frames are not promoted to this view.,no_exact_candidate_for_requested_view,manual_review_required_before_selection|menu_context_only|lighting_not_measured|head_size_not_measured
CF27_XBOXUNKNOWN_RTG_EYESHAPE_003,3,Prominent,RIGHT_PROFILE,missingViewNoSelection,,0,1,No exact view candidate exists. Ambiguous or menu-only frames are not promoted to this view.,no_exact_candidate_for_requested_view,manual_review_required_before_selection|menu_context_only|lighting_not_measured|head_size_not_measured
CF27_XBOXUNKNOWN_RTG_EYESHAPE_003,3,Prominent,REAR,missingViewNoSelection,,0,1,No exact view candidate exists. Ambiguous or menu-only frames are not promoted to this view.,no_exact_candidate_for_requested_view,manual_review_required_before_selection|menu_context_only|lighting_not_measured|head_size_not_measured
CF27_XBOXUNKNOWN_RTG_EYESHAPE_004,4,Monolid,FRONT,autoSelected,frame-cf27_xboxunknown_rtg_eyeshape_004-character_front,0.72,2,Automated best-frame selection requires human review before verification or publication.,,lighting_not_measured|head_size_not_measured|manual_review_required_before_selection|menu_context_only
CF27_XBOXUNKNOWN_RTG_EYESHAPE_004,4,Monolid,LEFT_3Q,missingViewNoSelection,,0,1,No exact view candidate exists. Ambiguous or menu-only frames are not promoted to this view.,no_exact_candidate_for_requested_view,manual_review_required_before_selection|menu_context_only|lighting_not_measured|head_size_not_measured
CF27_XBOXUNKNOWN_RTG_EYESHAPE_004,4,Monolid,LEFT_PROFILE,missingViewNoSelection,,0,1,No exact view candidate exists. Ambiguous or menu-only frames are not promoted to this view.,no_exact_candidate_for_requested_view,manual_review_required_before_selection|menu_context_only|lighting_not_measured|head_size_not_measured
CF27_XBOXUNKNOWN_RTG_EYESHAPE_004,4,Monolid,RIGHT_3Q,missingViewNoSelection,,0,1,No exact view candidate exists. Ambiguous or menu-only frames are not promoted to this view.,no_exact_candidate_for_requested_view,manual_review_required_before_selection|menu_context_only|lighting_not_measured|head_size_not_measured
CF27_XBOXUNKNOWN_RTG_EYESHAPE_004,4,Monolid,RIGHT_PROFILE,missingViewNoSelection,,0,1,No exact view candidate exists. Ambiguous or menu-only frames are not promoted to this view.,no_exact_candidate_for_requested_view,manual_review_required_before_selection|menu_context_only|lighting_not_measured|head_size_not_measured
CF27_XBOXUNKNOWN_RTG_EYESHAPE_004,4,Monolid,REAR,missingViewNoSelection,,0,1,No exact view candidate exists. Ambiguous or menu-only frames are not promoted to this view.,no_exact_candidate_for_requested_view,manual_review_required_before_selection|menu_context_only|lighting_not_measured|head_size_not_measured
CF27_XBOXUNKNOWN_RTG_EYESHAPE_005,5,Hooded,FRONT,autoSelected,frame-cf27_xboxunknown_rtg_eyeshape_005-character_front,0.72,2,Automated best-frame selection requires human review before verification or publication.,,lighting_not_measured|head_size_not_measured|manual_review_required_before_selection|menu_context_only
CF27_XBOXUNKNOWN_RTG_EYESHAPE_005,5,Hooded,LEFT_3Q,missingViewNoSelection,,0,1,No exact view candidate exists. Ambiguous or menu-only frames are not promoted to this view.,no_exact_candidate_for_requested_view,manual_review_required_before_selection|menu_context_only|lighting_not_measured|head_size_not_measured
CF27_XBOXUNKNOWN_RTG_EYESHAPE_005,5,Hooded,LEFT_PROFILE,missingViewNoSelection,,0,1,No exact view candidate exists. Ambiguous or menu-only frames are not promoted to this view.,no_exact_candidate_for_requested_view,manual_review_required_before_selection|menu_context_only|lighting_not_measured|head_size_not_measured
CF27_XBOXUNKNOWN_RTG_EYESHAPE_005,5,Hooded,RIGHT_3Q,missingViewNoSelection,,0,1,No exact view candidate exists. Ambiguous or menu-only frames are not promoted to this view.,no_exact_candidate_for_requested_view,manual_review_required_before_selection|menu_context_only|lighting_not_measured|head_size_not_measured
CF27_XBOXUNKNOWN_RTG_EYESHAPE_005,5,Hooded,RIGHT_PROFILE,missingViewNoSelection,,0,1,No exact view candidate exists. Ambiguous or menu-only frames are not promoted to this view.,no_exact_candidate_for_requested_view,manual_review_required_before_selection|menu_context_only|lighting_not_measured|head_size_not_measured
CF27_XBOXUNKNOWN_RTG_EYESHAPE_005,5,Hooded,REAR,missingViewNoSelection,,0,1,No exact view candidate exists. Ambiguous or menu-only frames are not promoted to this view.,no_exact_candidate_for_requested_view,manual_review_required_before_selection|menu_context_only|lighting_not_measured|head_size_not_measured
CF27_XBOXUNKNOWN_RTG_HEAD_001,1,Face 1,FRONT,autoSelected,frame-cf27_xboxunknown_rtg_head_001-front,0.77,2,Automated best-frame selection requires human review before verification or publication.,,frame_level_overlay_detection_not_implemented|lighting_not_measured|head_size_not_measured|manual_review_required_before_selection|menu_context_only
CF27_XBOXUNKNOWN_RTG_HEAD_001,1,Face 1,LEFT_3Q,autoSelected,frame-cf27_xboxunknown_rtg_head_001-left_3q,0.77,2,Automated best-frame selection requires human review before verification or publication.,,frame_level_overlay_detection_not_implemented|lighting_not_measured|head_size_not_measured|manual_review_required_before_selection|menu_context_only
CF27_XBOXUNKNOWN_RTG_HEAD_001,1,Face 1,LEFT_PROFILE,autoSelected,frame-cf27_xboxunknown_rtg_head_001-left_profile,0.77,2,Automated best-frame selection requires human review before verification or publication.,,frame_level_overlay_detection_not_implemented|lighting_not_measured|head_size_not_measured|manual_review_required_before_selection|menu_context_only
CF27_XBOXUNKNOWN_RTG_HEAD_001,1,Face 1,RIGHT_3Q,autoSelected,frame-cf27_xboxunknown_rtg_head_001-right_3q,0.75,2,Automated best-frame selection requires human review before verification or publication.,,frame_level_overlay_detection_not_implemented|lighting_not_measured|head_size_not_measured|manual_review_required_before_selection|menu_context_only
CF27_XBOXUNKNOWN_RTG_HEAD_001,1,Face 1,RIGHT_PROFILE,autoSelected,frame-cf27_xboxunknown_rtg_head_001-right_profile,0.75,2,Automated best-frame selection requires human review before verification or publication.,,frame_level_overlay_detection_not_implemented|lighting_not_measured|head_size_not_measured|manual_review_required_before_selection|menu_context_only
CF27_XBOXUNKNOWN_RTG_HEAD_001,1,Face 1,REAR,autoSelected,frame-cf27_xboxunknown_rtg_head_001-rear,0.76,2,Automated best-frame selection requires human review before verification or publication.,,frame_level_overlay_detection_not_implemented|lighting_not_measured|head_size_not_measured|manual_review_required_before_selection|menu_context_only
CF27_XBOXUNKNOWN_RTG_HEAD_002,2,Face 2,FRONT,autoSelected,frame-cf27_xboxunknown_rtg_head_002-front,0.77,2,Automated best-frame selection requires human review before verification or publication.,,frame_level_overlay_detection_not_implemented|lighting_not_measured|head_size_not_measured|manual_review_required_before_selection|menu_context_only
CF27_XBOXUNKNOWN_RTG_HEAD_002,2,Face 2,LEFT_3Q,autoSelected,frame-cf27_xboxunknown_rtg_head_002-left_3q,0.77,2,Automated best-frame selection requires human review before verification or publication.,,frame_level_overlay_detection_not_implemented|lighting_not_measured|head_size_not_measured|manual_review_required_before_selection|menu_context_only
CF27_XBOXUNKNOWN_RTG_HEAD_002,2,Face 2,LEFT_PROFILE,autoSelected,frame-cf27_xboxunknown_rtg_head_002-left_profile,0.77,2,Automated best-frame selection requires human review before verification or publication.,,frame_level_overlay_detection_not_implemented|lighting_not_measured|head_size_not_measured|manual_review_required_before_selection|menu_context_only
CF27_XBOXUNKNOWN_RTG_HEAD_002,2,Face 2,RIGHT_3Q,autoSelected,frame-cf27_xboxunknown_rtg_head_002-right_3q,0.77,2,Automated best-frame selection requires human review before verification or publication.,,frame_level_overlay_detection_not_implemented|lighting_not_measured|head_size_not_measured|manual_review_required_before_selection|menu_context_only
CF27_XBOXUNKNOWN_RTG_HEAD_002,2,Face 2,RIGHT_PROFILE,autoSelected,frame-cf27_xboxunknown_rtg_head_002-right_profile,0.76,2,Automated best-frame selection requires human review before verification or publication.,,frame_level_overlay_detection_not_implemented|lighting_not_measured|head_size_not_measured|manual_review_required_before_selection|menu_context_only
CF27_XBOXUNKNOWN_RTG_HEAD_002,2,Face 2,REAR,autoSelected,frame-cf27_xboxunknown_rtg_head_002-rear,0.76,2,Automated best-frame selection requires human review before verification or publication.,,frame_level_overlay_detection_not_implemented|lighting_not_measured|head_size_not_measured|manual_review_required_before_selection|menu_context_only
CF27_XBOXUNKNOWN_RTG_HEAD_003,3,Face 3,FRONT,autoSelected,frame-cf27_xboxunknown_rtg_head_003-front,0.77,2,Automated best-frame selection requires human review before verification or publication.,,frame_level_overlay_detection_not_implemented|lighting_not_measured|head_size_not_measured|manual_review_required_before_selection|menu_context_only
CF27_XBOXUNKNOWN_RTG_HEAD_003,3,Face 3,LEFT_3Q,autoSelected,frame-cf27_xboxunknown_rtg_head_003-left_3q,0.77,2,Automated best-frame selection requires human review before verification or publication.,,frame_level_overlay_detection_not_implemented|lighting_not_measured|head_size_not_measured|manual_review_required_before_selection|menu_context_only
CF27_XBOXUNKNOWN_RTG_HEAD_003,3,Face 3,LEFT_PROFILE,autoSelected,frame-cf27_xboxunknown_rtg_head_003-left_profile,0.76,2,Automated best-frame selection requires human review before verification or publication.,,frame_level_overlay_detection_not_implemented|lighting_not_measured|head_size_not_measured|manual_review_required_before_selection|menu_context_only
CF27_XBOXUNKNOWN_RTG_HEAD_003,3,Face 3,RIGHT_3Q,autoSelected,frame-cf27_xboxunknown_rtg_head_003-right_3q,0.76,2,Automated best-frame selection requires human review before verification or publication.,,frame_level_overlay_detection_not_implemented|lighting_not_measured|head_size_not_measured|manual_review_required_before_selection|menu_context_only
CF27_XBOXUNKNOWN_RTG_HEAD_003,3,Face 3,RIGHT_PROFILE,autoSelected,frame-cf27_xboxunknown_rtg_head_003-right_profile,0.75,2,Automated best-frame selection requires human review before verification or publication.,,frame_level_overlay_detection_not_implemented|lighting_not_measured|head_size_not_measured|manual_review_required_before_selection|menu_context_only
CF27_XBOXUNKNOWN_RTG_HEAD_003,3,Face 3,REAR,autoSelected,frame-cf27_xboxunknown_rtg_head_003-rear,0.76,2,Automated best-frame selection requires human review before verification or publication.,,frame_level_overlay_detection_not_implemented|lighting_not_measured|head_size_not_measured|manual_review_required_before_selection|menu_context_only
CF27_XBOXUNKNOWN_RTG_HEAD_004,4,Face 4,FRONT,autoSelected,frame-cf27_xboxunknown_rtg_head_004-front,0.75,2,Automated best-frame selection requires human review before verification or publication.,,frame_level_overlay_detection_not_implemented|lighting_not_measured|head_size_not_measured|manual_review_required_before_selection|menu_context_only
CF27_XBOXUNKNOWN_RTG_HEAD_004,4,Face 4,LEFT_3Q,autoSelected,frame-cf27_xboxunknown_rtg_head_004-left_3q,0.75,2,Automated best-frame selection requires human review before verification or publication.,,frame_level_overlay_detection_not_implemented|lighting_not_measured|head_size_not_measured|manual_review_required_before_selection|menu_context_only
CF27_XBOXUNKNOWN_RTG_HEAD_004,4,Face 4,LEFT_PROFILE,autoSelected,frame-cf27_xboxunknown_rtg_head_004-left_profile,0.77,2,Automated best-frame selection requires human review before verification or publication.,,frame_level_overlay_detection_not_implemented|lighting_not_measured|head_size_not_measured|manual_review_required_before_selection|menu_context_only
CF27_XBOXUNKNOWN_RTG_HEAD_004,4,Face 4,RIGHT_3Q,autoSelected,frame-cf27_xboxunknown_rtg_head_004-right_3q,0.77,2,Automated best-frame selection requires human review before verification or publication.,,frame_level_overlay_detection_not_implemented|lighting_not_measured|head_size_not_measured|manual_review_required_before_selection|menu_context_only
CF27_XBOXUNKNOWN_RTG_HEAD_004,4,Face 4,RIGHT_PROFILE,autoSelected,frame-cf27_xboxunknown_rtg_head_004-right_profile,0.77,2,Automated best-frame selection requires human review before verification or publication.,,frame_level_overlay_detection_not_implemented|lighting_not_measured|head_size_not_measured|manual_review_required_before_selection|menu_context_only
CF27_XBOXUNKNOWN_RTG_HEAD_004,4,Face 4,REAR,autoSelected,frame-cf27_xboxunknown_rtg_head_004-rear,0.77,2,Automated best-frame selection requires human review before verification or publication.,,frame_level_overlay_detection_not_implemented|lighting_not_measured|head_size_not_measured|manual_review_required_before_selection|menu_context_only
CF27_XBOXUNKNOWN_RTG_HEAD_005,5,Face 5,FRONT,autoSelected,frame-cf27_xboxunknown_rtg_head_005-front,0.75,2,Automated best-frame selection requires human review before verification or publication.,,frame_level_overlay_detection_not_implemented|lighting_not_measured|head_size_not_measured|manual_review_required_before_selection|menu_context_only
CF27_XBOXUNKNOWN_RTG_HEAD_005,5,Face 5,LEFT_3Q,autoSelected,frame-cf27_xboxunknown_rtg_head_005-left_3q,0.74,2,Automated best-frame selection requires human review before verification or publication.,,frame_level_overlay_detection_not_implemented|lighting_not_measured|head_size_not_measured|manual_review_required_before_selection|menu_context_only
CF27_XBOXUNKNOWN_RTG_HEAD_005,5,Face 5,LEFT_PROFILE,autoSelected,frame-cf27_xboxunknown_rtg_head_005-left_profile,0.75,2,Automated best-frame selection requires human review before verification or publication.,,frame_level_overlay_detection_not_implemented|lighting_not_measured|head_size_not_measured|manual_review_required_before_selection|menu_context_only
CF27_XBOXUNKNOWN_RTG_HEAD_005,5,Face 5,RIGHT_3Q,autoSelected,frame-cf27_xboxunknown_rtg_head_005-right_3q,0.76,2,Automated best-frame selection requires human review before verification or publication.,,frame_level_overlay_detection_not_implemented|lighting_not_measured|head_size_not_measured|manual_review_required_before_selection|menu_context_only
CF27_XBOXUNKNOWN_RTG_HEAD_005,5,Face 5,RIGHT_PROFILE,autoSelected,frame-cf27_xboxunknown_rtg_head_005-right_profile,0.76,2,Automated best-frame selection requires human review before verification or publication.,,frame_level_overlay_detection_not_implemented|lighting_not_measured|head_size_not_measured|manual_review_required_before_selection|menu_context_only
CF27_XBOXUNKNOWN_RTG_HEAD_005,5,Face 5,REAR,autoSelected,frame-cf27_xboxunknown_rtg_head_005-rear,0.76,2,Automated best-frame selection requires human review before verification or publication.,,frame_level_overlay_detection_not_implemented|lighting_not_measured|head_size_not_measured|manual_review_required_before_selection|menu_context_only
CF27_XBOXUNKNOWN_RTG_HEAD_006,6,Face 6,FRONT,autoSelected,frame-cf27_xboxunknown_rtg_head_006-front,0.77,2,Automated best-frame selection requires human review before verification or publication.,,frame_level_overlay_detection_not_implemented|lighting_not_measured|head_size_not_measured|manual_review_required_before_selection|menu_context_only
CF27_XBOXUNKNOWN_RTG_HEAD_006,6,Face 6,LEFT_3Q,autoSelected,frame-cf27_xboxunknown_rtg_head_006-left_3q,0.77,2,Automated best-frame selection requires human review before verification or publication.,,frame_level_overlay_detection_not_implemented|lighting_not_measured|head_size_not_measured|manual_review_required_before_selection|menu_context_only
CF27_XBOXUNKNOWN_RTG_HEAD_006,6,Face 6,LEFT_PROFILE,autoSelected,frame-cf27_xboxunknown_rtg_head_006-left_profile,0.75,2,Automated best-frame selection requires human review before verification or publication.,,frame_level_overlay_detection_not_implemented|lighting_not_measured|head_size_not_measured|manual_review_required_before_selection|menu_context_only
CF27_XBOXUNKNOWN_RTG_HEAD_006,6,Face 6,RIGHT_3Q,autoSelected,frame-cf27_xboxunknown_rtg_head_006-right_3q,0.76,2,Automated best-frame selection requires human review before verification or publication.,,frame_level_overlay_detection_not_implemented|lighting_not_measured|head_size_not_measured|manual_review_required_before_selection|menu_context_only
CF27_XBOXUNKNOWN_RTG_HEAD_006,6,Face 6,RIGHT_PROFILE,autoSelected,frame-cf27_xboxunknown_rtg_head_006-right_profile,0.75,2,Automated best-frame selection requires human review before verification or publication.,,frame_level_overlay_detection_not_implemented|lighting_not_measured|head_size_not_measured|manual_review_required_before_selection|menu_context_only
CF27_XBOXUNKNOWN_RTG_HEAD_006,6,Face 6,REAR,autoSelected,frame-cf27_xboxunknown_rtg_head_006-rear,0.75,2,Automated best-frame selection requires human review before verification or publication.,,frame_level_overlay_detection_not_implemented|lighting_not_measured|head_size_not_measured|manual_review_required_before_selection|menu_context_only
CF27_XBOXUNKNOWN_RTG_HEAD_007,7,Face 7,FRONT,autoSelected,frame-cf27_xboxunknown_rtg_head_007-front,0.77,2,Automated best-frame selection requires human review before verification or publication.,,frame_level_overlay_detection_not_implemented|lighting_not_measured|head_size_not_measured|manual_review_required_before_selection|menu_context_only
CF27_XBOXUNKNOWN_RTG_HEAD_007,7,Face 7,LEFT_3Q,autoSelected,frame-cf27_xboxunknown_rtg_head_007-left_3q,0.76,2,Automated best-frame selection requires human review before verification or publication.,,frame_level_overlay_detection_not_implemented|lighting_not_measured|head_size_not_measured|manual_review_required_before_selection|menu_context_only
CF27_XBOXUNKNOWN_RTG_HEAD_007,7,Face 7,LEFT_PROFILE,autoSelected,frame-cf27_xboxunknown_rtg_head_007-left_profile,0.76,2,Automated best-frame selection requires human review before verification or publication.,,frame_level_overlay_detection_not_implemented|lighting_not_measured|head_size_not_measured|manual_review_required_before_selection|menu_context_only
CF27_XBOXUNKNOWN_RTG_HEAD_007,7,Face 7,RIGHT_3Q,autoSelected,frame-cf27_xboxunknown_rtg_head_007-right_3q,0.75,2,Automated best-frame selection requires human review before verification or publication.,,frame_level_overlay_detection_not_implemented|lighting_not_measured|head_size_not_measured|manual_review_required_before_selection|menu_context_only
CF27_XBOXUNKNOWN_RTG_HEAD_007,7,Face 7,RIGHT_PROFILE,autoSelected,frame-cf27_xboxunknown_rtg_head_007-right_profile,0.75,2,Automated best-frame selection requires human review before verification or publication.,,frame_level_overlay_detection_not_implemented|lighting_not_measured|head_size_not_measured|manual_review_required_before_selection|menu_context_only
CF27_XBOXUNKNOWN_RTG_HEAD_007,7,Face 7,REAR,autoSelected,frame-cf27_xboxunknown_rtg_head_007-rear,0.76,2,Automated best-frame selection requires human review before verification or publication.,,frame_level_overlay_detection_not_implemented|lighting_not_measured|head_size_not_measured|manual_review_required_before_selection|menu_context_only
CF27_XBOXUNKNOWN_RTG_HEAD_008,8,Face 8,FRONT,autoSelected,frame-cf27_xboxunknown_rtg_head_008-front,0.76,2,Automated best-frame selection requires human review before verification or publication.,,frame_level_overlay_detection_not_implemented|lighting_not_measured|head_size_not_measured|manual_review_required_before_selection|menu_context_only
CF27_XBOXUNKNOWN_RTG_HEAD_008,8,Face 8,LEFT_3Q,autoSelected,frame-cf27_xboxunknown_rtg_head_008-left_3q,0.76,2,Automated best-frame selection requires human review before verification or publication.,,frame_level_overlay_detection_not_implemented|lighting_not_measured|head_size_not_measured|manual_review_required_before_selection|menu_context_only
CF27_XBOXUNKNOWN_RTG_HEAD_008,8,Face 8,LEFT_PROFILE,autoSelected,frame-cf27_xboxunknown_rtg_head_008-left_profile,0.76,2,Automated best-frame selection requires human review before verification or publication.,,frame_level_overlay_detection_not_implemented|lighting_not_measured|head_size_not_measured|manual_review_required_before_selection|menu_context_only
CF27_XBOXUNKNOWN_RTG_HEAD_008,8,Face 8,RIGHT_3Q,autoSelected,frame-cf27_xboxunknown_rtg_head_008-right_3q,0.77,2,Automated best-frame selection requires human review before verification or publication.,,frame_level_overlay_detection_not_implemented|lighting_not_measured|head_size_not_measured|manual_review_required_before_selection|menu_context_only
CF27_XBOXUNKNOWN_RTG_HEAD_008,8,Face 8,RIGHT_PROFILE,autoSelected,frame-cf27_xboxunknown_rtg_head_008-right_profile,0.76,2,Automated best-frame selection requires human review before verification or publication.,,frame_level_overlay_detection_not_implemented|lighting_not_measured|head_size_not_measured|manual_review_required_before_selection|menu_context_only
CF27_XBOXUNKNOWN_RTG_HEAD_008,8,Face 8,REAR,autoSelected,frame-cf27_xboxunknown_rtg_head_008-rear,0.75,2,Automated best-frame selection requires human review before verification or publication.,,frame_level_overlay_detection_not_implemented|lighting_not_measured|head_size_not_measured|manual_review_required_before_selection|menu_context_only
CF27_XBOXUNKNOWN_RTG_HEAD_009,9,Face 9,FRONT,autoSelected,frame-cf27_xboxunknown_rtg_head_009-front,0.76,2,Automated best-frame selection requires human review before verification or publication.,,frame_level_overlay_detection_not_implemented|lighting_not_measured|head_size_not_measured|manual_review_required_before_selection|menu_context_only
CF27_XBOXUNKNOWN_RTG_HEAD_009,9,Face 9,LEFT_3Q,autoSelected,frame-cf27_xboxunknown_rtg_head_009-left_3q,0.75,2,Automated best-frame selection requires human review before verification or publication.,,frame_level_overlay_detection_not_implemented|lighting_not_measured|head_size_not_measured|manual_review_required_before_selection|menu_context_only
CF27_XBOXUNKNOWN_RTG_HEAD_009,9,Face 9,LEFT_PROFILE,autoSelected,frame-cf27_xboxunknown_rtg_head_009-left_profile,0.75,2,Automated best-frame selection requires human review before verification or publication.,,frame_level_overlay_detection_not_implemented|lighting_not_measured|head_size_not_measured|manual_review_required_before_selection|menu_context_only
CF27_XBOXUNKNOWN_RTG_HEAD_009,9,Face 9,RIGHT_3Q,autoSelected,frame-cf27_xboxunknown_rtg_head_009-right_3q,0.75,2,Automated best-frame selection requires human review before verification or publication.,,frame_level_overlay_detection_not_implemented|lighting_not_measured|head_size_not_measured|manual_review_required_before_selection|menu_context_only
CF27_XBOXUNKNOWN_RTG_HEAD_009,9,Face 9,RIGHT_PROFILE,autoSelected,frame-cf27_xboxunknown_rtg_head_009-right_profile,0.75,2,Automated best-frame selection requires human review before verification or publication.,,frame_level_overlay_detection_not_implemented|lighting_not_measured|head_size_not_measured|manual_review_required_before_selection|menu_context_only
CF27_XBOXUNKNOWN_RTG_HEAD_009,9,Face 9,REAR,autoSelected,frame-cf27_xboxunknown_rtg_head_009-rear,0.76,2,Automated best-frame selection requires human review before verification or publication.,,frame_level_overlay_detection_not_implemented|lighting_not_measured|head_size_not_measured|manual_review_required_before_selection|menu_context_only
CF27_XBOXUNKNOWN_RTG_HEAD_010,10,Face 10,FRONT,autoSelected,frame-cf27_xboxunknown_rtg_head_010-front,0.76,2,Automated best-frame selection requires human review before verification or publication.,,frame_level_overlay_detection_not_implemented|lighting_not_measured|head_size_not_measured|manual_review_required_before_selection|menu_context_only
CF27_XBOXUNKNOWN_RTG_HEAD_010,10,Face 10,LEFT_3Q,autoSelected,frame-cf27_xboxunknown_rtg_head_010-left_3q,0.74,2,Automated best-frame selection requires human review before verification or publication.,,frame_level_overlay_detection_not_implemented|lighting_not_measured|head_size_not_measured|manual_review_required_before_selection|menu_context_only
CF27_XBOXUNKNOWN_RTG_HEAD_010,10,Face 10,LEFT_PROFILE,autoSelected,frame-cf27_xboxunknown_rtg_head_010-left_profile,0.76,2,Automated best-frame selection requires human review before verification or publication.,,frame_level_overlay_detection_not_implemented|lighting_not_measured|head_size_not_measured|manual_review_required_before_selection|menu_context_only
CF27_XBOXUNKNOWN_RTG_HEAD_010,10,Face 10,RIGHT_3Q,autoSelected,frame-cf27_xboxunknown_rtg_head_010-right_3q,0.76,2,Automated best-frame selection requires human review before verification or publication.,,frame_level_overlay_detection_not_implemented|lighting_not_measured|head_size_not_measured|manual_review_required_before_selection|menu_context_only
CF27_XBOXUNKNOWN_RTG_HEAD_010,10,Face 10,RIGHT_PROFILE,autoSelected,frame-cf27_xboxunknown_rtg_head_010-right_profile,0.75,2,Automated best-frame selection requires human review before verification or publication.,,frame_level_overlay_detection_not_implemented|lighting_not_measured|head_size_not_measured|manual_review_required_before_selection|menu_context_only
CF27_XBOXUNKNOWN_RTG_HEAD_010,10,Face 10,REAR,autoSelected,frame-cf27_xboxunknown_rtg_head_010-rear,0.75,2,Automated best-frame selection requires human review before verification or publication.,,frame_level_overlay_detection_not_implemented|lighting_not_measured|head_size_not_measured|manual_review_required_before_selection|menu_context_only
CF27_XBOXUNKNOWN_RTG_HEAD_011,11,Face 11,FRONT,autoSelected,frame-cf27_xboxunknown_rtg_head_011-front,0.76,2,Automated best-frame selection requires human review before verification or publication.,,frame_level_overlay_detection_not_implemented|lighting_not_measured|head_size_not_measured|manual_review_required_before_selection|menu_context_only
CF27_XBOXUNKNOWN_RTG_HEAD_011,11,Face 11,LEFT_3Q,autoSelected,frame-cf27_xboxunknown_rtg_head_011-left_3q,0.76,2,Automated best-frame selection requires human review before verification or publication.,,frame_level_overlay_detection_not_implemented|lighting_not_measured|head_size_not_measured|manual_review_required_before_selection|menu_context_only
CF27_XBOXUNKNOWN_RTG_HEAD_011,11,Face 11,LEFT_PROFILE,autoSelected,frame-cf27_xboxunknown_rtg_head_011-left_profile,0.76,2,Automated best-frame selection requires human review before verification or publication.,,frame_level_overlay_detection_not_implemented|lighting_not_measured|head_size_not_measured|manual_review_required_before_selection|menu_context_only
CF27_XBOXUNKNOWN_RTG_HEAD_011,11,Face 11,RIGHT_3Q,autoSelected,frame-cf27_xboxunknown_rtg_head_011-right_3q,0.77,2,Automated best-frame selection requires human review before verification or publication.,,frame_level_overlay_detection_not_implemented|lighting_not_measured|head_size_not_measured|manual_review_required_before_selection|menu_context_only
CF27_XBOXUNKNOWN_RTG_HEAD_011,11,Face 11,RIGHT_PROFILE,autoSelected,frame-cf27_xboxunknown_rtg_head_011-right_profile,0.76,2,Automated best-frame selection requires human review before verification or publication.,,frame_level_overlay_detection_not_implemented|lighting_not_measured|head_size_not_measured|manual_review_required_before_selection|menu_context_only
CF27_XBOXUNKNOWN_RTG_HEAD_011,11,Face 11,REAR,autoSelected,frame-cf27_xboxunknown_rtg_head_011-rear,0.76,2,Automated best-frame selection requires human review before verification or publication.,,frame_level_overlay_detection_not_implemented|lighting_not_measured|head_size_not_measured|manual_review_required_before_selection|menu_context_only
CF27_XBOXUNKNOWN_RTG_HEAD_012,12,Face 12,FRONT,autoSelected,frame-cf27_xboxunknown_rtg_head_012-front,0.76,2,Automated best-frame selection requires human review before verification or publication.,,frame_level_overlay_detection_not_implemented|lighting_not_measured|head_size_not_measured|manual_review_required_before_selection|menu_context_only
CF27_XBOXUNKNOWN_RTG_HEAD_012,12,Face 12,LEFT_3Q,autoSelected,frame-cf27_xboxunknown_rtg_head_012-left_3q,0.75,2,Automated best-frame selection requires human review before verification or publication.,,frame_level_overlay_detection_not_implemented|lighting_not_measured|head_size_not_measured|manual_review_required_before_selection|menu_context_only
CF27_XBOXUNKNOWN_RTG_HEAD_012,12,Face 12,LEFT_PROFILE,autoSelected,frame-cf27_xboxunknown_rtg_head_012-left_profile,0.74,2,Automated best-frame selection requires human review before verification or publication.,,frame_level_overlay_detection_not_implemented|lighting_not_measured|head_size_not_measured|manual_review_required_before_selection|menu_context_only
CF27_XBOXUNKNOWN_RTG_HEAD_012,12,Face 12,RIGHT_3Q,autoSelected,frame-cf27_xboxunknown_rtg_head_012-right_3q,0.75,2,Automated best-frame selection requires human review before verification or publication.,,frame_level_overlay_detection_not_implemented|lighting_not_measured|head_size_not_measured|manual_review_required_before_selection|menu_context_only
CF27_XBOXUNKNOWN_RTG_HEAD_012,12,Face 12,RIGHT_PROFILE,autoSelected,frame-cf27_xboxunknown_rtg_head_012-right_profile,0.75,2,Automated best-frame selection requires human review before verification or publication.,,frame_level_overlay_detection_not_implemented|lighting_not_measured|head_size_not_measured|manual_review_required_before_selection|menu_context_only
CF27_XBOXUNKNOWN_RTG_HEAD_012,12,Face 12,REAR,autoSelected,frame-cf27_xboxunknown_rtg_head_012-rear,0.75,2,Automated best-frame selection requires human review before verification or publication.,,frame_level_overlay_detection_not_implemented|lighting_not_measured|head_size_not_measured|manual_review_required_before_selection|menu_context_only
CF27_XBOXUNKNOWN_RTG_HEAD_013,13,Face 13,FRONT,autoSelected,frame-cf27_xboxunknown_rtg_head_013-front,0.76,2,Automated best-frame selection requires human review before verification or publication.,,frame_level_overlay_detection_not_implemented|lighting_not_measured|head_size_not_measured|manual_review_required_before_selection|menu_context_only
CF27_XBOXUNKNOWN_RTG_HEAD_013,13,Face 13,LEFT_3Q,autoSelected,frame-cf27_xboxunknown_rtg_head_013-left_3q,0.75,2,Automated best-frame selection requires human review before verification or publication.,,frame_level_overlay_detection_not_implemented|lighting_not_measured|head_size_not_measured|manual_review_required_before_selection|menu_context_only
CF27_XBOXUNKNOWN_RTG_HEAD_013,13,Face 13,LEFT_PROFILE,autoSelected,frame-cf27_xboxunknown_rtg_head_013-left_profile,0.77,2,Automated best-frame selection requires human review before verification or publication.,,frame_level_overlay_detection_not_implemented|lighting_not_measured|head_size_not_measured|manual_review_required_before_selection|menu_context_only
CF27_XBOXUNKNOWN_RTG_HEAD_013,13,Face 13,RIGHT_3Q,autoSelected,frame-cf27_xboxunknown_rtg_head_013-right_3q,0.76,2,Automated best-frame selection requires human review before verification or publication.,,frame_level_overlay_detection_not_implemented|lighting_not_measured|head_size_not_measured|manual_review_required_before_selection|menu_context_only
CF27_XBOXUNKNOWN_RTG_HEAD_013,13,Face 13,RIGHT_PROFILE,autoSelected,frame-cf27_xboxunknown_rtg_head_013-right_profile,0.76,2,Automated best-frame selection requires human review before verification or publication.,,frame_level_overlay_detection_not_implemented|lighting_not_measured|head_size_not_measured|manual_review_required_before_selection|menu_context_only
CF27_XBOXUNKNOWN_RTG_HEAD_013,13,Face 13,REAR,autoSelected,frame-cf27_xboxunknown_rtg_head_013-rear,0.76,2,Automated best-frame selection requires human review before verification or publication.,,frame_level_overlay_detection_not_implemented|lighting_not_measured|head_size_not_measured|manual_review_required_before_selection|menu_context_only
CF27_XBOXUNKNOWN_RTG_HEAD_014,14,Face 14,FRONT,autoSelected,frame-cf27_xboxunknown_rtg_head_014-front,0.71,2,Automated best-frame selection requires human review before verification or publication.,,overlay_obstruction_risk|frame_level_overlay_detection_not_implemented|lighting_not_measured|head_size_not_measured|manual_review_required_before_selection|menu_context_only
CF27_XBOXUNKNOWN_RTG_HEAD_014,14,Face 14,LEFT_3Q,autoSelected,frame-cf27_xboxunknown_rtg_head_014-left_3q,0.69,2,Automated best-frame selection requires human review before verification or publication.,,overlay_obstruction_risk|frame_level_overlay_detection_not_implemented|lighting_not_measured|head_size_not_measured|manual_review_required_before_selection|menu_context_only
CF27_XBOXUNKNOWN_RTG_HEAD_014,14,Face 14,LEFT_PROFILE,autoSelected,frame-cf27_xboxunknown_rtg_head_014-left_profile,0.7,2,Automated best-frame selection requires human review before verification or publication.,,overlay_obstruction_risk|frame_level_overlay_detection_not_implemented|lighting_not_measured|head_size_not_measured|manual_review_required_before_selection|menu_context_only
CF27_XBOXUNKNOWN_RTG_HEAD_014,14,Face 14,RIGHT_3Q,autoSelected,frame-cf27_xboxunknown_rtg_head_014-right_3q,0.7,2,Automated best-frame selection requires human review before verification or publication.,,overlay_obstruction_risk|frame_level_overlay_detection_not_implemented|lighting_not_measured|head_size_not_measured|manual_review_required_before_selection|menu_context_only
CF27_XBOXUNKNOWN_RTG_HEAD_014,14,Face 14,RIGHT_PROFILE,autoSelected,frame-cf27_xboxunknown_rtg_head_014-right_profile,0.7,2,Automated best-frame selection requires human review before verification or publication.,,overlay_obstruction_risk|frame_level_overlay_detection_not_implemented|lighting_not_measured|head_size_not_measured|manual_review_required_before_selection|menu_context_only
CF27_XBOXUNKNOWN_RTG_HEAD_014,14,Face 14,REAR,autoSelected,frame-cf27_xboxunknown_rtg_head_014-rear,0.7,2,Automated best-frame selection requires human review before verification or publication.,,overlay_obstruction_risk|frame_level_overlay_detection_not_implemented|lighting_not_measured|head_size_not_measured|manual_review_required_before_selection|menu_context_only
CF27_XBOXUNKNOWN_RTG_HEAD_015,15,Face 15,FRONT,autoSelected,frame-cf27_xboxunknown_rtg_head_015-front,0.76,2,Automated best-frame selection requires human review before verification or publication.,,frame_level_overlay_detection_not_implemented|lighting_not_measured|head_size_not_measured|manual_review_required_before_selection|menu_context_only
CF27_XBOXUNKNOWN_RTG_HEAD_015,15,Face 15,LEFT_3Q,autoSelected,frame-cf27_xboxunknown_rtg_head_015-left_3q,0.75,2,Automated best-frame selection requires human review before verification or publication.,,frame_level_overlay_detection_not_implemented|lighting_not_measured|head_size_not_measured|manual_review_required_before_selection|menu_context_only
CF27_XBOXUNKNOWN_RTG_HEAD_015,15,Face 15,LEFT_PROFILE,autoSelected,frame-cf27_xboxunknown_rtg_head_015-left_profile,0.75,2,Automated best-frame selection requires human review before verification or publication.,,frame_level_overlay_detection_not_implemented|lighting_not_measured|head_size_not_measured|manual_review_required_before_selection|menu_context_only
CF27_XBOXUNKNOWN_RTG_HEAD_015,15,Face 15,RIGHT_3Q,autoSelected,frame-cf27_xboxunknown_rtg_head_015-right_3q,0.75,2,Automated best-frame selection requires human review before verification or publication.,,frame_level_overlay_detection_not_implemented|lighting_not_measured|head_size_not_measured|manual_review_required_before_selection|menu_context_only
CF27_XBOXUNKNOWN_RTG_HEAD_015,15,Face 15,RIGHT_PROFILE,autoSelected,frame-cf27_xboxunknown_rtg_head_015-right_profile,0.75,2,Automated best-frame selection requires human review before verification or publication.,,frame_level_overlay_detection_not_implemented|lighting_not_measured|head_size_not_measured|manual_review_required_before_selection|menu_context_only
CF27_XBOXUNKNOWN_RTG_HEAD_015,15,Face 15,REAR,autoSelected,frame-cf27_xboxunknown_rtg_head_015-rear,0.75,2,Automated best-frame selection requires human review before verification or publication.,,frame_level_overlay_detection_not_implemented|lighting_not_measured|head_size_not_measured|manual_review_required_before_selection|menu_context_only
CF27_XBOXUNKNOWN_RTG_HEAD_016,16,Face 16,FRONT,autoSelected,frame-cf27_xboxunknown_rtg_head_016-front,0.76,2,Automated best-frame selection requires human review before verification or publication.,,frame_level_overlay_detection_not_implemented|lighting_not_measured|head_size_not_measured|manual_review_required_before_selection|menu_context_only
CF27_XBOXUNKNOWN_RTG_HEAD_016,16,Face 16,LEFT_3Q,autoSelected,frame-cf27_xboxunknown_rtg_head_016-left_3q,0.76,2,Automated best-frame selection requires human review before verification or publication.,,frame_level_overlay_detection_not_implemented|lighting_not_measured|head_size_not_measured|manual_review_required_before_selection|menu_context_only
CF27_XBOXUNKNOWN_RTG_HEAD_016,16,Face 16,LEFT_PROFILE,autoSelected,frame-cf27_xboxunknown_rtg_head_016-left_profile,0.75,2,Automated best-frame selection requires human review before verification or publication.,,frame_level_overlay_detection_not_implemented|lighting_not_measured|head_size_not_measured|manual_review_required_before_selection|menu_context_only
CF27_XBOXUNKNOWN_RTG_HEAD_016,16,Face 16,RIGHT_3Q,autoSelected,frame-cf27_xboxunknown_rtg_head_016-right_3q,0.75,2,Automated best-frame selection requires human review before verification or publication.,,frame_level_overlay_detection_not_implemented|lighting_not_measured|head_size_not_measured|manual_review_required_before_selection|menu_context_only
CF27_XBOXUNKNOWN_RTG_HEAD_016,16,Face 16,RIGHT_PROFILE,autoSelected,frame-cf27_xboxunknown_rtg_head_016-right_profile,0.75,2,Automated best-frame selection requires human review before verification or publication.,,frame_level_overlay_detection_not_implemented|lighting_not_measured|head_size_not_measured|manual_review_required_before_selection|menu_context_only
CF27_XBOXUNKNOWN_RTG_HEAD_016,16,Face 16,REAR,autoSelected,frame-cf27_xboxunknown_rtg_head_016-rear,0.76,2,Automated best-frame selection requires human review before verification or publication.,,frame_level_overlay_detection_not_implemented|lighting_not_measured|head_size_not_measured|manual_review_required_before_selection|menu_context_only
CF27_XBOXUNKNOWN_RTG_HEAD_017,17,Face 17,FRONT,autoSelected,frame-cf27_xboxunknown_rtg_head_017-front,0.77,2,Automated best-frame selection requires human review before verification or publication.,,frame_level_overlay_detection_not_implemented|lighting_not_measured|head_size_not_measured|manual_review_required_before_selection|menu_context_only
CF27_XBOXUNKNOWN_RTG_HEAD_017,17,Face 17,LEFT_3Q,autoSelected,frame-cf27_xboxunknown_rtg_head_017-left_3q,0.77,2,Automated best-frame selection requires human review before verification or publication.,,frame_level_overlay_detection_not_implemented|lighting_not_measured|head_size_not_measured|manual_review_required_before_selection|menu_context_only
CF27_XBOXUNKNOWN_RTG_HEAD_017,17,Face 17,LEFT_PROFILE,autoSelected,frame-cf27_xboxunknown_rtg_head_017-left_profile,0.75,2,Automated best-frame selection requires human review before verification or publication.,,frame_level_overlay_detection_not_implemented|lighting_not_measured|head_size_not_measured|manual_review_required_before_selection|menu_context_only
CF27_XBOXUNKNOWN_RTG_HEAD_017,17,Face 17,RIGHT_3Q,autoSelected,frame-cf27_xboxunknown_rtg_head_017-right_3q,0.76,2,Automated best-frame selection requires human review before verification or publication.,,frame_level_overlay_detection_not_implemented|lighting_not_measured|head_size_not_measured|manual_review_required_before_selection|menu_context_only
CF27_XBOXUNKNOWN_RTG_HEAD_017,17,Face 17,RIGHT_PROFILE,autoSelected,frame-cf27_xboxunknown_rtg_head_017-right_profile,0.76,2,Automated best-frame selection requires human review before verification or publication.,,frame_level_overlay_detection_not_implemented|lighting_not_measured|head_size_not_measured|manual_review_required_before_selection|menu_context_only
CF27_XBOXUNKNOWN_RTG_HEAD_017,17,Face 17,REAR,autoSelected,frame-cf27_xboxunknown_rtg_head_017-rear,0.76,2,Automated best-frame selection requires human review before verification or publication.,,frame_level_overlay_detection_not_implemented|lighting_not_measured|head_size_not_measured|manual_review_required_before_selection|menu_context_only
CF27_XBOXUNKNOWN_RTG_HEAD_018,18,Face 18,FRONT,autoSelected,frame-cf27_xboxunknown_rtg_head_018-front,0.76,2,Automated best-frame selection requires human review before verification or publication.,,frame_level_overlay_detection_not_implemented|lighting_not_measured|head_size_not_measured|manual_review_required_before_selection|menu_context_only
CF27_XBOXUNKNOWN_RTG_HEAD_018,18,Face 18,LEFT_3Q,autoSelected,frame-cf27_xboxunknown_rtg_head_018-left_3q,0.76,2,Automated best-frame selection requires human review before verification or publication.,,frame_level_overlay_detection_not_implemented|lighting_not_measured|head_size_not_measured|manual_review_required_before_selection|menu_context_only
CF27_XBOXUNKNOWN_RTG_HEAD_018,18,Face 18,LEFT_PROFILE,autoSelected,frame-cf27_xboxunknown_rtg_head_018-left_profile,0.76,2,Automated best-frame selection requires human review before verification or publication.,,frame_level_overlay_detection_not_implemented|lighting_not_measured|head_size_not_measured|manual_review_required_before_selection|menu_context_only
CF27_XBOXUNKNOWN_RTG_HEAD_018,18,Face 18,RIGHT_3Q,autoSelected,frame-cf27_xboxunknown_rtg_head_018-right_3q,0.77,2,Automated best-frame selection requires human review before verification or publication.,,frame_level_overlay_detection_not_implemented|lighting_not_measured|head_size_not_measured|manual_review_required_before_selection|menu_context_only
CF27_XBOXUNKNOWN_RTG_HEAD_018,18,Face 18,RIGHT_PROFILE,autoSelected,frame-cf27_xboxunknown_rtg_head_018-right_profile,0.77,2,Automated best-frame selection requires human review before verification or publication.,,frame_level_overlay_detection_not_implemented|lighting_not_measured|head_size_not_measured|manual_review_required_before_selection|menu_context_only
CF27_XBOXUNKNOWN_RTG_HEAD_018,18,Face 18,REAR,autoSelected,frame-cf27_xboxunknown_rtg_head_018-rear,0.77,2,Automated best-frame selection requires human review before verification or publication.,,frame_level_overlay_detection_not_implemented|lighting_not_measured|head_size_not_measured|manual_review_required_before_selection|menu_context_only
CF27_XBOXUNKNOWN_RTG_HEAD_019,19,Face 19,FRONT,autoSelected,frame-cf27_xboxunknown_rtg_head_019-front,0.76,2,Automated best-frame selection requires human review before verification or publication.,,frame_level_overlay_detection_not_implemented|lighting_not_measured|head_size_not_measured|manual_review_required_before_selection|menu_context_only
CF27_XBOXUNKNOWN_RTG_HEAD_019,19,Face 19,LEFT_3Q,autoSelected,frame-cf27_xboxunknown_rtg_head_019-left_3q,0.77,2,Automated best-frame selection requires human review before verification or publication.,,frame_level_overlay_detection_not_implemented|lighting_not_measured|head_size_not_measured|manual_review_required_before_selection|menu_context_only
CF27_XBOXUNKNOWN_RTG_HEAD_019,19,Face 19,LEFT_PROFILE,autoSelected,frame-cf27_xboxunknown_rtg_head_019-left_profile,0.77,2,Automated best-frame selection requires human review before verification or publication.,,frame_level_overlay_detection_not_implemented|lighting_not_measured|head_size_not_measured|manual_review_required_before_selection|menu_context_only
CF27_XBOXUNKNOWN_RTG_HEAD_019,19,Face 19,RIGHT_3Q,autoSelected,frame-cf27_xboxunknown_rtg_head_019-right_3q,0.77,2,Automated best-frame selection requires human review before verification or publication.,,frame_level_overlay_detection_not_implemented|lighting_not_measured|head_size_not_measured|manual_review_required_before_selection|menu_context_only
CF27_XBOXUNKNOWN_RTG_HEAD_019,19,Face 19,RIGHT_PROFILE,autoSelected,frame-cf27_xboxunknown_rtg_head_019-right_profile,0.77,2,Automated best-frame selection requires human review before verification or publication.,,frame_level_overlay_detection_not_implemented|lighting_not_measured|head_size_not_measured|manual_review_required_before_selection|menu_context_only
CF27_XBOXUNKNOWN_RTG_HEAD_019,19,Face 19,REAR,autoSelected,frame-cf27_xboxunknown_rtg_head_019-rear,0.77,2,Automated best-frame selection requires human review before verification or publication.,,frame_level_overlay_detection_not_implemented|lighting_not_measured|head_size_not_measured|manual_review_required_before_selection|menu_context_only
CF27_XBOXUNKNOWN_RTG_HEAD_020,20,Face 20,FRONT,autoSelected,frame-cf27_xboxunknown_rtg_head_020-front,0.7,2,Automated best-frame selection requires human review before verification or publication.,,overlay_obstruction_risk|frame_level_overlay_detection_not_implemented|lighting_not_measured|head_size_not_measured|manual_review_required_before_selection|menu_context_only
CF27_XBOXUNKNOWN_RTG_HEAD_020,20,Face 20,LEFT_3Q,autoSelected,frame-cf27_xboxunknown_rtg_head_020-left_3q,0.71,2,Automated best-frame selection requires human review before verification or publication.,,overlay_obstruction_risk|frame_level_overlay_detection_not_implemented|lighting_not_measured|head_size_not_measured|manual_review_required_before_selection|menu_context_only
CF27_XBOXUNKNOWN_RTG_HEAD_020,20,Face 20,LEFT_PROFILE,autoSelected,frame-cf27_xboxunknown_rtg_head_020-left_profile,0.71,2,Automated best-frame selection requires human review before verification or publication.,,overlay_obstruction_risk|frame_level_overlay_detection_not_implemented|lighting_not_measured|head_size_not_measured|manual_review_required_before_selection|menu_context_only
CF27_XBOXUNKNOWN_RTG_HEAD_020,20,Face 20,RIGHT_3Q,autoSelected,frame-cf27_xboxunknown_rtg_head_020-right_3q,0.7,2,Automated best-frame selection requires human review before verification or publication.,,overlay_obstruction_risk|frame_level_overlay_detection_not_implemented|lighting_not_measured|head_size_not_measured|manual_review_required_before_selection|menu_context_only
CF27_XBOXUNKNOWN_RTG_HEAD_020,20,Face 20,RIGHT_PROFILE,autoSelected,frame-cf27_xboxunknown_rtg_head_020-right_profile,0.69,2,Automated best-frame selection requires human review before verification or publication.,,overlay_obstruction_risk|frame_level_overlay_detection_not_implemented|lighting_not_measured|head_size_not_measured|manual_review_required_before_selection|menu_context_only
CF27_XBOXUNKNOWN_RTG_HEAD_020,20,Face 20,REAR,autoSelected,frame-cf27_xboxunknown_rtg_head_020-rear,0.71,2,Automated best-frame selection requires human review before verification or publication.,,overlay_obstruction_risk|frame_level_overlay_detection_not_implemented|lighting_not_measured|head_size_not_measured|manual_review_required_before_selection|menu_context_only
CF27_XBOXUNKNOWN_RTG_HEAD_021,21,Face 21,FRONT,autoSelected,frame-cf27_xboxunknown_rtg_head_021-front,0.75,2,Automated best-frame selection requires human review before verification or publication.,,frame_level_overlay_detection_not_implemented|lighting_not_measured|head_size_not_measured|manual_review_required_before_selection|menu_context_only
CF27_XBOXUNKNOWN_RTG_HEAD_021,21,Face 21,LEFT_3Q,autoSelected,frame-cf27_xboxunknown_rtg_head_021-left_3q,0.75,2,Automated best-frame selection requires human review before verification or publication.,,frame_level_overlay_detection_not_implemented|lighting_not_measured|head_size_not_measured|manual_review_required_before_selection|menu_context_only
CF27_XBOXUNKNOWN_RTG_HEAD_021,21,Face 21,LEFT_PROFILE,autoSelected,frame-cf27_xboxunknown_rtg_head_021-left_profile,0.76,2,Automated best-frame selection requires human review before verification or publication.,,frame_level_overlay_detection_not_implemented|lighting_not_measured|head_size_not_measured|manual_review_required_before_selection|menu_context_only
CF27_XBOXUNKNOWN_RTG_HEAD_021,21,Face 21,RIGHT_3Q,autoSelected,frame-cf27_xboxunknown_rtg_head_021-right_3q,0.75,2,Automated best-frame selection requires human review before verification or publication.,,frame_level_overlay_detection_not_implemented|lighting_not_measured|head_size_not_measured|manual_review_required_before_selection|menu_context_only
CF27_XBOXUNKNOWN_RTG_HEAD_021,21,Face 21,RIGHT_PROFILE,autoSelected,frame-cf27_xboxunknown_rtg_head_021-right_profile,0.75,2,Automated best-frame selection requires human review before verification or publication.,,frame_level_overlay_detection_not_implemented|lighting_not_measured|head_size_not_measured|manual_review_required_before_selection|menu_context_only
CF27_XBOXUNKNOWN_RTG_HEAD_021,21,Face 21,REAR,autoSelected,frame-cf27_xboxunknown_rtg_head_021-rear,0.75,2,Automated best-frame selection requires human review before verification or publication.,,frame_level_overlay_detection_not_implemented|lighting_not_measured|head_size_not_measured|manual_review_required_before_selection|menu_context_only
CF27_XBOXUNKNOWN_RTG_HEAD_022,22,Face 22,FRONT,autoSelected,frame-cf27_xboxunknown_rtg_head_022-front,0.76,2,Automated best-frame selection requires human review before verification or publication.,,frame_level_overlay_detection_not_implemented|lighting_not_measured|head_size_not_measured|manual_review_required_before_selection|menu_context_only
CF27_XBOXUNKNOWN_RTG_HEAD_022,22,Face 22,LEFT_3Q,autoSelected,frame-cf27_xboxunknown_rtg_head_022-left_3q,0.76,2,Automated best-frame selection requires human review before verification or publication.,,frame_level_overlay_detection_not_implemented|lighting_not_measured|head_size_not_measured|manual_review_required_before_selection|menu_context_only
CF27_XBOXUNKNOWN_RTG_HEAD_022,22,Face 22,LEFT_PROFILE,autoSelected,frame-cf27_xboxunknown_rtg_head_022-left_profile,0.76,2,Automated best-frame selection requires human review before verification or publication.,,frame_level_overlay_detection_not_implemented|lighting_not_measured|head_size_not_measured|manual_review_required_before_selection|menu_context_only
CF27_XBOXUNKNOWN_RTG_HEAD_022,22,Face 22,RIGHT_3Q,autoSelected,frame-cf27_xboxunknown_rtg_head_022-right_3q,0.76,2,Automated best-frame selection requires human review before verification or publication.,,frame_level_overlay_detection_not_implemented|lighting_not_measured|head_size_not_measured|manual_review_required_before_selection|menu_context_only
CF27_XBOXUNKNOWN_RTG_HEAD_022,22,Face 22,RIGHT_PROFILE,autoSelected,frame-cf27_xboxunknown_rtg_head_022-right_profile,0.76,2,Automated best-frame selection requires human review before verification or publication.,,frame_level_overlay_detection_not_implemented|lighting_not_measured|head_size_not_measured|manual_review_required_before_selection|menu_context_only
CF27_XBOXUNKNOWN_RTG_HEAD_022,22,Face 22,REAR,autoSelected,frame-cf27_xboxunknown_rtg_head_022-rear,0.76,2,Automated best-frame selection requires human review before verification or publication.,,frame_level_overlay_detection_not_implemented|lighting_not_measured|head_size_not_measured|manual_review_required_before_selection|menu_context_only
CF27_XBOXUNKNOWN_RTG_HEAD_023,23,Face 23,FRONT,autoSelected,frame-cf27_xboxunknown_rtg_head_023-front,0.77,2,Automated best-frame selection requires human review before verification or publication.,,frame_level_overlay_detection_not_implemented|lighting_not_measured|head_size_not_measured|manual_review_required_before_selection|menu_context_only
CF27_XBOXUNKNOWN_RTG_HEAD_023,23,Face 23,LEFT_3Q,autoSelected,frame-cf27_xboxunknown_rtg_head_023-left_3q,0.77,2,Automated best-frame selection requires human review before verification or publication.,,frame_level_overlay_detection_not_implemented|lighting_not_measured|head_size_not_measured|manual_review_required_before_selection|menu_context_only
CF27_XBOXUNKNOWN_RTG_HEAD_023,23,Face 23,LEFT_PROFILE,autoSelected,frame-cf27_xboxunknown_rtg_head_023-left_profile,0.77,2,Automated best-frame selection requires human review before verification or publication.,,frame_level_overlay_detection_not_implemented|lighting_not_measured|head_size_not_measured|manual_review_required_before_selection|menu_context_only
CF27_XBOXUNKNOWN_RTG_HEAD_023,23,Face 23,RIGHT_3Q,autoSelected,frame-cf27_xboxunknown_rtg_head_023-right_3q,0.76,2,Automated best-frame selection requires human review before verification or publication.,,frame_level_overlay_detection_not_implemented|lighting_not_measured|head_size_not_measured|manual_review_required_before_selection|menu_context_only
CF27_XBOXUNKNOWN_RTG_HEAD_023,23,Face 23,RIGHT_PROFILE,autoSelected,frame-cf27_xboxunknown_rtg_head_023-right_profile,0.77,2,Automated best-frame selection requires human review before verification or publication.,,frame_level_overlay_detection_not_implemented|lighting_not_measured|head_size_not_measured|manual_review_required_before_selection|menu_context_only
CF27_XBOXUNKNOWN_RTG_HEAD_023,23,Face 23,REAR,autoSelected,frame-cf27_xboxunknown_rtg_head_023-rear,0.77,2,Automated best-frame selection requires human review before verification or publication.,,frame_level_overlay_detection_not_implemented|lighting_not_measured|head_size_not_measured|manual_review_required_before_selection|menu_context_only
CF27_XBOXUNKNOWN_RTG_HEAD_024,24,Face 24,FRONT,autoSelected,frame-cf27_xboxunknown_rtg_head_024-front,0.71,2,Automated best-frame selection requires human review before verification or publication.,,overlay_obstruction_risk|frame_level_overlay_detection_not_implemented|lighting_not_measured|head_size_not_measured|manual_review_required_before_selection|menu_context_only
CF27_XBOXUNKNOWN_RTG_HEAD_024,24,Face 24,LEFT_3Q,autoSelected,frame-cf27_xboxunknown_rtg_head_024-left_3q,0.71,2,Automated best-frame selection requires human review before verification or publication.,,overlay_obstruction_risk|frame_level_overlay_detection_not_implemented|lighting_not_measured|head_size_not_measured|manual_review_required_before_selection|menu_context_only
CF27_XBOXUNKNOWN_RTG_HEAD_024,24,Face 24,LEFT_PROFILE,autoSelected,frame-cf27_xboxunknown_rtg_head_024-left_profile,0.71,2,Automated best-frame selection requires human review before verification or publication.,,overlay_obstruction_risk|frame_level_overlay_detection_not_implemented|lighting_not_measured|head_size_not_measured|manual_review_required_before_selection|menu_context_only
CF27_XBOXUNKNOWN_RTG_HEAD_024,24,Face 24,RIGHT_3Q,autoSelected,frame-cf27_xboxunknown_rtg_head_024-right_3q,0.71,2,Automated best-frame selection requires human review before verification or publication.,,overlay_obstruction_risk|frame_level_overlay_detection_not_implemented|lighting_not_measured|head_size_not_measured|manual_review_required_before_selection|menu_context_only
CF27_XBOXUNKNOWN_RTG_HEAD_024,24,Face 24,RIGHT_PROFILE,autoSelected,frame-cf27_xboxunknown_rtg_head_024-right_profile,0.71,2,Automated best-frame selection requires human review before verification or publication.,,overlay_obstruction_risk|frame_level_overlay_detection_not_implemented|lighting_not_measured|head_size_not_measured|manual_review_required_before_selection|menu_context_only
CF27_XBOXUNKNOWN_RTG_HEAD_024,24,Face 24,REAR,autoSelected,frame-cf27_xboxunknown_rtg_head_024-rear,0.71,2,Automated best-frame selection requires human review before verification or publication.,,overlay_obstruction_risk|frame_level_overlay_detection_not_implemented|lighting_not_measured|head_size_not_measured|manual_review_required_before_selection|menu_context_only
CF27_XBOXUNKNOWN_RTG_HEAD_025,25,Face 25,FRONT,autoSelected,frame-cf27_xboxunknown_rtg_head_025-front,0.69,2,Automated best-frame selection requires human review before verification or publication.,,overlay_obstruction_risk|frame_level_overlay_detection_not_implemented|lighting_not_measured|head_size_not_measured|manual_review_required_before_selection|menu_context_only
CF27_XBOXUNKNOWN_RTG_HEAD_025,25,Face 25,LEFT_3Q,autoSelected,frame-cf27_xboxunknown_rtg_head_025-left_3q,0.69,2,Automated best-frame selection requires human review before verification or publication.,,overlay_obstruction_risk|frame_level_overlay_detection_not_implemented|lighting_not_measured|head_size_not_measured|manual_review_required_before_selection|menu_context_only
CF27_XBOXUNKNOWN_RTG_HEAD_025,25,Face 25,LEFT_PROFILE,autoSelected,frame-cf27_xboxunknown_rtg_head_025-left_profile,0.69,2,Automated best-frame selection requires human review before verification or publication.,,overlay_obstruction_risk|frame_level_overlay_detection_not_implemented|lighting_not_measured|head_size_not_measured|manual_review_required_before_selection|menu_context_only
CF27_XBOXUNKNOWN_RTG_HEAD_025,25,Face 25,RIGHT_3Q,autoSelected,frame-cf27_xboxunknown_rtg_head_025-right_3q,0.7,2,Automated best-frame selection requires human review before verification or publication.,,overlay_obstruction_risk|frame_level_overlay_detection_not_implemented|lighting_not_measured|head_size_not_measured|manual_review_required_before_selection|menu_context_only
CF27_XBOXUNKNOWN_RTG_HEAD_025,25,Face 25,RIGHT_PROFILE,autoSelected,frame-cf27_xboxunknown_rtg_head_025-right_profile,0.71,2,Automated best-frame selection requires human review before verification or publication.,,overlay_obstruction_risk|frame_level_overlay_detection_not_implemented|lighting_not_measured|head_size_not_measured|manual_review_required_before_selection|menu_context_only
CF27_XBOXUNKNOWN_RTG_HEAD_025,25,Face 25,REAR,autoSelected,frame-cf27_xboxunknown_rtg_head_025-rear,0.71,2,Automated best-frame selection requires human review before verification or publication.,,overlay_obstruction_risk|frame_level_overlay_detection_not_implemented|lighting_not_measured|head_size_not_measured|manual_review_required_before_selection|menu_context_only
CF27_XBOXUNKNOWN_RTG_HEAD_026,26,Face 26,FRONT,autoSelected,frame-cf27_xboxunknown_rtg_head_026-front,0.7,2,Automated best-frame selection requires human review before verification or publication.,,overlay_obstruction_risk|frame_level_overlay_detection_not_implemented|lighting_not_measured|head_size_not_measured|manual_review_required_before_selection|menu_context_only
CF27_XBOXUNKNOWN_RTG_HEAD_026,26,Face 26,LEFT_3Q,autoSelected,frame-cf27_xboxunknown_rtg_head_026-left_3q,0.7,2,Automated best-frame selection requires human review before verification or publication.,,overlay_obstruction_risk|frame_level_overlay_detection_not_implemented|lighting_not_measured|head_size_not_measured|manual_review_required_before_selection|menu_context_only
CF27_XBOXUNKNOWN_RTG_HEAD_026,26,Face 26,LEFT_PROFILE,autoSelected,frame-cf27_xboxunknown_rtg_head_026-left_profile,0.7,2,Automated best-frame selection requires human review before verification or publication.,,overlay_obstruction_risk|frame_level_overlay_detection_not_implemented|lighting_not_measured|head_size_not_measured|manual_review_required_before_selection|menu_context_only
CF27_XBOXUNKNOWN_RTG_HEAD_026,26,Face 26,RIGHT_3Q,autoSelected,frame-cf27_xboxunknown_rtg_head_026-right_3q,0.7,2,Automated best-frame selection requires human review before verification or publication.,,overlay_obstruction_risk|frame_level_overlay_detection_not_implemented|lighting_not_measured|head_size_not_measured|manual_review_required_before_selection|menu_context_only
CF27_XBOXUNKNOWN_RTG_HEAD_026,26,Face 26,RIGHT_PROFILE,autoSelected,frame-cf27_xboxunknown_rtg_head_026-right_profile,0.7,2,Automated best-frame selection requires human review before verification or publication.,,overlay_obstruction_risk|frame_level_overlay_detection_not_implemented|lighting_not_measured|head_size_not_measured|manual_review_required_before_selection|menu_context_only
CF27_XBOXUNKNOWN_RTG_HEAD_026,26,Face 26,REAR,autoSelected,frame-cf27_xboxunknown_rtg_head_026-rear,0.7,2,Automated best-frame selection requires human review before verification or publication.,,overlay_obstruction_risk|frame_level_overlay_detection_not_implemented|lighting_not_measured|head_size_not_measured|manual_review_required_before_selection|menu_context_only
CF27_XBOXUNKNOWN_RTG_HEAD_027,27,Face 27,FRONT,autoSelected,frame-cf27_xboxunknown_rtg_head_027-front,0.7,2,Automated best-frame selection requires human review before verification or publication.,,overlay_obstruction_risk|frame_level_overlay_detection_not_implemented|lighting_not_measured|head_size_not_measured|manual_review_required_before_selection|menu_context_only
CF27_XBOXUNKNOWN_RTG_HEAD_027,27,Face 27,LEFT_3Q,autoSelected,frame-cf27_xboxunknown_rtg_head_027-left_3q,0.7,2,Automated best-frame selection requires human review before verification or publication.,,overlay_obstruction_risk|frame_level_overlay_detection_not_implemented|lighting_not_measured|head_size_not_measured|manual_review_required_before_selection|menu_context_only
CF27_XBOXUNKNOWN_RTG_HEAD_027,27,Face 27,LEFT_PROFILE,autoSelected,frame-cf27_xboxunknown_rtg_head_027-left_profile,0.7,2,Automated best-frame selection requires human review before verification or publication.,,overlay_obstruction_risk|frame_level_overlay_detection_not_implemented|lighting_not_measured|head_size_not_measured|manual_review_required_before_selection|menu_context_only
CF27_XBOXUNKNOWN_RTG_HEAD_027,27,Face 27,RIGHT_3Q,autoSelected,frame-cf27_xboxunknown_rtg_head_027-right_3q,0.7,2,Automated best-frame selection requires human review before verification or publication.,,overlay_obstruction_risk|frame_level_overlay_detection_not_implemented|lighting_not_measured|head_size_not_measured|manual_review_required_before_selection|menu_context_only
CF27_XBOXUNKNOWN_RTG_HEAD_027,27,Face 27,RIGHT_PROFILE,autoSelected,frame-cf27_xboxunknown_rtg_head_027-right_profile,0.7,2,Automated best-frame selection requires human review before verification or publication.,,overlay_obstruction_risk|frame_level_overlay_detection_not_implemented|lighting_not_measured|head_size_not_measured|manual_review_required_before_selection|menu_context_only
CF27_XBOXUNKNOWN_RTG_HEAD_027,27,Face 27,REAR,autoSelected,frame-cf27_xboxunknown_rtg_head_027-rear,0.7,2,Automated best-frame selection requires human review before verification or publication.,,overlay_obstruction_risk|frame_level_overlay_detection_not_implemented|lighting_not_measured|head_size_not_measured|manual_review_required_before_selection|menu_context_only
CF27_XBOXUNKNOWN_RTG_HEAD_028,28,Face 28,FRONT,autoSelected,frame-cf27_xboxunknown_rtg_head_028-front,0.69,2,Automated best-frame selection requires human review before verification or publication.,,overlay_obstruction_risk|frame_level_overlay_detection_not_implemented|lighting_not_measured|head_size_not_measured|manual_review_required_before_selection|menu_context_only
CF27_XBOXUNKNOWN_RTG_HEAD_028,28,Face 28,LEFT_3Q,autoSelected,frame-cf27_xboxunknown_rtg_head_028-left_3q,0.7,2,Automated best-frame selection requires human review before verification or publication.,,overlay_obstruction_risk|frame_level_overlay_detection_not_implemented|lighting_not_measured|head_size_not_measured|manual_review_required_before_selection|menu_context_only
CF27_XBOXUNKNOWN_RTG_HEAD_028,28,Face 28,LEFT_PROFILE,autoSelected,frame-cf27_xboxunknown_rtg_head_028-left_profile,0.71,2,Automated best-frame selection requires human review before verification or publication.,,overlay_obstruction_risk|frame_level_overlay_detection_not_implemented|lighting_not_measured|head_size_not_measured|manual_review_required_before_selection|menu_context_only
CF27_XBOXUNKNOWN_RTG_HEAD_028,28,Face 28,RIGHT_3Q,autoSelected,frame-cf27_xboxunknown_rtg_head_028-right_3q,0.69,2,Automated best-frame selection requires human review before verification or publication.,,overlay_obstruction_risk|frame_level_overlay_detection_not_implemented|lighting_not_measured|head_size_not_measured|manual_review_required_before_selection|menu_context_only
CF27_XBOXUNKNOWN_RTG_HEAD_028,28,Face 28,RIGHT_PROFILE,autoSelected,frame-cf27_xboxunknown_rtg_head_028-right_profile,0.69,2,Automated best-frame selection requires human review before verification or publication.,,overlay_obstruction_risk|frame_level_overlay_detection_not_implemented|lighting_not_measured|head_size_not_measured|manual_review_required_before_selection|menu_context_only
CF27_XBOXUNKNOWN_RTG_HEAD_028,28,Face 28,REAR,autoSelected,frame-cf27_xboxunknown_rtg_head_028-rear,0.71,2,Automated best-frame selection requires human review before verification or publication.,,overlay_obstruction_risk|frame_level_overlay_detection_not_implemented|lighting_not_measured|head_size_not_measured|manual_review_required_before_selection|menu_context_only
CF27_XBOXUNKNOWN_RTG_HEAD_029,29,Face 29,FRONT,autoSelected,frame-cf27_xboxunknown_rtg_head_029-front,0.69,2,Automated best-frame selection requires human review before verification or publication.,,overlay_obstruction_risk|frame_level_overlay_detection_not_implemented|lighting_not_measured|head_size_not_measured|manual_review_required_before_selection|menu_context_only
CF27_XBOXUNKNOWN_RTG_HEAD_029,29,Face 29,LEFT_3Q,autoSelected,frame-cf27_xboxunknown_rtg_head_029-left_3q,0.69,2,Automated best-frame selection requires human review before verification or publication.,,overlay_obstruction_risk|frame_level_overlay_detection_not_implemented|lighting_not_measured|head_size_not_measured|manual_review_required_before_selection|menu_context_only
CF27_XBOXUNKNOWN_RTG_HEAD_029,29,Face 29,LEFT_PROFILE,autoSelected,frame-cf27_xboxunknown_rtg_head_029-left_profile,0.7,2,Automated best-frame selection requires human review before verification or publication.,,overlay_obstruction_risk|frame_level_overlay_detection_not_implemented|lighting_not_measured|head_size_not_measured|manual_review_required_before_selection|menu_context_only
CF27_XBOXUNKNOWN_RTG_HEAD_029,29,Face 29,RIGHT_3Q,autoSelected,frame-cf27_xboxunknown_rtg_head_029-right_3q,0.7,2,Automated best-frame selection requires human review before verification or publication.,,overlay_obstruction_risk|frame_level_overlay_detection_not_implemented|lighting_not_measured|head_size_not_measured|manual_review_required_before_selection|menu_context_only
CF27_XBOXUNKNOWN_RTG_HEAD_029,29,Face 29,RIGHT_PROFILE,autoSelected,frame-cf27_xboxunknown_rtg_head_029-right_profile,0.7,2,Automated best-frame selection requires human review before verification or publication.,,overlay_obstruction_risk|frame_level_overlay_detection_not_implemented|lighting_not_measured|head_size_not_measured|manual_review_required_before_selection|menu_context_only
CF27_XBOXUNKNOWN_RTG_HEAD_029,29,Face 29,REAR,autoSelected,frame-cf27_xboxunknown_rtg_head_029-rear,0.7,2,Automated best-frame selection requires human review before verification or publication.,,overlay_obstruction_risk|frame_level_overlay_detection_not_implemented|lighting_not_measured|head_size_not_measured|manual_review_required_before_selection|menu_context_only
CF27_XBOXUNKNOWN_RTG_NOSE_001,1,None,FRONT,autoSelected,frame-cf27_xboxunknown_rtg_nose_001-front,0.72,2,Automated best-frame selection requires human review before verification or publication.,,lighting_not_measured|head_size_not_measured|manual_review_required_before_selection|menu_context_only
CF27_XBOXUNKNOWN_RTG_NOSE_001,1,None,LEFT_3Q,missingViewNoSelection,,0,2,No exact view candidate exists. Ambiguous or menu-only frames are not promoted to this view.,no_exact_candidate_for_requested_view,manual_review_required_before_selection|three_quarter_direction_unknown|lighting_not_measured|head_size_not_measured|menu_context_only
CF27_XBOXUNKNOWN_RTG_NOSE_001,1,None,LEFT_PROFILE,missingViewNoSelection,,0,1,No exact view candidate exists. Ambiguous or menu-only frames are not promoted to this view.,no_exact_candidate_for_requested_view,manual_review_required_before_selection|menu_context_only|lighting_not_measured|head_size_not_measured
CF27_XBOXUNKNOWN_RTG_NOSE_001,1,None,RIGHT_3Q,missingViewNoSelection,,0,2,No exact view candidate exists. Ambiguous or menu-only frames are not promoted to this view.,no_exact_candidate_for_requested_view,manual_review_required_before_selection|three_quarter_direction_unknown|lighting_not_measured|head_size_not_measured|menu_context_only
CF27_XBOXUNKNOWN_RTG_NOSE_001,1,None,RIGHT_PROFILE,missingViewNoSelection,,0,1,No exact view candidate exists. Ambiguous or menu-only frames are not promoted to this view.,no_exact_candidate_for_requested_view,manual_review_required_before_selection|menu_context_only|lighting_not_measured|head_size_not_measured
CF27_XBOXUNKNOWN_RTG_NOSE_001,1,None,REAR,missingViewNoSelection,,0,1,No exact view candidate exists. Ambiguous or menu-only frames are not promoted to this view.,no_exact_candidate_for_requested_view,manual_review_required_before_selection|menu_context_only|lighting_not_measured|head_size_not_measured
CF27_XBOXUNKNOWN_RTG_NOSE_002,2,Hooked,FRONT,autoSelected,frame-cf27_xboxunknown_rtg_nose_002-front,0.72,2,Automated best-frame selection requires human review before verification or publication.,,lighting_not_measured|head_size_not_measured|manual_review_required_before_selection|menu_context_only
CF27_XBOXUNKNOWN_RTG_NOSE_002,2,Hooked,LEFT_3Q,missingViewNoSelection,,0,2,No exact view candidate exists. Ambiguous or menu-only frames are not promoted to this view.,no_exact_candidate_for_requested_view,manual_review_required_before_selection|three_quarter_direction_unknown|lighting_not_measured|head_size_not_measured|menu_context_only
CF27_XBOXUNKNOWN_RTG_NOSE_002,2,Hooked,LEFT_PROFILE,missingViewNoSelection,,0,1,No exact view candidate exists. Ambiguous or menu-only frames are not promoted to this view.,no_exact_candidate_for_requested_view,manual_review_required_before_selection|menu_context_only|lighting_not_measured|head_size_not_measured
CF27_XBOXUNKNOWN_RTG_NOSE_002,2,Hooked,RIGHT_3Q,missingViewNoSelection,,0,2,No exact view candidate exists. Ambiguous or menu-only frames are not promoted to this view.,no_exact_candidate_for_requested_view,manual_review_required_before_selection|three_quarter_direction_unknown|lighting_not_measured|head_size_not_measured|menu_context_only
CF27_XBOXUNKNOWN_RTG_NOSE_002,2,Hooked,RIGHT_PROFILE,missingViewNoSelection,,0,1,No exact view candidate exists. Ambiguous or menu-only frames are not promoted to this view.,no_exact_candidate_for_requested_view,manual_review_required_before_selection|menu_context_only|lighting_not_measured|head_size_not_measured
CF27_XBOXUNKNOWN_RTG_NOSE_002,2,Hooked,REAR,missingViewNoSelection,,0,1,No exact view candidate exists. Ambiguous or menu-only frames are not promoted to this view.,no_exact_candidate_for_requested_view,manual_review_required_before_selection|menu_context_only|lighting_not_measured|head_size_not_measured
CF27_XBOXUNKNOWN_RTG_NOSE_003,3,Button,FRONT,autoSelected,frame-cf27_xboxunknown_rtg_nose_003-front,0.72,2,Automated best-frame selection requires human review before verification or publication.,,lighting_not_measured|head_size_not_measured|manual_review_required_before_selection|menu_context_only
CF27_XBOXUNKNOWN_RTG_NOSE_003,3,Button,LEFT_3Q,missingViewNoSelection,,0,2,No exact view candidate exists. Ambiguous or menu-only frames are not promoted to this view.,no_exact_candidate_for_requested_view,manual_review_required_before_selection|three_quarter_direction_unknown|lighting_not_measured|head_size_not_measured|menu_context_only
CF27_XBOXUNKNOWN_RTG_NOSE_003,3,Button,LEFT_PROFILE,missingViewNoSelection,,0,1,No exact view candidate exists. Ambiguous or menu-only frames are not promoted to this view.,no_exact_candidate_for_requested_view,manual_review_required_before_selection|menu_context_only|lighting_not_measured|head_size_not_measured
CF27_XBOXUNKNOWN_RTG_NOSE_003,3,Button,RIGHT_3Q,missingViewNoSelection,,0,2,No exact view candidate exists. Ambiguous or menu-only frames are not promoted to this view.,no_exact_candidate_for_requested_view,manual_review_required_before_selection|three_quarter_direction_unknown|lighting_not_measured|head_size_not_measured|menu_context_only
CF27_XBOXUNKNOWN_RTG_NOSE_003,3,Button,RIGHT_PROFILE,missingViewNoSelection,,0,1,No exact view candidate exists. Ambiguous or menu-only frames are not promoted to this view.,no_exact_candidate_for_requested_view,manual_review_required_before_selection|menu_context_only|lighting_not_measured|head_size_not_measured
CF27_XBOXUNKNOWN_RTG_NOSE_003,3,Button,REAR,missingViewNoSelection,,0,1,No exact view candidate exists. Ambiguous or menu-only frames are not promoted to this view.,no_exact_candidate_for_requested_view,manual_review_required_before_selection|menu_context_only|lighting_not_measured|head_size_not_measured
CF27_XBOXUNKNOWN_RTG_NOSE_004,4,Nubian,FRONT,autoSelected,frame-cf27_xboxunknown_rtg_nose_004-front,0.72,2,Automated best-frame selection requires human review before verification or publication.,,lighting_not_measured|head_size_not_measured|manual_review_required_before_selection|menu_context_only
CF27_XBOXUNKNOWN_RTG_NOSE_004,4,Nubian,LEFT_3Q,missingViewNoSelection,,0,2,No exact view candidate exists. Ambiguous or menu-only frames are not promoted to this view.,no_exact_candidate_for_requested_view,manual_review_required_before_selection|three_quarter_direction_unknown|lighting_not_measured|head_size_not_measured|menu_context_only
CF27_XBOXUNKNOWN_RTG_NOSE_004,4,Nubian,LEFT_PROFILE,missingViewNoSelection,,0,1,No exact view candidate exists. Ambiguous or menu-only frames are not promoted to this view.,no_exact_candidate_for_requested_view,manual_review_required_before_selection|menu_context_only|lighting_not_measured|head_size_not_measured
CF27_XBOXUNKNOWN_RTG_NOSE_004,4,Nubian,RIGHT_3Q,missingViewNoSelection,,0,2,No exact view candidate exists. Ambiguous or menu-only frames are not promoted to this view.,no_exact_candidate_for_requested_view,manual_review_required_before_selection|three_quarter_direction_unknown|lighting_not_measured|head_size_not_measured|menu_context_only
CF27_XBOXUNKNOWN_RTG_NOSE_004,4,Nubian,RIGHT_PROFILE,missingViewNoSelection,,0,1,No exact view candidate exists. Ambiguous or menu-only frames are not promoted to this view.,no_exact_candidate_for_requested_view,manual_review_required_before_selection|menu_context_only|lighting_not_measured|head_size_not_measured
CF27_XBOXUNKNOWN_RTG_NOSE_004,4,Nubian,REAR,missingViewNoSelection,,0,1,No exact view candidate exists. Ambiguous or menu-only frames are not promoted to this view.,no_exact_candidate_for_requested_view,manual_review_required_before_selection|menu_context_only|lighting_not_measured|head_size_not_measured
CF27_XBOXUNKNOWN_RTG_NOSE_005,5,Aquiline,FRONT,autoSelected,frame-cf27_xboxunknown_rtg_nose_005-front,0.72,2,Automated best-frame selection requires human review before verification or publication.,,lighting_not_measured|head_size_not_measured|manual_review_required_before_selection|menu_context_only
CF27_XBOXUNKNOWN_RTG_NOSE_005,5,Aquiline,LEFT_3Q,missingViewNoSelection,,0,2,No exact view candidate exists. Ambiguous or menu-only frames are not promoted to this view.,no_exact_candidate_for_requested_view,manual_review_required_before_selection|three_quarter_direction_unknown|lighting_not_measured|head_size_not_measured|menu_context_only
CF27_XBOXUNKNOWN_RTG_NOSE_005,5,Aquiline,LEFT_PROFILE,missingViewNoSelection,,0,1,No exact view candidate exists. Ambiguous or menu-only frames are not promoted to this view.,no_exact_candidate_for_requested_view,manual_review_required_before_selection|menu_context_only|lighting_not_measured|head_size_not_measured
CF27_XBOXUNKNOWN_RTG_NOSE_005,5,Aquiline,RIGHT_3Q,missingViewNoSelection,,0,2,No exact view candidate exists. Ambiguous or menu-only frames are not promoted to this view.,no_exact_candidate_for_requested_view,manual_review_required_before_selection|three_quarter_direction_unknown|lighting_not_measured|head_size_not_measured|menu_context_only
CF27_XBOXUNKNOWN_RTG_NOSE_005,5,Aquiline,RIGHT_PROFILE,missingViewNoSelection,,0,1,No exact view candidate exists. Ambiguous or menu-only frames are not promoted to this view.,no_exact_candidate_for_requested_view,manual_review_required_before_selection|menu_context_only|lighting_not_measured|head_size_not_measured
CF27_XBOXUNKNOWN_RTG_NOSE_005,5,Aquiline,REAR,missingViewNoSelection,,0,1,No exact view candidate exists. Ambiguous or menu-only frames are not promoted to this view.,no_exact_candidate_for_requested_view,manual_review_required_before_selection|menu_context_only|lighting_not_measured|head_size_not_measured
CF27_XBOXUNKNOWN_RTG_NOSE_006,6,Roman,FRONT,autoSelected,frame-cf27_xboxunknown_rtg_nose_006-front,0.72,2,Automated best-frame selection requires human review before verification or publication.,,lighting_not_measured|head_size_not_measured|manual_review_required_before_selection|menu_context_only
CF27_XBOXUNKNOWN_RTG_NOSE_006,6,Roman,LEFT_3Q,missingViewNoSelection,,0,2,No exact view candidate exists. Ambiguous or menu-only frames are not promoted to this view.,no_exact_candidate_for_requested_view,manual_review_required_before_selection|three_quarter_direction_unknown|lighting_not_measured|head_size_not_measured|menu_context_only
CF27_XBOXUNKNOWN_RTG_NOSE_006,6,Roman,LEFT_PROFILE,missingViewNoSelection,,0,1,No exact view candidate exists. Ambiguous or menu-only frames are not promoted to this view.,no_exact_candidate_for_requested_view,manual_review_required_before_selection|menu_context_only|lighting_not_measured|head_size_not_measured
CF27_XBOXUNKNOWN_RTG_NOSE_006,6,Roman,RIGHT_3Q,missingViewNoSelection,,0,2,No exact view candidate exists. Ambiguous or menu-only frames are not promoted to this view.,no_exact_candidate_for_requested_view,manual_review_required_before_selection|three_quarter_direction_unknown|lighting_not_measured|head_size_not_measured|menu_context_only
CF27_XBOXUNKNOWN_RTG_NOSE_006,6,Roman,RIGHT_PROFILE,missingViewNoSelection,,0,1,No exact view candidate exists. Ambiguous or menu-only frames are not promoted to this view.,no_exact_candidate_for_requested_view,manual_review_required_before_selection|menu_context_only|lighting_not_measured|head_size_not_measured
CF27_XBOXUNKNOWN_RTG_NOSE_006,6,Roman,REAR,missingViewNoSelection,,0,1,No exact view candidate exists. Ambiguous or menu-only frames are not promoted to this view.,no_exact_candidate_for_requested_view,manual_review_required_before_selection|menu_context_only|lighting_not_measured|head_size_not_measured
CF27_XBOXUNKNOWN_RTG_NOSE_007,7,Funnel,FRONT,autoSelected,frame-cf27_xboxunknown_rtg_nose_007-front,0.72,2,Automated best-frame selection requires human review before verification or publication.,,lighting_not_measured|head_size_not_measured|manual_review_required_before_selection|menu_context_only
CF27_XBOXUNKNOWN_RTG_NOSE_007,7,Funnel,LEFT_3Q,missingViewNoSelection,,0,2,No exact view candidate exists. Ambiguous or menu-only frames are not promoted to this view.,no_exact_candidate_for_requested_view,manual_review_required_before_selection|three_quarter_direction_unknown|lighting_not_measured|head_size_not_measured|menu_context_only
CF27_XBOXUNKNOWN_RTG_NOSE_007,7,Funnel,LEFT_PROFILE,missingViewNoSelection,,0,1,No exact view candidate exists. Ambiguous or menu-only frames are not promoted to this view.,no_exact_candidate_for_requested_view,manual_review_required_before_selection|menu_context_only|lighting_not_measured|head_size_not_measured
CF27_XBOXUNKNOWN_RTG_NOSE_007,7,Funnel,RIGHT_3Q,missingViewNoSelection,,0,2,No exact view candidate exists. Ambiguous or menu-only frames are not promoted to this view.,no_exact_candidate_for_requested_view,manual_review_required_before_selection|three_quarter_direction_unknown|lighting_not_measured|head_size_not_measured|menu_context_only
CF27_XBOXUNKNOWN_RTG_NOSE_007,7,Funnel,RIGHT_PROFILE,missingViewNoSelection,,0,1,No exact view candidate exists. Ambiguous or menu-only frames are not promoted to this view.,no_exact_candidate_for_requested_view,manual_review_required_before_selection|menu_context_only|lighting_not_measured|head_size_not_measured
CF27_XBOXUNKNOWN_RTG_NOSE_007,7,Funnel,REAR,missingViewNoSelection,,0,1,No exact view candidate exists. Ambiguous or menu-only frames are not promoted to this view.,no_exact_candidate_for_requested_view,manual_review_required_before_selection|menu_context_only|lighting_not_measured|head_size_not_measured
CF27_XBOXUNKNOWN_RTG_SKINDETAILS_001,1,None,FRONT,missingViewNoSelection,,0,2,No exact view candidate exists. Ambiguous or menu-only frames are not promoted to this view.,no_exact_candidate_for_requested_view,manual_review_required_before_selection|lighting_not_measured|head_size_not_measured|menu_context_only
CF27_XBOXUNKNOWN_RTG_SKINDETAILS_001,1,None,LEFT_3Q,missingViewNoSelection,,0,1,No exact view candidate exists. Ambiguous or menu-only frames are not promoted to this view.,no_exact_candidate_for_requested_view,manual_review_required_before_selection|menu_context_only|lighting_not_measured|head_size_not_measured
CF27_XBOXUNKNOWN_RTG_SKINDETAILS_001,1,None,LEFT_PROFILE,missingViewNoSelection,,0,1,No exact view candidate exists. Ambiguous or menu-only frames are not promoted to this view.,no_exact_candidate_for_requested_view,manual_review_required_before_selection|menu_context_only|lighting_not_measured|head_size_not_measured
CF27_XBOXUNKNOWN_RTG_SKINDETAILS_001,1,None,RIGHT_3Q,missingViewNoSelection,,0,1,No exact view candidate exists. Ambiguous or menu-only frames are not promoted to this view.,no_exact_candidate_for_requested_view,manual_review_required_before_selection|menu_context_only|lighting_not_measured|head_size_not_measured
CF27_XBOXUNKNOWN_RTG_SKINDETAILS_001,1,None,RIGHT_PROFILE,missingViewNoSelection,,0,1,No exact view candidate exists. Ambiguous or menu-only frames are not promoted to this view.,no_exact_candidate_for_requested_view,manual_review_required_before_selection|menu_context_only|lighting_not_measured|head_size_not_measured
CF27_XBOXUNKNOWN_RTG_SKINDETAILS_001,1,None,REAR,missingViewNoSelection,,0,1,No exact view candidate exists. Ambiguous or menu-only frames are not promoted to this view.,no_exact_candidate_for_requested_view,manual_review_required_before_selection|menu_context_only|lighting_not_measured|head_size_not_measured
CF27_XBOXUNKNOWN_RTG_SKINDETAILS_002,2,Freckles 2,FRONT,missingViewNoSelection,,0,2,No exact view candidate exists. Ambiguous or menu-only frames are not promoted to this view.,no_exact_candidate_for_requested_view,manual_review_required_before_selection|lighting_not_measured|head_size_not_measured|menu_context_only
CF27_XBOXUNKNOWN_RTG_SKINDETAILS_002,2,Freckles 2,LEFT_3Q,missingViewNoSelection,,0,1,No exact view candidate exists. Ambiguous or menu-only frames are not promoted to this view.,no_exact_candidate_for_requested_view,manual_review_required_before_selection|menu_context_only|lighting_not_measured|head_size_not_measured
CF27_XBOXUNKNOWN_RTG_SKINDETAILS_002,2,Freckles 2,LEFT_PROFILE,missingViewNoSelection,,0,1,No exact view candidate exists. Ambiguous or menu-only frames are not promoted to this view.,no_exact_candidate_for_requested_view,manual_review_required_before_selection|menu_context_only|lighting_not_measured|head_size_not_measured
CF27_XBOXUNKNOWN_RTG_SKINDETAILS_002,2,Freckles 2,RIGHT_3Q,missingViewNoSelection,,0,1,No exact view candidate exists. Ambiguous or menu-only frames are not promoted to this view.,no_exact_candidate_for_requested_view,manual_review_required_before_selection|menu_context_only|lighting_not_measured|head_size_not_measured
CF27_XBOXUNKNOWN_RTG_SKINDETAILS_002,2,Freckles 2,RIGHT_PROFILE,missingViewNoSelection,,0,1,No exact view candidate exists. Ambiguous or menu-only frames are not promoted to this view.,no_exact_candidate_for_requested_view,manual_review_required_before_selection|menu_context_only|lighting_not_measured|head_size_not_measured
CF27_XBOXUNKNOWN_RTG_SKINDETAILS_002,2,Freckles 2,REAR,missingViewNoSelection,,0,1,No exact view candidate exists. Ambiguous or menu-only frames are not promoted to this view.,no_exact_candidate_for_requested_view,manual_review_required_before_selection|menu_context_only|lighting_not_measured|head_size_not_measured
CF27_XBOXUNKNOWN_RTG_SKINDETAILS_003,3,Scar 3,FRONT,missingViewNoSelection,,0,2,No exact view candidate exists. Ambiguous or menu-only frames are not promoted to this view.,no_exact_candidate_for_requested_view,manual_review_required_before_selection|lighting_not_measured|head_size_not_measured|menu_context_only
CF27_XBOXUNKNOWN_RTG_SKINDETAILS_003,3,Scar 3,LEFT_3Q,missingViewNoSelection,,0,1,No exact view candidate exists. Ambiguous or menu-only frames are not promoted to this view.,no_exact_candidate_for_requested_view,manual_review_required_before_selection|menu_context_only|lighting_not_measured|head_size_not_measured
CF27_XBOXUNKNOWN_RTG_SKINDETAILS_003,3,Scar 3,LEFT_PROFILE,missingViewNoSelection,,0,1,No exact view candidate exists. Ambiguous or menu-only frames are not promoted to this view.,no_exact_candidate_for_requested_view,manual_review_required_before_selection|menu_context_only|lighting_not_measured|head_size_not_measured
CF27_XBOXUNKNOWN_RTG_SKINDETAILS_003,3,Scar 3,RIGHT_3Q,missingViewNoSelection,,0,1,No exact view candidate exists. Ambiguous or menu-only frames are not promoted to this view.,no_exact_candidate_for_requested_view,manual_review_required_before_selection|menu_context_only|lighting_not_measured|head_size_not_measured
CF27_XBOXUNKNOWN_RTG_SKINDETAILS_003,3,Scar 3,RIGHT_PROFILE,missingViewNoSelection,,0,1,No exact view candidate exists. Ambiguous or menu-only frames are not promoted to this view.,no_exact_candidate_for_requested_view,manual_review_required_before_selection|menu_context_only|lighting_not_measured|head_size_not_measured
CF27_XBOXUNKNOWN_RTG_SKINDETAILS_003,3,Scar 3,REAR,missingViewNoSelection,,0,1,No exact view candidate exists. Ambiguous or menu-only frames are not promoted to this view.,no_exact_candidate_for_requested_view,manual_review_required_before_selection|menu_context_only|lighting_not_measured|head_size_not_measured
CF27_XBOXUNKNOWN_RTG_SKINDETAILS_004,4,Scar 2,FRONT,missingViewNoSelection,,0,2,No exact view candidate exists. Ambiguous or menu-only frames are not promoted to this view.,no_exact_candidate_for_requested_view,manual_review_required_before_selection|lighting_not_measured|head_size_not_measured|menu_context_only
CF27_XBOXUNKNOWN_RTG_SKINDETAILS_004,4,Scar 2,LEFT_3Q,missingViewNoSelection,,0,1,No exact view candidate exists. Ambiguous or menu-only frames are not promoted to this view.,no_exact_candidate_for_requested_view,manual_review_required_before_selection|menu_context_only|lighting_not_measured|head_size_not_measured
CF27_XBOXUNKNOWN_RTG_SKINDETAILS_004,4,Scar 2,LEFT_PROFILE,missingViewNoSelection,,0,1,No exact view candidate exists. Ambiguous or menu-only frames are not promoted to this view.,no_exact_candidate_for_requested_view,manual_review_required_before_selection|menu_context_only|lighting_not_measured|head_size_not_measured
CF27_XBOXUNKNOWN_RTG_SKINDETAILS_004,4,Scar 2,RIGHT_3Q,missingViewNoSelection,,0,1,No exact view candidate exists. Ambiguous or menu-only frames are not promoted to this view.,no_exact_candidate_for_requested_view,manual_review_required_before_selection|menu_context_only|lighting_not_measured|head_size_not_measured
CF27_XBOXUNKNOWN_RTG_SKINDETAILS_004,4,Scar 2,RIGHT_PROFILE,missingViewNoSelection,,0,1,No exact view candidate exists. Ambiguous or menu-only frames are not promoted to this view.,no_exact_candidate_for_requested_view,manual_review_required_before_selection|menu_context_only|lighting_not_measured|head_size_not_measured
CF27_XBOXUNKNOWN_RTG_SKINDETAILS_004,4,Scar 2,REAR,missingViewNoSelection,,0,1,No exact view candidate exists. Ambiguous or menu-only frames are not promoted to this view.,no_exact_candidate_for_requested_view,manual_review_required_before_selection|menu_context_only|lighting_not_measured|head_size_not_measured
CF27_XBOXUNKNOWN_RTG_SKINDETAILS_005,5,Scar 1,FRONT,missingViewNoSelection,,0,2,No exact view candidate exists. Ambiguous or menu-only frames are not promoted to this view.,no_exact_candidate_for_requested_view,manual_review_required_before_selection|lighting_not_measured|head_size_not_measured|menu_context_only
CF27_XBOXUNKNOWN_RTG_SKINDETAILS_005,5,Scar 1,LEFT_3Q,missingViewNoSelection,,0,1,No exact view candidate exists. Ambiguous or menu-only frames are not promoted to this view.,no_exact_candidate_for_requested_view,manual_review_required_before_selection|menu_context_only|lighting_not_measured|head_size_not_measured
CF27_XBOXUNKNOWN_RTG_SKINDETAILS_005,5,Scar 1,LEFT_PROFILE,missingViewNoSelection,,0,1,No exact view candidate exists. Ambiguous or menu-only frames are not promoted to this view.,no_exact_candidate_for_requested_view,manual_review_required_before_selection|menu_context_only|lighting_not_measured|head_size_not_measured
CF27_XBOXUNKNOWN_RTG_SKINDETAILS_005,5,Scar 1,RIGHT_3Q,missingViewNoSelection,,0,1,No exact view candidate exists. Ambiguous or menu-only frames are not promoted to this view.,no_exact_candidate_for_requested_view,manual_review_required_before_selection|menu_context_only|lighting_not_measured|head_size_not_measured
CF27_XBOXUNKNOWN_RTG_SKINDETAILS_005,5,Scar 1,RIGHT_PROFILE,missingViewNoSelection,,0,1,No exact view candidate exists. Ambiguous or menu-only frames are not promoted to this view.,no_exact_candidate_for_requested_view,manual_review_required_before_selection|menu_context_only|lighting_not_measured|head_size_not_measured
CF27_XBOXUNKNOWN_RTG_SKINDETAILS_005,5,Scar 1,REAR,missingViewNoSelection,,0,1,No exact view candidate exists. Ambiguous or menu-only frames are not promoted to this view.,no_exact_candidate_for_requested_view,manual_review_required_before_selection|menu_context_only|lighting_not_measured|head_size_not_measured
CF27_XBOXUNKNOWN_RTG_SKINDETAILS_006,6,Acne Scar 1,FRONT,missingViewNoSelection,,0,2,No exact view candidate exists. Ambiguous or menu-only frames are not promoted to this view.,no_exact_candidate_for_requested_view,manual_review_required_before_selection|lighting_not_measured|head_size_not_measured|menu_context_only
CF27_XBOXUNKNOWN_RTG_SKINDETAILS_006,6,Acne Scar 1,LEFT_3Q,missingViewNoSelection,,0,1,No exact view candidate exists. Ambiguous or menu-only frames are not promoted to this view.,no_exact_candidate_for_requested_view,manual_review_required_before_selection|menu_context_only|lighting_not_measured|head_size_not_measured
CF27_XBOXUNKNOWN_RTG_SKINDETAILS_006,6,Acne Scar 1,LEFT_PROFILE,missingViewNoSelection,,0,1,No exact view candidate exists. Ambiguous or menu-only frames are not promoted to this view.,no_exact_candidate_for_requested_view,manual_review_required_before_selection|menu_context_only|lighting_not_measured|head_size_not_measured
CF27_XBOXUNKNOWN_RTG_SKINDETAILS_006,6,Acne Scar 1,RIGHT_3Q,missingViewNoSelection,,0,1,No exact view candidate exists. Ambiguous or menu-only frames are not promoted to this view.,no_exact_candidate_for_requested_view,manual_review_required_before_selection|menu_context_only|lighting_not_measured|head_size_not_measured
CF27_XBOXUNKNOWN_RTG_SKINDETAILS_006,6,Acne Scar 1,RIGHT_PROFILE,missingViewNoSelection,,0,1,No exact view candidate exists. Ambiguous or menu-only frames are not promoted to this view.,no_exact_candidate_for_requested_view,manual_review_required_before_selection|menu_context_only|lighting_not_measured|head_size_not_measured
CF27_XBOXUNKNOWN_RTG_SKINDETAILS_006,6,Acne Scar 1,REAR,missingViewNoSelection,,0,1,No exact view candidate exists. Ambiguous or menu-only frames are not promoted to this view.,no_exact_candidate_for_requested_view,manual_review_required_before_selection|menu_context_only|lighting_not_measured|head_size_not_measured
CF27_XBOXUNKNOWN_RTG_SKINDETAILS_007,7,Redness 3,FRONT,missingViewNoSelection,,0,2,No exact view candidate exists. Ambiguous or menu-only frames are not promoted to this view.,no_exact_candidate_for_requested_view,manual_review_required_before_selection|lighting_not_measured|head_size_not_measured|menu_context_only
CF27_XBOXUNKNOWN_RTG_SKINDETAILS_007,7,Redness 3,LEFT_3Q,missingViewNoSelection,,0,1,No exact view candidate exists. Ambiguous or menu-only frames are not promoted to this view.,no_exact_candidate_for_requested_view,manual_review_required_before_selection|menu_context_only|lighting_not_measured|head_size_not_measured
CF27_XBOXUNKNOWN_RTG_SKINDETAILS_007,7,Redness 3,LEFT_PROFILE,missingViewNoSelection,,0,1,No exact view candidate exists. Ambiguous or menu-only frames are not promoted to this view.,no_exact_candidate_for_requested_view,manual_review_required_before_selection|menu_context_only|lighting_not_measured|head_size_not_measured
CF27_XBOXUNKNOWN_RTG_SKINDETAILS_007,7,Redness 3,RIGHT_3Q,missingViewNoSelection,,0,1,No exact view candidate exists. Ambiguous or menu-only frames are not promoted to this view.,no_exact_candidate_for_requested_view,manual_review_required_before_selection|menu_context_only|lighting_not_measured|head_size_not_measured
CF27_XBOXUNKNOWN_RTG_SKINDETAILS_007,7,Redness 3,RIGHT_PROFILE,missingViewNoSelection,,0,1,No exact view candidate exists. Ambiguous or menu-only frames are not promoted to this view.,no_exact_candidate_for_requested_view,manual_review_required_before_selection|menu_context_only|lighting_not_measured|head_size_not_measured
CF27_XBOXUNKNOWN_RTG_SKINDETAILS_007,7,Redness 3,REAR,missingViewNoSelection,,0,1,No exact view candidate exists. Ambiguous or menu-only frames are not promoted to this view.,no_exact_candidate_for_requested_view,manual_review_required_before_selection|menu_context_only|lighting_not_measured|head_size_not_measured
CF27_XBOXUNKNOWN_RTG_SKINDETAILS_008,8,Redness 2,FRONT,missingViewNoSelection,,0,2,No exact view candidate exists. Ambiguous or menu-only frames are not promoted to this view.,no_exact_candidate_for_requested_view,manual_review_required_before_selection|lighting_not_measured|head_size_not_measured|menu_context_only
CF27_XBOXUNKNOWN_RTG_SKINDETAILS_008,8,Redness 2,LEFT_3Q,missingViewNoSelection,,0,1,No exact view candidate exists. Ambiguous or menu-only frames are not promoted to this view.,no_exact_candidate_for_requested_view,manual_review_required_before_selection|menu_context_only|lighting_not_measured|head_size_not_measured
CF27_XBOXUNKNOWN_RTG_SKINDETAILS_008,8,Redness 2,LEFT_PROFILE,missingViewNoSelection,,0,1,No exact view candidate exists. Ambiguous or menu-only frames are not promoted to this view.,no_exact_candidate_for_requested_view,manual_review_required_before_selection|menu_context_only|lighting_not_measured|head_size_not_measured
CF27_XBOXUNKNOWN_RTG_SKINDETAILS_008,8,Redness 2,RIGHT_3Q,missingViewNoSelection,,0,1,No exact view candidate exists. Ambiguous or menu-only frames are not promoted to this view.,no_exact_candidate_for_requested_view,manual_review_required_before_selection|menu_context_only|lighting_not_measured|head_size_not_measured
CF27_XBOXUNKNOWN_RTG_SKINDETAILS_008,8,Redness 2,RIGHT_PROFILE,missingViewNoSelection,,0,1,No exact view candidate exists. Ambiguous or menu-only frames are not promoted to this view.,no_exact_candidate_for_requested_view,manual_review_required_before_selection|menu_context_only|lighting_not_measured|head_size_not_measured
CF27_XBOXUNKNOWN_RTG_SKINDETAILS_008,8,Redness 2,REAR,missingViewNoSelection,,0,1,No exact view candidate exists. Ambiguous or menu-only frames are not promoted to this view.,no_exact_candidate_for_requested_view,manual_review_required_before_selection|menu_context_only|lighting_not_measured|head_size_not_measured
CF27_XBOXUNKNOWN_RTG_SKINDETAILS_009,9,Redness 1,FRONT,missingViewNoSelection,,0,2,No exact view candidate exists. Ambiguous or menu-only frames are not promoted to this view.,no_exact_candidate_for_requested_view,manual_review_required_before_selection|lighting_not_measured|head_size_not_measured|menu_context_only
CF27_XBOXUNKNOWN_RTG_SKINDETAILS_009,9,Redness 1,LEFT_3Q,missingViewNoSelection,,0,1,No exact view candidate exists. Ambiguous or menu-only frames are not promoted to this view.,no_exact_candidate_for_requested_view,manual_review_required_before_selection|menu_context_only|lighting_not_measured|head_size_not_measured
CF27_XBOXUNKNOWN_RTG_SKINDETAILS_009,9,Redness 1,LEFT_PROFILE,missingViewNoSelection,,0,1,No exact view candidate exists. Ambiguous or menu-only frames are not promoted to this view.,no_exact_candidate_for_requested_view,manual_review_required_before_selection|menu_context_only|lighting_not_measured|head_size_not_measured
CF27_XBOXUNKNOWN_RTG_SKINDETAILS_009,9,Redness 1,RIGHT_3Q,missingViewNoSelection,,0,1,No exact view candidate exists. Ambiguous or menu-only frames are not promoted to this view.,no_exact_candidate_for_requested_view,manual_review_required_before_selection|menu_context_only|lighting_not_measured|head_size_not_measured
CF27_XBOXUNKNOWN_RTG_SKINDETAILS_009,9,Redness 1,RIGHT_PROFILE,missingViewNoSelection,,0,1,No exact view candidate exists. Ambiguous or menu-only frames are not promoted to this view.,no_exact_candidate_for_requested_view,manual_review_required_before_selection|menu_context_only|lighting_not_measured|head_size_not_measured
CF27_XBOXUNKNOWN_RTG_SKINDETAILS_009,9,Redness 1,REAR,missingViewNoSelection,,0,1,No exact view candidate exists. Ambiguous or menu-only frames are not promoted to this view.,no_exact_candidate_for_requested_view,manual_review_required_before_selection|menu_context_only|lighting_not_measured|head_size_not_measured
CF27_XBOXUNKNOWN_RTG_SKINDETAILS_010,10,Freckles 1,FRONT,missingViewNoSelection,,0,2,No exact view candidate exists. Ambiguous or menu-only frames are not promoted to this view.,no_exact_candidate_for_requested_view,manual_review_required_before_selection|lighting_not_measured|head_size_not_measured|menu_context_only
CF27_XBOXUNKNOWN_RTG_SKINDETAILS_010,10,Freckles 1,LEFT_3Q,missingViewNoSelection,,0,1,No exact view candidate exists. Ambiguous or menu-only frames are not promoted to this view.,no_exact_candidate_for_requested_view,manual_review_required_before_selection|menu_context_only|lighting_not_measured|head_size_not_measured
CF27_XBOXUNKNOWN_RTG_SKINDETAILS_010,10,Freckles 1,LEFT_PROFILE,missingViewNoSelection,,0,1,No exact view candidate exists. Ambiguous or menu-only frames are not promoted to this view.,no_exact_candidate_for_requested_view,manual_review_required_before_selection|menu_context_only|lighting_not_measured|head_size_not_measured
CF27_XBOXUNKNOWN_RTG_SKINDETAILS_010,10,Freckles 1,RIGHT_3Q,missingViewNoSelection,,0,1,No exact view candidate exists. Ambiguous or menu-only frames are not promoted to this view.,no_exact_candidate_for_requested_view,manual_review_required_before_selection|menu_context_only|lighting_not_measured|head_size_not_measured
CF27_XBOXUNKNOWN_RTG_SKINDETAILS_010,10,Freckles 1,RIGHT_PROFILE,missingViewNoSelection,,0,1,No exact view candidate exists. Ambiguous or menu-only frames are not promoted to this view.,no_exact_candidate_for_requested_view,manual_review_required_before_selection|menu_context_only|lighting_not_measured|head_size_not_measured
CF27_XBOXUNKNOWN_RTG_SKINDETAILS_010,10,Freckles 1,REAR,missingViewNoSelection,,0,1,No exact view candidate exists. Ambiguous or menu-only frames are not promoted to this view.,no_exact_candidate_for_requested_view,manual_review_required_before_selection|menu_context_only|lighting_not_measured|head_size_not_measured
CF27_XBOXUNKNOWN_RTG_SKINTONE_001,1,Skin Tone 01,FRONT,missingViewNoSelection,,0,2,No exact view candidate exists. Ambiguous or menu-only frames are not promoted to this view.,no_exact_candidate_for_requested_view,manual_review_required_before_selection|lighting_not_measured|head_size_not_measured|menu_context_only
CF27_XBOXUNKNOWN_RTG_SKINTONE_001,1,Skin Tone 01,LEFT_3Q,missingViewNoSelection,,0,1,No exact view candidate exists. Ambiguous or menu-only frames are not promoted to this view.,no_exact_candidate_for_requested_view,manual_review_required_before_selection|menu_context_only|lighting_not_measured|head_size_not_measured
CF27_XBOXUNKNOWN_RTG_SKINTONE_001,1,Skin Tone 01,LEFT_PROFILE,missingViewNoSelection,,0,1,No exact view candidate exists. Ambiguous or menu-only frames are not promoted to this view.,no_exact_candidate_for_requested_view,manual_review_required_before_selection|menu_context_only|lighting_not_measured|head_size_not_measured
CF27_XBOXUNKNOWN_RTG_SKINTONE_001,1,Skin Tone 01,RIGHT_3Q,missingViewNoSelection,,0,1,No exact view candidate exists. Ambiguous or menu-only frames are not promoted to this view.,no_exact_candidate_for_requested_view,manual_review_required_before_selection|menu_context_only|lighting_not_measured|head_size_not_measured
CF27_XBOXUNKNOWN_RTG_SKINTONE_001,1,Skin Tone 01,RIGHT_PROFILE,missingViewNoSelection,,0,1,No exact view candidate exists. Ambiguous or menu-only frames are not promoted to this view.,no_exact_candidate_for_requested_view,manual_review_required_before_selection|menu_context_only|lighting_not_measured|head_size_not_measured
CF27_XBOXUNKNOWN_RTG_SKINTONE_001,1,Skin Tone 01,REAR,missingViewNoSelection,,0,1,No exact view candidate exists. Ambiguous or menu-only frames are not promoted to this view.,no_exact_candidate_for_requested_view,manual_review_required_before_selection|menu_context_only|lighting_not_measured|head_size_not_measured
CF27_XBOXUNKNOWN_RTG_SKINTONE_002,2,Skin Tone 02,FRONT,missingViewNoSelection,,0,2,No exact view candidate exists. Ambiguous or menu-only frames are not promoted to this view.,no_exact_candidate_for_requested_view,manual_review_required_before_selection|lighting_not_measured|head_size_not_measured|menu_context_only
CF27_XBOXUNKNOWN_RTG_SKINTONE_002,2,Skin Tone 02,LEFT_3Q,missingViewNoSelection,,0,1,No exact view candidate exists. Ambiguous or menu-only frames are not promoted to this view.,no_exact_candidate_for_requested_view,manual_review_required_before_selection|menu_context_only|lighting_not_measured|head_size_not_measured
CF27_XBOXUNKNOWN_RTG_SKINTONE_002,2,Skin Tone 02,LEFT_PROFILE,missingViewNoSelection,,0,1,No exact view candidate exists. Ambiguous or menu-only frames are not promoted to this view.,no_exact_candidate_for_requested_view,manual_review_required_before_selection|menu_context_only|lighting_not_measured|head_size_not_measured
CF27_XBOXUNKNOWN_RTG_SKINTONE_002,2,Skin Tone 02,RIGHT_3Q,missingViewNoSelection,,0,1,No exact view candidate exists. Ambiguous or menu-only frames are not promoted to this view.,no_exact_candidate_for_requested_view,manual_review_required_before_selection|menu_context_only|lighting_not_measured|head_size_not_measured
CF27_XBOXUNKNOWN_RTG_SKINTONE_002,2,Skin Tone 02,RIGHT_PROFILE,missingViewNoSelection,,0,1,No exact view candidate exists. Ambiguous or menu-only frames are not promoted to this view.,no_exact_candidate_for_requested_view,manual_review_required_before_selection|menu_context_only|lighting_not_measured|head_size_not_measured
CF27_XBOXUNKNOWN_RTG_SKINTONE_002,2,Skin Tone 02,REAR,missingViewNoSelection,,0,1,No exact view candidate exists. Ambiguous or menu-only frames are not promoted to this view.,no_exact_candidate_for_requested_view,manual_review_required_before_selection|menu_context_only|lighting_not_measured|head_size_not_measured
CF27_XBOXUNKNOWN_RTG_SKINTONE_003,3,Skin Tone 03,FRONT,missingViewNoSelection,,0,2,No exact view candidate exists. Ambiguous or menu-only frames are not promoted to this view.,no_exact_candidate_for_requested_view,manual_review_required_before_selection|lighting_not_measured|head_size_not_measured|menu_context_only
CF27_XBOXUNKNOWN_RTG_SKINTONE_003,3,Skin Tone 03,LEFT_3Q,missingViewNoSelection,,0,1,No exact view candidate exists. Ambiguous or menu-only frames are not promoted to this view.,no_exact_candidate_for_requested_view,manual_review_required_before_selection|menu_context_only|lighting_not_measured|head_size_not_measured
CF27_XBOXUNKNOWN_RTG_SKINTONE_003,3,Skin Tone 03,LEFT_PROFILE,missingViewNoSelection,,0,1,No exact view candidate exists. Ambiguous or menu-only frames are not promoted to this view.,no_exact_candidate_for_requested_view,manual_review_required_before_selection|menu_context_only|lighting_not_measured|head_size_not_measured
CF27_XBOXUNKNOWN_RTG_SKINTONE_003,3,Skin Tone 03,RIGHT_3Q,missingViewNoSelection,,0,1,No exact view candidate exists. Ambiguous or menu-only frames are not promoted to this view.,no_exact_candidate_for_requested_view,manual_review_required_before_selection|menu_context_only|lighting_not_measured|head_size_not_measured
CF27_XBOXUNKNOWN_RTG_SKINTONE_003,3,Skin Tone 03,RIGHT_PROFILE,missingViewNoSelection,,0,1,No exact view candidate exists. Ambiguous or menu-only frames are not promoted to this view.,no_exact_candidate_for_requested_view,manual_review_required_before_selection|menu_context_only|lighting_not_measured|head_size_not_measured
CF27_XBOXUNKNOWN_RTG_SKINTONE_003,3,Skin Tone 03,REAR,missingViewNoSelection,,0,1,No exact view candidate exists. Ambiguous or menu-only frames are not promoted to this view.,no_exact_candidate_for_requested_view,manual_review_required_before_selection|menu_context_only|lighting_not_measured|head_size_not_measured
CF27_XBOXUNKNOWN_RTG_SKINTONE_004,4,Skin Tone 04,FRONT,missingViewNoSelection,,0,2,No exact view candidate exists. Ambiguous or menu-only frames are not promoted to this view.,no_exact_candidate_for_requested_view,manual_review_required_before_selection|lighting_not_measured|head_size_not_measured|menu_context_only
CF27_XBOXUNKNOWN_RTG_SKINTONE_004,4,Skin Tone 04,LEFT_3Q,missingViewNoSelection,,0,1,No exact view candidate exists. Ambiguous or menu-only frames are not promoted to this view.,no_exact_candidate_for_requested_view,manual_review_required_before_selection|menu_context_only|lighting_not_measured|head_size_not_measured
CF27_XBOXUNKNOWN_RTG_SKINTONE_004,4,Skin Tone 04,LEFT_PROFILE,missingViewNoSelection,,0,1,No exact view candidate exists. Ambiguous or menu-only frames are not promoted to this view.,no_exact_candidate_for_requested_view,manual_review_required_before_selection|menu_context_only|lighting_not_measured|head_size_not_measured
CF27_XBOXUNKNOWN_RTG_SKINTONE_004,4,Skin Tone 04,RIGHT_3Q,missingViewNoSelection,,0,1,No exact view candidate exists. Ambiguous or menu-only frames are not promoted to this view.,no_exact_candidate_for_requested_view,manual_review_required_before_selection|menu_context_only|lighting_not_measured|head_size_not_measured
CF27_XBOXUNKNOWN_RTG_SKINTONE_004,4,Skin Tone 04,RIGHT_PROFILE,missingViewNoSelection,,0,1,No exact view candidate exists. Ambiguous or menu-only frames are not promoted to this view.,no_exact_candidate_for_requested_view,manual_review_required_before_selection|menu_context_only|lighting_not_measured|head_size_not_measured
CF27_XBOXUNKNOWN_RTG_SKINTONE_004,4,Skin Tone 04,REAR,missingViewNoSelection,,0,1,No exact view candidate exists. Ambiguous or menu-only frames are not promoted to this view.,no_exact_candidate_for_requested_view,manual_review_required_before_selection|menu_context_only|lighting_not_measured|head_size_not_measured
CF27_XBOXUNKNOWN_RTG_SKINTONE_005,5,Skin Tone 05,FRONT,missingViewNoSelection,,0,2,No exact view candidate exists. Ambiguous or menu-only frames are not promoted to this view.,no_exact_candidate_for_requested_view,manual_review_required_before_selection|lighting_not_measured|head_size_not_measured|menu_context_only
CF27_XBOXUNKNOWN_RTG_SKINTONE_005,5,Skin Tone 05,LEFT_3Q,missingViewNoSelection,,0,1,No exact view candidate exists. Ambiguous or menu-only frames are not promoted to this view.,no_exact_candidate_for_requested_view,manual_review_required_before_selection|menu_context_only|lighting_not_measured|head_size_not_measured
CF27_XBOXUNKNOWN_RTG_SKINTONE_005,5,Skin Tone 05,LEFT_PROFILE,missingViewNoSelection,,0,1,No exact view candidate exists. Ambiguous or menu-only frames are not promoted to this view.,no_exact_candidate_for_requested_view,manual_review_required_before_selection|menu_context_only|lighting_not_measured|head_size_not_measured
CF27_XBOXUNKNOWN_RTG_SKINTONE_005,5,Skin Tone 05,RIGHT_3Q,missingViewNoSelection,,0,1,No exact view candidate exists. Ambiguous or menu-only frames are not promoted to this view.,no_exact_candidate_for_requested_view,manual_review_required_before_selection|menu_context_only|lighting_not_measured|head_size_not_measured
CF27_XBOXUNKNOWN_RTG_SKINTONE_005,5,Skin Tone 05,RIGHT_PROFILE,missingViewNoSelection,,0,1,No exact view candidate exists. Ambiguous or menu-only frames are not promoted to this view.,no_exact_candidate_for_requested_view,manual_review_required_before_selection|menu_context_only|lighting_not_measured|head_size_not_measured
CF27_XBOXUNKNOWN_RTG_SKINTONE_005,5,Skin Tone 05,REAR,missingViewNoSelection,,0,1,No exact view candidate exists. Ambiguous or menu-only frames are not promoted to this view.,no_exact_candidate_for_requested_view,manual_review_required_before_selection|menu_context_only|lighting_not_measured|head_size_not_measured
CF27_XBOXUNKNOWN_RTG_SKINTONE_006,6,Skin Tone 06,FRONT,missingViewNoSelection,,0,2,No exact view candidate exists. Ambiguous or menu-only frames are not promoted to this view.,no_exact_candidate_for_requested_view,manual_review_required_before_selection|lighting_not_measured|head_size_not_measured|menu_context_only
CF27_XBOXUNKNOWN_RTG_SKINTONE_006,6,Skin Tone 06,LEFT_3Q,missingViewNoSelection,,0,1,No exact view candidate exists. Ambiguous or menu-only frames are not promoted to this view.,no_exact_candidate_for_requested_view,manual_review_required_before_selection|menu_context_only|lighting_not_measured|head_size_not_measured
CF27_XBOXUNKNOWN_RTG_SKINTONE_006,6,Skin Tone 06,LEFT_PROFILE,missingViewNoSelection,,0,1,No exact view candidate exists. Ambiguous or menu-only frames are not promoted to this view.,no_exact_candidate_for_requested_view,manual_review_required_before_selection|menu_context_only|lighting_not_measured|head_size_not_measured
CF27_XBOXUNKNOWN_RTG_SKINTONE_006,6,Skin Tone 06,RIGHT_3Q,missingViewNoSelection,,0,1,No exact view candidate exists. Ambiguous or menu-only frames are not promoted to this view.,no_exact_candidate_for_requested_view,manual_review_required_before_selection|menu_context_only|lighting_not_measured|head_size_not_measured
CF27_XBOXUNKNOWN_RTG_SKINTONE_006,6,Skin Tone 06,RIGHT_PROFILE,missingViewNoSelection,,0,1,No exact view candidate exists. Ambiguous or menu-only frames are not promoted to this view.,no_exact_candidate_for_requested_view,manual_review_required_before_selection|menu_context_only|lighting_not_measured|head_size_not_measured
CF27_XBOXUNKNOWN_RTG_SKINTONE_006,6,Skin Tone 06,REAR,missingViewNoSelection,,0,1,No exact view candidate exists. Ambiguous or menu-only frames are not promoted to this view.,no_exact_candidate_for_requested_view,manual_review_required_before_selection|menu_context_only|lighting_not_measured|head_size_not_measured
CF27_XBOXUNKNOWN_RTG_SKINTONE_007,7,Skin Tone 07,FRONT,missingViewNoSelection,,0,2,No exact view candidate exists. Ambiguous or menu-only frames are not promoted to this view.,no_exact_candidate_for_requested_view,manual_review_required_before_selection|lighting_not_measured|head_size_not_measured|menu_context_only
CF27_XBOXUNKNOWN_RTG_SKINTONE_007,7,Skin Tone 07,LEFT_3Q,missingViewNoSelection,,0,1,No exact view candidate exists. Ambiguous or menu-only frames are not promoted to this view.,no_exact_candidate_for_requested_view,manual_review_required_before_selection|menu_context_only|lighting_not_measured|head_size_not_measured
CF27_XBOXUNKNOWN_RTG_SKINTONE_007,7,Skin Tone 07,LEFT_PROFILE,missingViewNoSelection,,0,1,No exact view candidate exists. Ambiguous or menu-only frames are not promoted to this view.,no_exact_candidate_for_requested_view,manual_review_required_before_selection|menu_context_only|lighting_not_measured|head_size_not_measured
CF27_XBOXUNKNOWN_RTG_SKINTONE_007,7,Skin Tone 07,RIGHT_3Q,missingViewNoSelection,,0,1,No exact view candidate exists. Ambiguous or menu-only frames are not promoted to this view.,no_exact_candidate_for_requested_view,manual_review_required_before_selection|menu_context_only|lighting_not_measured|head_size_not_measured
CF27_XBOXUNKNOWN_RTG_SKINTONE_007,7,Skin Tone 07,RIGHT_PROFILE,missingViewNoSelection,,0,1,No exact view candidate exists. Ambiguous or menu-only frames are not promoted to this view.,no_exact_candidate_for_requested_view,manual_review_required_before_selection|menu_context_only|lighting_not_measured|head_size_not_measured
CF27_XBOXUNKNOWN_RTG_SKINTONE_007,7,Skin Tone 07,REAR,missingViewNoSelection,,0,1,No exact view candidate exists. Ambiguous or menu-only frames are not promoted to this view.,no_exact_candidate_for_requested_view,manual_review_required_before_selection|menu_context_only|lighting_not_measured|head_size_not_measured
CF27_XBOXUNKNOWN_RTG_SKINTONE_008,8,Skin Tone 08,FRONT,missingViewNoSelection,,0,2,No exact view candidate exists. Ambiguous or menu-only frames are not promoted to this view.,no_exact_candidate_for_requested_view,manual_review_required_before_selection|lighting_not_measured|head_size_not_measured|menu_context_only
CF27_XBOXUNKNOWN_RTG_SKINTONE_008,8,Skin Tone 08,LEFT_3Q,missingViewNoSelection,,0,1,No exact view candidate exists. Ambiguous or menu-only frames are not promoted to this view.,no_exact_candidate_for_requested_view,manual_review_required_before_selection|menu_context_only|lighting_not_measured|head_size_not_measured
CF27_XBOXUNKNOWN_RTG_SKINTONE_008,8,Skin Tone 08,LEFT_PROFILE,missingViewNoSelection,,0,1,No exact view candidate exists. Ambiguous or menu-only frames are not promoted to this view.,no_exact_candidate_for_requested_view,manual_review_required_before_selection|menu_context_only|lighting_not_measured|head_size_not_measured
CF27_XBOXUNKNOWN_RTG_SKINTONE_008,8,Skin Tone 08,RIGHT_3Q,missingViewNoSelection,,0,1,No exact view candidate exists. Ambiguous or menu-only frames are not promoted to this view.,no_exact_candidate_for_requested_view,manual_review_required_before_selection|menu_context_only|lighting_not_measured|head_size_not_measured
CF27_XBOXUNKNOWN_RTG_SKINTONE_008,8,Skin Tone 08,RIGHT_PROFILE,missingViewNoSelection,,0,1,No exact view candidate exists. Ambiguous or menu-only frames are not promoted to this view.,no_exact_candidate_for_requested_view,manual_review_required_before_selection|menu_context_only|lighting_not_measured|head_size_not_measured
CF27_XBOXUNKNOWN_RTG_SKINTONE_008,8,Skin Tone 08,REAR,missingViewNoSelection,,0,1,No exact view candidate exists. Ambiguous or menu-only frames are not promoted to this view.,no_exact_candidate_for_requested_view,manual_review_required_before_selection|menu_context_only|lighting_not_measured|head_size_not_measured
CF27_XBOXUNKNOWN_RTG_SKINTONE_009,9,Skin Tone 09,FRONT,missingViewNoSelection,,0,2,No exact view candidate exists. Ambiguous or menu-only frames are not promoted to this view.,no_exact_candidate_for_requested_view,manual_review_required_before_selection|lighting_not_measured|head_size_not_measured|menu_context_only
CF27_XBOXUNKNOWN_RTG_SKINTONE_009,9,Skin Tone 09,LEFT_3Q,missingViewNoSelection,,0,1,No exact view candidate exists. Ambiguous or menu-only frames are not promoted to this view.,no_exact_candidate_for_requested_view,manual_review_required_before_selection|menu_context_only|lighting_not_measured|head_size_not_measured
CF27_XBOXUNKNOWN_RTG_SKINTONE_009,9,Skin Tone 09,LEFT_PROFILE,missingViewNoSelection,,0,1,No exact view candidate exists. Ambiguous or menu-only frames are not promoted to this view.,no_exact_candidate_for_requested_view,manual_review_required_before_selection|menu_context_only|lighting_not_measured|head_size_not_measured
CF27_XBOXUNKNOWN_RTG_SKINTONE_009,9,Skin Tone 09,RIGHT_3Q,missingViewNoSelection,,0,1,No exact view candidate exists. Ambiguous or menu-only frames are not promoted to this view.,no_exact_candidate_for_requested_view,manual_review_required_before_selection|menu_context_only|lighting_not_measured|head_size_not_measured
CF27_XBOXUNKNOWN_RTG_SKINTONE_009,9,Skin Tone 09,RIGHT_PROFILE,missingViewNoSelection,,0,1,No exact view candidate exists. Ambiguous or menu-only frames are not promoted to this view.,no_exact_candidate_for_requested_view,manual_review_required_before_selection|menu_context_only|lighting_not_measured|head_size_not_measured
CF27_XBOXUNKNOWN_RTG_SKINTONE_009,9,Skin Tone 09,REAR,missingViewNoSelection,,0,1,No exact view candidate exists. Ambiguous or menu-only frames are not promoted to this view.,no_exact_candidate_for_requested_view,manual_review_required_before_selection|menu_context_only|lighting_not_measured|head_size_not_measured
CF27_XBOXUNKNOWN_RTG_SKINTONE_010,10,Skin Tone 10,FRONT,missingViewNoSelection,,0,2,No exact view candidate exists. Ambiguous or menu-only frames are not promoted to this view.,no_exact_candidate_for_requested_view,manual_review_required_before_selection|lighting_not_measured|head_size_not_measured|menu_context_only
CF27_XBOXUNKNOWN_RTG_SKINTONE_010,10,Skin Tone 10,LEFT_3Q,missingViewNoSelection,,0,1,No exact view candidate exists. Ambiguous or menu-only frames are not promoted to this view.,no_exact_candidate_for_requested_view,manual_review_required_before_selection|menu_context_only|lighting_not_measured|head_size_not_measured
CF27_XBOXUNKNOWN_RTG_SKINTONE_010,10,Skin Tone 10,LEFT_PROFILE,missingViewNoSelection,,0,1,No exact view candidate exists. Ambiguous or menu-only frames are not promoted to this view.,no_exact_candidate_for_requested_view,manual_review_required_before_selection|menu_context_only|lighting_not_measured|head_size_not_measured
CF27_XBOXUNKNOWN_RTG_SKINTONE_010,10,Skin Tone 10,RIGHT_3Q,missingViewNoSelection,,0,1,No exact view candidate exists. Ambiguous or menu-only frames are not promoted to this view.,no_exact_candidate_for_requested_view,manual_review_required_before_selection|menu_context_only|lighting_not_measured|head_size_not_measured
CF27_XBOXUNKNOWN_RTG_SKINTONE_010,10,Skin Tone 10,RIGHT_PROFILE,missingViewNoSelection,,0,1,No exact view candidate exists. Ambiguous or menu-only frames are not promoted to this view.,no_exact_candidate_for_requested_view,manual_review_required_before_selection|menu_context_only|lighting_not_measured|head_size_not_measured
CF27_XBOXUNKNOWN_RTG_SKINTONE_010,10,Skin Tone 10,REAR,missingViewNoSelection,,0,1,No exact view candidate exists. Ambiguous or menu-only frames are not promoted to this view.,no_exact_candidate_for_requested_view,manual_review_required_before_selection|menu_context_only|lighting_not_measured|head_size_not_measured
CF27_XBOXUNKNOWN_RTG_SKINTONE_011,11,Skin Tone 11,FRONT,missingViewNoSelection,,0,2,No exact view candidate exists. Ambiguous or menu-only frames are not promoted to this view.,no_exact_candidate_for_requested_view,manual_review_required_before_selection|lighting_not_measured|head_size_not_measured|menu_context_only
CF27_XBOXUNKNOWN_RTG_SKINTONE_011,11,Skin Tone 11,LEFT_3Q,missingViewNoSelection,,0,1,No exact view candidate exists. Ambiguous or menu-only frames are not promoted to this view.,no_exact_candidate_for_requested_view,manual_review_required_before_selection|menu_context_only|lighting_not_measured|head_size_not_measured
CF27_XBOXUNKNOWN_RTG_SKINTONE_011,11,Skin Tone 11,LEFT_PROFILE,missingViewNoSelection,,0,1,No exact view candidate exists. Ambiguous or menu-only frames are not promoted to this view.,no_exact_candidate_for_requested_view,manual_review_required_before_selection|menu_context_only|lighting_not_measured|head_size_not_measured
CF27_XBOXUNKNOWN_RTG_SKINTONE_011,11,Skin Tone 11,RIGHT_3Q,missingViewNoSelection,,0,1,No exact view candidate exists. Ambiguous or menu-only frames are not promoted to this view.,no_exact_candidate_for_requested_view,manual_review_required_before_selection|menu_context_only|lighting_not_measured|head_size_not_measured
CF27_XBOXUNKNOWN_RTG_SKINTONE_011,11,Skin Tone 11,RIGHT_PROFILE,missingViewNoSelection,,0,1,No exact view candidate exists. Ambiguous or menu-only frames are not promoted to this view.,no_exact_candidate_for_requested_view,manual_review_required_before_selection|menu_context_only|lighting_not_measured|head_size_not_measured
CF27_XBOXUNKNOWN_RTG_SKINTONE_011,11,Skin Tone 11,REAR,missingViewNoSelection,,0,1,No exact view candidate exists. Ambiguous or menu-only frames are not promoted to this view.,no_exact_candidate_for_requested_view,manual_review_required_before_selection|menu_context_only|lighting_not_measured|head_size_not_measured
CF27_XBOXUNKNOWN_RTG_SKINTONE_012,12,Skin Tone 12,FRONT,missingViewNoSelection,,0,2,No exact view candidate exists. Ambiguous or menu-only frames are not promoted to this view.,no_exact_candidate_for_requested_view,manual_review_required_before_selection|lighting_not_measured|head_size_not_measured|menu_context_only
CF27_XBOXUNKNOWN_RTG_SKINTONE_012,12,Skin Tone 12,LEFT_3Q,missingViewNoSelection,,0,1,No exact view candidate exists. Ambiguous or menu-only frames are not promoted to this view.,no_exact_candidate_for_requested_view,manual_review_required_before_selection|menu_context_only|lighting_not_measured|head_size_not_measured
CF27_XBOXUNKNOWN_RTG_SKINTONE_012,12,Skin Tone 12,LEFT_PROFILE,missingViewNoSelection,,0,1,No exact view candidate exists. Ambiguous or menu-only frames are not promoted to this view.,no_exact_candidate_for_requested_view,manual_review_required_before_selection|menu_context_only|lighting_not_measured|head_size_not_measured
CF27_XBOXUNKNOWN_RTG_SKINTONE_012,12,Skin Tone 12,RIGHT_3Q,missingViewNoSelection,,0,1,No exact view candidate exists. Ambiguous or menu-only frames are not promoted to this view.,no_exact_candidate_for_requested_view,manual_review_required_before_selection|menu_context_only|lighting_not_measured|head_size_not_measured
CF27_XBOXUNKNOWN_RTG_SKINTONE_012,12,Skin Tone 12,RIGHT_PROFILE,missingViewNoSelection,,0,1,No exact view candidate exists. Ambiguous or menu-only frames are not promoted to this view.,no_exact_candidate_for_requested_view,manual_review_required_before_selection|menu_context_only|lighting_not_measured|head_size_not_measured
CF27_XBOXUNKNOWN_RTG_SKINTONE_012,12,Skin Tone 12,REAR,missingViewNoSelection,,0,1,No exact view candidate exists. Ambiguous or menu-only frames are not promoted to this view.,no_exact_candidate_for_requested_view,manual_review_required_before_selection|menu_context_only|lighting_not_measured|head_size_not_measured
CF27_XBOXUNKNOWN_RTG_SKINTONE_013,13,Skin Tone 13,FRONT,missingViewNoSelection,,0,2,No exact view candidate exists. Ambiguous or menu-only frames are not promoted to this view.,no_exact_candidate_for_requested_view,manual_review_required_before_selection|lighting_not_measured|head_size_not_measured|menu_context_only
CF27_XBOXUNKNOWN_RTG_SKINTONE_013,13,Skin Tone 13,LEFT_3Q,missingViewNoSelection,,0,1,No exact view candidate exists. Ambiguous or menu-only frames are not promoted to this view.,no_exact_candidate_for_requested_view,manual_review_required_before_selection|menu_context_only|lighting_not_measured|head_size_not_measured
CF27_XBOXUNKNOWN_RTG_SKINTONE_013,13,Skin Tone 13,LEFT_PROFILE,missingViewNoSelection,,0,1,No exact view candidate exists. Ambiguous or menu-only frames are not promoted to this view.,no_exact_candidate_for_requested_view,manual_review_required_before_selection|menu_context_only|lighting_not_measured|head_size_not_measured
CF27_XBOXUNKNOWN_RTG_SKINTONE_013,13,Skin Tone 13,RIGHT_3Q,missingViewNoSelection,,0,1,No exact view candidate exists. Ambiguous or menu-only frames are not promoted to this view.,no_exact_candidate_for_requested_view,manual_review_required_before_selection|menu_context_only|lighting_not_measured|head_size_not_measured
CF27_XBOXUNKNOWN_RTG_SKINTONE_013,13,Skin Tone 13,RIGHT_PROFILE,missingViewNoSelection,,0,1,No exact view candidate exists. Ambiguous or menu-only frames are not promoted to this view.,no_exact_candidate_for_requested_view,manual_review_required_before_selection|menu_context_only|lighting_not_measured|head_size_not_measured
CF27_XBOXUNKNOWN_RTG_SKINTONE_013,13,Skin Tone 13,REAR,missingViewNoSelection,,0,1,No exact view candidate exists. Ambiguous or menu-only frames are not promoted to this view.,no_exact_candidate_for_requested_view,manual_review_required_before_selection|menu_context_only|lighting_not_measured|head_size_not_measured
CF27_XBOXUNKNOWN_RTG_SKINTONE_014,14,Skin Tone 14,FRONT,missingViewNoSelection,,0,2,No exact view candidate exists. Ambiguous or menu-only frames are not promoted to this view.,no_exact_candidate_for_requested_view,manual_review_required_before_selection|lighting_not_measured|head_size_not_measured|menu_context_only
CF27_XBOXUNKNOWN_RTG_SKINTONE_014,14,Skin Tone 14,LEFT_3Q,missingViewNoSelection,,0,1,No exact view candidate exists. Ambiguous or menu-only frames are not promoted to this view.,no_exact_candidate_for_requested_view,manual_review_required_before_selection|menu_context_only|lighting_not_measured|head_size_not_measured
CF27_XBOXUNKNOWN_RTG_SKINTONE_014,14,Skin Tone 14,LEFT_PROFILE,missingViewNoSelection,,0,1,No exact view candidate exists. Ambiguous or menu-only frames are not promoted to this view.,no_exact_candidate_for_requested_view,manual_review_required_before_selection|menu_context_only|lighting_not_measured|head_size_not_measured
CF27_XBOXUNKNOWN_RTG_SKINTONE_014,14,Skin Tone 14,RIGHT_3Q,missingViewNoSelection,,0,1,No exact view candidate exists. Ambiguous or menu-only frames are not promoted to this view.,no_exact_candidate_for_requested_view,manual_review_required_before_selection|menu_context_only|lighting_not_measured|head_size_not_measured
CF27_XBOXUNKNOWN_RTG_SKINTONE_014,14,Skin Tone 14,RIGHT_PROFILE,missingViewNoSelection,,0,1,No exact view candidate exists. Ambiguous or menu-only frames are not promoted to this view.,no_exact_candidate_for_requested_view,manual_review_required_before_selection|menu_context_only|lighting_not_measured|head_size_not_measured
CF27_XBOXUNKNOWN_RTG_SKINTONE_014,14,Skin Tone 14,REAR,missingViewNoSelection,,0,1,No exact view candidate exists. Ambiguous or menu-only frames are not promoted to this view.,no_exact_candidate_for_requested_view,manual_review_required_before_selection|menu_context_only|lighting_not_measured|head_size_not_measured
CF27_XBOXUNKNOWN_RTG_SKINTONE_015,15,Skin Tone 15,FRONT,missingViewNoSelection,,0,2,No exact view candidate exists. Ambiguous or menu-only frames are not promoted to this view.,no_exact_candidate_for_requested_view,manual_review_required_before_selection|lighting_not_measured|head_size_not_measured|menu_context_only
CF27_XBOXUNKNOWN_RTG_SKINTONE_015,15,Skin Tone 15,LEFT_3Q,missingViewNoSelection,,0,1,No exact view candidate exists. Ambiguous or menu-only frames are not promoted to this view.,no_exact_candidate_for_requested_view,manual_review_required_before_selection|menu_context_only|lighting_not_measured|head_size_not_measured
CF27_XBOXUNKNOWN_RTG_SKINTONE_015,15,Skin Tone 15,LEFT_PROFILE,missingViewNoSelection,,0,1,No exact view candidate exists. Ambiguous or menu-only frames are not promoted to this view.,no_exact_candidate_for_requested_view,manual_review_required_before_selection|menu_context_only|lighting_not_measured|head_size_not_measured
CF27_XBOXUNKNOWN_RTG_SKINTONE_015,15,Skin Tone 15,RIGHT_3Q,missingViewNoSelection,,0,1,No exact view candidate exists. Ambiguous or menu-only frames are not promoted to this view.,no_exact_candidate_for_requested_view,manual_review_required_before_selection|menu_context_only|lighting_not_measured|head_size_not_measured
CF27_XBOXUNKNOWN_RTG_SKINTONE_015,15,Skin Tone 15,RIGHT_PROFILE,missingViewNoSelection,,0,1,No exact view candidate exists. Ambiguous or menu-only frames are not promoted to this view.,no_exact_candidate_for_requested_view,manual_review_required_before_selection|menu_context_only|lighting_not_measured|head_size_not_measured
CF27_XBOXUNKNOWN_RTG_SKINTONE_015,15,Skin Tone 15,REAR,missingViewNoSelection,,0,1,No exact view candidate exists. Ambiguous or menu-only frames are not promoted to this view.,no_exact_candidate_for_requested_view,manual_review_required_before_selection|menu_context_only|lighting_not_measured|head_size_not_measured
CF27_XBOXUNKNOWN_RTG_SKINTONE_016,16,Skin Tone 16,FRONT,missingViewNoSelection,,0,2,No exact view candidate exists. Ambiguous or menu-only frames are not promoted to this view.,no_exact_candidate_for_requested_view,manual_review_required_before_selection|lighting_not_measured|head_size_not_measured|menu_context_only
CF27_XBOXUNKNOWN_RTG_SKINTONE_016,16,Skin Tone 16,LEFT_3Q,missingViewNoSelection,,0,1,No exact view candidate exists. Ambiguous or menu-only frames are not promoted to this view.,no_exact_candidate_for_requested_view,manual_review_required_before_selection|menu_context_only|lighting_not_measured|head_size_not_measured
CF27_XBOXUNKNOWN_RTG_SKINTONE_016,16,Skin Tone 16,LEFT_PROFILE,missingViewNoSelection,,0,1,No exact view candidate exists. Ambiguous or menu-only frames are not promoted to this view.,no_exact_candidate_for_requested_view,manual_review_required_before_selection|menu_context_only|lighting_not_measured|head_size_not_measured
CF27_XBOXUNKNOWN_RTG_SKINTONE_016,16,Skin Tone 16,RIGHT_3Q,missingViewNoSelection,,0,1,No exact view candidate exists. Ambiguous or menu-only frames are not promoted to this view.,no_exact_candidate_for_requested_view,manual_review_required_before_selection|menu_context_only|lighting_not_measured|head_size_not_measured
CF27_XBOXUNKNOWN_RTG_SKINTONE_016,16,Skin Tone 16,RIGHT_PROFILE,missingViewNoSelection,,0,1,No exact view candidate exists. Ambiguous or menu-only frames are not promoted to this view.,no_exact_candidate_for_requested_view,manual_review_required_before_selection|menu_context_only|lighting_not_measured|head_size_not_measured
CF27_XBOXUNKNOWN_RTG_SKINTONE_016,16,Skin Tone 16,REAR,missingViewNoSelection,,0,1,No exact view candidate exists. Ambiguous or menu-only frames are not promoted to this view.,no_exact_candidate_for_requested_view,manual_review_required_before_selection|menu_context_only|lighting_not_measured|head_size_not_measured
CF27_XBOXUNKNOWN_RTG_SKINTONE_017,17,Skin Tone 17,FRONT,missingViewNoSelection,,0,2,No exact view candidate exists. Ambiguous or menu-only frames are not promoted to this view.,no_exact_candidate_for_requested_view,manual_review_required_before_selection|lighting_not_measured|head_size_not_measured|menu_context_only
CF27_XBOXUNKNOWN_RTG_SKINTONE_017,17,Skin Tone 17,LEFT_3Q,missingViewNoSelection,,0,1,No exact view candidate exists. Ambiguous or menu-only frames are not promoted to this view.,no_exact_candidate_for_requested_view,manual_review_required_before_selection|menu_context_only|lighting_not_measured|head_size_not_measured
CF27_XBOXUNKNOWN_RTG_SKINTONE_017,17,Skin Tone 17,LEFT_PROFILE,missingViewNoSelection,,0,1,No exact view candidate exists. Ambiguous or menu-only frames are not promoted to this view.,no_exact_candidate_for_requested_view,manual_review_required_before_selection|menu_context_only|lighting_not_measured|head_size_not_measured
CF27_XBOXUNKNOWN_RTG_SKINTONE_017,17,Skin Tone 17,RIGHT_3Q,missingViewNoSelection,,0,1,No exact view candidate exists. Ambiguous or menu-only frames are not promoted to this view.,no_exact_candidate_for_requested_view,manual_review_required_before_selection|menu_context_only|lighting_not_measured|head_size_not_measured
CF27_XBOXUNKNOWN_RTG_SKINTONE_017,17,Skin Tone 17,RIGHT_PROFILE,missingViewNoSelection,,0,1,No exact view candidate exists. Ambiguous or menu-only frames are not promoted to this view.,no_exact_candidate_for_requested_view,manual_review_required_before_selection|menu_context_only|lighting_not_measured|head_size_not_measured
CF27_XBOXUNKNOWN_RTG_SKINTONE_017,17,Skin Tone 17,REAR,missingViewNoSelection,,0,1,No exact view candidate exists. Ambiguous or menu-only frames are not promoted to this view.,no_exact_candidate_for_requested_view,manual_review_required_before_selection|menu_context_only|lighting_not_measured|head_size_not_measured
CF27_XBOXUNKNOWN_RTG_SKINTONE_018,18,Skin Tone 18,FRONT,missingViewNoSelection,,0,2,No exact view candidate exists. Ambiguous or menu-only frames are not promoted to this view.,no_exact_candidate_for_requested_view,manual_review_required_before_selection|lighting_not_measured|head_size_not_measured|menu_context_only
CF27_XBOXUNKNOWN_RTG_SKINTONE_018,18,Skin Tone 18,LEFT_3Q,missingViewNoSelection,,0,1,No exact view candidate exists. Ambiguous or menu-only frames are not promoted to this view.,no_exact_candidate_for_requested_view,manual_review_required_before_selection|menu_context_only|lighting_not_measured|head_size_not_measured
CF27_XBOXUNKNOWN_RTG_SKINTONE_018,18,Skin Tone 18,LEFT_PROFILE,missingViewNoSelection,,0,1,No exact view candidate exists. Ambiguous or menu-only frames are not promoted to this view.,no_exact_candidate_for_requested_view,manual_review_required_before_selection|menu_context_only|lighting_not_measured|head_size_not_measured
CF27_XBOXUNKNOWN_RTG_SKINTONE_018,18,Skin Tone 18,RIGHT_3Q,missingViewNoSelection,,0,1,No exact view candidate exists. Ambiguous or menu-only frames are not promoted to this view.,no_exact_candidate_for_requested_view,manual_review_required_before_selection|menu_context_only|lighting_not_measured|head_size_not_measured
CF27_XBOXUNKNOWN_RTG_SKINTONE_018,18,Skin Tone 18,RIGHT_PROFILE,missingViewNoSelection,,0,1,No exact view candidate exists. Ambiguous or menu-only frames are not promoted to this view.,no_exact_candidate_for_requested_view,manual_review_required_before_selection|menu_context_only|lighting_not_measured|head_size_not_measured
CF27_XBOXUNKNOWN_RTG_SKINTONE_018,18,Skin Tone 18,REAR,missingViewNoSelection,,0,1,No exact view candidate exists. Ambiguous or menu-only frames are not promoted to this view.,no_exact_candidate_for_requested_view,manual_review_required_before_selection|menu_context_only|lighting_not_measured|head_size_not_measured
CF27_XBOXUNKNOWN_RTG_SKINTONE_019,19,Skin Tone 19,FRONT,missingViewNoSelection,,0,2,No exact view candidate exists. Ambiguous or menu-only frames are not promoted to this view.,no_exact_candidate_for_requested_view,manual_review_required_before_selection|lighting_not_measured|head_size_not_measured|menu_context_only
CF27_XBOXUNKNOWN_RTG_SKINTONE_019,19,Skin Tone 19,LEFT_3Q,missingViewNoSelection,,0,1,No exact view candidate exists. Ambiguous or menu-only frames are not promoted to this view.,no_exact_candidate_for_requested_view,manual_review_required_before_selection|menu_context_only|lighting_not_measured|head_size_not_measured
CF27_XBOXUNKNOWN_RTG_SKINTONE_019,19,Skin Tone 19,LEFT_PROFILE,missingViewNoSelection,,0,1,No exact view candidate exists. Ambiguous or menu-only frames are not promoted to this view.,no_exact_candidate_for_requested_view,manual_review_required_before_selection|menu_context_only|lighting_not_measured|head_size_not_measured
CF27_XBOXUNKNOWN_RTG_SKINTONE_019,19,Skin Tone 19,RIGHT_3Q,missingViewNoSelection,,0,1,No exact view candidate exists. Ambiguous or menu-only frames are not promoted to this view.,no_exact_candidate_for_requested_view,manual_review_required_before_selection|menu_context_only|lighting_not_measured|head_size_not_measured
CF27_XBOXUNKNOWN_RTG_SKINTONE_019,19,Skin Tone 19,RIGHT_PROFILE,missingViewNoSelection,,0,1,No exact view candidate exists. Ambiguous or menu-only frames are not promoted to this view.,no_exact_candidate_for_requested_view,manual_review_required_before_selection|menu_context_only|lighting_not_measured|head_size_not_measured
CF27_XBOXUNKNOWN_RTG_SKINTONE_019,19,Skin Tone 19,REAR,missingViewNoSelection,,0,1,No exact view candidate exists. Ambiguous or menu-only frames are not promoted to this view.,no_exact_candidate_for_requested_view,manual_review_required_before_selection|menu_context_only|lighting_not_measured|head_size_not_measured
CF27_XBOXUNKNOWN_RTG_SKINTONE_020,20,Skin Tone 20,FRONT,missingViewNoSelection,,0,2,No exact view candidate exists. Ambiguous or menu-only frames are not promoted to this view.,no_exact_candidate_for_requested_view,manual_review_required_before_selection|lighting_not_measured|head_size_not_measured|menu_context_only
CF27_XBOXUNKNOWN_RTG_SKINTONE_020,20,Skin Tone 20,LEFT_3Q,missingViewNoSelection,,0,1,No exact view candidate exists. Ambiguous or menu-only frames are not promoted to this view.,no_exact_candidate_for_requested_view,manual_review_required_before_selection|menu_context_only|lighting_not_measured|head_size_not_measured
CF27_XBOXUNKNOWN_RTG_SKINTONE_020,20,Skin Tone 20,LEFT_PROFILE,missingViewNoSelection,,0,1,No exact view candidate exists. Ambiguous or menu-only frames are not promoted to this view.,no_exact_candidate_for_requested_view,manual_review_required_before_selection|menu_context_only|lighting_not_measured|head_size_not_measured
CF27_XBOXUNKNOWN_RTG_SKINTONE_020,20,Skin Tone 20,RIGHT_3Q,missingViewNoSelection,,0,1,No exact view candidate exists. Ambiguous or menu-only frames are not promoted to this view.,no_exact_candidate_for_requested_view,manual_review_required_before_selection|menu_context_only|lighting_not_measured|head_size_not_measured
CF27_XBOXUNKNOWN_RTG_SKINTONE_020,20,Skin Tone 20,RIGHT_PROFILE,missingViewNoSelection,,0,1,No exact view candidate exists. Ambiguous or menu-only frames are not promoted to this view.,no_exact_candidate_for_requested_view,manual_review_required_before_selection|menu_context_only|lighting_not_measured|head_size_not_measured
CF27_XBOXUNKNOWN_RTG_SKINTONE_020,20,Skin Tone 20,REAR,missingViewNoSelection,,0,1,No exact view candidate exists. Ambiguous or menu-only frames are not promoted to this view.,no_exact_candidate_for_requested_view,manual_review_required_before_selection|menu_context_only|lighting_not_measured|head_size_not_measured
CF27_XBOXUNKNOWN_RTG_SKINTONE_021,21,Skin Tone 21,FRONT,missingViewNoSelection,,0,2,No exact view candidate exists. Ambiguous or menu-only frames are not promoted to this view.,no_exact_candidate_for_requested_view,manual_review_required_before_selection|lighting_not_measured|head_size_not_measured|menu_context_only
CF27_XBOXUNKNOWN_RTG_SKINTONE_021,21,Skin Tone 21,LEFT_3Q,missingViewNoSelection,,0,1,No exact view candidate exists. Ambiguous or menu-only frames are not promoted to this view.,no_exact_candidate_for_requested_view,manual_review_required_before_selection|menu_context_only|lighting_not_measured|head_size_not_measured
CF27_XBOXUNKNOWN_RTG_SKINTONE_021,21,Skin Tone 21,LEFT_PROFILE,missingViewNoSelection,,0,1,No exact view candidate exists. Ambiguous or menu-only frames are not promoted to this view.,no_exact_candidate_for_requested_view,manual_review_required_before_selection|menu_context_only|lighting_not_measured|head_size_not_measured
CF27_XBOXUNKNOWN_RTG_SKINTONE_021,21,Skin Tone 21,RIGHT_3Q,missingViewNoSelection,,0,1,No exact view candidate exists. Ambiguous or menu-only frames are not promoted to this view.,no_exact_candidate_for_requested_view,manual_review_required_before_selection|menu_context_only|lighting_not_measured|head_size_not_measured
CF27_XBOXUNKNOWN_RTG_SKINTONE_021,21,Skin Tone 21,RIGHT_PROFILE,missingViewNoSelection,,0,1,No exact view candidate exists. Ambiguous or menu-only frames are not promoted to this view.,no_exact_candidate_for_requested_view,manual_review_required_before_selection|menu_context_only|lighting_not_measured|head_size_not_measured
CF27_XBOXUNKNOWN_RTG_SKINTONE_021,21,Skin Tone 21,REAR,missingViewNoSelection,,0,1,No exact view candidate exists. Ambiguous or menu-only frames are not promoted to this view.,no_exact_candidate_for_requested_view,manual_review_required_before_selection|menu_context_only|lighting_not_measured|head_size_not_measured
CF27_XBOXUNKNOWN_RTG_SKINTONE_022,22,Skin Tone 22,FRONT,missingViewNoSelection,,0,2,No exact view candidate exists. Ambiguous or menu-only frames are not promoted to this view.,no_exact_candidate_for_requested_view,manual_review_required_before_selection|lighting_not_measured|head_size_not_measured|menu_context_only
CF27_XBOXUNKNOWN_RTG_SKINTONE_022,22,Skin Tone 22,LEFT_3Q,missingViewNoSelection,,0,1,No exact view candidate exists. Ambiguous or menu-only frames are not promoted to this view.,no_exact_candidate_for_requested_view,manual_review_required_before_selection|menu_context_only|lighting_not_measured|head_size_not_measured
CF27_XBOXUNKNOWN_RTG_SKINTONE_022,22,Skin Tone 22,LEFT_PROFILE,missingViewNoSelection,,0,1,No exact view candidate exists. Ambiguous or menu-only frames are not promoted to this view.,no_exact_candidate_for_requested_view,manual_review_required_before_selection|menu_context_only|lighting_not_measured|head_size_not_measured
CF27_XBOXUNKNOWN_RTG_SKINTONE_022,22,Skin Tone 22,RIGHT_3Q,missingViewNoSelection,,0,1,No exact view candidate exists. Ambiguous or menu-only frames are not promoted to this view.,no_exact_candidate_for_requested_view,manual_review_required_before_selection|menu_context_only|lighting_not_measured|head_size_not_measured
CF27_XBOXUNKNOWN_RTG_SKINTONE_022,22,Skin Tone 22,RIGHT_PROFILE,missingViewNoSelection,,0,1,No exact view candidate exists. Ambiguous or menu-only frames are not promoted to this view.,no_exact_candidate_for_requested_view,manual_review_required_before_selection|menu_context_only|lighting_not_measured|head_size_not_measured
CF27_XBOXUNKNOWN_RTG_SKINTONE_022,22,Skin Tone 22,REAR,missingViewNoSelection,,0,1,No exact view candidate exists. Ambiguous or menu-only frames are not promoted to this view.,no_exact_candidate_for_requested_view,manual_review_required_before_selection|menu_context_only|lighting_not_measured|head_size_not_measured
CF27_XBOXUNKNOWN_RTG_SKINTONE_023,23,Skin Tone 23,FRONT,missingViewNoSelection,,0,2,No exact view candidate exists. Ambiguous or menu-only frames are not promoted to this view.,no_exact_candidate_for_requested_view,manual_review_required_before_selection|lighting_not_measured|head_size_not_measured|menu_context_only
CF27_XBOXUNKNOWN_RTG_SKINTONE_023,23,Skin Tone 23,LEFT_3Q,missingViewNoSelection,,0,1,No exact view candidate exists. Ambiguous or menu-only frames are not promoted to this view.,no_exact_candidate_for_requested_view,manual_review_required_before_selection|menu_context_only|lighting_not_measured|head_size_not_measured
CF27_XBOXUNKNOWN_RTG_SKINTONE_023,23,Skin Tone 23,LEFT_PROFILE,missingViewNoSelection,,0,1,No exact view candidate exists. Ambiguous or menu-only frames are not promoted to this view.,no_exact_candidate_for_requested_view,manual_review_required_before_selection|menu_context_only|lighting_not_measured|head_size_not_measured
CF27_XBOXUNKNOWN_RTG_SKINTONE_023,23,Skin Tone 23,RIGHT_3Q,missingViewNoSelection,,0,1,No exact view candidate exists. Ambiguous or menu-only frames are not promoted to this view.,no_exact_candidate_for_requested_view,manual_review_required_before_selection|menu_context_only|lighting_not_measured|head_size_not_measured
CF27_XBOXUNKNOWN_RTG_SKINTONE_023,23,Skin Tone 23,RIGHT_PROFILE,missingViewNoSelection,,0,1,No exact view candidate exists. Ambiguous or menu-only frames are not promoted to this view.,no_exact_candidate_for_requested_view,manual_review_required_before_selection|menu_context_only|lighting_not_measured|head_size_not_measured
CF27_XBOXUNKNOWN_RTG_SKINTONE_023,23,Skin Tone 23,REAR,missingViewNoSelection,,0,1,No exact view candidate exists. Ambiguous or menu-only frames are not promoted to this view.,no_exact_candidate_for_requested_view,manual_review_required_before_selection|menu_context_only|lighting_not_measured|head_size_not_measured
CF27_XBOXUNKNOWN_RTG_SKINTONE_024,24,Skin Tone 24,FRONT,missingViewNoSelection,,0,2,No exact view candidate exists. Ambiguous or menu-only frames are not promoted to this view.,no_exact_candidate_for_requested_view,manual_review_required_before_selection|lighting_not_measured|head_size_not_measured|menu_context_only
CF27_XBOXUNKNOWN_RTG_SKINTONE_024,24,Skin Tone 24,LEFT_3Q,missingViewNoSelection,,0,1,No exact view candidate exists. Ambiguous or menu-only frames are not promoted to this view.,no_exact_candidate_for_requested_view,manual_review_required_before_selection|menu_context_only|lighting_not_measured|head_size_not_measured
CF27_XBOXUNKNOWN_RTG_SKINTONE_024,24,Skin Tone 24,LEFT_PROFILE,missingViewNoSelection,,0,1,No exact view candidate exists. Ambiguous or menu-only frames are not promoted to this view.,no_exact_candidate_for_requested_view,manual_review_required_before_selection|menu_context_only|lighting_not_measured|head_size_not_measured
CF27_XBOXUNKNOWN_RTG_SKINTONE_024,24,Skin Tone 24,RIGHT_3Q,missingViewNoSelection,,0,1,No exact view candidate exists. Ambiguous or menu-only frames are not promoted to this view.,no_exact_candidate_for_requested_view,manual_review_required_before_selection|menu_context_only|lighting_not_measured|head_size_not_measured
CF27_XBOXUNKNOWN_RTG_SKINTONE_024,24,Skin Tone 24,RIGHT_PROFILE,missingViewNoSelection,,0,1,No exact view candidate exists. Ambiguous or menu-only frames are not promoted to this view.,no_exact_candidate_for_requested_view,manual_review_required_before_selection|menu_context_only|lighting_not_measured|head_size_not_measured
CF27_XBOXUNKNOWN_RTG_SKINTONE_024,24,Skin Tone 24,REAR,missingViewNoSelection,,0,1,No exact view candidate exists. Ambiguous or menu-only frames are not promoted to this view.,no_exact_candidate_for_requested_view,manual_review_required_before_selection|menu_context_only|lighting_not_measured|head_size_not_measured
