record_id,file_path,record_path,record_kind,classification,source_type,data_class,production_status,verification_status,has_source_evidence,has_catalog_manager_disposition,production_access_allowed,reasons,blocking_issues
$,data/audit/college-football-27/templates/audit-session-template.json,$,template_record,PLACEHOLDER,researchDraft,,,,false,false,false,sourceType:researchDraft,placeholderToken
REPLACE_WITH_STABLE_INTERNAL_ID,data/audit/college-football-27/templates/catalog-item-template.json,$,catalog_record,PLACEHOLDER,researchDraft,,,unverified,true,false,false,sourceType:researchDraft;verification:unverified,placeholderToken
$.auditTrail,data/audit/college-football-27/templates/catalog-item-template.json,$.auditTrail,template_record,PLACEHOLDER,,,,,false,false,false,,placeholderToken
$.captureConditions,data/audit/college-football-27/templates/catalog-item-template.json,$.captureConditions,template_record,PLACEHOLDER,,,,,false,false,false,,placeholderToken
$.catalogVersion,data/audit/college-football-27/templates/catalog-item-template.json,$.catalogVersion,template_record,PLACEHOLDER,,,,,false,false,false,,placeholderToken
$.geometryMeasurements,data/audit/college-football-27/templates/catalog-item-template.json,$.geometryMeasurements,template_record,PLACEHOLDER,,,,,false,false,false,,placeholderToken
$.geometryMeasurements.faceWidthRatio,data/audit/college-football-27/templates/catalog-item-template.json,$.geometryMeasurements.faceWidthRatio,template_record,PLACEHOLDER,,,,,false,false,false,,placeholderToken
$.humanAnnotations,data/audit/college-football-27/templates/catalog-item-template.json,$.humanAnnotations,template_record,PLACEHOLDER,,,,,false,false,false,,placeholderToken
$.navigationInstructions[0],data/audit/college-football-27/templates/catalog-item-template.json,$.navigationInstructions[0],template_record,PLACEHOLDER,,,,,false,false,false,,placeholderToken
$.requiredAngles,data/audit/college-football-27/templates/catalog-item-template.json,$.requiredAngles,template_record,PLACEHOLDER,,,,,false,false,false,,placeholderToken
$,data/audit/college-football-27/templates/catalog-manifest-template.json,$,template_record,PLACEHOLDER,researchDraft,,,,false,false,false,sourceType:researchDraft,placeholderToken
$.catalogVersion,data/audit/college-football-27/templates/catalog-manifest-template.json,$.catalogVersion,template_record,PLACEHOLDER,,,,,false,false,false,,placeholderToken
$,data/fixtures/test-only/evidence-manifest/approved/CF27_PS5_RTG_HEAD_001_leftProfile_1.0.0_patch-test_20260712.json,$,fixture_record,TEST_FIXTURE,testFixture,,,,false,false,false,sourceType:testFixture,fixtureRecord
$,data/fixtures/test-only/evidence-manifest/metadata.json,$,fixture_record,TEST_FIXTURE,testFixture,,,,false,false,false,sourceType:testFixture,fixtureRecord
$.files,data/fixtures/test-only/evidence-manifest/metadata.json,$.files,fixture_record,TEST_FIXTURE,,,,,false,false,false,,fixtureRecord
environment-test-only,data/fixtures/test-only/evidence-manifest/metadata.json,$.files.data/fixtures/test-only/evidence-manifest/approved/CF27_PS5_RTG_HEAD_001_front_1.0.0_patch-test_20260712.txt,environment_record,TEST_FIXTURE,,,,,false,false,false,,fixtureRecord
creation-path-test-only,data/fixtures/test-only/evidence-manifest/metadata.json,$.files.data/fixtures/test-only/evidence-manifest/approved/CF27_PS5_RTG_HEAD_001_front_1.0.0_patch-test_20260712.txt.captureMetadata,creation_path_record,TEST_FIXTURE,,,,,false,false,false,,fixtureRecord
environment-test-only,data/fixtures/test-only/evidence-manifest/metadata.json,$.files.data/fixtures/test-only/evidence-manifest/approved/CF27_PS5_RTG_HEAD_001_leftProfile_1.0.0_patch-test_20260712.json,environment_record,TEST_FIXTURE,,,,,false,false,false,,fixtureRecord
creation-path-test-only,data/fixtures/test-only/evidence-manifest/metadata.json,$.files.data/fixtures/test-only/evidence-manifest/approved/CF27_PS5_RTG_HEAD_001_leftProfile_1.0.0_patch-test_20260712.json.captureMetadata,creation_path_record,TEST_FIXTURE,,,,,false,false,false,,fixtureRecord
$,data/fixtures/test-only/manual-matching-study/synthetic-study-result.json,$,fixture_record,TEST_FIXTURE,testFixture,,,complete,false,false,false,sourceType:testFixture;verification:complete,fixtureRecord
$.catalogVersion,data/fixtures/test-only/manual-matching-study/synthetic-study-result.json,$.catalogVersion,fixture_record,TEST_FIXTURE,,,,,false,false,false,,fixtureRecord
$.consentRecord,data/fixtures/test-only/manual-matching-study/synthetic-study-result.json,$.consentRecord,fixture_record,TEST_FIXTURE,,,,,false,false,false,,fixtureRecord
$.facialHairChoice,data/fixtures/test-only/manual-matching-study/synthetic-study-result.json,$.facialHairChoice,fixture_record,TEST_FIXTURE,,,,,false,false,false,,fixtureRecord
$.hairChoice,data/fixtures/test-only/manual-matching-study/synthetic-study-result.json,$.hairChoice,fixture_record,TEST_FIXTURE,,,,,false,false,false,,fixtureRecord
$.rankedHeadChoices[0],data/fixtures/test-only/manual-matching-study/synthetic-study-result.json,$.rankedHeadChoices[0],fixture_record,TEST_FIXTURE,,,,,false,false,false,,fixtureRecord
$.rankedHeadChoices[1],data/fixtures/test-only/manual-matching-study/synthetic-study-result.json,$.rankedHeadChoices[1],fixture_record,TEST_FIXTURE,,,,,false,false,false,,fixtureRecord
$.rankedHeadChoices[2],data/fixtures/test-only/manual-matching-study/synthetic-study-result.json,$.rankedHeadChoices[2],fixture_record,TEST_FIXTURE,,,,,false,false,false,,fixtureRecord
$.rawMediaDeletionState,data/fixtures/test-only/manual-matching-study/synthetic-study-result.json,$.rawMediaDeletionState,fixture_record,TEST_FIXTURE,,,,deleted,false,false,false,verification:deleted,fixtureRecord
$.referenceViewCompleteness,data/fixtures/test-only/manual-matching-study/synthetic-study-result.json,$.referenceViewCompleteness,fixture_record,TEST_FIXTURE,,,,,false,false,false,,fixtureRecord
$.resultTimestamps,data/fixtures/test-only/manual-matching-study/synthetic-study-result.json,$.resultTimestamps,fixture_record,TEST_FIXTURE,,,,,false,false,false,,fixtureRecord
$.reviewerAgreement,data/fixtures/test-only/manual-matching-study/synthetic-study-result.json,$.reviewerAgreement,fixture_record,TEST_FIXTURE,,,,,false,false,false,,fixtureRecord
$.subjectPreferredResult,data/fixtures/test-only/manual-matching-study/synthetic-study-result.json,$.subjectPreferredResult,fixture_record,TEST_FIXTURE,,,,,false,false,false,,fixtureRecord
$,data/fixtures/test-only/matching/synthetic-catalog.json,$,fixture_record,TEST_FIXTURE,testFixture,,,,false,false,false,sourceType:testFixture,fixtureRecord
$.catalogVersion,data/fixtures/test-only/matching/synthetic-catalog.json,$.catalogVersion,fixture_record,TEST_FIXTURE,,,,,false,false,false,,fixtureRecord
synthetic-match-alpha,data/fixtures/test-only/matching/synthetic-catalog.json,$.items[0],catalog_record,TEST_FIXTURE,testFixture,,,verified,true,false,false,sourceType:testFixture;verification:verified,fixtureRecord
$.items[0].catalogVersion,data/fixtures/test-only/matching/synthetic-catalog.json,$.items[0].catalogVersion,fixture_record,TEST_FIXTURE,,,,,false,false,false,,fixtureRecord
$.items[0].geometryMeasurements,data/fixtures/test-only/matching/synthetic-catalog.json,$.items[0].geometryMeasurements,fixture_record,TEST_FIXTURE,,,,,false,false,false,,fixtureRecord
$.items[0].geometryMeasurements.eyeSpacingRatio,data/fixtures/test-only/matching/synthetic-catalog.json,$.items[0].geometryMeasurements.eyeSpacingRatio,fixture_record,TEST_FIXTURE,,,,,false,false,false,,fixtureRecord
$.items[0].geometryMeasurements.faceWidthRatio,data/fixtures/test-only/matching/synthetic-catalog.json,$.items[0].geometryMeasurements.faceWidthRatio,fixture_record,TEST_FIXTURE,,,,,false,false,false,,fixtureRecord
$.items[0].geometryMeasurements.jawWidthRatio,data/fixtures/test-only/matching/synthetic-catalog.json,$.items[0].geometryMeasurements.jawWidthRatio,fixture_record,TEST_FIXTURE,,,,,false,false,false,,fixtureRecord
$.items[0].geometryMeasurements.mouthWidthRatio,data/fixtures/test-only/matching/synthetic-catalog.json,$.items[0].geometryMeasurements.mouthWidthRatio,fixture_record,TEST_FIXTURE,,,,,false,false,false,,fixtureRecord
$.items[0].geometryMeasurements.noseWidthRatio,data/fixtures/test-only/matching/synthetic-catalog.json,$.items[0].geometryMeasurements.noseWidthRatio,fixture_record,TEST_FIXTURE,,,,,false,false,false,,fixtureRecord
$.items[0].humanAnnotations,data/fixtures/test-only/matching/synthetic-catalog.json,$.items[0].humanAnnotations,fixture_record,TEST_FIXTURE,,,,,false,false,false,,fixtureRecord
$.items[0].navigationInstructions[0],data/fixtures/test-only/matching/synthetic-catalog.json,$.items[0].navigationInstructions[0],fixture_record,TEST_FIXTURE,,,,,false,false,false,,fixtureRecord
$.items[0].requiredAngles,data/fixtures/test-only/matching/synthetic-catalog.json,$.items[0].requiredAngles,fixture_record,TEST_FIXTURE,,,,,false,false,false,,fixtureRecord
synthetic-match-beta,data/fixtures/test-only/matching/synthetic-catalog.json,$.items[1],catalog_record,TEST_FIXTURE,testFixture,,,verified,true,false,false,sourceType:testFixture;verification:verified,fixtureRecord
$.items[1].catalogVersion,data/fixtures/test-only/matching/synthetic-catalog.json,$.items[1].catalogVersion,fixture_record,TEST_FIXTURE,,,,,false,false,false,,fixtureRecord
$.items[1].geometryMeasurements,data/fixtures/test-only/matching/synthetic-catalog.json,$.items[1].geometryMeasurements,fixture_record,TEST_FIXTURE,,,,,false,false,false,,fixtureRecord
$.items[1].geometryMeasurements.eyeSpacingRatio,data/fixtures/test-only/matching/synthetic-catalog.json,$.items[1].geometryMeasurements.eyeSpacingRatio,fixture_record,TEST_FIXTURE,,,,,false,false,false,,fixtureRecord
$.items[1].geometryMeasurements.faceWidthRatio,data/fixtures/test-only/matching/synthetic-catalog.json,$.items[1].geometryMeasurements.faceWidthRatio,fixture_record,TEST_FIXTURE,,,,,false,false,false,,fixtureRecord
$.items[1].geometryMeasurements.jawWidthRatio,data/fixtures/test-only/matching/synthetic-catalog.json,$.items[1].geometryMeasurements.jawWidthRatio,fixture_record,TEST_FIXTURE,,,,,false,false,false,,fixtureRecord
$.items[1].geometryMeasurements.mouthWidthRatio,data/fixtures/test-only/matching/synthetic-catalog.json,$.items[1].geometryMeasurements.mouthWidthRatio,fixture_record,TEST_FIXTURE,,,,,false,false,false,,fixtureRecord
$.items[1].geometryMeasurements.noseWidthRatio,data/fixtures/test-only/matching/synthetic-catalog.json,$.items[1].geometryMeasurements.noseWidthRatio,fixture_record,TEST_FIXTURE,,,,,false,false,false,,fixtureRecord
$.items[1].humanAnnotations,data/fixtures/test-only/matching/synthetic-catalog.json,$.items[1].humanAnnotations,fixture_record,TEST_FIXTURE,,,,,false,false,false,,fixtureRecord
$.items[1].navigationInstructions[0],data/fixtures/test-only/matching/synthetic-catalog.json,$.items[1].navigationInstructions[0],fixture_record,TEST_FIXTURE,,,,,false,false,false,,fixtureRecord
$.items[1].requiredAngles,data/fixtures/test-only/matching/synthetic-catalog.json,$.items[1].requiredAngles,fixture_record,TEST_FIXTURE,,,,,false,false,false,,fixtureRecord
synthetic-match-gamma,data/fixtures/test-only/matching/synthetic-catalog.json,$.items[2],catalog_record,TEST_FIXTURE,testFixture,,,verified,true,false,false,sourceType:testFixture;verification:verified,fixtureRecord
$.items[2].catalogVersion,data/fixtures/test-only/matching/synthetic-catalog.json,$.items[2].catalogVersion,fixture_record,TEST_FIXTURE,,,,,false,false,false,,fixtureRecord
$.items[2].geometryMeasurements,data/fixtures/test-only/matching/synthetic-catalog.json,$.items[2].geometryMeasurements,fixture_record,TEST_FIXTURE,,,,,false,false,false,,fixtureRecord
$.items[2].geometryMeasurements.eyeSpacingRatio,data/fixtures/test-only/matching/synthetic-catalog.json,$.items[2].geometryMeasurements.eyeSpacingRatio,fixture_record,TEST_FIXTURE,,,,,false,false,false,,fixtureRecord
$.items[2].geometryMeasurements.faceWidthRatio,data/fixtures/test-only/matching/synthetic-catalog.json,$.items[2].geometryMeasurements.faceWidthRatio,fixture_record,TEST_FIXTURE,,,,,false,false,false,,fixtureRecord
$.items[2].geometryMeasurements.jawWidthRatio,data/fixtures/test-only/matching/synthetic-catalog.json,$.items[2].geometryMeasurements.jawWidthRatio,fixture_record,TEST_FIXTURE,,,,,false,false,false,,fixtureRecord
$.items[2].geometryMeasurements.mouthWidthRatio,data/fixtures/test-only/matching/synthetic-catalog.json,$.items[2].geometryMeasurements.mouthWidthRatio,fixture_record,TEST_FIXTURE,,,,,false,false,false,,fixtureRecord
$.items[2].geometryMeasurements.noseWidthRatio,data/fixtures/test-only/matching/synthetic-catalog.json,$.items[2].geometryMeasurements.noseWidthRatio,fixture_record,TEST_FIXTURE,,,,,false,false,false,,fixtureRecord
$.items[2].humanAnnotations,data/fixtures/test-only/matching/synthetic-catalog.json,$.items[2].humanAnnotations,fixture_record,TEST_FIXTURE,,,,,false,false,false,,fixtureRecord
$.items[2].navigationInstructions[0],data/fixtures/test-only/matching/synthetic-catalog.json,$.items[2].navigationInstructions[0],fixture_record,TEST_FIXTURE,,,,,false,false,false,,fixtureRecord
$.items[2].requiredAngles,data/fixtures/test-only/matching/synthetic-catalog.json,$.items[2].requiredAngles,fixture_record,TEST_FIXTURE,,,,,false,false,false,,fixtureRecord
$,data/fixtures/test-only/standard-face-profile/legacy-web-mvp-profile-v1.json,$,fixture_record,TEST_FIXTURE,testFixture,,,,false,false,false,sourceType:testFixture,fixtureRecord
$.appearance,data/fixtures/test-only/standard-face-profile/legacy-web-mvp-profile-v1.json,$.appearance,fixture_record,TEST_FIXTURE,,,,,false,false,false,,fixtureRecord
$.capture,data/fixtures/test-only/standard-face-profile/legacy-web-mvp-profile-v1.json,$.capture,fixture_record,TEST_FIXTURE,,,,,false,false,false,,fixtureRecord
$.geometry,data/fixtures/test-only/standard-face-profile/legacy-web-mvp-profile-v1.json,$.geometry,fixture_record,TEST_FIXTURE,,,,,false,false,false,,fixtureRecord
$.geometry.measurements,data/fixtures/test-only/standard-face-profile/legacy-web-mvp-profile-v1.json,$.geometry.measurements,fixture_record,TEST_FIXTURE,,,,,false,false,false,,fixtureRecord
$.geometry.measurements.faceWidthRatio,data/fixtures/test-only/standard-face-profile/legacy-web-mvp-profile-v1.json,$.geometry.measurements.faceWidthRatio,fixture_record,TEST_FIXTURE,,,,,false,false,false,,fixtureRecord
$.geometry.measurements.faceWidthRatio.confidence,data/fixtures/test-only/standard-face-profile/legacy-web-mvp-profile-v1.json,$.geometry.measurements.faceWidthRatio.confidence,fixture_record,TEST_FIXTURE,,,,,false,false,false,,fixtureRecord
$.qualityReport,data/fixtures/test-only/standard-face-profile/legacy-web-mvp-profile-v1.json,$.qualityReport,fixture_record,TEST_FIXTURE,,,,,false,false,false,,fixtureRecord
$.sourceAngleAvailability,data/fixtures/test-only/standard-face-profile/legacy-web-mvp-profile-v1.json,$.sourceAngleAvailability,fixture_record,TEST_FIXTURE,,,,,false,false,false,,fixtureRecord
$.sourceAngleAvailability.left45,data/fixtures/test-only/standard-face-profile/legacy-web-mvp-profile-v1.json,$.sourceAngleAvailability.left45,fixture_record,TEST_FIXTURE,,,,,false,false,false,,fixtureRecord
$.sourceAngleAvailability.leftProfile,data/fixtures/test-only/standard-face-profile/legacy-web-mvp-profile-v1.json,$.sourceAngleAvailability.leftProfile,fixture_record,TEST_FIXTURE,,,,,false,false,false,,fixtureRecord
$.sourceAngleAvailability.right45,data/fixtures/test-only/standard-face-profile/legacy-web-mvp-profile-v1.json,$.sourceAngleAvailability.right45,fixture_record,TEST_FIXTURE,,,,,false,false,false,,fixtureRecord
$.sourceAngleAvailability.rightProfile,data/fixtures/test-only/standard-face-profile/legacy-web-mvp-profile-v1.json,$.sourceAngleAvailability.rightProfile,fixture_record,TEST_FIXTURE,,,,,false,false,false,,fixtureRecord
$.sourceAngleAvailability.straightOn,data/fixtures/test-only/standard-face-profile/legacy-web-mvp-profile-v1.json,$.sourceAngleAvailability.straightOn,fixture_record,TEST_FIXTURE,,,,,false,false,false,,fixtureRecord
cf27-menu-head-skin-skin-tone,data/phase-zero/additional_attributes_recapture_requirements.research.json,$.items[0].categorySummary,menu_record,UNKNOWN_ORIGIN,,,,,true,false,false,,
cf27-menu-head-skin-skin-details,data/phase-zero/additional_attributes_recapture_requirements.research.json,$.items[1].categorySummary,menu_record,UNKNOWN_ORIGIN,,,,,true,false,false,,
cf27-menu-head-skin-eye-shape,data/phase-zero/additional_attributes_recapture_requirements.research.json,$.items[2].categorySummary,menu_record,UNKNOWN_ORIGIN,,,,,true,false,false,,
cf27-menu-head-skin-eye-color,data/phase-zero/additional_attributes_recapture_requirements.research.json,$.items[3].categorySummary,menu_record,UNKNOWN_ORIGIN,,,,,true,false,false,,
cf27-menu-head-skin-nose,data/phase-zero/additional_attributes_recapture_requirements.research.json,$.items[4].categorySummary,menu_record,UNKNOWN_ORIGIN,,,,,true,false,false,,
cf27-menu-head-skin-ear-shape,data/phase-zero/additional_attributes_recapture_requirements.research.json,$.items[5].categorySummary,menu_record,UNKNOWN_ORIGIN,,,,,true,false,false,,
cf27-menu-head-skin-skin-tone,data/phase-zero/additional_attributes.research.json,$.categories[0],menu_record,UNKNOWN_ORIGIN,,,,,true,false,false,,
cf27-menu-head-skin-skin-details,data/phase-zero/additional_attributes.research.json,$.categories[1],menu_record,UNKNOWN_ORIGIN,,,,,true,false,false,,
cf27-menu-head-skin-eye-shape,data/phase-zero/additional_attributes.research.json,$.categories[2],menu_record,UNKNOWN_ORIGIN,,,,,true,false,false,,
cf27-menu-head-skin-eye-color,data/phase-zero/additional_attributes.research.json,$.categories[3],menu_record,UNKNOWN_ORIGIN,,,,,true,false,false,,
cf27-menu-head-skin-nose,data/phase-zero/additional_attributes.research.json,$.categories[4],menu_record,UNKNOWN_ORIGIN,,,,,true,false,false,,
cf27-menu-head-skin-ear-shape,data/phase-zero/additional_attributes.research.json,$.categories[5],menu_record,UNKNOWN_ORIGIN,,,,,true,false,false,,
CF27_XBOXUNKNOWN_RTG_SKINTONE_001,data/phase-zero/additional_attributes.research.json,$.records[0],catalog_record,RESEARCH_OBSERVED,shippingGameVideoResearch,RESEARCH_CANDIDATE,NOT_PRODUCTION_DATA,OBSERVED_PENDING_VERIFICATION,true,false,false,sourceType:shippingGameVideoResearch;dataClass:RESEARCH_CANDIDATE;verification:OBSERVED_PENDING_VERIFICATION;productionStatus:NOT_PRODUCTION_DATA,
phase0-frame-video-004-tl-019,data/phase-zero/additional_attributes.research.json,$.records[0].evidenceFrame,evidence_record,UNKNOWN_ORIGIN,,,,,true,false,false,,
phase0-frame-video-004-tl-019,data/phase-zero/additional_attributes.research.json,$.records[0].sourceObservations[0],evidence_record,UNKNOWN_ORIGIN,,,,,true,false,false,,
CF27_XBOXUNKNOWN_RTG_SKINTONE_002,data/phase-zero/additional_attributes.research.json,$.records[1],catalog_record,RESEARCH_OBSERVED,shippingGameVideoResearch,RESEARCH_CANDIDATE,NOT_PRODUCTION_DATA,OBSERVED_PENDING_VERIFICATION,true,false,false,sourceType:shippingGameVideoResearch;dataClass:RESEARCH_CANDIDATE;verification:OBSERVED_PENDING_VERIFICATION;productionStatus:NOT_PRODUCTION_DATA,
phase0-frame-video-004-tl-020,data/phase-zero/additional_attributes.research.json,$.records[1].evidenceFrame,evidence_record,UNKNOWN_ORIGIN,,,,,true,false,false,,
phase0-frame-video-004-tl-020,data/phase-zero/additional_attributes.research.json,$.records[1].sourceObservations[0],evidence_record,UNKNOWN_ORIGIN,,,,,true,false,false,,
CF27_XBOXUNKNOWN_RTG_SKINTONE_012,data/phase-zero/additional_attributes.research.json,$.records[10],catalog_record,RESEARCH_OBSERVED,shippingGameVideoResearch,RESEARCH_CANDIDATE,NOT_PRODUCTION_DATA,OBSERVED_PENDING_VERIFICATION,true,false,false,sourceType:shippingGameVideoResearch;dataClass:RESEARCH_CANDIDATE;verification:OBSERVED_PENDING_VERIFICATION;productionStatus:NOT_PRODUCTION_DATA,
phase0-frame-video-004-tl-018,data/phase-zero/additional_attributes.research.json,$.records[10].evidenceFrame,evidence_record,UNKNOWN_ORIGIN,,,,,true,false,false,,
phase0-frame-video-004-tl-018,data/phase-zero/additional_attributes.research.json,$.records[10].sourceObservations[0],evidence_record,UNKNOWN_ORIGIN,,,,,true,false,false,,
CF27_XBOXUNKNOWN_RTG_SKINTONE_013,data/phase-zero/additional_attributes.research.json,$.records[11],catalog_record,RESEARCH_OBSERVED,shippingGameVideoResearch,RESEARCH_CANDIDATE,NOT_PRODUCTION_DATA,OBSERVED_PENDING_VERIFICATION,true,false,false,sourceType:shippingGameVideoResearch;dataClass:RESEARCH_CANDIDATE;verification:OBSERVED_PENDING_VERIFICATION;productionStatus:NOT_PRODUCTION_DATA,
phase0-frame-video-004-tl-016,data/phase-zero/additional_attributes.research.json,$.records[11].evidenceFrame,evidence_record,UNKNOWN_ORIGIN,,,,,true,false,false,,
phase0-frame-video-004-tl-016,data/phase-zero/additional_attributes.research.json,$.records[11].sourceObservations[0],evidence_record,UNKNOWN_ORIGIN,,,,,true,false,false,,
CF27_XBOXUNKNOWN_RTG_SKINTONE_017,data/phase-zero/additional_attributes.research.json,$.records[12],catalog_record,RESEARCH_OBSERVED,shippingGameVideoResearch,RESEARCH_CANDIDATE,NOT_PRODUCTION_DATA,OBSERVED_PENDING_VERIFICATION,true,false,false,sourceType:shippingGameVideoResearch;dataClass:RESEARCH_CANDIDATE;verification:OBSERVED_PENDING_VERIFICATION;productionStatus:NOT_PRODUCTION_DATA,
phase0-frame-video-004-tl-015,data/phase-zero/additional_attributes.research.json,$.records[12].evidenceFrame,evidence_record,UNKNOWN_ORIGIN,,,,,true,false,false,,
phase0-frame-video-004-tl-015,data/phase-zero/additional_attributes.research.json,$.records[12].sourceObservations[0],evidence_record,UNKNOWN_ORIGIN,,,,,true,false,false,,
CF27_XBOXUNKNOWN_RTG_SKINTONE_018,data/phase-zero/additional_attributes.research.json,$.records[13],catalog_record,RESEARCH_OBSERVED,shippingGameVideoResearch,RESEARCH_CANDIDATE,NOT_PRODUCTION_DATA,OBSERVED_PENDING_VERIFICATION,true,false,false,sourceType:shippingGameVideoResearch;dataClass:RESEARCH_CANDIDATE;verification:OBSERVED_PENDING_VERIFICATION;productionStatus:NOT_PRODUCTION_DATA,
phase0-frame-video-004-tl-007,data/phase-zero/additional_attributes.research.json,$.records[13].evidenceFrame,evidence_record,UNKNOWN_ORIGIN,,,,,true,false,false,,
phase0-frame-video-004-tl-007,data/phase-zero/additional_attributes.research.json,$.records[13].sourceObservations[0],evidence_record,UNKNOWN_ORIGIN,,,,,true,false,false,,
CF27_XBOXUNKNOWN_RTG_SKINTONE_019,data/phase-zero/additional_attributes.research.json,$.records[14],catalog_record,RESEARCH_OBSERVED,shippingGameVideoResearch,RESEARCH_CANDIDATE,NOT_PRODUCTION_DATA,OBSERVED_PENDING_VERIFICATION,true,false,false,sourceType:shippingGameVideoResearch;dataClass:RESEARCH_CANDIDATE;verification:OBSERVED_PENDING_VERIFICATION;productionStatus:NOT_PRODUCTION_DATA,
phase0-frame-video-004-tl-006,data/phase-zero/additional_attributes.research.json,$.records[14].evidenceFrame,evidence_record,UNKNOWN_ORIGIN,,,,,true,false,false,,
phase0-frame-video-004-tl-006,data/phase-zero/additional_attributes.research.json,$.records[14].sourceObservations[0],evidence_record,UNKNOWN_ORIGIN,,,,,true,false,false,,
CF27_XBOXUNKNOWN_RTG_SKINTONE_020,data/phase-zero/additional_attributes.research.json,$.records[15],catalog_record,RESEARCH_OBSERVED,shippingGameVideoResearch,RESEARCH_CANDIDATE,NOT_PRODUCTION_DATA,OBSERVED_PENDING_VERIFICATION,true,false,false,sourceType:shippingGameVideoResearch;dataClass:RESEARCH_CANDIDATE;verification:OBSERVED_PENDING_VERIFICATION;productionStatus:NOT_PRODUCTION_DATA,
phase0-frame-video-004-tl-005,data/phase-zero/additional_attributes.research.json,$.records[15].evidenceFrame,evidence_record,UNKNOWN_ORIGIN,,,,,true,false,false,,
phase0-frame-video-004-tl-005,data/phase-zero/additional_attributes.research.json,$.records[15].sourceObservations[0],evidence_record,UNKNOWN_ORIGIN,,,,,true,false,false,,
CF27_XBOXUNKNOWN_RTG_SKINTONE_021,data/phase-zero/additional_attributes.research.json,$.records[16],catalog_record,RESEARCH_OBSERVED,shippingGameVideoResearch,RESEARCH_CANDIDATE,NOT_PRODUCTION_DATA,OBSERVED_PENDING_VERIFICATION,true,false,false,sourceType:shippingGameVideoResearch;dataClass:RESEARCH_CANDIDATE;verification:OBSERVED_PENDING_VERIFICATION;productionStatus:NOT_PRODUCTION_DATA,
phase0-frame-video-004-tl-008,data/phase-zero/additional_attributes.research.json,$.records[16].evidenceFrame,evidence_record,UNKNOWN_ORIGIN,,,,,true,false,false,,
phase0-frame-video-004-tl-008,data/phase-zero/additional_attributes.research.json,$.records[16].sourceObservations[0],evidence_record,UNKNOWN_ORIGIN,,,,,true,false,false,,
CF27_XBOXUNKNOWN_RTG_SKINTONE_022,data/phase-zero/additional_attributes.research.json,$.records[17],catalog_record,RESEARCH_OBSERVED,shippingGameVideoResearch,RESEARCH_CANDIDATE,NOT_PRODUCTION_DATA,OBSERVED_PENDING_VERIFICATION,true,false,false,sourceType:shippingGameVideoResearch;dataClass:RESEARCH_CANDIDATE;verification:OBSERVED_PENDING_VERIFICATION;productionStatus:NOT_PRODUCTION_DATA,
phase0-frame-video-004-tl-014,data/phase-zero/additional_attributes.research.json,$.records[17].evidenceFrame,evidence_record,UNKNOWN_ORIGIN,,,,,true,false,false,,
phase0-frame-video-004-tl-014,data/phase-zero/additional_attributes.research.json,$.records[17].sourceObservations[0],evidence_record,UNKNOWN_ORIGIN,,,,,true,false,false,,
CF27_XBOXUNKNOWN_RTG_SKINTONE_023,data/phase-zero/additional_attributes.research.json,$.records[18],catalog_record,RESEARCH_OBSERVED,shippingGameVideoResearch,RESEARCH_CANDIDATE,NOT_PRODUCTION_DATA,OBSERVED_PENDING_VERIFICATION,true,false,false,sourceType:shippingGameVideoResearch;dataClass:RESEARCH_CANDIDATE;verification:OBSERVED_PENDING_VERIFICATION;productionStatus:NOT_PRODUCTION_DATA,
phase0-frame-video-004-tl-023,data/phase-zero/additional_attributes.research.json,$.records[18].evidenceFrame,evidence_record,UNKNOWN_ORIGIN,,,,,true,false,false,,
phase0-frame-video-004-tl-023,data/phase-zero/additional_attributes.research.json,$.records[18].sourceObservations[0],evidence_record,UNKNOWN_ORIGIN,,,,,true,false,false,,
CF27_XBOXUNKNOWN_RTG_SKINTONE_024,data/phase-zero/additional_attributes.research.json,$.records[19],catalog_record,RESEARCH_OBSERVED,shippingGameVideoResearch,RESEARCH_CANDIDATE,NOT_PRODUCTION_DATA,OBSERVED_PENDING_VERIFICATION,true,false,false,sourceType:shippingGameVideoResearch;dataClass:RESEARCH_CANDIDATE;verification:OBSERVED_PENDING_VERIFICATION;productionStatus:NOT_PRODUCTION_DATA,
phase0-frame-video-004-tl-013,data/phase-zero/additional_attributes.research.json,$.records[19].evidenceFrame,evidence_record,UNKNOWN_ORIGIN,,,,,true,false,false,,
phase0-frame-video-004-tl-013,data/phase-zero/additional_attributes.research.json,$.records[19].sourceObservations[0],evidence_record,UNKNOWN_ORIGIN,,,,,true,false,false,,
CF27_XBOXUNKNOWN_RTG_SKINTONE_003,data/phase-zero/additional_attributes.research.json,$.records[2],catalog_record,RESEARCH_OBSERVED,shippingGameVideoResearch,RESEARCH_CANDIDATE,NOT_PRODUCTION_DATA,OBSERVED_PENDING_VERIFICATION,true,false,false,sourceType:shippingGameVideoResearch;dataClass:RESEARCH_CANDIDATE;verification:OBSERVED_PENDING_VERIFICATION;productionStatus:NOT_PRODUCTION_DATA,
phase0-frame-video-004-tl-021,data/phase-zero/additional_attributes.research.json,$.records[2].evidenceFrame,evidence_record,UNKNOWN_ORIGIN,,,,,true,false,false,,
phase0-frame-video-004-tl-021,data/phase-zero/additional_attributes.research.json,$.records[2].sourceObservations[0],evidence_record,UNKNOWN_ORIGIN,,,,,true,false,false,,
CF27_XBOXUNKNOWN_RTG_SKINTONE_029,data/phase-zero/additional_attributes.research.json,$.records[20],catalog_record,RESEARCH_OBSERVED,shippingGameVideoResearch,RESEARCH_CANDIDATE,NOT_PRODUCTION_DATA,OBSERVED_PENDING_VERIFICATION,true,false,false,sourceType:shippingGameVideoResearch;dataClass:RESEARCH_CANDIDATE;verification:OBSERVED_PENDING_VERIFICATION;productionStatus:NOT_PRODUCTION_DATA,
phase0-frame-video-004-tl-012,data/phase-zero/additional_attributes.research.json,$.records[20].evidenceFrame,evidence_record,UNKNOWN_ORIGIN,,,,,true,false,false,,
phase0-frame-video-004-tl-012,data/phase-zero/additional_attributes.research.json,$.records[20].sourceObservations[0],evidence_record,UNKNOWN_ORIGIN,,,,,true,false,false,,
CF27_XBOXUNKNOWN_RTG_SKINDETAILS_001,data/phase-zero/additional_attributes.research.json,$.records[21],catalog_record,RESEARCH_OBSERVED,shippingGameVideoResearch,RESEARCH_CANDIDATE,NOT_PRODUCTION_DATA,OBSERVED_PENDING_VERIFICATION,true,false,false,sourceType:shippingGameVideoResearch;dataClass:RESEARCH_CANDIDATE;verification:OBSERVED_PENDING_VERIFICATION;productionStatus:NOT_PRODUCTION_DATA,
phase0-frame-video-005-tl-002,data/phase-zero/additional_attributes.research.json,$.records[21].evidenceFrame,evidence_record,UNKNOWN_ORIGIN,,,,,true,false,false,,
phase0-frame-video-005-tl-002,data/phase-zero/additional_attributes.research.json,$.records[21].sourceObservations[0],evidence_record,UNKNOWN_ORIGIN,,,,,true,false,false,,
CF27_XBOXUNKNOWN_RTG_SKINDETAILS_002,data/phase-zero/additional_attributes.research.json,$.records[22],catalog_record,RESEARCH_OBSERVED,shippingGameVideoResearch,RESEARCH_CANDIDATE,NOT_PRODUCTION_DATA,OBSERVED_PENDING_VERIFICATION,true,false,false,sourceType:shippingGameVideoResearch;dataClass:RESEARCH_CANDIDATE;verification:OBSERVED_PENDING_VERIFICATION;productionStatus:NOT_PRODUCTION_DATA,
phase0-frame-video-005-tl-003,data/phase-zero/additional_attributes.research.json,$.records[22].evidenceFrame,evidence_record,UNKNOWN_ORIGIN,,,,,true,false,false,,
phase0-frame-video-005-tl-003,data/phase-zero/additional_attributes.research.json,$.records[22].sourceObservations[0],evidence_record,UNKNOWN_ORIGIN,,,,,true,false,false,,
CF27_XBOXUNKNOWN_RTG_SKINDETAILS_003,data/phase-zero/additional_attributes.research.json,$.records[23],catalog_record,RESEARCH_OBSERVED,shippingGameVideoResearch,RESEARCH_CANDIDATE,NOT_PRODUCTION_DATA,OBSERVED_PENDING_VERIFICATION,true,false,false,sourceType:shippingGameVideoResearch;dataClass:RESEARCH_CANDIDATE;verification:OBSERVED_PENDING_VERIFICATION;productionStatus:NOT_PRODUCTION_DATA,
phase0-frame-video-005-tl-004,data/phase-zero/additional_attributes.research.json,$.records[23].evidenceFrame,evidence_record,UNKNOWN_ORIGIN,,,,,true,false,false,,
phase0-frame-video-005-tl-004,data/phase-zero/additional_attributes.research.json,$.records[23].sourceObservations[0],evidence_record,UNKNOWN_ORIGIN,,,,,true,false,false,,
CF27_XBOXUNKNOWN_RTG_SKINDETAILS_004,data/phase-zero/additional_attributes.research.json,$.records[24],catalog_record,RESEARCH_OBSERVED,shippingGameVideoResearch,RESEARCH_CANDIDATE,NOT_PRODUCTION_DATA,OBSERVED_PENDING_VERIFICATION,true,false,false,sourceType:shippingGameVideoResearch;dataClass:RESEARCH_CANDIDATE;verification:OBSERVED_PENDING_VERIFICATION;productionStatus:NOT_PRODUCTION_DATA,
phase0-frame-video-005-tl-005,data/phase-zero/additional_attributes.research.json,$.records[24].evidenceFrame,evidence_record,UNKNOWN_ORIGIN,,,,,true,false,false,,
phase0-frame-video-005-tl-005,data/phase-zero/additional_attributes.research.json,$.records[24].sourceObservations[0],evidence_record,UNKNOWN_ORIGIN,,,,,true,false,false,,
CF27_XBOXUNKNOWN_RTG_SKINDETAILS_005,data/phase-zero/additional_attributes.research.json,$.records[25],catalog_record,RESEARCH_OBSERVED,shippingGameVideoResearch,RESEARCH_CANDIDATE,NOT_PRODUCTION_DATA,OBSERVED_PENDING_VERIFICATION,true,false,false,sourceType:shippingGameVideoResearch;dataClass:RESEARCH_CANDIDATE;verification:OBSERVED_PENDING_VERIFICATION;productionStatus:NOT_PRODUCTION_DATA,
phase0-frame-video-005-tl-009,data/phase-zero/additional_attributes.research.json,$.records[25].evidenceFrame,evidence_record,UNKNOWN_ORIGIN,,,,,true,false,false,,
phase0-frame-video-005-tl-009,data/phase-zero/additional_attributes.research.json,$.records[25].sourceObservations[0],evidence_record,UNKNOWN_ORIGIN,,,,,true,false,false,,
CF27_XBOXUNKNOWN_RTG_SKINDETAILS_006,data/phase-zero/additional_attributes.research.json,$.records[26],catalog_record,RESEARCH_OBSERVED,shippingGameVideoResearch,RESEARCH_CANDIDATE,NOT_PRODUCTION_DATA,OBSERVED_PENDING_VERIFICATION,true,false,false,sourceType:shippingGameVideoResearch;dataClass:RESEARCH_CANDIDATE;verification:OBSERVED_PENDING_VERIFICATION;productionStatus:NOT_PRODUCTION_DATA,
phase0-frame-video-005-tl-008,data/phase-zero/additional_attributes.research.json,$.records[26].evidenceFrame,evidence_record,UNKNOWN_ORIGIN,,,,,true,false,false,,
phase0-frame-video-005-tl-008,data/phase-zero/additional_attributes.research.json,$.records[26].sourceObservations[0],evidence_record,UNKNOWN_ORIGIN,,,,,true,false,false,,
CF27_XBOXUNKNOWN_RTG_SKINDETAILS_007,data/phase-zero/additional_attributes.research.json,$.records[27],catalog_record,RESEARCH_OBSERVED,shippingGameVideoResearch,RESEARCH_CANDIDATE,NOT_PRODUCTION_DATA,OBSERVED_PENDING_VERIFICATION,true,false,false,sourceType:shippingGameVideoResearch;dataClass:RESEARCH_CANDIDATE;verification:OBSERVED_PENDING_VERIFICATION;productionStatus:NOT_PRODUCTION_DATA,
phase0-frame-video-005-tl-007,data/phase-zero/additional_attributes.research.json,$.records[27].evidenceFrame,evidence_record,UNKNOWN_ORIGIN,,,,,true,false,false,,
phase0-frame-video-005-tl-007,data/phase-zero/additional_attributes.research.json,$.records[27].sourceObservations[0],evidence_record,UNKNOWN_ORIGIN,,,,,true,false,false,,
CF27_XBOXUNKNOWN_RTG_SKINDETAILS_008,data/phase-zero/additional_attributes.research.json,$.records[28],catalog_record,RESEARCH_OBSERVED,shippingGameVideoResearch,RESEARCH_CANDIDATE,NOT_PRODUCTION_DATA,OBSERVED_PENDING_VERIFICATION,true,false,false,sourceType:shippingGameVideoResearch;dataClass:RESEARCH_CANDIDATE;verification:OBSERVED_PENDING_VERIFICATION;productionStatus:NOT_PRODUCTION_DATA,
phase0-frame-video-005-tl-006,data/phase-zero/additional_attributes.research.json,$.records[28].evidenceFrame,evidence_record,UNKNOWN_ORIGIN,,,,,true,false,false,,
phase0-frame-video-005-tl-006,data/phase-zero/additional_attributes.research.json,$.records[28].sourceObservations[0],evidence_record,UNKNOWN_ORIGIN,,,,,true,false,false,,
CF27_XBOXUNKNOWN_RTG_SKINDETAILS_009,data/phase-zero/additional_attributes.research.json,$.records[29],catalog_record,RESEARCH_OBSERVED,shippingGameVideoResearch,RESEARCH_CANDIDATE,NOT_PRODUCTION_DATA,OBSERVED_PENDING_VERIFICATION,true,false,false,sourceType:shippingGameVideoResearch;dataClass:RESEARCH_CANDIDATE;verification:OBSERVED_PENDING_VERIFICATION;productionStatus:NOT_PRODUCTION_DATA,
phase0-frame-video-005-tl-010,data/phase-zero/additional_attributes.research.json,$.records[29].evidenceFrame,evidence_record,UNKNOWN_ORIGIN,,,,,true,false,false,,
phase0-frame-video-005-tl-010,data/phase-zero/additional_attributes.research.json,$.records[29].sourceObservations[0],evidence_record,UNKNOWN_ORIGIN,,,,,true,false,false,,
CF27_XBOXUNKNOWN_RTG_SKINTONE_004,data/phase-zero/additional_attributes.research.json,$.records[3],catalog_record,RESEARCH_OBSERVED,shippingGameVideoResearch,RESEARCH_CANDIDATE,NOT_PRODUCTION_DATA,OBSERVED_PENDING_VERIFICATION,true,false,false,sourceType:shippingGameVideoResearch;dataClass:RESEARCH_CANDIDATE;verification:OBSERVED_PENDING_VERIFICATION;productionStatus:NOT_PRODUCTION_DATA,
phase0-frame-video-004-tl-003,data/phase-zero/additional_attributes.research.json,$.records[3].evidenceFrame,evidence_record,UNKNOWN_ORIGIN,,,,,true,false,false,,
phase0-frame-video-004-tl-003,data/phase-zero/additional_attributes.research.json,$.records[3].sourceObservations[0],evidence_record,UNKNOWN_ORIGIN,,,,,true,false,false,,
CF27_XBOXUNKNOWN_RTG_SKINDETAILS_010,data/phase-zero/additional_attributes.research.json,$.records[30],catalog_record,RESEARCH_OBSERVED,shippingGameVideoResearch,RESEARCH_CANDIDATE,NOT_PRODUCTION_DATA,OBSERVED_PENDING_VERIFICATION,true,false,false,sourceType:shippingGameVideoResearch;dataClass:RESEARCH_CANDIDATE;verification:OBSERVED_PENDING_VERIFICATION;productionStatus:NOT_PRODUCTION_DATA,
phase0-frame-video-005-tl-011,data/phase-zero/additional_attributes.research.json,$.records[30].evidenceFrame,evidence_record,UNKNOWN_ORIGIN,,,,,true,false,false,,
phase0-frame-video-005-tl-011,data/phase-zero/additional_attributes.research.json,$.records[30].sourceObservations[0],evidence_record,UNKNOWN_ORIGIN,,,,,true,false,false,,
CF27_XBOXUNKNOWN_RTG_EYESHAPE_001,data/phase-zero/additional_attributes.research.json,$.records[31],catalog_record,RESEARCH_OBSERVED,shippingGameVideoResearch,RESEARCH_CANDIDATE,NOT_PRODUCTION_DATA,OBSERVED_PENDING_VERIFICATION,true,false,false,sourceType:shippingGameVideoResearch;dataClass:RESEARCH_CANDIDATE;verification:OBSERVED_PENDING_VERIFICATION;productionStatus:NOT_PRODUCTION_DATA,
phase0-frame-video-006-tl-002,data/phase-zero/additional_attributes.research.json,$.records[31].evidenceFrame,evidence_record,UNKNOWN_ORIGIN,,,,,true,false,false,,
phase0-frame-video-006-tl-002,data/phase-zero/additional_attributes.research.json,$.records[31].sourceObservations[0],evidence_record,UNKNOWN_ORIGIN,,,,,true,false,false,,
CF27_XBOXUNKNOWN_RTG_EYESHAPE_002,data/phase-zero/additional_attributes.research.json,$.records[32],catalog_record,RESEARCH_OBSERVED,shippingGameVideoResearch,RESEARCH_CANDIDATE,NOT_PRODUCTION_DATA,OBSERVED_PENDING_VERIFICATION,true,false,false,sourceType:shippingGameVideoResearch;dataClass:RESEARCH_CANDIDATE;verification:OBSERVED_PENDING_VERIFICATION;productionStatus:NOT_PRODUCTION_DATA,
phase0-frame-video-006-tl-003,data/phase-zero/additional_attributes.research.json,$.records[32].evidenceFrame,evidence_record,UNKNOWN_ORIGIN,,,,,true,false,false,,
phase0-frame-video-006-tl-003,data/phase-zero/additional_attributes.research.json,$.records[32].sourceObservations[0],evidence_record,UNKNOWN_ORIGIN,,,,,true,false,false,,
CF27_XBOXUNKNOWN_RTG_EYESHAPE_003,data/phase-zero/additional_attributes.research.json,$.records[33],catalog_record,RESEARCH_OBSERVED,shippingGameVideoResearch,RESEARCH_CANDIDATE,NOT_PRODUCTION_DATA,OBSERVED_PENDING_VERIFICATION,true,false,false,sourceType:shippingGameVideoResearch;dataClass:RESEARCH_CANDIDATE;verification:OBSERVED_PENDING_VERIFICATION;productionStatus:NOT_PRODUCTION_DATA,
phase0-frame-video-006-tl-004,data/phase-zero/additional_attributes.research.json,$.records[33].evidenceFrame,evidence_record,UNKNOWN_ORIGIN,,,,,true,false,false,,
phase0-frame-video-006-tl-004,data/phase-zero/additional_attributes.research.json,$.records[33].sourceObservations[0],evidence_record,UNKNOWN_ORIGIN,,,,,true,false,false,,
CF27_XBOXUNKNOWN_RTG_EYESHAPE_004,data/phase-zero/additional_attributes.research.json,$.records[34],catalog_record,RESEARCH_OBSERVED,shippingGameVideoResearch,RESEARCH_CANDIDATE,NOT_PRODUCTION_DATA,OBSERVED_PENDING_VERIFICATION,true,false,false,sourceType:shippingGameVideoResearch;dataClass:RESEARCH_CANDIDATE;verification:OBSERVED_PENDING_VERIFICATION;productionStatus:NOT_PRODUCTION_DATA,
phase0-frame-video-006-tl-005,data/phase-zero/additional_attributes.research.json,$.records[34].evidenceFrame,evidence_record,UNKNOWN_ORIGIN,,,,,true,false,false,,
phase0-frame-video-006-tl-005,data/phase-zero/additional_attributes.research.json,$.records[34].sourceObservations[0],evidence_record,UNKNOWN_ORIGIN,,,,,true,false,false,,
CF27_XBOXUNKNOWN_RTG_EYESHAPE_005,data/phase-zero/additional_attributes.research.json,$.records[35],catalog_record,RESEARCH_OBSERVED,shippingGameVideoResearch,RESEARCH_CANDIDATE,NOT_PRODUCTION_DATA,OBSERVED_PENDING_VERIFICATION,true,false,false,sourceType:shippingGameVideoResearch;dataClass:RESEARCH_CANDIDATE;verification:OBSERVED_PENDING_VERIFICATION;productionStatus:NOT_PRODUCTION_DATA,
phase0-frame-video-006-tl-006,data/phase-zero/additional_attributes.research.json,$.records[35].evidenceFrame,evidence_record,UNKNOWN_ORIGIN,,,,,true,false,false,,
phase0-frame-video-006-tl-006,data/phase-zero/additional_attributes.research.json,$.records[35].sourceObservations[0],evidence_record,UNKNOWN_ORIGIN,,,,,true,false,false,,
CF27_XBOXUNKNOWN_RTG_EYECOLOR_001,data/phase-zero/additional_attributes.research.json,$.records[36],catalog_record,RESEARCH_OBSERVED,shippingGameVideoResearch,RESEARCH_CANDIDATE,NOT_PRODUCTION_DATA,OBSERVED_PENDING_VERIFICATION,true,false,false,sourceType:shippingGameVideoResearch;dataClass:RESEARCH_CANDIDATE;verification:OBSERVED_PENDING_VERIFICATION;productionStatus:NOT_PRODUCTION_DATA,
phase0-frame-video-007-tl-002,data/phase-zero/additional_attributes.research.json,$.records[36].evidenceFrame,evidence_record,UNKNOWN_ORIGIN,,,,,true,false,false,,
phase0-frame-video-007-tl-002,data/phase-zero/additional_attributes.research.json,$.records[36].sourceObservations[0],evidence_record,UNKNOWN_ORIGIN,,,,,true,false,false,,
CF27_XBOXUNKNOWN_RTG_EYECOLOR_002,data/phase-zero/additional_attributes.research.json,$.records[37],catalog_record,RESEARCH_OBSERVED,shippingGameVideoResearch,RESEARCH_CANDIDATE,NOT_PRODUCTION_DATA,OBSERVED_PENDING_VERIFICATION,true,false,false,sourceType:shippingGameVideoResearch;dataClass:RESEARCH_CANDIDATE;verification:OBSERVED_PENDING_VERIFICATION;productionStatus:NOT_PRODUCTION_DATA,
phase0-frame-video-007-tl-003,data/phase-zero/additional_attributes.research.json,$.records[37].evidenceFrame,evidence_record,UNKNOWN_ORIGIN,,,,,true,false,false,,
phase0-frame-video-007-tl-003,data/phase-zero/additional_attributes.research.json,$.records[37].sourceObservations[0],evidence_record,UNKNOWN_ORIGIN,,,,,true,false,false,,
CF27_XBOXUNKNOWN_RTG_EYECOLOR_003,data/phase-zero/additional_attributes.research.json,$.records[38],catalog_record,RESEARCH_OBSERVED,shippingGameVideoResearch,RESEARCH_CANDIDATE,NOT_PRODUCTION_DATA,OBSERVED_PENDING_VERIFICATION,true,false,false,sourceType:shippingGameVideoResearch;dataClass:RESEARCH_CANDIDATE;verification:OBSERVED_PENDING_VERIFICATION;productionStatus:NOT_PRODUCTION_DATA,
phase0-frame-video-007-tl-004,data/phase-zero/additional_attributes.research.json,$.records[38].evidenceFrame,evidence_record,UNKNOWN_ORIGIN,,,,,true,false,false,,
phase0-frame-video-007-tl-004,data/phase-zero/additional_attributes.research.json,$.records[38].sourceObservations[0],evidence_record,UNKNOWN_ORIGIN,,,,,true,false,false,,
CF27_XBOXUNKNOWN_RTG_EYECOLOR_004,data/phase-zero/additional_attributes.research.json,$.records[39],catalog_record,RESEARCH_OBSERVED,shippingGameVideoResearch,RESEARCH_CANDIDATE,NOT_PRODUCTION_DATA,OBSERVED_PENDING_VERIFICATION,true,false,false,sourceType:shippingGameVideoResearch;dataClass:RESEARCH_CANDIDATE;verification:OBSERVED_PENDING_VERIFICATION;productionStatus:NOT_PRODUCTION_DATA,
phase0-frame-video-007-tl-005,data/phase-zero/additional_attributes.research.json,$.records[39].evidenceFrame,evidence_record,UNKNOWN_ORIGIN,,,,,true,false,false,,
phase0-frame-video-007-tl-005,data/phase-zero/additional_attributes.research.json,$.records[39].sourceObservations[0],evidence_record,UNKNOWN_ORIGIN,,,,,true,false,false,,
CF27_XBOXUNKNOWN_RTG_SKINTONE_006,data/phase-zero/additional_attributes.research.json,$.records[4],catalog_record,RESEARCH_OBSERVED,shippingGameVideoResearch,RESEARCH_CANDIDATE,NOT_PRODUCTION_DATA,OBSERVED_PENDING_VERIFICATION,true,false,false,sourceType:shippingGameVideoResearch;dataClass:RESEARCH_CANDIDATE;verification:OBSERVED_PENDING_VERIFICATION;productionStatus:NOT_PRODUCTION_DATA,
phase0-frame-video-004-tl-011,data/phase-zero/additional_attributes.research.json,$.records[4].evidenceFrame,evidence_record,UNKNOWN_ORIGIN,,,,,true,false,false,,
phase0-frame-video-004-tl-011,data/phase-zero/additional_attributes.research.json,$.records[4].sourceObservations[0],evidence_record,UNKNOWN_ORIGIN,,,,,true,false,false,,
CF27_XBOXUNKNOWN_RTG_EYECOLOR_005,data/phase-zero/additional_attributes.research.json,$.records[40],catalog_record,RESEARCH_OBSERVED,shippingGameVideoResearch,RESEARCH_CANDIDATE,NOT_PRODUCTION_DATA,OBSERVED_PENDING_VERIFICATION,true,false,false,sourceType:shippingGameVideoResearch;dataClass:RESEARCH_CANDIDATE;verification:OBSERVED_PENDING_VERIFICATION;productionStatus:NOT_PRODUCTION_DATA,
phase0-frame-video-007-tl-008,data/phase-zero/additional_attributes.research.json,$.records[40].evidenceFrame,evidence_record,UNKNOWN_ORIGIN,,,,,true,false,false,,
phase0-frame-video-007-tl-008,data/phase-zero/additional_attributes.research.json,$.records[40].sourceObservations[0],evidence_record,UNKNOWN_ORIGIN,,,,,true,false,false,,
CF27_XBOXUNKNOWN_RTG_EYECOLOR_006,data/phase-zero/additional_attributes.research.json,$.records[41],catalog_record,RESEARCH_OBSERVED,shippingGameVideoResearch,RESEARCH_CANDIDATE,NOT_PRODUCTION_DATA,OBSERVED_PENDING_VERIFICATION,true,false,false,sourceType:shippingGameVideoResearch;dataClass:RESEARCH_CANDIDATE;verification:OBSERVED_PENDING_VERIFICATION;productionStatus:NOT_PRODUCTION_DATA,
phase0-frame-video-007-tl-007,data/phase-zero/additional_attributes.research.json,$.records[41].evidenceFrame,evidence_record,UNKNOWN_ORIGIN,,,,,true,false,false,,
phase0-frame-video-007-tl-007,data/phase-zero/additional_attributes.research.json,$.records[41].sourceObservations[0],evidence_record,UNKNOWN_ORIGIN,,,,,true,false,false,,
CF27_XBOXUNKNOWN_RTG_EYECOLOR_007,data/phase-zero/additional_attributes.research.json,$.records[42],catalog_record,RESEARCH_OBSERVED,shippingGameVideoResearch,RESEARCH_CANDIDATE,NOT_PRODUCTION_DATA,OBSERVED_PENDING_VERIFICATION,true,false,false,sourceType:shippingGameVideoResearch;dataClass:RESEARCH_CANDIDATE;verification:OBSERVED_PENDING_VERIFICATION;productionStatus:NOT_PRODUCTION_DATA,
phase0-frame-video-007-tl-006,data/phase-zero/additional_attributes.research.json,$.records[42].evidenceFrame,evidence_record,UNKNOWN_ORIGIN,,,,,true,false,false,,
phase0-frame-video-007-tl-006,data/phase-zero/additional_attributes.research.json,$.records[42].sourceObservations[0],evidence_record,UNKNOWN_ORIGIN,,,,,true,false,false,,
CF27_XBOXUNKNOWN_RTG_NOSE_001,data/phase-zero/additional_attributes.research.json,$.records[43],catalog_record,RESEARCH_OBSERVED,shippingGameVideoResearch,RESEARCH_CANDIDATE,NOT_PRODUCTION_DATA,OBSERVED_PENDING_VERIFICATION,true,false,false,sourceType:shippingGameVideoResearch;dataClass:RESEARCH_CANDIDATE;verification:OBSERVED_PENDING_VERIFICATION;productionStatus:NOT_PRODUCTION_DATA,
phase0-frame-video-008-tl-003,data/phase-zero/additional_attributes.research.json,$.records[43].evidenceFrame,evidence_record,UNKNOWN_ORIGIN,,,,,true,false,false,,
phase0-frame-video-008-tl-003,data/phase-zero/additional_attributes.research.json,$.records[43].sourceObservations[0],evidence_record,UNKNOWN_ORIGIN,,,,,true,false,false,,
CF27_XBOXUNKNOWN_RTG_NOSE_002,data/phase-zero/additional_attributes.research.json,$.records[44],catalog_record,RESEARCH_OBSERVED,shippingGameVideoResearch,RESEARCH_CANDIDATE,NOT_PRODUCTION_DATA,OBSERVED_PENDING_VERIFICATION,true,false,false,sourceType:shippingGameVideoResearch;dataClass:RESEARCH_CANDIDATE;verification:OBSERVED_PENDING_VERIFICATION;productionStatus:NOT_PRODUCTION_DATA,
phase0-frame-video-008-tl-004,data/phase-zero/additional_attributes.research.json,$.records[44].evidenceFrame,evidence_record,UNKNOWN_ORIGIN,,,,,true,false,false,,
phase0-frame-video-008-tl-004,data/phase-zero/additional_attributes.research.json,$.records[44].sourceObservations[0],evidence_record,UNKNOWN_ORIGIN,,,,,true,false,false,,
CF27_XBOXUNKNOWN_RTG_NOSE_003,data/phase-zero/additional_attributes.research.json,$.records[45],catalog_record,RESEARCH_OBSERVED,shippingGameVideoResearch,RESEARCH_CANDIDATE,NOT_PRODUCTION_DATA,OBSERVED_PENDING_VERIFICATION,true,false,false,sourceType:shippingGameVideoResearch;dataClass:RESEARCH_CANDIDATE;verification:OBSERVED_PENDING_VERIFICATION;productionStatus:NOT_PRODUCTION_DATA,
phase0-frame-video-008-tl-005,data/phase-zero/additional_attributes.research.json,$.records[45].evidenceFrame,evidence_record,UNKNOWN_ORIGIN,,,,,true,false,false,,
phase0-frame-video-008-tl-005,data/phase-zero/additional_attributes.research.json,$.records[45].sourceObservations[0],evidence_record,UNKNOWN_ORIGIN,,,,,true,false,false,,
CF27_XBOXUNKNOWN_RTG_NOSE_004,data/phase-zero/additional_attributes.research.json,$.records[46],catalog_record,RESEARCH_OBSERVED,shippingGameVideoResearch,RESEARCH_CANDIDATE,NOT_PRODUCTION_DATA,OBSERVED_PENDING_VERIFICATION,true,false,false,sourceType:shippingGameVideoResearch;dataClass:RESEARCH_CANDIDATE;verification:OBSERVED_PENDING_VERIFICATION;productionStatus:NOT_PRODUCTION_DATA,
phase0-frame-video-008-tl-006,data/phase-zero/additional_attributes.research.json,$.records[46].evidenceFrame,evidence_record,UNKNOWN_ORIGIN,,,,,true,false,false,,
phase0-frame-video-008-tl-006,data/phase-zero/additional_attributes.research.json,$.records[46].sourceObservations[0],evidence_record,UNKNOWN_ORIGIN,,,,,true,false,false,,
CF27_XBOXUNKNOWN_RTG_NOSE_005,data/phase-zero/additional_attributes.research.json,$.records[47],catalog_record,RESEARCH_OBSERVED,shippingGameVideoResearch,RESEARCH_CANDIDATE,NOT_PRODUCTION_DATA,OBSERVED_PENDING_VERIFICATION,true,false,false,sourceType:shippingGameVideoResearch;dataClass:RESEARCH_CANDIDATE;verification:OBSERVED_PENDING_VERIFICATION;productionStatus:NOT_PRODUCTION_DATA,
phase0-frame-video-008-tl-002,data/phase-zero/additional_attributes.research.json,$.records[47].evidenceFrame,evidence_record,UNKNOWN_ORIGIN,,,,,true,false,false,,
phase0-frame-video-008-tl-002,data/phase-zero/additional_attributes.research.json,$.records[47].sourceObservations[0],evidence_record,UNKNOWN_ORIGIN,,,,,true,false,false,,
phase0-frame-video-008-tl-009,data/phase-zero/additional_attributes.research.json,$.records[47].sourceObservations[1],evidence_record,UNKNOWN_ORIGIN,,,,,true,false,false,,
CF27_XBOXUNKNOWN_RTG_NOSE_006,data/phase-zero/additional_attributes.research.json,$.records[48],catalog_record,RESEARCH_OBSERVED,shippingGameVideoResearch,RESEARCH_CANDIDATE,NOT_PRODUCTION_DATA,OBSERVED_PENDING_VERIFICATION,true,false,false,sourceType:shippingGameVideoResearch;dataClass:RESEARCH_CANDIDATE;verification:OBSERVED_PENDING_VERIFICATION;productionStatus:NOT_PRODUCTION_DATA,
phase0-frame-video-008-tl-008,data/phase-zero/additional_attributes.research.json,$.records[48].evidenceFrame,evidence_record,UNKNOWN_ORIGIN,,,,,true,false,false,,
phase0-frame-video-008-tl-008,data/phase-zero/additional_attributes.research.json,$.records[48].sourceObservations[0],evidence_record,UNKNOWN_ORIGIN,,,,,true,false,false,,
CF27_XBOXUNKNOWN_RTG_NOSE_007,data/phase-zero/additional_attributes.research.json,$.records[49],catalog_record,RESEARCH_OBSERVED,shippingGameVideoResearch,RESEARCH_CANDIDATE,NOT_PRODUCTION_DATA,OBSERVED_PENDING_VERIFICATION,true,false,false,sourceType:shippingGameVideoResearch;dataClass:RESEARCH_CANDIDATE;verification:OBSERVED_PENDING_VERIFICATION;productionStatus:NOT_PRODUCTION_DATA,
phase0-frame-video-008-tl-007,data/phase-zero/additional_attributes.research.json,$.records[49].evidenceFrame,evidence_record,UNKNOWN_ORIGIN,,,,,true,false,false,,
phase0-frame-video-008-tl-007,data/phase-zero/additional_attributes.research.json,$.records[49].sourceObservations[0],evidence_record,UNKNOWN_ORIGIN,,,,,true,false,false,,
CF27_XBOXUNKNOWN_RTG_SKINTONE_007,data/phase-zero/additional_attributes.research.json,$.records[5],catalog_record,RESEARCH_OBSERVED,shippingGameVideoResearch,RESEARCH_CANDIDATE,NOT_PRODUCTION_DATA,OBSERVED_PENDING_VERIFICATION,true,false,false,sourceType:shippingGameVideoResearch;dataClass:RESEARCH_CANDIDATE;verification:OBSERVED_PENDING_VERIFICATION;productionStatus:NOT_PRODUCTION_DATA,
phase0-frame-video-004-tl-010,data/phase-zero/additional_attributes.research.json,$.records[5].evidenceFrame,evidence_record,UNKNOWN_ORIGIN,,,,,true,false,false,,
phase0-frame-video-004-tl-010,data/phase-zero/additional_attributes.research.json,$.records[5].sourceObservations[0],evidence_record,UNKNOWN_ORIGIN,,,,,true,false,false,,
CF27_XBOXUNKNOWN_RTG_EARSHAPE_001,data/phase-zero/additional_attributes.research.json,$.records[50],catalog_record,RESEARCH_OBSERVED,shippingGameVideoResearch,RESEARCH_CANDIDATE,NOT_PRODUCTION_DATA,OBSERVED_PENDING_VERIFICATION,true,false,false,sourceType:shippingGameVideoResearch;dataClass:RESEARCH_CANDIDATE;verification:OBSERVED_PENDING_VERIFICATION;productionStatus:NOT_PRODUCTION_DATA,
phase0-frame-video-009-tl-003,data/phase-zero/additional_attributes.research.json,$.records[50].evidenceFrame,evidence_record,UNKNOWN_ORIGIN,,,,,true,false,false,,
phase0-frame-video-009-tl-003,data/phase-zero/additional_attributes.research.json,$.records[50].sourceObservations[0],evidence_record,UNKNOWN_ORIGIN,,,,,true,false,false,,
CF27_XBOXUNKNOWN_RTG_EARSHAPE_002,data/phase-zero/additional_attributes.research.json,$.records[51],catalog_record,RESEARCH_OBSERVED,shippingGameVideoResearch,RESEARCH_CANDIDATE,NOT_PRODUCTION_DATA,OBSERVED_PENDING_VERIFICATION,true,false,false,sourceType:shippingGameVideoResearch;dataClass:RESEARCH_CANDIDATE;verification:OBSERVED_PENDING_VERIFICATION;productionStatus:NOT_PRODUCTION_DATA,
phase0-frame-video-009-tl-002,data/phase-zero/additional_attributes.research.json,$.records[51].evidenceFrame,evidence_record,UNKNOWN_ORIGIN,,,,,true,false,false,,
phase0-frame-video-009-tl-002,data/phase-zero/additional_attributes.research.json,$.records[51].sourceObservations[0],evidence_record,UNKNOWN_ORIGIN,,,,,true,false,false,,
phase0-frame-video-009-tl-004,data/phase-zero/additional_attributes.research.json,$.records[51].sourceObservations[1],evidence_record,UNKNOWN_ORIGIN,,,,,true,false,false,,
CF27_XBOXUNKNOWN_RTG_EARSHAPE_003,data/phase-zero/additional_attributes.research.json,$.records[52],catalog_record,RESEARCH_OBSERVED,shippingGameVideoResearch,RESEARCH_CANDIDATE,NOT_PRODUCTION_DATA,OBSERVED_PENDING_VERIFICATION,true,false,false,sourceType:shippingGameVideoResearch;dataClass:RESEARCH_CANDIDATE;verification:OBSERVED_PENDING_VERIFICATION;productionStatus:NOT_PRODUCTION_DATA,
phase0-frame-video-009-tl-005,data/phase-zero/additional_attributes.research.json,$.records[52].evidenceFrame,evidence_record,UNKNOWN_ORIGIN,,,,,true,false,false,,
phase0-frame-video-009-tl-005,data/phase-zero/additional_attributes.research.json,$.records[52].sourceObservations[0],evidence_record,UNKNOWN_ORIGIN,,,,,true,false,false,,
CF27_XBOXUNKNOWN_RTG_EARSHAPE_004,data/phase-zero/additional_attributes.research.json,$.records[53],catalog_record,RESEARCH_OBSERVED,shippingGameVideoResearch,RESEARCH_CANDIDATE,NOT_PRODUCTION_DATA,OBSERVED_PENDING_VERIFICATION,true,false,false,sourceType:shippingGameVideoResearch;dataClass:RESEARCH_CANDIDATE;verification:OBSERVED_PENDING_VERIFICATION;productionStatus:NOT_PRODUCTION_DATA,
phase0-frame-video-009-tl-006,data/phase-zero/additional_attributes.research.json,$.records[53].evidenceFrame,evidence_record,UNKNOWN_ORIGIN,,,,,true,false,false,,
phase0-frame-video-009-tl-006,data/phase-zero/additional_attributes.research.json,$.records[53].sourceObservations[0],evidence_record,UNKNOWN_ORIGIN,,,,,true,false,false,,
CF27_XBOXUNKNOWN_RTG_SKINTONE_008,data/phase-zero/additional_attributes.research.json,$.records[6],catalog_record,RESEARCH_OBSERVED,shippingGameVideoResearch,RESEARCH_CANDIDATE,NOT_PRODUCTION_DATA,OBSERVED_PENDING_VERIFICATION,true,false,false,sourceType:shippingGameVideoResearch;dataClass:RESEARCH_CANDIDATE;verification:OBSERVED_PENDING_VERIFICATION;productionStatus:NOT_PRODUCTION_DATA,
phase0-frame-video-004-tl-009,data/phase-zero/additional_attributes.research.json,$.records[6].evidenceFrame,evidence_record,UNKNOWN_ORIGIN,,,,,true,false,false,,
phase0-frame-video-004-tl-009,data/phase-zero/additional_attributes.research.json,$.records[6].sourceObservations[0],evidence_record,UNKNOWN_ORIGIN,,,,,true,false,false,,
CF27_XBOXUNKNOWN_RTG_SKINTONE_009,data/phase-zero/additional_attributes.research.json,$.records[7],catalog_record,RESEARCH_OBSERVED,shippingGameVideoResearch,RESEARCH_CANDIDATE,NOT_PRODUCTION_DATA,OBSERVED_PENDING_VERIFICATION,true,false,false,sourceType:shippingGameVideoResearch;dataClass:RESEARCH_CANDIDATE;verification:OBSERVED_PENDING_VERIFICATION;productionStatus:NOT_PRODUCTION_DATA,
phase0-frame-video-004-tl-002,data/phase-zero/additional_attributes.research.json,$.records[7].evidenceFrame,evidence_record,UNKNOWN_ORIGIN,,,,,true,false,false,,
phase0-frame-video-004-tl-002,data/phase-zero/additional_attributes.research.json,$.records[7].sourceObservations[0],evidence_record,UNKNOWN_ORIGIN,,,,,true,false,false,,
CF27_XBOXUNKNOWN_RTG_SKINTONE_010,data/phase-zero/additional_attributes.research.json,$.records[8],catalog_record,RESEARCH_OBSERVED,shippingGameVideoResearch,RESEARCH_CANDIDATE,NOT_PRODUCTION_DATA,OBSERVED_PENDING_VERIFICATION,true,false,false,sourceType:shippingGameVideoResearch;dataClass:RESEARCH_CANDIDATE;verification:OBSERVED_PENDING_VERIFICATION;productionStatus:NOT_PRODUCTION_DATA,
phase0-frame-video-004-tl-017,data/phase-zero/additional_attributes.research.json,$.records[8].evidenceFrame,evidence_record,UNKNOWN_ORIGIN,,,,,true,false,false,,
phase0-frame-video-004-tl-004,data/phase-zero/additional_attributes.research.json,$.records[8].sourceObservations[0],evidence_record,UNKNOWN_ORIGIN,,,,,true,false,false,,
phase0-frame-video-004-tl-017,data/phase-zero/additional_attributes.research.json,$.records[8].sourceObservations[1],evidence_record,UNKNOWN_ORIGIN,,,,,true,false,false,,
CF27_XBOXUNKNOWN_RTG_SKINTONE_011,data/phase-zero/additional_attributes.research.json,$.records[9],catalog_record,RESEARCH_OBSERVED,shippingGameVideoResearch,RESEARCH_CANDIDATE,NOT_PRODUCTION_DATA,OBSERVED_PENDING_VERIFICATION,true,false,false,sourceType:shippingGameVideoResearch;dataClass:RESEARCH_CANDIDATE;verification:OBSERVED_PENDING_VERIFICATION;productionStatus:NOT_PRODUCTION_DATA,
phase0-frame-video-004-tl-022,data/phase-zero/additional_attributes.research.json,$.records[9].evidenceFrame,evidence_record,UNKNOWN_ORIGIN,,,,,true,false,false,,
phase0-frame-video-004-tl-022,data/phase-zero/additional_attributes.research.json,$.records[9].sourceObservations[0],evidence_record,UNKNOWN_ORIGIN,,,,,true,false,false,,
env-cf27-phase0-video-001-rtg-custom-qb,data/phase-zero/creation_paths.research.json,$.creationPaths[0],environment_record,RESEARCH_OBSERVED,research,RESEARCH_CANDIDATE,NOT_PRODUCTION_DATA,OBSERVED_PENDING_VERIFICATION,true,false,false,sourceType:research;dataClass:RESEARCH_CANDIDATE;verification:OBSERVED_PENDING_VERIFICATION;productionStatus:NOT_PRODUCTION_DATA,
phase0-source-phase0-video-001,data/phase-zero/creation_paths.research.json,$.creationPaths[0].dependencies[0],evidence_record,UNKNOWN_ORIGIN,,,,unresolved,false,false,false,verification:unresolved,
phase0-source-phase0-video-001,data/phase-zero/creation_paths.research.json,$.creationPaths[0].dependencies[1],evidence_record,UNKNOWN_ORIGIN,,,,unresolved,false,false,false,verification:unresolved,
phase0-source-phase0-video-001,data/phase-zero/creation_paths.research.json,$.creationPaths[0].dependencies[2],evidence_record,UNKNOWN_ORIGIN,,,,unresolved,false,false,false,verification:unresolved,
phase0-source-phase0-video-001,data/phase-zero/creation_paths.research.json,$.creationPaths[0].dependencies[3],evidence_record,UNKNOWN_ORIGIN,,,,unresolved,false,false,false,verification:unresolved,
phase0-source-phase0-video-001,data/phase-zero/creation_paths.research.json,$.creationPaths[0].dependencies[4],evidence_record,UNKNOWN_ORIGIN,,,,unresolved,false,false,false,verification:unresolved,
phase0-source-phase0-video-001,data/phase-zero/creation_paths.research.json,$.creationPaths[0].dependencies[5],evidence_record,UNKNOWN_ORIGIN,,,,unresolved,false,false,false,verification:unresolved,
phase0-source-phase0-video-001,data/phase-zero/creation_paths.research.json,$.creationPaths[0].reproducibleSteps[0].evidence,evidence_record,UNKNOWN_ORIGIN,,,,,true,false,false,,
phase0-source-phase0-video-001,data/phase-zero/creation_paths.research.json,$.creationPaths[0].reproducibleSteps[1].evidence,evidence_record,UNKNOWN_ORIGIN,,,,,true,false,false,,
phase0-source-phase0-video-001,data/phase-zero/creation_paths.research.json,$.creationPaths[0].reproducibleSteps[2].evidence,evidence_record,UNKNOWN_ORIGIN,,,,,true,false,false,,
phase0-source-phase0-video-001,data/phase-zero/creation_paths.research.json,$.creationPaths[0].reproducibleSteps[3].evidence,evidence_record,UNKNOWN_ORIGIN,,,,,true,false,false,,
phase0-source-phase0-video-001,data/phase-zero/creation_paths.research.json,$.creationPaths[0].reproducibleSteps[4].evidence,evidence_record,UNKNOWN_ORIGIN,,,,,true,false,false,,
phase0-source-phase0-video-001,data/phase-zero/creation_paths.research.json,$.creationPaths[0].reproducibleSteps[5].evidence,evidence_record,UNKNOWN_ORIGIN,,,,,true,false,false,,
phase0-source-phase0-video-001,data/phase-zero/creation_paths.research.json,$.creationPaths[0].reproducibleSteps[6].evidence,evidence_record,UNKNOWN_ORIGIN,,,,,true,false,false,,
phase0-source-phase0-video-001,data/phase-zero/creation_paths.research.json,$.creationPaths[0].reproducibleSteps[7].evidence,evidence_record,UNKNOWN_ORIGIN,,,,,true,false,false,,
phase0-source-phase0-video-001,data/phase-zero/creation_paths.research.json,$.creationPaths[0].reproducibleSteps[8].evidence,evidence_record,UNKNOWN_ORIGIN,,,,,true,false,false,,
env-cf27-phase0-video-001-rtg-custom-qb,data/phase-zero/environment_manifest.research.json,$,environment_record,RESEARCH_OBSERVED,research,RESEARCH_CANDIDATE,NOT_PRODUCTION_DATA,OBSERVED_PENDING_VERIFICATION,true,false,false,sourceType:research;dataClass:RESEARCH_CANDIDATE;verification:OBSERVED_PENDING_VERIFICATION;productionStatus:NOT_PRODUCTION_DATA,
phase0-source-phase0-video-001,data/phase-zero/environment_manifest.research.json,$.fieldEvidence.appearanceEntryPoint,evidence_record,UNKNOWN_ORIGIN,,,,,true,false,false,,
phase0-source-phase0-video-001,data/phase-zero/environment_manifest.research.json,$.fieldEvidence.captureDate,evidence_record,UNKNOWN_ORIGIN,,,,,true,false,false,,
phase0-source-phase0-video-001,data/phase-zero/environment_manifest.research.json,$.fieldEvidence.captureFormat,evidence_record,UNKNOWN_ORIGIN,,,,,true,false,false,,
phase0-source-phase0-video-001,data/phase-zero/environment_manifest.research.json,$.fieldEvidence.captureMethod,evidence_record,UNKNOWN_ORIGIN,,,,,true,false,false,,
phase0-source-phase0-video-001,data/phase-zero/environment_manifest.research.json,$.fieldEvidence.consoleFamily,evidence_record,UNKNOWN_ORIGIN,,,,,true,false,false,,
phase0-source-phase0-video-001,data/phase-zero/environment_manifest.research.json,$.fieldEvidence.creationStartingPoint,evidence_record,UNKNOWN_ORIGIN,,,,,true,false,false,,
phase0-source-phase0-video-001,data/phase-zero/environment_manifest.research.json,$.fieldEvidence.gameMode,evidence_record,UNKNOWN_ORIGIN,,,,,true,false,false,,
phase0-source-phase0-video-001,data/phase-zero/environment_manifest.research.json,$.fieldEvidence.gameTitle,evidence_record,UNKNOWN_ORIGIN,,,,,true,false,false,,
phase0-source-phase0-video-001,data/phase-zero/environment_manifest.research.json,$.fieldEvidence.journeyTypeCardsVisible,evidence_record,UNKNOWN_ORIGIN,,,,,true,false,false,,
phase0-source-phase0-video-001,data/phase-zero/environment_manifest.research.json,$.fieldEvidence.observedJourneyTypeHighlight,evidence_record,UNKNOWN_ORIGIN,,,,,true,false,false,,
phase0-source-phase0-video-001,data/phase-zero/environment_manifest.research.json,$.fieldEvidence.platform,evidence_record,UNKNOWN_ORIGIN,,,,,true,false,false,,
phase0-source-phase0-video-001,data/phase-zero/environment_manifest.research.json,$.fieldEvidence.playerBaseScreenVisible,evidence_record,UNKNOWN_ORIGIN,,,,,true,false,false,,
phase0-source-phase0-video-001,data/phase-zero/environment_manifest.research.json,$.fieldEvidence.playerInfoFieldsVisible,evidence_record,UNKNOWN_ORIGIN,,,,,true,false,false,,
phase0-source-phase0-video-001,data/phase-zero/environment_manifest.research.json,$.fieldEvidence.position,evidence_record,UNKNOWN_ORIGIN,,,,,true,false,false,,
phase0-source-phase0-video-001,data/phase-zero/environment_manifest.research.json,$.fieldEvidence.roadToGloryPath,evidence_record,UNKNOWN_ORIGIN,,,,,true,false,false,,
phase0-source-phase0-video-001,data/phase-zero/environment_manifest.research.json,$.fieldEvidence.visibleAppearanceMenus,evidence_record,UNKNOWN_ORIGIN,,,,,true,false,false,,
phase0-source-phase0-video-001,data/phase-zero/environment_manifest.research.json,$.fieldEvidence.visibleDisplayConditions,evidence_record,UNKNOWN_ORIGIN,,,,,true,false,false,,
phase0-source-phase0-video-001,data/phase-zero/environment_manifest.research.json,$.missingEnvironmentEvidence[0],evidence_record,UNKNOWN_ORIGIN,,,,unresolved,false,false,false,verification:unresolved,
phase0-source-phase0-video-001,data/phase-zero/environment_manifest.research.json,$.missingEnvironmentEvidence[1],evidence_record,UNKNOWN_ORIGIN,,,,unresolved,false,false,false,verification:unresolved,
phase0-source-phase0-video-001,data/phase-zero/environment_manifest.research.json,$.missingEnvironmentEvidence[10],evidence_record,UNKNOWN_ORIGIN,,,,unresolved,false,false,false,verification:unresolved,
phase0-source-phase0-video-001,data/phase-zero/environment_manifest.research.json,$.missingEnvironmentEvidence[11],evidence_record,UNKNOWN_ORIGIN,,,,unresolved,false,false,false,verification:unresolved,
phase0-source-phase0-video-001,data/phase-zero/environment_manifest.research.json,$.missingEnvironmentEvidence[12],evidence_record,UNKNOWN_ORIGIN,,,,unresolved,false,false,false,verification:unresolved,
phase0-source-phase0-video-001,data/phase-zero/environment_manifest.research.json,$.missingEnvironmentEvidence[13],evidence_record,UNKNOWN_ORIGIN,,,,unresolved,false,false,false,verification:unresolved,
phase0-source-phase0-video-001,data/phase-zero/environment_manifest.research.json,$.missingEnvironmentEvidence[14],evidence_record,UNKNOWN_ORIGIN,,,,unresolved,false,false,false,verification:unresolved,
phase0-source-phase0-video-001,data/phase-zero/environment_manifest.research.json,$.missingEnvironmentEvidence[15],evidence_record,UNKNOWN_ORIGIN,,,,unresolved,false,false,false,verification:unresolved,
phase0-source-phase0-video-001,data/phase-zero/environment_manifest.research.json,$.missingEnvironmentEvidence[16],evidence_record,UNKNOWN_ORIGIN,,,,unresolved,false,false,false,verification:unresolved,
phase0-source-phase0-video-001,data/phase-zero/environment_manifest.research.json,$.missingEnvironmentEvidence[17],evidence_record,UNKNOWN_ORIGIN,,,,unresolved,false,false,false,verification:unresolved,
phase0-source-phase0-video-001,data/phase-zero/environment_manifest.research.json,$.missingEnvironmentEvidence[18],evidence_record,UNKNOWN_ORIGIN,,,,unresolved,false,false,false,verification:unresolved,
phase0-source-phase0-video-001,data/phase-zero/environment_manifest.research.json,$.missingEnvironmentEvidence[19],evidence_record,UNKNOWN_ORIGIN,,,,unresolved,false,false,false,verification:unresolved,
phase0-source-phase0-video-001,data/phase-zero/environment_manifest.research.json,$.missingEnvironmentEvidence[2],evidence_record,UNKNOWN_ORIGIN,,,,unresolved,false,false,false,verification:unresolved,
phase0-source-phase0-video-001,data/phase-zero/environment_manifest.research.json,$.missingEnvironmentEvidence[3],evidence_record,UNKNOWN_ORIGIN,,,,unresolved,false,false,false,verification:unresolved,
phase0-source-phase0-video-001,data/phase-zero/environment_manifest.research.json,$.missingEnvironmentEvidence[4],evidence_record,UNKNOWN_ORIGIN,,,,unresolved,false,false,false,verification:unresolved,
phase0-source-phase0-video-001,data/phase-zero/environment_manifest.research.json,$.missingEnvironmentEvidence[5],evidence_record,UNKNOWN_ORIGIN,,,,unresolved,false,false,false,verification:unresolved,
phase0-source-phase0-video-001,data/phase-zero/environment_manifest.research.json,$.missingEnvironmentEvidence[6],evidence_record,UNKNOWN_ORIGIN,,,,unresolved,false,false,false,verification:unresolved,
phase0-source-phase0-video-001,data/phase-zero/environment_manifest.research.json,$.missingEnvironmentEvidence[7],evidence_record,UNKNOWN_ORIGIN,,,,unresolved,false,false,false,verification:unresolved,
phase0-source-phase0-video-001,data/phase-zero/environment_manifest.research.json,$.missingEnvironmentEvidence[8],evidence_record,UNKNOWN_ORIGIN,,,,unresolved,false,false,false,verification:unresolved,
phase0-source-phase0-video-001,data/phase-zero/environment_manifest.research.json,$.missingEnvironmentEvidence[9],evidence_record,UNKNOWN_ORIGIN,,,,unresolved,false,false,false,verification:unresolved,
phase0-source-phase0-video-001,data/phase-zero/environment_manifest.research.json,$.sourceVideo,evidence_record,UNKNOWN_ORIGIN,,,,,true,false,false,,
CF27_XBOXUNKNOWN_RTG_HEAD_001,data/phase-zero/heads.research.json,$.records[0],catalog_record,RESEARCH_OBSERVED,shippingGameVideoResearch,RESEARCH_CANDIDATE,NOT_PRODUCTION_DATA,OBSERVED_PENDING_VERIFICATION,true,false,false,sourceType:shippingGameVideoResearch;dataClass:RESEARCH_CANDIDATE;verification:OBSERVED_PENDING_VERIFICATION;productionStatus:NOT_PRODUCTION_DATA,
phase0-frame-video-002-tl-004,data/phase-zero/heads.research.json,$.records[0].evidenceFrame,evidence_record,UNKNOWN_ORIGIN,,,,,true,false,false,,
phase0-frame-video-002-tl-004,data/phase-zero/heads.research.json,$.records[0].fullScreenEvidence,evidence_record,UNKNOWN_ORIGIN,,,,,true,false,false,,
phase0-frame-video-002-tl-004,data/phase-zero/heads.research.json,$.records[0].sourceObservations[0],evidence_record,UNKNOWN_ORIGIN,,,,,true,false,false,,
CF27_XBOXUNKNOWN_RTG_HEAD_002,data/phase-zero/heads.research.json,$.records[1],catalog_record,RESEARCH_OBSERVED,shippingGameVideoResearch,RESEARCH_CANDIDATE,NOT_PRODUCTION_DATA,OBSERVED_PENDING_VERIFICATION,true,false,false,sourceType:shippingGameVideoResearch;dataClass:RESEARCH_CANDIDATE;verification:OBSERVED_PENDING_VERIFICATION;productionStatus:NOT_PRODUCTION_DATA,
phase0-frame-video-002-tl-005,data/phase-zero/heads.research.json,$.records[1].evidenceFrame,evidence_record,UNKNOWN_ORIGIN,,,,,true,false,false,,
phase0-frame-video-002-tl-005,data/phase-zero/heads.research.json,$.records[1].fullScreenEvidence,evidence_record,UNKNOWN_ORIGIN,,,,,true,false,false,,
phase0-frame-video-002-tl-005,data/phase-zero/heads.research.json,$.records[1].sourceObservations[0],evidence_record,UNKNOWN_ORIGIN,,,,,true,false,false,,
CF27_XBOXUNKNOWN_RTG_HEAD_011,data/phase-zero/heads.research.json,$.records[10],catalog_record,RESEARCH_OBSERVED,shippingGameVideoResearch,RESEARCH_CANDIDATE,NOT_PRODUCTION_DATA,OBSERVED_PENDING_VERIFICATION,true,false,false,sourceType:shippingGameVideoResearch;dataClass:RESEARCH_CANDIDATE;verification:OBSERVED_PENDING_VERIFICATION;productionStatus:NOT_PRODUCTION_DATA,
phase0-frame-video-002-tl-014,data/phase-zero/heads.research.json,$.records[10].evidenceFrame,evidence_record,UNKNOWN_ORIGIN,,,,,true,false,false,,
phase0-frame-video-002-tl-014,data/phase-zero/heads.research.json,$.records[10].fullScreenEvidence,evidence_record,UNKNOWN_ORIGIN,,,,,true,false,false,,
phase0-frame-video-002-tl-014,data/phase-zero/heads.research.json,$.records[10].sourceObservations[0],evidence_record,UNKNOWN_ORIGIN,,,,,true,false,false,,
CF27_XBOXUNKNOWN_RTG_HEAD_012,data/phase-zero/heads.research.json,$.records[11],catalog_record,RESEARCH_OBSERVED,shippingGameVideoResearch,RESEARCH_CANDIDATE,NOT_PRODUCTION_DATA,OBSERVED_PENDING_VERIFICATION,true,false,false,sourceType:shippingGameVideoResearch;dataClass:RESEARCH_CANDIDATE;verification:OBSERVED_PENDING_VERIFICATION;productionStatus:NOT_PRODUCTION_DATA,
phase0-frame-video-002-tl-015,data/phase-zero/heads.research.json,$.records[11].evidenceFrame,evidence_record,UNKNOWN_ORIGIN,,,,,true,false,false,,
phase0-frame-video-002-tl-015,data/phase-zero/heads.research.json,$.records[11].fullScreenEvidence,evidence_record,UNKNOWN_ORIGIN,,,,,true,false,false,,
phase0-frame-video-003-tl-001,data/phase-zero/heads.research.json,$.records[11].sourceObservations[0],evidence_record,UNKNOWN_ORIGIN,,,,,true,false,false,,
phase0-frame-video-002-tl-015,data/phase-zero/heads.research.json,$.records[11].sourceObservations[1],evidence_record,UNKNOWN_ORIGIN,,,,,true,false,false,,
CF27_XBOXUNKNOWN_RTG_HEAD_013,data/phase-zero/heads.research.json,$.records[12],catalog_record,RESEARCH_OBSERVED,shippingGameVideoResearch,RESEARCH_CANDIDATE,NOT_PRODUCTION_DATA,OBSERVED_PENDING_VERIFICATION,true,false,false,sourceType:shippingGameVideoResearch;dataClass:RESEARCH_CANDIDATE;verification:OBSERVED_PENDING_VERIFICATION;productionStatus:NOT_PRODUCTION_DATA,
phase0-frame-video-003-tl-004,data/phase-zero/heads.research.json,$.records[12].evidenceFrame,evidence_record,UNKNOWN_ORIGIN,,,,,true,false,false,,
phase0-frame-video-003-tl-004,data/phase-zero/heads.research.json,$.records[12].fullScreenEvidence,evidence_record,UNKNOWN_ORIGIN,,,,,true,false,false,,
phase0-frame-video-003-tl-004,data/phase-zero/heads.research.json,$.records[12].sourceObservations[0],evidence_record,UNKNOWN_ORIGIN,,,,,true,false,false,,
CF27_XBOXUNKNOWN_RTG_HEAD_014,data/phase-zero/heads.research.json,$.records[13],catalog_record,RESEARCH_OBSERVED,shippingGameVideoResearch,RESEARCH_CANDIDATE,NOT_PRODUCTION_DATA,OBSERVED_PENDING_VERIFICATION,true,false,false,sourceType:shippingGameVideoResearch;dataClass:RESEARCH_CANDIDATE;verification:OBSERVED_PENDING_VERIFICATION;productionStatus:NOT_PRODUCTION_DATA,
phase0-frame-video-003-tl-003,data/phase-zero/heads.research.json,$.records[13].evidenceFrame,evidence_record,UNKNOWN_ORIGIN,,,,,true,false,false,,
phase0-frame-video-003-tl-003,data/phase-zero/heads.research.json,$.records[13].fullScreenEvidence,evidence_record,UNKNOWN_ORIGIN,,,,,true,false,false,,
phase0-frame-video-003-tl-003,data/phase-zero/heads.research.json,$.records[13].sourceObservations[0],evidence_record,UNKNOWN_ORIGIN,,,,,true,false,false,,
CF27_XBOXUNKNOWN_RTG_HEAD_016,data/phase-zero/heads.research.json,$.records[14],catalog_record,RESEARCH_OBSERVED,shippingGameVideoResearch,RESEARCH_CANDIDATE,NOT_PRODUCTION_DATA,OBSERVED_PENDING_VERIFICATION,true,false,false,sourceType:shippingGameVideoResearch;dataClass:RESEARCH_CANDIDATE;verification:OBSERVED_PENDING_VERIFICATION;productionStatus:NOT_PRODUCTION_DATA,
phase0-frame-video-003-tl-002,data/phase-zero/heads.research.json,$.records[14].evidenceFrame,evidence_record,UNKNOWN_ORIGIN,,,,,true,false,false,,
phase0-frame-video-003-tl-002,data/phase-zero/heads.research.json,$.records[14].fullScreenEvidence,evidence_record,UNKNOWN_ORIGIN,,,,,true,false,false,,
phase0-frame-video-003-tl-002,data/phase-zero/heads.research.json,$.records[14].sourceObservations[0],evidence_record,UNKNOWN_ORIGIN,,,,,true,false,false,,
phase0-frame-video-002-tl-016,data/phase-zero/heads.research.json,$.records[14].sourceObservations[1],evidence_record,UNKNOWN_ORIGIN,,,,,true,false,false,,
CF27_XBOXUNKNOWN_RTG_HEAD_017,data/phase-zero/heads.research.json,$.records[15],catalog_record,RESEARCH_OBSERVED,shippingGameVideoResearch,RESEARCH_CANDIDATE,NOT_PRODUCTION_DATA,OBSERVED_PENDING_VERIFICATION,true,false,false,sourceType:shippingGameVideoResearch;dataClass:RESEARCH_CANDIDATE;verification:OBSERVED_PENDING_VERIFICATION;productionStatus:NOT_PRODUCTION_DATA,
phase0-frame-video-003-tl-005,data/phase-zero/heads.research.json,$.records[15].evidenceFrame,evidence_record,UNKNOWN_ORIGIN,,,,,true,false,false,,
phase0-frame-video-003-tl-005,data/phase-zero/heads.research.json,$.records[15].fullScreenEvidence,evidence_record,UNKNOWN_ORIGIN,,,,,true,false,false,,
phase0-frame-video-003-tl-005,data/phase-zero/heads.research.json,$.records[15].sourceObservations[0],evidence_record,UNKNOWN_ORIGIN,,,,,true,false,false,,
CF27_XBOXUNKNOWN_RTG_HEAD_018,data/phase-zero/heads.research.json,$.records[16],catalog_record,RESEARCH_OBSERVED,shippingGameVideoResearch,RESEARCH_CANDIDATE,NOT_PRODUCTION_DATA,OBSERVED_PENDING_VERIFICATION,true,false,false,sourceType:shippingGameVideoResearch;dataClass:RESEARCH_CANDIDATE;verification:OBSERVED_PENDING_VERIFICATION;productionStatus:NOT_PRODUCTION_DATA,
phase0-frame-video-003-tl-006,data/phase-zero/heads.research.json,$.records[16].evidenceFrame,evidence_record,UNKNOWN_ORIGIN,,,,,true,false,false,,
phase0-frame-video-003-tl-006,data/phase-zero/heads.research.json,$.records[16].fullScreenEvidence,evidence_record,UNKNOWN_ORIGIN,,,,,true,false,false,,
phase0-frame-video-003-tl-006,data/phase-zero/heads.research.json,$.records[16].sourceObservations[0],evidence_record,UNKNOWN_ORIGIN,,,,,true,false,false,,
CF27_XBOXUNKNOWN_RTG_HEAD_021,data/phase-zero/heads.research.json,$.records[17],catalog_record,RESEARCH_OBSERVED,shippingGameVideoResearch,RESEARCH_CANDIDATE,NOT_PRODUCTION_DATA,OBSERVED_PENDING_VERIFICATION,true,false,false,sourceType:shippingGameVideoResearch;dataClass:RESEARCH_CANDIDATE;verification:OBSERVED_PENDING_VERIFICATION;productionStatus:NOT_PRODUCTION_DATA,
phase0-frame-video-003-tl-010,data/phase-zero/heads.research.json,$.records[17].evidenceFrame,evidence_record,UNKNOWN_ORIGIN,,,,,true,false,false,,
phase0-frame-video-003-tl-010,data/phase-zero/heads.research.json,$.records[17].fullScreenEvidence,evidence_record,UNKNOWN_ORIGIN,,,,,true,false,false,,
phase0-frame-video-003-tl-010,data/phase-zero/heads.research.json,$.records[17].sourceObservations[0],evidence_record,UNKNOWN_ORIGIN,,,,,true,false,false,,
CF27_XBOXUNKNOWN_RTG_HEAD_022,data/phase-zero/heads.research.json,$.records[18],catalog_record,RESEARCH_OBSERVED,shippingGameVideoResearch,RESEARCH_CANDIDATE,NOT_PRODUCTION_DATA,OBSERVED_PENDING_VERIFICATION,true,false,false,sourceType:shippingGameVideoResearch;dataClass:RESEARCH_CANDIDATE;verification:OBSERVED_PENDING_VERIFICATION;productionStatus:NOT_PRODUCTION_DATA,
phase0-frame-video-003-tl-009,data/phase-zero/heads.research.json,$.records[18].evidenceFrame,evidence_record,UNKNOWN_ORIGIN,,,,,true,false,false,,
phase0-frame-video-003-tl-009,data/phase-zero/heads.research.json,$.records[18].fullScreenEvidence,evidence_record,UNKNOWN_ORIGIN,,,,,true,false,false,,
phase0-frame-video-003-tl-009,data/phase-zero/heads.research.json,$.records[18].sourceObservations[0],evidence_record,UNKNOWN_ORIGIN,,,,,true,false,false,,
CF27_XBOXUNKNOWN_RTG_HEAD_023,data/phase-zero/heads.research.json,$.records[19],catalog_record,RESEARCH_OBSERVED,shippingGameVideoResearch,RESEARCH_CANDIDATE,NOT_PRODUCTION_DATA,OBSERVED_PENDING_VERIFICATION,true,false,false,sourceType:shippingGameVideoResearch;dataClass:RESEARCH_CANDIDATE;verification:OBSERVED_PENDING_VERIFICATION;productionStatus:NOT_PRODUCTION_DATA,
phase0-frame-video-003-tl-007,data/phase-zero/heads.research.json,$.records[19].evidenceFrame,evidence_record,UNKNOWN_ORIGIN,,,,,true,false,false,,
phase0-frame-video-003-tl-007,data/phase-zero/heads.research.json,$.records[19].fullScreenEvidence,evidence_record,UNKNOWN_ORIGIN,,,,,true,false,false,,
phase0-frame-video-003-tl-007,data/phase-zero/heads.research.json,$.records[19].sourceObservations[0],evidence_record,UNKNOWN_ORIGIN,,,,,true,false,false,,
CF27_XBOXUNKNOWN_RTG_HEAD_003,data/phase-zero/heads.research.json,$.records[2],catalog_record,RESEARCH_OBSERVED,shippingGameVideoResearch,RESEARCH_CANDIDATE,NOT_PRODUCTION_DATA,OBSERVED_PENDING_VERIFICATION,true,false,false,sourceType:shippingGameVideoResearch;dataClass:RESEARCH_CANDIDATE;verification:OBSERVED_PENDING_VERIFICATION;productionStatus:NOT_PRODUCTION_DATA,
phase0-frame-video-002-tl-006,data/phase-zero/heads.research.json,$.records[2].evidenceFrame,evidence_record,UNKNOWN_ORIGIN,,,,,true,false,false,,
phase0-frame-video-002-tl-006,data/phase-zero/heads.research.json,$.records[2].fullScreenEvidence,evidence_record,UNKNOWN_ORIGIN,,,,,true,false,false,,
phase0-frame-video-002-tl-006,data/phase-zero/heads.research.json,$.records[2].sourceObservations[0],evidence_record,UNKNOWN_ORIGIN,,,,,true,false,false,,
CF27_XBOXUNKNOWN_RTG_HEAD_024,data/phase-zero/heads.research.json,$.records[20],catalog_record,RESEARCH_OBSERVED,shippingGameVideoResearch,RESEARCH_CANDIDATE,NOT_PRODUCTION_DATA,OBSERVED_PENDING_VERIFICATION,true,false,false,sourceType:shippingGameVideoResearch;dataClass:RESEARCH_CANDIDATE;verification:OBSERVED_PENDING_VERIFICATION;productionStatus:NOT_PRODUCTION_DATA,
phase0-frame-video-003-tl-008,data/phase-zero/heads.research.json,$.records[20].evidenceFrame,evidence_record,UNKNOWN_ORIGIN,,,,,true,false,false,,
phase0-frame-video-003-tl-008,data/phase-zero/heads.research.json,$.records[20].fullScreenEvidence,evidence_record,UNKNOWN_ORIGIN,,,,,true,false,false,,
phase0-frame-video-003-tl-008,data/phase-zero/heads.research.json,$.records[20].sourceObservations[0],evidence_record,UNKNOWN_ORIGIN,,,,,true,false,false,,
CF27_XBOXUNKNOWN_RTG_HEAD_027,data/phase-zero/heads.research.json,$.records[21],catalog_record,RESEARCH_OBSERVED,shippingGameVideoResearch,RESEARCH_CANDIDATE,NOT_PRODUCTION_DATA,OBSERVED_PENDING_VERIFICATION,true,false,false,sourceType:shippingGameVideoResearch;dataClass:RESEARCH_CANDIDATE;verification:OBSERVED_PENDING_VERIFICATION;productionStatus:NOT_PRODUCTION_DATA,
phase0-frame-video-003-tl-011,data/phase-zero/heads.research.json,$.records[21].evidenceFrame,evidence_record,UNKNOWN_ORIGIN,,,,,true,false,false,,
phase0-frame-video-003-tl-011,data/phase-zero/heads.research.json,$.records[21].fullScreenEvidence,evidence_record,UNKNOWN_ORIGIN,,,,,true,false,false,,
phase0-frame-video-003-tl-011,data/phase-zero/heads.research.json,$.records[21].sourceObservations[0],evidence_record,UNKNOWN_ORIGIN,,,,,true,false,false,,
CF27_XBOXUNKNOWN_RTG_HEAD_028,data/phase-zero/heads.research.json,$.records[22],catalog_record,RESEARCH_OBSERVED,shippingGameVideoResearch,RESEARCH_CANDIDATE,NOT_PRODUCTION_DATA,OBSERVED_PENDING_VERIFICATION,true,false,false,sourceType:shippingGameVideoResearch;dataClass:RESEARCH_CANDIDATE;verification:OBSERVED_PENDING_VERIFICATION;productionStatus:NOT_PRODUCTION_DATA,
phase0-frame-video-003-tl-012,data/phase-zero/heads.research.json,$.records[22].evidenceFrame,evidence_record,UNKNOWN_ORIGIN,,,,,true,false,false,,
phase0-frame-video-003-tl-012,data/phase-zero/heads.research.json,$.records[22].fullScreenEvidence,evidence_record,UNKNOWN_ORIGIN,,,,,true,false,false,,
phase0-frame-video-003-tl-012,data/phase-zero/heads.research.json,$.records[22].sourceObservations[0],evidence_record,UNKNOWN_ORIGIN,,,,,true,false,false,,
CF27_XBOXUNKNOWN_RTG_HEAD_029,data/phase-zero/heads.research.json,$.records[23],catalog_record,RESEARCH_OBSERVED,shippingGameVideoResearch,RESEARCH_CANDIDATE,NOT_PRODUCTION_DATA,OBSERVED_PENDING_VERIFICATION,true,false,false,sourceType:shippingGameVideoResearch;dataClass:RESEARCH_CANDIDATE;verification:OBSERVED_PENDING_VERIFICATION;productionStatus:NOT_PRODUCTION_DATA,
phase0-frame-video-003-tl-015,data/phase-zero/heads.research.json,$.records[23].evidenceFrame,evidence_record,UNKNOWN_ORIGIN,,,,,true,false,false,,
phase0-frame-video-003-tl-015,data/phase-zero/heads.research.json,$.records[23].fullScreenEvidence,evidence_record,UNKNOWN_ORIGIN,,,,,true,false,false,,
phase0-frame-video-003-tl-015,data/phase-zero/heads.research.json,$.records[23].sourceObservations[0],evidence_record,UNKNOWN_ORIGIN,,,,,true,false,false,,
CF27_XBOXUNKNOWN_RTG_HEAD_030,data/phase-zero/heads.research.json,$.records[24],catalog_record,RESEARCH_OBSERVED,shippingGameVideoResearch,RESEARCH_CANDIDATE,NOT_PRODUCTION_DATA,OBSERVED_PENDING_VERIFICATION,true,false,false,sourceType:shippingGameVideoResearch;dataClass:RESEARCH_CANDIDATE;verification:OBSERVED_PENDING_VERIFICATION;productionStatus:NOT_PRODUCTION_DATA,
phase0-frame-video-003-tl-014,data/phase-zero/heads.research.json,$.records[24].evidenceFrame,evidence_record,UNKNOWN_ORIGIN,,,,,true,false,false,,
phase0-frame-video-003-tl-014,data/phase-zero/heads.research.json,$.records[24].fullScreenEvidence,evidence_record,UNKNOWN_ORIGIN,,,,,true,false,false,,
phase0-frame-video-003-tl-014,data/phase-zero/heads.research.json,$.records[24].sourceObservations[0],evidence_record,UNKNOWN_ORIGIN,,,,,true,false,false,,
CF27_XBOXUNKNOWN_RTG_HEAD_031,data/phase-zero/heads.research.json,$.records[25],catalog_record,RESEARCH_OBSERVED,shippingGameVideoResearch,RESEARCH_CANDIDATE,NOT_PRODUCTION_DATA,OBSERVED_PENDING_VERIFICATION,true,false,false,sourceType:shippingGameVideoResearch;dataClass:RESEARCH_CANDIDATE;verification:OBSERVED_PENDING_VERIFICATION;productionStatus:NOT_PRODUCTION_DATA,
phase0-frame-video-003-tl-013,data/phase-zero/heads.research.json,$.records[25].evidenceFrame,evidence_record,UNKNOWN_ORIGIN,,,,,true,false,false,,
phase0-frame-video-003-tl-013,data/phase-zero/heads.research.json,$.records[25].fullScreenEvidence,evidence_record,UNKNOWN_ORIGIN,,,,,true,false,false,,
phase0-frame-video-003-tl-013,data/phase-zero/heads.research.json,$.records[25].sourceObservations[0],evidence_record,UNKNOWN_ORIGIN,,,,,true,false,false,,
CF27_XBOXUNKNOWN_RTG_HEAD_004,data/phase-zero/heads.research.json,$.records[3],catalog_record,RESEARCH_OBSERVED,shippingGameVideoResearch,RESEARCH_CANDIDATE,NOT_PRODUCTION_DATA,OBSERVED_PENDING_VERIFICATION,true,false,false,sourceType:shippingGameVideoResearch;dataClass:RESEARCH_CANDIDATE;verification:OBSERVED_PENDING_VERIFICATION;productionStatus:NOT_PRODUCTION_DATA,
phase0-frame-video-002-tl-007,data/phase-zero/heads.research.json,$.records[3].evidenceFrame,evidence_record,UNKNOWN_ORIGIN,,,,,true,false,false,,
phase0-frame-video-002-tl-007,data/phase-zero/heads.research.json,$.records[3].fullScreenEvidence,evidence_record,UNKNOWN_ORIGIN,,,,,true,false,false,,
phase0-frame-video-002-tl-007,data/phase-zero/heads.research.json,$.records[3].sourceObservations[0],evidence_record,UNKNOWN_ORIGIN,,,,,true,false,false,,
CF27_XBOXUNKNOWN_RTG_HEAD_005,data/phase-zero/heads.research.json,$.records[4],catalog_record,RESEARCH_OBSERVED,shippingGameVideoResearch,RESEARCH_CANDIDATE,NOT_PRODUCTION_DATA,OBSERVED_PENDING_VERIFICATION,true,false,false,sourceType:shippingGameVideoResearch;dataClass:RESEARCH_CANDIDATE;verification:OBSERVED_PENDING_VERIFICATION;productionStatus:NOT_PRODUCTION_DATA,
phase0-frame-video-002-tl-011,data/phase-zero/heads.research.json,$.records[4].evidenceFrame,evidence_record,UNKNOWN_ORIGIN,,,,,true,false,false,,
phase0-frame-video-002-tl-011,data/phase-zero/heads.research.json,$.records[4].fullScreenEvidence,evidence_record,UNKNOWN_ORIGIN,,,,,true,false,false,,
phase0-frame-video-002-tl-011,data/phase-zero/heads.research.json,$.records[4].sourceObservations[0],evidence_record,UNKNOWN_ORIGIN,,,,,true,false,false,,
CF27_XBOXUNKNOWN_RTG_HEAD_006,data/phase-zero/heads.research.json,$.records[5],catalog_record,RESEARCH_OBSERVED,shippingGameVideoResearch,RESEARCH_CANDIDATE,NOT_PRODUCTION_DATA,OBSERVED_PENDING_VERIFICATION,true,false,false,sourceType:shippingGameVideoResearch;dataClass:RESEARCH_CANDIDATE;verification:OBSERVED_PENDING_VERIFICATION;productionStatus:NOT_PRODUCTION_DATA,
phase0-frame-video-002-tl-010,data/phase-zero/heads.research.json,$.records[5].evidenceFrame,evidence_record,UNKNOWN_ORIGIN,,,,,true,false,false,,
phase0-frame-video-002-tl-010,data/phase-zero/heads.research.json,$.records[5].fullScreenEvidence,evidence_record,UNKNOWN_ORIGIN,,,,,true,false,false,,
phase0-frame-video-002-tl-010,data/phase-zero/heads.research.json,$.records[5].sourceObservations[0],evidence_record,UNKNOWN_ORIGIN,,,,,true,false,false,,
CF27_XBOXUNKNOWN_RTG_HEAD_007,data/phase-zero/heads.research.json,$.records[6],catalog_record,RESEARCH_OBSERVED,shippingGameVideoResearch,RESEARCH_CANDIDATE,NOT_PRODUCTION_DATA,OBSERVED_PENDING_VERIFICATION,true,false,false,sourceType:shippingGameVideoResearch;dataClass:RESEARCH_CANDIDATE;verification:OBSERVED_PENDING_VERIFICATION;productionStatus:NOT_PRODUCTION_DATA,
phase0-frame-video-002-tl-009,data/phase-zero/heads.research.json,$.records[6].evidenceFrame,evidence_record,UNKNOWN_ORIGIN,,,,,true,false,false,,
phase0-frame-video-002-tl-009,data/phase-zero/heads.research.json,$.records[6].fullScreenEvidence,evidence_record,UNKNOWN_ORIGIN,,,,,true,false,false,,
phase0-frame-video-002-tl-009,data/phase-zero/heads.research.json,$.records[6].sourceObservations[0],evidence_record,UNKNOWN_ORIGIN,,,,,true,false,false,,
CF27_XBOXUNKNOWN_RTG_HEAD_008,data/phase-zero/heads.research.json,$.records[7],catalog_record,RESEARCH_OBSERVED,shippingGameVideoResearch,RESEARCH_CANDIDATE,NOT_PRODUCTION_DATA,OBSERVED_PENDING_VERIFICATION,true,false,false,sourceType:shippingGameVideoResearch;dataClass:RESEARCH_CANDIDATE;verification:OBSERVED_PENDING_VERIFICATION;productionStatus:NOT_PRODUCTION_DATA,
phase0-frame-video-002-tl-008,data/phase-zero/heads.research.json,$.records[7].evidenceFrame,evidence_record,UNKNOWN_ORIGIN,,,,,true,false,false,,
phase0-frame-video-002-tl-008,data/phase-zero/heads.research.json,$.records[7].fullScreenEvidence,evidence_record,UNKNOWN_ORIGIN,,,,,true,false,false,,
phase0-frame-video-002-tl-008,data/phase-zero/heads.research.json,$.records[7].sourceObservations[0],evidence_record,UNKNOWN_ORIGIN,,,,,true,false,false,,
CF27_XBOXUNKNOWN_RTG_HEAD_009,data/phase-zero/heads.research.json,$.records[8],catalog_record,RESEARCH_OBSERVED,shippingGameVideoResearch,RESEARCH_CANDIDATE,NOT_PRODUCTION_DATA,OBSERVED_PENDING_VERIFICATION,true,false,false,sourceType:shippingGameVideoResearch;dataClass:RESEARCH_CANDIDATE;verification:OBSERVED_PENDING_VERIFICATION;productionStatus:NOT_PRODUCTION_DATA,
phase0-frame-video-002-tl-012,data/phase-zero/heads.research.json,$.records[8].evidenceFrame,evidence_record,UNKNOWN_ORIGIN,,,,,true,false,false,,
phase0-frame-video-002-tl-012,data/phase-zero/heads.research.json,$.records[8].fullScreenEvidence,evidence_record,UNKNOWN_ORIGIN,,,,,true,false,false,,
phase0-frame-video-002-tl-012,data/phase-zero/heads.research.json,$.records[8].sourceObservations[0],evidence_record,UNKNOWN_ORIGIN,,,,,true,false,false,,
CF27_XBOXUNKNOWN_RTG_HEAD_010,data/phase-zero/heads.research.json,$.records[9],catalog_record,RESEARCH_OBSERVED,shippingGameVideoResearch,RESEARCH_CANDIDATE,NOT_PRODUCTION_DATA,OBSERVED_PENDING_VERIFICATION,true,false,false,sourceType:shippingGameVideoResearch;dataClass:RESEARCH_CANDIDATE;verification:OBSERVED_PENDING_VERIFICATION;productionStatus:NOT_PRODUCTION_DATA,
phase0-frame-video-002-tl-013,data/phase-zero/heads.research.json,$.records[9].evidenceFrame,evidence_record,UNKNOWN_ORIGIN,,,,,true,false,false,,
phase0-frame-video-002-tl-013,data/phase-zero/heads.research.json,$.records[9].fullScreenEvidence,evidence_record,UNKNOWN_ORIGIN,,,,,true,false,false,,
phase0-frame-video-002-tl-013,data/phase-zero/heads.research.json,$.records[9].sourceObservations[0],evidence_record,UNKNOWN_ORIGIN,,,,,true,false,false,,
issue-phase0-appearance-control-ear-shape-recapture,data/phase-zero/issues_register.research.json,$.issues[0],issue_record,UNKNOWN_ORIGIN,,,,open,false,false,false,verification:open,
issue-phase0-appearance-control-eye-color-recapture,data/phase-zero/issues_register.research.json,$.issues[1],issue_record,UNKNOWN_ORIGIN,,,,open,false,false,false,verification:open,
issue-phase0-env-console-osversion,data/phase-zero/issues_register.research.json,$.issues[10],issue_record,UNKNOWN_ORIGIN,,,,open,false,false,false,verification:open,
issue-phase0-env-copy-type,data/phase-zero/issues_register.research.json,$.issues[11],issue_record,UNKNOWN_ORIGIN,,,,open,false,false,false,verification:open,
issue-phase0-env-display-model,data/phase-zero/issues_register.research.json,$.issues[12],issue_record,UNKNOWN_ORIGIN,,,,open,false,false,false,verification:open,
issue-phase0-env-ea-account-requirement,data/phase-zero/issues_register.research.json,$.issues[13],issue_record,UNKNOWN_ORIGIN,,,,open,false,false,false,verification:open,
issue-phase0-env-edition,data/phase-zero/issues_register.research.json,$.issues[14],issue_record,UNKNOWN_ORIGIN,,,,open,false,false,false,verification:open,
issue-phase0-env-entitlement-status,data/phase-zero/issues_register.research.json,$.issues[15],issue_record,UNKNOWN_ORIGIN,,,,open,false,false,false,verification:open,
issue-phase0-env-game-version,data/phase-zero/issues_register.research.json,$.issues[16],issue_record,UNKNOWN_ORIGIN,,,,open,false,false,false,verification:open,
issue-phase0-env-hair-visible-not-opened,data/phase-zero/issues_register.research.json,$.issues[17],issue_record,UNKNOWN_ORIGIN,,,,open,false,false,false,verification:open,
issue-phase0-env-handedness,data/phase-zero/issues_register.research.json,$.issues[18],issue_record,UNKNOWN_ORIGIN,,,,open,false,false,false,verification:open,
issue-phase0-env-hdr-state,data/phase-zero/issues_register.research.json,$.issues[19],issue_record,UNKNOWN_ORIGIN,,,,open,false,false,false,verification:open,
issue-phase0-appearance-control-eye-shape-recapture,data/phase-zero/issues_register.research.json,$.issues[2],issue_record,UNKNOWN_ORIGIN,,,,open,false,false,false,verification:open,
issue-phase0-env-height,data/phase-zero/issues_register.research.json,$.issues[20],issue_record,UNKNOWN_ORIGIN,,,,open,false,false,false,verification:open,
issue-phase0-env-online-state,data/phase-zero/issues_register.research.json,$.issues[21],issue_record,UNKNOWN_ORIGIN,,,,open,false,false,false,verification:open,
issue-phase0-env-output-resolution,data/phase-zero/issues_register.research.json,$.issues[22],issue_record,UNKNOWN_ORIGIN,,,,open,false,false,false,verification:open,
issue-phase0-env-patch-version,data/phase-zero/issues_register.research.json,$.issues[23],issue_record,UNKNOWN_ORIGIN,,,,open,false,false,false,verification:open,
issue-phase0-env-player-base-selection,data/phase-zero/issues_register.research.json,$.issues[24],issue_record,UNKNOWN_ORIGIN,,,,open,false,false,false,verification:open,
issue-phase0-env-storefront-region,data/phase-zero/issues_register.research.json,$.issues[25],issue_record,UNKNOWN_ORIGIN,,,,open,false,false,false,verification:open,
issue-phase0-env-weight,data/phase-zero/issues_register.research.json,$.issues[26],issue_record,UNKNOWN_ORIGIN,,,,open,false,false,false,verification:open,
issue-phase0-menu-appearance,data/phase-zero/issues_register.research.json,$.issues[27],issue_record,UNKNOWN_ORIGIN,,,,open,false,false,false,verification:open,
issue-phase0-menu-chin,data/phase-zero/issues_register.research.json,$.issues[28],issue_record,UNKNOWN_ORIGIN,,,,open,false,false,false,verification:open,
issue-phase0-menu-ear-shape,data/phase-zero/issues_register.research.json,$.issues[29],issue_record,UNKNOWN_ORIGIN,,,,open,false,false,false,verification:open,
issue-phase0-appearance-control-nose-recapture,data/phase-zero/issues_register.research.json,$.issues[3],issue_record,UNKNOWN_ORIGIN,,,,open,false,false,false,verification:open,
issue-phase0-menu-eye-color,data/phase-zero/issues_register.research.json,$.issues[30],issue_record,UNKNOWN_ORIGIN,,,,open,false,false,false,verification:open,
issue-phase0-menu-eye-shape,data/phase-zero/issues_register.research.json,$.issues[31],issue_record,UNKNOWN_ORIGIN,,,,open,false,false,false,verification:open,
issue-phase0-menu-hair,data/phase-zero/issues_register.research.json,$.issues[32],issue_record,UNKNOWN_ORIGIN,,,,open,false,false,false,verification:open,
issue-phase0-menu-head-skin,data/phase-zero/issues_register.research.json,$.issues[33],issue_record,UNKNOWN_ORIGIN,,,,open,false,false,false,verification:open,
issue-phase0-menu-head-template,data/phase-zero/issues_register.research.json,$.issues[34],issue_record,UNKNOWN_ORIGIN,,,,open,false,false,false,verification:open,
issue-phase0-menu-jaw-shape,data/phase-zero/issues_register.research.json,$.issues[35],issue_record,UNKNOWN_ORIGIN,,,,open,false,false,false,verification:open,
issue-phase0-menu-mouth-shape,data/phase-zero/issues_register.research.json,$.issues[36],issue_record,UNKNOWN_ORIGIN,,,,open,false,false,false,verification:open,
issue-phase0-menu-nose,data/phase-zero/issues_register.research.json,$.issues[37],issue_record,UNKNOWN_ORIGIN,,,,open,false,false,false,verification:open,
issue-phase0-menu-skin-details,data/phase-zero/issues_register.research.json,$.issues[38],issue_record,UNKNOWN_ORIGIN,,,,open,false,false,false,verification:open,
issue-phase0-menu-skin-tone,data/phase-zero/issues_register.research.json,$.issues[39],issue_record,UNKNOWN_ORIGIN,,,,open,false,false,false,verification:open,
issue-phase0-appearance-control-skin-details-recapture,data/phase-zero/issues_register.research.json,$.issues[4],issue_record,UNKNOWN_ORIGIN,,,,open,false,false,false,verification:open,
issue-phase0-wyatt-next-capture-plan,data/phase-zero/issues_register.research.json,$.issues[40],issue_record,UNKNOWN_ORIGIN,,,,open,false,false,false,verification:open,
issue-phase0-appearance-control-skin-tone-recapture,data/phase-zero/issues_register.research.json,$.issues[5],issue_record,UNKNOWN_ORIGIN,,,,open,false,false,false,verification:open,
issue-phase0-env-appearance-editable-later,data/phase-zero/issues_register.research.json,$.issues[6],issue_record,UNKNOWN_ORIGIN,,,,open,false,false,false,verification:open,
issue-phase0-env-archetype,data/phase-zero/issues_register.research.json,$.issues[7],issue_record,UNKNOWN_ORIGIN,,,,open,false,false,false,verification:open,
issue-phase0-env-body-type,data/phase-zero/issues_register.research.json,$.issues[8],issue_record,UNKNOWN_ORIGIN,,,,open,false,false,false,verification:open,
issue-phase0-env-console-model,data/phase-zero/issues_register.research.json,$.issues[9],issue_record,UNKNOWN_ORIGIN,,,,open,false,false,false,verification:open,
env-cf27-phase0-video-001-rtg-custom-qb,data/phase-zero/menu_map.research.json,$,environment_record,RESEARCH_OBSERVED,research,RESEARCH_CANDIDATE,NOT_PRODUCTION_DATA,OBSERVED_PENDING_VERIFICATION,true,false,false,sourceType:research;dataClass:RESEARCH_CANDIDATE;verification:OBSERVED_PENDING_VERIFICATION;productionStatus:NOT_PRODUCTION_DATA,
phase0-frame-video-002-tl-004,data/phase-zero/menu_map.research.json,$.records[0].evidence[0],evidence_record,UNKNOWN_ORIGIN,,,,,true,false,false,,
phase0-frame-video-002-tl-005,data/phase-zero/menu_map.research.json,$.records[0].evidence[1],evidence_record,UNKNOWN_ORIGIN,,,,,true,false,false,,
phase0-frame-video-002-tl-014,data/phase-zero/menu_map.research.json,$.records[0].evidence[10],evidence_record,UNKNOWN_ORIGIN,,,,,true,false,false,,
phase0-frame-video-002-tl-015,data/phase-zero/menu_map.research.json,$.records[0].evidence[11],evidence_record,UNKNOWN_ORIGIN,,,,,true,false,false,,
phase0-frame-video-002-tl-016,data/phase-zero/menu_map.research.json,$.records[0].evidence[12],evidence_record,UNKNOWN_ORIGIN,,,,,true,false,false,,
phase0-frame-video-003-tl-001,data/phase-zero/menu_map.research.json,$.records[0].evidence[13],evidence_record,UNKNOWN_ORIGIN,,,,,true,false,false,,
phase0-frame-video-003-tl-002,data/phase-zero/menu_map.research.json,$.records[0].evidence[14],evidence_record,UNKNOWN_ORIGIN,,,,,true,false,false,,
phase0-frame-video-003-tl-003,data/phase-zero/menu_map.research.json,$.records[0].evidence[15],evidence_record,UNKNOWN_ORIGIN,,,,,true,false,false,,
phase0-frame-video-003-tl-004,data/phase-zero/menu_map.research.json,$.records[0].evidence[16],evidence_record,UNKNOWN_ORIGIN,,,,,true,false,false,,
phase0-frame-video-003-tl-005,data/phase-zero/menu_map.research.json,$.records[0].evidence[17],evidence_record,UNKNOWN_ORIGIN,,,,,true,false,false,,
phase0-frame-video-003-tl-006,data/phase-zero/menu_map.research.json,$.records[0].evidence[18],evidence_record,UNKNOWN_ORIGIN,,,,,true,false,false,,
phase0-frame-video-003-tl-007,data/phase-zero/menu_map.research.json,$.records[0].evidence[19],evidence_record,UNKNOWN_ORIGIN,,,,,true,false,false,,
phase0-frame-video-002-tl-006,data/phase-zero/menu_map.research.json,$.records[0].evidence[2],evidence_record,UNKNOWN_ORIGIN,,,,,true,false,false,,
phase0-frame-video-003-tl-008,data/phase-zero/menu_map.research.json,$.records[0].evidence[20],evidence_record,UNKNOWN_ORIGIN,,,,,true,false,false,,
phase0-frame-video-003-tl-009,data/phase-zero/menu_map.research.json,$.records[0].evidence[21],evidence_record,UNKNOWN_ORIGIN,,,,,true,false,false,,
phase0-frame-video-003-tl-010,data/phase-zero/menu_map.research.json,$.records[0].evidence[22],evidence_record,UNKNOWN_ORIGIN,,,,,true,false,false,,
phase0-frame-video-003-tl-011,data/phase-zero/menu_map.research.json,$.records[0].evidence[23],evidence_record,UNKNOWN_ORIGIN,,,,,true,false,false,,
phase0-frame-video-003-tl-012,data/phase-zero/menu_map.research.json,$.records[0].evidence[24],evidence_record,UNKNOWN_ORIGIN,,,,,true,false,false,,
phase0-frame-video-003-tl-013,data/phase-zero/menu_map.research.json,$.records[0].evidence[25],evidence_record,UNKNOWN_ORIGIN,,,,,true,false,false,,
phase0-frame-video-003-tl-014,data/phase-zero/menu_map.research.json,$.records[0].evidence[26],evidence_record,UNKNOWN_ORIGIN,,,,,true,false,false,,
phase0-frame-video-003-tl-015,data/phase-zero/menu_map.research.json,$.records[0].evidence[27],evidence_record,UNKNOWN_ORIGIN,,,,,true,false,false,,
phase0-frame-video-002-tl-007,data/phase-zero/menu_map.research.json,$.records[0].evidence[3],evidence_record,UNKNOWN_ORIGIN,,,,,true,false,false,,
phase0-frame-video-002-tl-008,data/phase-zero/menu_map.research.json,$.records[0].evidence[4],evidence_record,UNKNOWN_ORIGIN,,,,,true,false,false,,
phase0-frame-video-002-tl-009,data/phase-zero/menu_map.research.json,$.records[0].evidence[5],evidence_record,UNKNOWN_ORIGIN,,,,,true,false,false,,
phase0-frame-video-002-tl-010,data/phase-zero/menu_map.research.json,$.records[0].evidence[6],evidence_record,UNKNOWN_ORIGIN,,,,,true,false,false,,
phase0-frame-video-002-tl-011,data/phase-zero/menu_map.research.json,$.records[0].evidence[7],evidence_record,UNKNOWN_ORIGIN,,,,,true,false,false,,
phase0-frame-video-002-tl-012,data/phase-zero/menu_map.research.json,$.records[0].evidence[8],evidence_record,UNKNOWN_ORIGIN,,,,,true,false,false,,
phase0-frame-video-002-tl-013,data/phase-zero/menu_map.research.json,$.records[0].evidence[9],evidence_record,UNKNOWN_ORIGIN,,,,,true,false,false,,
phase0-frame-video-004-tl-002,data/phase-zero/menu_map.research.json,$.records[1].evidence[0],evidence_record,UNKNOWN_ORIGIN,,,,,true,false,false,,
phase0-frame-video-004-tl-003,data/phase-zero/menu_map.research.json,$.records[1].evidence[1],evidence_record,UNKNOWN_ORIGIN,,,,,true,false,false,,
phase0-frame-video-004-tl-012,data/phase-zero/menu_map.research.json,$.records[1].evidence[10],evidence_record,UNKNOWN_ORIGIN,,,,,true,false,false,,
phase0-frame-video-004-tl-013,data/phase-zero/menu_map.research.json,$.records[1].evidence[11],evidence_record,UNKNOWN_ORIGIN,,,,,true,false,false,,
phase0-frame-video-004-tl-014,data/phase-zero/menu_map.research.json,$.records[1].evidence[12],evidence_record,UNKNOWN_ORIGIN,,,,,true,false,false,,
phase0-frame-video-004-tl-015,data/phase-zero/menu_map.research.json,$.records[1].evidence[13],evidence_record,UNKNOWN_ORIGIN,,,,,true,false,false,,
phase0-frame-video-004-tl-016,data/phase-zero/menu_map.research.json,$.records[1].evidence[14],evidence_record,UNKNOWN_ORIGIN,,,,,true,false,false,,
phase0-frame-video-004-tl-017,data/phase-zero/menu_map.research.json,$.records[1].evidence[15],evidence_record,UNKNOWN_ORIGIN,,,,,true,false,false,,
phase0-frame-video-004-tl-018,data/phase-zero/menu_map.research.json,$.records[1].evidence[16],evidence_record,UNKNOWN_ORIGIN,,,,,true,false,false,,
phase0-frame-video-004-tl-019,data/phase-zero/menu_map.research.json,$.records[1].evidence[17],evidence_record,UNKNOWN_ORIGIN,,,,,true,false,false,,
phase0-frame-video-004-tl-020,data/phase-zero/menu_map.research.json,$.records[1].evidence[18],evidence_record,UNKNOWN_ORIGIN,,,,,true,false,false,,
phase0-frame-video-004-tl-021,data/phase-zero/menu_map.research.json,$.records[1].evidence[19],evidence_record,UNKNOWN_ORIGIN,,,,,true,false,false,,
phase0-frame-video-004-tl-004,data/phase-zero/menu_map.research.json,$.records[1].evidence[2],evidence_record,UNKNOWN_ORIGIN,,,,,true,false,false,,
phase0-frame-video-004-tl-022,data/phase-zero/menu_map.research.json,$.records[1].evidence[20],evidence_record,UNKNOWN_ORIGIN,,,,,true,false,false,,
phase0-frame-video-004-tl-023,data/phase-zero/menu_map.research.json,$.records[1].evidence[21],evidence_record,UNKNOWN_ORIGIN,,,,,true,false,false,,
phase0-frame-video-004-tl-005,data/phase-zero/menu_map.research.json,$.records[1].evidence[3],evidence_record,UNKNOWN_ORIGIN,,,,,true,false,false,,
phase0-frame-video-004-tl-006,data/phase-zero/menu_map.research.json,$.records[1].evidence[4],evidence_record,UNKNOWN_ORIGIN,,,,,true,false,false,,
phase0-frame-video-004-tl-007,data/phase-zero/menu_map.research.json,$.records[1].evidence[5],evidence_record,UNKNOWN_ORIGIN,,,,,true,false,false,,
phase0-frame-video-004-tl-008,data/phase-zero/menu_map.research.json,$.records[1].evidence[6],evidence_record,UNKNOWN_ORIGIN,,,,,true,false,false,,
phase0-frame-video-004-tl-009,data/phase-zero/menu_map.research.json,$.records[1].evidence[7],evidence_record,UNKNOWN_ORIGIN,,,,,true,false,false,,
phase0-frame-video-004-tl-010,data/phase-zero/menu_map.research.json,$.records[1].evidence[8],evidence_record,UNKNOWN_ORIGIN,,,,,true,false,false,,
phase0-frame-video-004-tl-011,data/phase-zero/menu_map.research.json,$.records[1].evidence[9],evidence_record,UNKNOWN_ORIGIN,,,,,true,false,false,,
phase0-source-phase0-video-001,data/phase-zero/menu_map.research.json,$.records[10].evidence[0],evidence_record,UNKNOWN_ORIGIN,,,,,true,false,false,,
phase0-source-phase0-video-001,data/phase-zero/menu_map.research.json,$.records[11].evidence[0],evidence_record,UNKNOWN_ORIGIN,,,,,true,false,false,,
phase0-source-phase0-video-001,data/phase-zero/menu_map.research.json,$.records[12].evidence[0],evidence_record,UNKNOWN_ORIGIN,,,,,true,false,false,,
phase0-frame-video-009-tl-002,data/phase-zero/menu_map.research.json,$.records[13].evidence[0],evidence_record,UNKNOWN_ORIGIN,,,,,true,false,false,,
phase0-frame-video-009-tl-004,data/phase-zero/menu_map.research.json,$.records[13].evidence[1],evidence_record,UNKNOWN_ORIGIN,,,,,true,false,false,,
phase0-frame-video-009-tl-003,data/phase-zero/menu_map.research.json,$.records[14].evidence[0],evidence_record,UNKNOWN_ORIGIN,,,,,true,false,false,,
phase0-frame-video-009-tl-005,data/phase-zero/menu_map.research.json,$.records[15].evidence[0],evidence_record,UNKNOWN_ORIGIN,,,,,true,false,false,,
phase0-frame-video-009-tl-006,data/phase-zero/menu_map.research.json,$.records[16].evidence[0],evidence_record,UNKNOWN_ORIGIN,,,,,true,false,false,,
phase0-frame-video-007-tl-002,data/phase-zero/menu_map.research.json,$.records[17].evidence[0],evidence_record,UNKNOWN_ORIGIN,,,,,true,false,false,,
phase0-frame-video-007-tl-003,data/phase-zero/menu_map.research.json,$.records[18].evidence[0],evidence_record,UNKNOWN_ORIGIN,,,,,true,false,false,,
phase0-frame-video-007-tl-004,data/phase-zero/menu_map.research.json,$.records[19].evidence[0],evidence_record,UNKNOWN_ORIGIN,,,,,true,false,false,,
phase0-frame-video-005-tl-002,data/phase-zero/menu_map.research.json,$.records[2].evidence[0],evidence_record,UNKNOWN_ORIGIN,,,,,true,false,false,,
phase0-frame-video-005-tl-003,data/phase-zero/menu_map.research.json,$.records[2].evidence[1],evidence_record,UNKNOWN_ORIGIN,,,,,true,false,false,,
phase0-frame-video-005-tl-004,data/phase-zero/menu_map.research.json,$.records[2].evidence[2],evidence_record,UNKNOWN_ORIGIN,,,,,true,false,false,,
phase0-frame-video-005-tl-005,data/phase-zero/menu_map.research.json,$.records[2].evidence[3],evidence_record,UNKNOWN_ORIGIN,,,,,true,false,false,,
phase0-frame-video-005-tl-006,data/phase-zero/menu_map.research.json,$.records[2].evidence[4],evidence_record,UNKNOWN_ORIGIN,,,,,true,false,false,,
phase0-frame-video-005-tl-007,data/phase-zero/menu_map.research.json,$.records[2].evidence[5],evidence_record,UNKNOWN_ORIGIN,,,,,true,false,false,,
phase0-frame-video-005-tl-008,data/phase-zero/menu_map.research.json,$.records[2].evidence[6],evidence_record,UNKNOWN_ORIGIN,,,,,true,false,false,,
phase0-frame-video-005-tl-009,data/phase-zero/menu_map.research.json,$.records[2].evidence[7],evidence_record,UNKNOWN_ORIGIN,,,,,true,false,false,,
phase0-frame-video-005-tl-010,data/phase-zero/menu_map.research.json,$.records[2].evidence[8],evidence_record,UNKNOWN_ORIGIN,,,,,true,false,false,,
phase0-frame-video-005-tl-011,data/phase-zero/menu_map.research.json,$.records[2].evidence[9],evidence_record,UNKNOWN_ORIGIN,,,,,true,false,false,,
phase0-frame-video-007-tl-005,data/phase-zero/menu_map.research.json,$.records[20].evidence[0],evidence_record,UNKNOWN_ORIGIN,,,,,true,false,false,,
phase0-frame-video-007-tl-006,data/phase-zero/menu_map.research.json,$.records[21].evidence[0],evidence_record,UNKNOWN_ORIGIN,,,,,true,false,false,,
phase0-frame-video-007-tl-007,data/phase-zero/menu_map.research.json,$.records[22].evidence[0],evidence_record,UNKNOWN_ORIGIN,,,,,true,false,false,,
phase0-frame-video-007-tl-008,data/phase-zero/menu_map.research.json,$.records[23].evidence[0],evidence_record,UNKNOWN_ORIGIN,,,,,true,false,false,,
phase0-frame-video-006-tl-002,data/phase-zero/menu_map.research.json,$.records[24].evidence[0],evidence_record,UNKNOWN_ORIGIN,,,,,true,false,false,,
phase0-frame-video-006-tl-003,data/phase-zero/menu_map.research.json,$.records[25].evidence[0],evidence_record,UNKNOWN_ORIGIN,,,,,true,false,false,,
phase0-frame-video-006-tl-004,data/phase-zero/menu_map.research.json,$.records[26].evidence[0],evidence_record,UNKNOWN_ORIGIN,,,,,true,false,false,,
phase0-frame-video-006-tl-005,data/phase-zero/menu_map.research.json,$.records[27].evidence[0],evidence_record,UNKNOWN_ORIGIN,,,,,true,false,false,,
phase0-frame-video-006-tl-006,data/phase-zero/menu_map.research.json,$.records[28].evidence[0],evidence_record,UNKNOWN_ORIGIN,,,,,true,false,false,,
phase0-frame-video-002-tl-004,data/phase-zero/menu_map.research.json,$.records[29].evidence[0],evidence_record,UNKNOWN_ORIGIN,,,,,true,false,false,,
phase0-frame-video-006-tl-002,data/phase-zero/menu_map.research.json,$.records[3].evidence[0],evidence_record,UNKNOWN_ORIGIN,,,,,true,false,false,,
phase0-frame-video-006-tl-003,data/phase-zero/menu_map.research.json,$.records[3].evidence[1],evidence_record,UNKNOWN_ORIGIN,,,,,true,false,false,,
phase0-frame-video-006-tl-004,data/phase-zero/menu_map.research.json,$.records[3].evidence[2],evidence_record,UNKNOWN_ORIGIN,,,,,true,false,false,,
phase0-frame-video-006-tl-005,data/phase-zero/menu_map.research.json,$.records[3].evidence[3],evidence_record,UNKNOWN_ORIGIN,,,,,true,false,false,,
phase0-frame-video-006-tl-006,data/phase-zero/menu_map.research.json,$.records[3].evidence[4],evidence_record,UNKNOWN_ORIGIN,,,,,true,false,false,,
phase0-frame-video-002-tl-005,data/phase-zero/menu_map.research.json,$.records[30].evidence[0],evidence_record,UNKNOWN_ORIGIN,,,,,true,false,false,,
phase0-frame-video-002-tl-006,data/phase-zero/menu_map.research.json,$.records[31].evidence[0],evidence_record,UNKNOWN_ORIGIN,,,,,true,false,false,,
phase0-frame-video-002-tl-007,data/phase-zero/menu_map.research.json,$.records[32].evidence[0],evidence_record,UNKNOWN_ORIGIN,,,,,true,false,false,,
phase0-frame-video-002-tl-011,data/phase-zero/menu_map.research.json,$.records[33].evidence[0],evidence_record,UNKNOWN_ORIGIN,,,,,true,false,false,,
phase0-frame-video-002-tl-010,data/phase-zero/menu_map.research.json,$.records[34].evidence[0],evidence_record,UNKNOWN_ORIGIN,,,,,true,false,false,,
phase0-frame-video-002-tl-009,data/phase-zero/menu_map.research.json,$.records[35].evidence[0],evidence_record,UNKNOWN_ORIGIN,,,,,true,false,false,,
phase0-frame-video-002-tl-008,data/phase-zero/menu_map.research.json,$.records[36].evidence[0],evidence_record,UNKNOWN_ORIGIN,,,,,true,false,false,,
phase0-frame-video-002-tl-012,data/phase-zero/menu_map.research.json,$.records[37].evidence[0],evidence_record,UNKNOWN_ORIGIN,,,,,true,false,false,,
phase0-frame-video-002-tl-013,data/phase-zero/menu_map.research.json,$.records[38].evidence[0],evidence_record,UNKNOWN_ORIGIN,,,,,true,false,false,,
phase0-frame-video-002-tl-014,data/phase-zero/menu_map.research.json,$.records[39].evidence[0],evidence_record,UNKNOWN_ORIGIN,,,,,true,false,false,,
phase0-frame-video-007-tl-002,data/phase-zero/menu_map.research.json,$.records[4].evidence[0],evidence_record,UNKNOWN_ORIGIN,,,,,true,false,false,,
phase0-frame-video-007-tl-003,data/phase-zero/menu_map.research.json,$.records[4].evidence[1],evidence_record,UNKNOWN_ORIGIN,,,,,true,false,false,,
phase0-frame-video-007-tl-004,data/phase-zero/menu_map.research.json,$.records[4].evidence[2],evidence_record,UNKNOWN_ORIGIN,,,,,true,false,false,,
phase0-frame-video-007-tl-005,data/phase-zero/menu_map.research.json,$.records[4].evidence[3],evidence_record,UNKNOWN_ORIGIN,,,,,true,false,false,,
phase0-frame-video-007-tl-006,data/phase-zero/menu_map.research.json,$.records[4].evidence[4],evidence_record,UNKNOWN_ORIGIN,,,,,true,false,false,,
phase0-frame-video-007-tl-007,data/phase-zero/menu_map.research.json,$.records[4].evidence[5],evidence_record,UNKNOWN_ORIGIN,,,,,true,false,false,,
phase0-frame-video-007-tl-008,data/phase-zero/menu_map.research.json,$.records[4].evidence[6],evidence_record,UNKNOWN_ORIGIN,,,,,true,false,false,,
phase0-frame-video-002-tl-015,data/phase-zero/menu_map.research.json,$.records[40].evidence[0],evidence_record,UNKNOWN_ORIGIN,,,,,true,false,false,,
phase0-frame-video-003-tl-001,data/phase-zero/menu_map.research.json,$.records[40].evidence[1],evidence_record,UNKNOWN_ORIGIN,,,,,true,false,false,,
phase0-frame-video-003-tl-004,data/phase-zero/menu_map.research.json,$.records[41].evidence[0],evidence_record,UNKNOWN_ORIGIN,,,,,true,false,false,,
phase0-frame-video-003-tl-003,data/phase-zero/menu_map.research.json,$.records[42].evidence[0],evidence_record,UNKNOWN_ORIGIN,,,,,true,false,false,,
phase0-frame-video-002-tl-016,data/phase-zero/menu_map.research.json,$.records[43].evidence[0],evidence_record,UNKNOWN_ORIGIN,,,,,true,false,false,,
phase0-frame-video-003-tl-002,data/phase-zero/menu_map.research.json,$.records[43].evidence[1],evidence_record,UNKNOWN_ORIGIN,,,,,true,false,false,,
phase0-frame-video-003-tl-005,data/phase-zero/menu_map.research.json,$.records[44].evidence[0],evidence_record,UNKNOWN_ORIGIN,,,,,true,false,false,,
phase0-frame-video-003-tl-006,data/phase-zero/menu_map.research.json,$.records[45].evidence[0],evidence_record,UNKNOWN_ORIGIN,,,,,true,false,false,,
phase0-frame-video-003-tl-010,data/phase-zero/menu_map.research.json,$.records[46].evidence[0],evidence_record,UNKNOWN_ORIGIN,,,,,true,false,false,,
phase0-frame-video-003-tl-009,data/phase-zero/menu_map.research.json,$.records[47].evidence[0],evidence_record,UNKNOWN_ORIGIN,,,,,true,false,false,,
phase0-frame-video-003-tl-007,data/phase-zero/menu_map.research.json,$.records[48].evidence[0],evidence_record,UNKNOWN_ORIGIN,,,,,true,false,false,,
phase0-frame-video-003-tl-008,data/phase-zero/menu_map.research.json,$.records[49].evidence[0],evidence_record,UNKNOWN_ORIGIN,,,,,true,false,false,,
phase0-frame-video-008-tl-002,data/phase-zero/menu_map.research.json,$.records[5].evidence[0],evidence_record,UNKNOWN_ORIGIN,,,,,true,false,false,,
phase0-frame-video-008-tl-003,data/phase-zero/menu_map.research.json,$.records[5].evidence[1],evidence_record,UNKNOWN_ORIGIN,,,,,true,false,false,,
phase0-frame-video-008-tl-004,data/phase-zero/menu_map.research.json,$.records[5].evidence[2],evidence_record,UNKNOWN_ORIGIN,,,,,true,false,false,,
phase0-frame-video-008-tl-005,data/phase-zero/menu_map.research.json,$.records[5].evidence[3],evidence_record,UNKNOWN_ORIGIN,,,,,true,false,false,,
phase0-frame-video-008-tl-006,data/phase-zero/menu_map.research.json,$.records[5].evidence[4],evidence_record,UNKNOWN_ORIGIN,,,,,true,false,false,,
phase0-frame-video-008-tl-007,data/phase-zero/menu_map.research.json,$.records[5].evidence[5],evidence_record,UNKNOWN_ORIGIN,,,,,true,false,false,,
phase0-frame-video-008-tl-008,data/phase-zero/menu_map.research.json,$.records[5].evidence[6],evidence_record,UNKNOWN_ORIGIN,,,,,true,false,false,,
phase0-frame-video-008-tl-009,data/phase-zero/menu_map.research.json,$.records[5].evidence[7],evidence_record,UNKNOWN_ORIGIN,,,,,true,false,false,,
phase0-frame-video-003-tl-011,data/phase-zero/menu_map.research.json,$.records[50].evidence[0],evidence_record,UNKNOWN_ORIGIN,,,,,true,false,false,,
phase0-frame-video-003-tl-012,data/phase-zero/menu_map.research.json,$.records[51].evidence[0],evidence_record,UNKNOWN_ORIGIN,,,,,true,false,false,,
phase0-frame-video-003-tl-015,data/phase-zero/menu_map.research.json,$.records[52].evidence[0],evidence_record,UNKNOWN_ORIGIN,,,,,true,false,false,,
phase0-frame-video-003-tl-014,data/phase-zero/menu_map.research.json,$.records[53].evidence[0],evidence_record,UNKNOWN_ORIGIN,,,,,true,false,false,,
phase0-frame-video-003-tl-013,data/phase-zero/menu_map.research.json,$.records[54].evidence[0],evidence_record,UNKNOWN_ORIGIN,,,,,true,false,false,,
phase0-frame-video-008-tl-002,data/phase-zero/menu_map.research.json,$.records[55].evidence[0],evidence_record,UNKNOWN_ORIGIN,,,,,true,false,false,,
phase0-frame-video-008-tl-009,data/phase-zero/menu_map.research.json,$.records[55].evidence[1],evidence_record,UNKNOWN_ORIGIN,,,,,true,false,false,,
phase0-frame-video-008-tl-003,data/phase-zero/menu_map.research.json,$.records[56].evidence[0],evidence_record,UNKNOWN_ORIGIN,,,,,true,false,false,,
phase0-frame-video-008-tl-004,data/phase-zero/menu_map.research.json,$.records[57].evidence[0],evidence_record,UNKNOWN_ORIGIN,,,,,true,false,false,,
phase0-frame-video-008-tl-005,data/phase-zero/menu_map.research.json,$.records[58].evidence[0],evidence_record,UNKNOWN_ORIGIN,,,,,true,false,false,,
phase0-frame-video-008-tl-006,data/phase-zero/menu_map.research.json,$.records[59].evidence[0],evidence_record,UNKNOWN_ORIGIN,,,,,true,false,false,,
phase0-frame-video-009-tl-002,data/phase-zero/menu_map.research.json,$.records[6].evidence[0],evidence_record,UNKNOWN_ORIGIN,,,,,true,false,false,,
phase0-frame-video-009-tl-003,data/phase-zero/menu_map.research.json,$.records[6].evidence[1],evidence_record,UNKNOWN_ORIGIN,,,,,true,false,false,,
phase0-frame-video-009-tl-004,data/phase-zero/menu_map.research.json,$.records[6].evidence[2],evidence_record,UNKNOWN_ORIGIN,,,,,true,false,false,,
phase0-frame-video-009-tl-005,data/phase-zero/menu_map.research.json,$.records[6].evidence[3],evidence_record,UNKNOWN_ORIGIN,,,,,true,false,false,,
phase0-frame-video-009-tl-006,data/phase-zero/menu_map.research.json,$.records[6].evidence[4],evidence_record,UNKNOWN_ORIGIN,,,,,true,false,false,,
phase0-frame-video-008-tl-007,data/phase-zero/menu_map.research.json,$.records[60].evidence[0],evidence_record,UNKNOWN_ORIGIN,,,,,true,false,false,,
phase0-frame-video-008-tl-008,data/phase-zero/menu_map.research.json,$.records[61].evidence[0],evidence_record,UNKNOWN_ORIGIN,,,,,true,false,false,,
phase0-frame-video-005-tl-002,data/phase-zero/menu_map.research.json,$.records[62].evidence[0],evidence_record,UNKNOWN_ORIGIN,,,,,true,false,false,,
phase0-frame-video-005-tl-003,data/phase-zero/menu_map.research.json,$.records[63].evidence[0],evidence_record,UNKNOWN_ORIGIN,,,,,true,false,false,,
phase0-frame-video-005-tl-004,data/phase-zero/menu_map.research.json,$.records[64].evidence[0],evidence_record,UNKNOWN_ORIGIN,,,,,true,false,false,,
phase0-frame-video-005-tl-005,data/phase-zero/menu_map.research.json,$.records[65].evidence[0],evidence_record,UNKNOWN_ORIGIN,,,,,true,false,false,,
phase0-frame-video-005-tl-006,data/phase-zero/menu_map.research.json,$.records[66].evidence[0],evidence_record,UNKNOWN_ORIGIN,,,,,true,false,false,,
phase0-frame-video-005-tl-007,data/phase-zero/menu_map.research.json,$.records[67].evidence[0],evidence_record,UNKNOWN_ORIGIN,,,,,true,false,false,,
phase0-frame-video-005-tl-008,data/phase-zero/menu_map.research.json,$.records[68].evidence[0],evidence_record,UNKNOWN_ORIGIN,,,,,true,false,false,,
phase0-frame-video-005-tl-009,data/phase-zero/menu_map.research.json,$.records[69].evidence[0],evidence_record,UNKNOWN_ORIGIN,,,,,true,false,false,,
phase0-source-phase0-video-001,data/phase-zero/menu_map.research.json,$.records[7].evidence[0],evidence_record,UNKNOWN_ORIGIN,,,,,true,false,false,,
phase0-frame-video-005-tl-010,data/phase-zero/menu_map.research.json,$.records[70].evidence[0],evidence_record,UNKNOWN_ORIGIN,,,,,true,false,false,,
phase0-frame-video-005-tl-011,data/phase-zero/menu_map.research.json,$.records[71].evidence[0],evidence_record,UNKNOWN_ORIGIN,,,,,true,false,false,,
phase0-frame-video-004-tl-019,data/phase-zero/menu_map.research.json,$.records[72].evidence[0],evidence_record,UNKNOWN_ORIGIN,,,,,true,false,false,,
phase0-frame-video-004-tl-020,data/phase-zero/menu_map.research.json,$.records[73].evidence[0],evidence_record,UNKNOWN_ORIGIN,,,,,true,false,false,,
phase0-frame-video-004-tl-021,data/phase-zero/menu_map.research.json,$.records[74].evidence[0],evidence_record,UNKNOWN_ORIGIN,,,,,true,false,false,,
phase0-frame-video-004-tl-003,data/phase-zero/menu_map.research.json,$.records[75].evidence[0],evidence_record,UNKNOWN_ORIGIN,,,,,true,false,false,,
phase0-frame-video-004-tl-011,data/phase-zero/menu_map.research.json,$.records[76].evidence[0],evidence_record,UNKNOWN_ORIGIN,,,,,true,false,false,,
phase0-frame-video-004-tl-010,data/phase-zero/menu_map.research.json,$.records[77].evidence[0],evidence_record,UNKNOWN_ORIGIN,,,,,true,false,false,,
phase0-frame-video-004-tl-009,data/phase-zero/menu_map.research.json,$.records[78].evidence[0],evidence_record,UNKNOWN_ORIGIN,,,,,true,false,false,,
phase0-frame-video-004-tl-002,data/phase-zero/menu_map.research.json,$.records[79].evidence[0],evidence_record,UNKNOWN_ORIGIN,,,,,true,false,false,,
phase0-source-phase0-video-001,data/phase-zero/menu_map.research.json,$.records[8].evidence[0],evidence_record,UNKNOWN_ORIGIN,,,,,true,false,false,,
phase0-frame-video-004-tl-004,data/phase-zero/menu_map.research.json,$.records[80].evidence[0],evidence_record,UNKNOWN_ORIGIN,,,,,true,false,false,,
phase0-frame-video-004-tl-017,data/phase-zero/menu_map.research.json,$.records[80].evidence[1],evidence_record,UNKNOWN_ORIGIN,,,,,true,false,false,,
phase0-frame-video-004-tl-022,data/phase-zero/menu_map.research.json,$.records[81].evidence[0],evidence_record,UNKNOWN_ORIGIN,,,,,true,false,false,,
phase0-frame-video-004-tl-018,data/phase-zero/menu_map.research.json,$.records[82].evidence[0],evidence_record,UNKNOWN_ORIGIN,,,,,true,false,false,,
phase0-frame-video-004-tl-016,data/phase-zero/menu_map.research.json,$.records[83].evidence[0],evidence_record,UNKNOWN_ORIGIN,,,,,true,false,false,,
phase0-frame-video-004-tl-015,data/phase-zero/menu_map.research.json,$.records[84].evidence[0],evidence_record,UNKNOWN_ORIGIN,,,,,true,false,false,,
phase0-frame-video-004-tl-007,data/phase-zero/menu_map.research.json,$.records[85].evidence[0],evidence_record,UNKNOWN_ORIGIN,,,,,true,false,false,,
phase0-frame-video-004-tl-006,data/phase-zero/menu_map.research.json,$.records[86].evidence[0],evidence_record,UNKNOWN_ORIGIN,,,,,true,false,false,,
phase0-frame-video-004-tl-005,data/phase-zero/menu_map.research.json,$.records[87].evidence[0],evidence_record,UNKNOWN_ORIGIN,,,,,true,false,false,,
phase0-frame-video-004-tl-008,data/phase-zero/menu_map.research.json,$.records[88].evidence[0],evidence_record,UNKNOWN_ORIGIN,,,,,true,false,false,,
phase0-frame-video-004-tl-014,data/phase-zero/menu_map.research.json,$.records[89].evidence[0],evidence_record,UNKNOWN_ORIGIN,,,,,true,false,false,,
phase0-source-phase0-video-001,data/phase-zero/menu_map.research.json,$.records[9].evidence[0],evidence_record,UNKNOWN_ORIGIN,,,,,true,false,false,,
phase0-frame-video-004-tl-023,data/phase-zero/menu_map.research.json,$.records[90].evidence[0],evidence_record,UNKNOWN_ORIGIN,,,,,true,false,false,,
phase0-frame-video-004-tl-013,data/phase-zero/menu_map.research.json,$.records[91].evidence[0],evidence_record,UNKNOWN_ORIGIN,,,,,true,false,false,,
phase0-frame-video-004-tl-012,data/phase-zero/menu_map.research.json,$.records[92].evidence[0],evidence_record,UNKNOWN_ORIGIN,,,,,true,false,false,,
CF27_XBOXUNKNOWN_RTG_SKINTONE_001,data/phase-zero/verification_assignment.json,$.additionalAttributeChecklist[0],catalog_record,RESEARCH_OBSERVED,,,NOT_PRODUCTION_DATA,OBSERVED_PENDING_VERIFICATION,true,false,false,verification:OBSERVED_PENDING_VERIFICATION;productionStatus:NOT_PRODUCTION_DATA,
CF27_XBOXUNKNOWN_RTG_SKINTONE_002,data/phase-zero/verification_assignment.json,$.additionalAttributeChecklist[1],catalog_record,RESEARCH_OBSERVED,,,NOT_PRODUCTION_DATA,OBSERVED_PENDING_VERIFICATION,true,false,false,verification:OBSERVED_PENDING_VERIFICATION;productionStatus:NOT_PRODUCTION_DATA,
CF27_XBOXUNKNOWN_RTG_SKINTONE_012,data/phase-zero/verification_assignment.json,$.additionalAttributeChecklist[10],catalog_record,RESEARCH_OBSERVED,,,NOT_PRODUCTION_DATA,OBSERVED_PENDING_VERIFICATION,true,false,false,verification:OBSERVED_PENDING_VERIFICATION;productionStatus:NOT_PRODUCTION_DATA,
CF27_XBOXUNKNOWN_RTG_SKINTONE_013,data/phase-zero/verification_assignment.json,$.additionalAttributeChecklist[11],catalog_record,RESEARCH_OBSERVED,,,NOT_PRODUCTION_DATA,OBSERVED_PENDING_VERIFICATION,true,false,false,verification:OBSERVED_PENDING_VERIFICATION;productionStatus:NOT_PRODUCTION_DATA,
CF27_XBOXUNKNOWN_RTG_SKINTONE_017,data/phase-zero/verification_assignment.json,$.additionalAttributeChecklist[12],catalog_record,RESEARCH_OBSERVED,,,NOT_PRODUCTION_DATA,OBSERVED_PENDING_VERIFICATION,true,false,false,verification:OBSERVED_PENDING_VERIFICATION;productionStatus:NOT_PRODUCTION_DATA,
CF27_XBOXUNKNOWN_RTG_SKINTONE_018,data/phase-zero/verification_assignment.json,$.additionalAttributeChecklist[13],catalog_record,RESEARCH_OBSERVED,,,NOT_PRODUCTION_DATA,OBSERVED_PENDING_VERIFICATION,true,false,false,verification:OBSERVED_PENDING_VERIFICATION;productionStatus:NOT_PRODUCTION_DATA,
CF27_XBOXUNKNOWN_RTG_SKINTONE_019,data/phase-zero/verification_assignment.json,$.additionalAttributeChecklist[14],catalog_record,RESEARCH_OBSERVED,,,NOT_PRODUCTION_DATA,OBSERVED_PENDING_VERIFICATION,true,false,false,verification:OBSERVED_PENDING_VERIFICATION;productionStatus:NOT_PRODUCTION_DATA,
CF27_XBOXUNKNOWN_RTG_SKINTONE_020,data/phase-zero/verification_assignment.json,$.additionalAttributeChecklist[15],catalog_record,RESEARCH_OBSERVED,,,NOT_PRODUCTION_DATA,OBSERVED_PENDING_VERIFICATION,true,false,false,verification:OBSERVED_PENDING_VERIFICATION;productionStatus:NOT_PRODUCTION_DATA,
CF27_XBOXUNKNOWN_RTG_SKINTONE_021,data/phase-zero/verification_assignment.json,$.additionalAttributeChecklist[16],catalog_record,RESEARCH_OBSERVED,,,NOT_PRODUCTION_DATA,OBSERVED_PENDING_VERIFICATION,true,false,false,verification:OBSERVED_PENDING_VERIFICATION;productionStatus:NOT_PRODUCTION_DATA,
CF27_XBOXUNKNOWN_RTG_SKINTONE_022,data/phase-zero/verification_assignment.json,$.additionalAttributeChecklist[17],catalog_record,RESEARCH_OBSERVED,,,NOT_PRODUCTION_DATA,OBSERVED_PENDING_VERIFICATION,true,false,false,verification:OBSERVED_PENDING_VERIFICATION;productionStatus:NOT_PRODUCTION_DATA,
CF27_XBOXUNKNOWN_RTG_SKINTONE_023,data/phase-zero/verification_assignment.json,$.additionalAttributeChecklist[18],catalog_record,RESEARCH_OBSERVED,,,NOT_PRODUCTION_DATA,OBSERVED_PENDING_VERIFICATION,true,false,false,verification:OBSERVED_PENDING_VERIFICATION;productionStatus:NOT_PRODUCTION_DATA,
CF27_XBOXUNKNOWN_RTG_SKINTONE_024,data/phase-zero/verification_assignment.json,$.additionalAttributeChecklist[19],catalog_record,RESEARCH_OBSERVED,,,NOT_PRODUCTION_DATA,OBSERVED_PENDING_VERIFICATION,true,false,false,verification:OBSERVED_PENDING_VERIFICATION;productionStatus:NOT_PRODUCTION_DATA,
CF27_XBOXUNKNOWN_RTG_SKINTONE_003,data/phase-zero/verification_assignment.json,$.additionalAttributeChecklist[2],catalog_record,RESEARCH_OBSERVED,,,NOT_PRODUCTION_DATA,OBSERVED_PENDING_VERIFICATION,true,false,false,verification:OBSERVED_PENDING_VERIFICATION;productionStatus:NOT_PRODUCTION_DATA,
CF27_XBOXUNKNOWN_RTG_SKINTONE_029,data/phase-zero/verification_assignment.json,$.additionalAttributeChecklist[20],catalog_record,RESEARCH_OBSERVED,,,NOT_PRODUCTION_DATA,OBSERVED_PENDING_VERIFICATION,true,false,false,verification:OBSERVED_PENDING_VERIFICATION;productionStatus:NOT_PRODUCTION_DATA,
CF27_XBOXUNKNOWN_RTG_SKINDETAILS_001,data/phase-zero/verification_assignment.json,$.additionalAttributeChecklist[21],catalog_record,RESEARCH_OBSERVED,,,NOT_PRODUCTION_DATA,OBSERVED_PENDING_VERIFICATION,true,false,false,verification:OBSERVED_PENDING_VERIFICATION;productionStatus:NOT_PRODUCTION_DATA,
CF27_XBOXUNKNOWN_RTG_SKINDETAILS_002,data/phase-zero/verification_assignment.json,$.additionalAttributeChecklist[22],catalog_record,RESEARCH_OBSERVED,,,NOT_PRODUCTION_DATA,OBSERVED_PENDING_VERIFICATION,true,false,false,verification:OBSERVED_PENDING_VERIFICATION;productionStatus:NOT_PRODUCTION_DATA,
CF27_XBOXUNKNOWN_RTG_SKINDETAILS_003,data/phase-zero/verification_assignment.json,$.additionalAttributeChecklist[23],catalog_record,RESEARCH_OBSERVED,,,NOT_PRODUCTION_DATA,OBSERVED_PENDING_VERIFICATION,true,false,false,verification:OBSERVED_PENDING_VERIFICATION;productionStatus:NOT_PRODUCTION_DATA,
CF27_XBOXUNKNOWN_RTG_SKINDETAILS_004,data/phase-zero/verification_assignment.json,$.additionalAttributeChecklist[24],catalog_record,RESEARCH_OBSERVED,,,NOT_PRODUCTION_DATA,OBSERVED_PENDING_VERIFICATION,true,false,false,verification:OBSERVED_PENDING_VERIFICATION;productionStatus:NOT_PRODUCTION_DATA,
CF27_XBOXUNKNOWN_RTG_SKINDETAILS_005,data/phase-zero/verification_assignment.json,$.additionalAttributeChecklist[25],catalog_record,RESEARCH_OBSERVED,,,NOT_PRODUCTION_DATA,OBSERVED_PENDING_VERIFICATION,true,false,false,verification:OBSERVED_PENDING_VERIFICATION;productionStatus:NOT_PRODUCTION_DATA,
CF27_XBOXUNKNOWN_RTG_SKINDETAILS_006,data/phase-zero/verification_assignment.json,$.additionalAttributeChecklist[26],catalog_record,RESEARCH_OBSERVED,,,NOT_PRODUCTION_DATA,OBSERVED_PENDING_VERIFICATION,true,false,false,verification:OBSERVED_PENDING_VERIFICATION;productionStatus:NOT_PRODUCTION_DATA,
CF27_XBOXUNKNOWN_RTG_SKINDETAILS_007,data/phase-zero/verification_assignment.json,$.additionalAttributeChecklist[27],catalog_record,RESEARCH_OBSERVED,,,NOT_PRODUCTION_DATA,OBSERVED_PENDING_VERIFICATION,true,false,false,verification:OBSERVED_PENDING_VERIFICATION;productionStatus:NOT_PRODUCTION_DATA,
CF27_XBOXUNKNOWN_RTG_SKINDETAILS_008,data/phase-zero/verification_assignment.json,$.additionalAttributeChecklist[28],catalog_record,RESEARCH_OBSERVED,,,NOT_PRODUCTION_DATA,OBSERVED_PENDING_VERIFICATION,true,false,false,verification:OBSERVED_PENDING_VERIFICATION;productionStatus:NOT_PRODUCTION_DATA,
CF27_XBOXUNKNOWN_RTG_SKINDETAILS_009,data/phase-zero/verification_assignment.json,$.additionalAttributeChecklist[29],catalog_record,RESEARCH_OBSERVED,,,NOT_PRODUCTION_DATA,OBSERVED_PENDING_VERIFICATION,true,false,false,verification:OBSERVED_PENDING_VERIFICATION;productionStatus:NOT_PRODUCTION_DATA,
CF27_XBOXUNKNOWN_RTG_SKINTONE_004,data/phase-zero/verification_assignment.json,$.additionalAttributeChecklist[3],catalog_record,RESEARCH_OBSERVED,,,NOT_PRODUCTION_DATA,OBSERVED_PENDING_VERIFICATION,true,false,false,verification:OBSERVED_PENDING_VERIFICATION;productionStatus:NOT_PRODUCTION_DATA,
CF27_XBOXUNKNOWN_RTG_SKINDETAILS_010,data/phase-zero/verification_assignment.json,$.additionalAttributeChecklist[30],catalog_record,RESEARCH_OBSERVED,,,NOT_PRODUCTION_DATA,OBSERVED_PENDING_VERIFICATION,true,false,false,verification:OBSERVED_PENDING_VERIFICATION;productionStatus:NOT_PRODUCTION_DATA,
CF27_XBOXUNKNOWN_RTG_EYESHAPE_001,data/phase-zero/verification_assignment.json,$.additionalAttributeChecklist[31],catalog_record,RESEARCH_OBSERVED,,,NOT_PRODUCTION_DATA,OBSERVED_PENDING_VERIFICATION,true,false,false,verification:OBSERVED_PENDING_VERIFICATION;productionStatus:NOT_PRODUCTION_DATA,
CF27_XBOXUNKNOWN_RTG_EYESHAPE_002,data/phase-zero/verification_assignment.json,$.additionalAttributeChecklist[32],catalog_record,RESEARCH_OBSERVED,,,NOT_PRODUCTION_DATA,OBSERVED_PENDING_VERIFICATION,true,false,false,verification:OBSERVED_PENDING_VERIFICATION;productionStatus:NOT_PRODUCTION_DATA,
CF27_XBOXUNKNOWN_RTG_EYESHAPE_003,data/phase-zero/verification_assignment.json,$.additionalAttributeChecklist[33],catalog_record,RESEARCH_OBSERVED,,,NOT_PRODUCTION_DATA,OBSERVED_PENDING_VERIFICATION,true,false,false,verification:OBSERVED_PENDING_VERIFICATION;productionStatus:NOT_PRODUCTION_DATA,
CF27_XBOXUNKNOWN_RTG_EYESHAPE_004,data/phase-zero/verification_assignment.json,$.additionalAttributeChecklist[34],catalog_record,RESEARCH_OBSERVED,,,NOT_PRODUCTION_DATA,OBSERVED_PENDING_VERIFICATION,true,false,false,verification:OBSERVED_PENDING_VERIFICATION;productionStatus:NOT_PRODUCTION_DATA,
CF27_XBOXUNKNOWN_RTG_EYESHAPE_005,data/phase-zero/verification_assignment.json,$.additionalAttributeChecklist[35],catalog_record,RESEARCH_OBSERVED,,,NOT_PRODUCTION_DATA,OBSERVED_PENDING_VERIFICATION,true,false,false,verification:OBSERVED_PENDING_VERIFICATION;productionStatus:NOT_PRODUCTION_DATA,
CF27_XBOXUNKNOWN_RTG_EYECOLOR_001,data/phase-zero/verification_assignment.json,$.additionalAttributeChecklist[36],catalog_record,RESEARCH_OBSERVED,,,NOT_PRODUCTION_DATA,OBSERVED_PENDING_VERIFICATION,true,false,false,verification:OBSERVED_PENDING_VERIFICATION;productionStatus:NOT_PRODUCTION_DATA,
CF27_XBOXUNKNOWN_RTG_EYECOLOR_002,data/phase-zero/verification_assignment.json,$.additionalAttributeChecklist[37],catalog_record,RESEARCH_OBSERVED,,,NOT_PRODUCTION_DATA,OBSERVED_PENDING_VERIFICATION,true,false,false,verification:OBSERVED_PENDING_VERIFICATION;productionStatus:NOT_PRODUCTION_DATA,
CF27_XBOXUNKNOWN_RTG_EYECOLOR_003,data/phase-zero/verification_assignment.json,$.additionalAttributeChecklist[38],catalog_record,RESEARCH_OBSERVED,,,NOT_PRODUCTION_DATA,OBSERVED_PENDING_VERIFICATION,true,false,false,verification:OBSERVED_PENDING_VERIFICATION;productionStatus:NOT_PRODUCTION_DATA,
CF27_XBOXUNKNOWN_RTG_EYECOLOR_004,data/phase-zero/verification_assignment.json,$.additionalAttributeChecklist[39],catalog_record,RESEARCH_OBSERVED,,,NOT_PRODUCTION_DATA,OBSERVED_PENDING_VERIFICATION,true,false,false,verification:OBSERVED_PENDING_VERIFICATION;productionStatus:NOT_PRODUCTION_DATA,
CF27_XBOXUNKNOWN_RTG_SKINTONE_006,data/phase-zero/verification_assignment.json,$.additionalAttributeChecklist[4],catalog_record,RESEARCH_OBSERVED,,,NOT_PRODUCTION_DATA,OBSERVED_PENDING_VERIFICATION,true,false,false,verification:OBSERVED_PENDING_VERIFICATION;productionStatus:NOT_PRODUCTION_DATA,
CF27_XBOXUNKNOWN_RTG_EYECOLOR_005,data/phase-zero/verification_assignment.json,$.additionalAttributeChecklist[40],catalog_record,RESEARCH_OBSERVED,,,NOT_PRODUCTION_DATA,OBSERVED_PENDING_VERIFICATION,true,false,false,verification:OBSERVED_PENDING_VERIFICATION;productionStatus:NOT_PRODUCTION_DATA,
CF27_XBOXUNKNOWN_RTG_EYECOLOR_006,data/phase-zero/verification_assignment.json,$.additionalAttributeChecklist[41],catalog_record,RESEARCH_OBSERVED,,,NOT_PRODUCTION_DATA,OBSERVED_PENDING_VERIFICATION,true,false,false,verification:OBSERVED_PENDING_VERIFICATION;productionStatus:NOT_PRODUCTION_DATA,
CF27_XBOXUNKNOWN_RTG_EYECOLOR_007,data/phase-zero/verification_assignment.json,$.additionalAttributeChecklist[42],catalog_record,RESEARCH_OBSERVED,,,NOT_PRODUCTION_DATA,OBSERVED_PENDING_VERIFICATION,true,false,false,verification:OBSERVED_PENDING_VERIFICATION;productionStatus:NOT_PRODUCTION_DATA,
CF27_XBOXUNKNOWN_RTG_NOSE_001,data/phase-zero/verification_assignment.json,$.additionalAttributeChecklist[43],catalog_record,RESEARCH_OBSERVED,,,NOT_PRODUCTION_DATA,OBSERVED_PENDING_VERIFICATION,true,false,false,verification:OBSERVED_PENDING_VERIFICATION;productionStatus:NOT_PRODUCTION_DATA,
CF27_XBOXUNKNOWN_RTG_NOSE_002,data/phase-zero/verification_assignment.json,$.additionalAttributeChecklist[44],catalog_record,RESEARCH_OBSERVED,,,NOT_PRODUCTION_DATA,OBSERVED_PENDING_VERIFICATION,true,false,false,verification:OBSERVED_PENDING_VERIFICATION;productionStatus:NOT_PRODUCTION_DATA,
CF27_XBOXUNKNOWN_RTG_NOSE_003,data/phase-zero/verification_assignment.json,$.additionalAttributeChecklist[45],catalog_record,RESEARCH_OBSERVED,,,NOT_PRODUCTION_DATA,OBSERVED_PENDING_VERIFICATION,true,false,false,verification:OBSERVED_PENDING_VERIFICATION;productionStatus:NOT_PRODUCTION_DATA,
CF27_XBOXUNKNOWN_RTG_NOSE_004,data/phase-zero/verification_assignment.json,$.additionalAttributeChecklist[46],catalog_record,RESEARCH_OBSERVED,,,NOT_PRODUCTION_DATA,OBSERVED_PENDING_VERIFICATION,true,false,false,verification:OBSERVED_PENDING_VERIFICATION;productionStatus:NOT_PRODUCTION_DATA,
CF27_XBOXUNKNOWN_RTG_NOSE_005,data/phase-zero/verification_assignment.json,$.additionalAttributeChecklist[47],catalog_record,RESEARCH_OBSERVED,,,NOT_PRODUCTION_DATA,OBSERVED_PENDING_VERIFICATION,true,false,false,verification:OBSERVED_PENDING_VERIFICATION;productionStatus:NOT_PRODUCTION_DATA,
CF27_XBOXUNKNOWN_RTG_NOSE_006,data/phase-zero/verification_assignment.json,$.additionalAttributeChecklist[48],catalog_record,RESEARCH_OBSERVED,,,NOT_PRODUCTION_DATA,OBSERVED_PENDING_VERIFICATION,true,false,false,verification:OBSERVED_PENDING_VERIFICATION;productionStatus:NOT_PRODUCTION_DATA,
CF27_XBOXUNKNOWN_RTG_NOSE_007,data/phase-zero/verification_assignment.json,$.additionalAttributeChecklist[49],catalog_record,RESEARCH_OBSERVED,,,NOT_PRODUCTION_DATA,OBSERVED_PENDING_VERIFICATION,true,false,false,verification:OBSERVED_PENDING_VERIFICATION;productionStatus:NOT_PRODUCTION_DATA,
CF27_XBOXUNKNOWN_RTG_SKINTONE_007,data/phase-zero/verification_assignment.json,$.additionalAttributeChecklist[5],catalog_record,RESEARCH_OBSERVED,,,NOT_PRODUCTION_DATA,OBSERVED_PENDING_VERIFICATION,true,false,false,verification:OBSERVED_PENDING_VERIFICATION;productionStatus:NOT_PRODUCTION_DATA,
CF27_XBOXUNKNOWN_RTG_EARSHAPE_001,data/phase-zero/verification_assignment.json,$.additionalAttributeChecklist[50],catalog_record,RESEARCH_OBSERVED,,,NOT_PRODUCTION_DATA,OBSERVED_PENDING_VERIFICATION,true,false,false,verification:OBSERVED_PENDING_VERIFICATION;productionStatus:NOT_PRODUCTION_DATA,
CF27_XBOXUNKNOWN_RTG_EARSHAPE_002,data/phase-zero/verification_assignment.json,$.additionalAttributeChecklist[51],catalog_record,RESEARCH_OBSERVED,,,NOT_PRODUCTION_DATA,OBSERVED_PENDING_VERIFICATION,true,false,false,verification:OBSERVED_PENDING_VERIFICATION;productionStatus:NOT_PRODUCTION_DATA,
CF27_XBOXUNKNOWN_RTG_EARSHAPE_003,data/phase-zero/verification_assignment.json,$.additionalAttributeChecklist[52],catalog_record,RESEARCH_OBSERVED,,,NOT_PRODUCTION_DATA,OBSERVED_PENDING_VERIFICATION,true,false,false,verification:OBSERVED_PENDING_VERIFICATION;productionStatus:NOT_PRODUCTION_DATA,
CF27_XBOXUNKNOWN_RTG_EARSHAPE_004,data/phase-zero/verification_assignment.json,$.additionalAttributeChecklist[53],catalog_record,RESEARCH_OBSERVED,,,NOT_PRODUCTION_DATA,OBSERVED_PENDING_VERIFICATION,true,false,false,verification:OBSERVED_PENDING_VERIFICATION;productionStatus:NOT_PRODUCTION_DATA,
CF27_XBOXUNKNOWN_RTG_SKINTONE_008,data/phase-zero/verification_assignment.json,$.additionalAttributeChecklist[6],catalog_record,RESEARCH_OBSERVED,,,NOT_PRODUCTION_DATA,OBSERVED_PENDING_VERIFICATION,true,false,false,verification:OBSERVED_PENDING_VERIFICATION;productionStatus:NOT_PRODUCTION_DATA,
CF27_XBOXUNKNOWN_RTG_SKINTONE_009,data/phase-zero/verification_assignment.json,$.additionalAttributeChecklist[7],catalog_record,RESEARCH_OBSERVED,,,NOT_PRODUCTION_DATA,OBSERVED_PENDING_VERIFICATION,true,false,false,verification:OBSERVED_PENDING_VERIFICATION;productionStatus:NOT_PRODUCTION_DATA,
CF27_XBOXUNKNOWN_RTG_SKINTONE_010,data/phase-zero/verification_assignment.json,$.additionalAttributeChecklist[8],catalog_record,RESEARCH_OBSERVED,,,NOT_PRODUCTION_DATA,OBSERVED_PENDING_VERIFICATION,true,false,false,verification:OBSERVED_PENDING_VERIFICATION;productionStatus:NOT_PRODUCTION_DATA,
CF27_XBOXUNKNOWN_RTG_SKINTONE_011,data/phase-zero/verification_assignment.json,$.additionalAttributeChecklist[9],catalog_record,RESEARCH_OBSERVED,,,NOT_PRODUCTION_DATA,OBSERVED_PENDING_VERIFICATION,true,false,false,verification:OBSERVED_PENDING_VERIFICATION;productionStatus:NOT_PRODUCTION_DATA,
creation-path-cf27-rtg-custom-qb-create-player-appearance-video-001,data/phase-zero/verification_assignment.json,$.creationPathInstructions[0],creation_path_record,RESEARCH_OBSERVED,,,NOT_PRODUCTION_DATA,OBSERVED_PENDING_VERIFICATION,true,false,false,verification:OBSERVED_PENDING_VERIFICATION;productionStatus:NOT_PRODUCTION_DATA,
phase0-source-phase0-video-001,data/phase-zero/verification_assignment.json,$.creationPathInstructions[0].evidenceReferences[0],evidence_record,UNKNOWN_ORIGIN,,,,,true,false,false,,
phase0-source-phase0-video-001,data/phase-zero/verification_assignment.json,$.creationPathInstructions[0].evidenceReferences[1],evidence_record,UNKNOWN_ORIGIN,,,,,true,false,false,,
phase0-source-phase0-video-001,data/phase-zero/verification_assignment.json,$.creationPathInstructions[0].evidenceReferences[2],evidence_record,UNKNOWN_ORIGIN,,,,,true,false,false,,
phase0-source-phase0-video-001,data/phase-zero/verification_assignment.json,$.creationPathInstructions[0].evidenceReferences[3],evidence_record,UNKNOWN_ORIGIN,,,,,true,false,false,,
phase0-source-phase0-video-001,data/phase-zero/verification_assignment.json,$.creationPathInstructions[0].evidenceReferences[4],evidence_record,UNKNOWN_ORIGIN,,,,,true,false,false,,
phase0-source-phase0-video-001,data/phase-zero/verification_assignment.json,$.creationPathInstructions[0].evidenceReferences[5],evidence_record,UNKNOWN_ORIGIN,,,,,true,false,false,,
phase0-source-phase0-video-001,data/phase-zero/verification_assignment.json,$.creationPathInstructions[0].evidenceReferences[6],evidence_record,UNKNOWN_ORIGIN,,,,,true,false,false,,
phase0-source-phase0-video-001,data/phase-zero/verification_assignment.json,$.creationPathInstructions[0].evidenceReferences[7],evidence_record,UNKNOWN_ORIGIN,,,,,true,false,false,,
phase0-source-phase0-video-001,data/phase-zero/verification_assignment.json,$.creationPathInstructions[0].evidenceReferences[8],evidence_record,UNKNOWN_ORIGIN,,,,,true,false,false,,
phase0-source-phase0-video-001,data/phase-zero/verification_assignment.json,$.creationPathInstructions[0].steps[0].evidence,evidence_record,UNKNOWN_ORIGIN,,,,,true,false,false,,
phase0-source-phase0-video-001,data/phase-zero/verification_assignment.json,$.creationPathInstructions[0].steps[1].evidence,evidence_record,UNKNOWN_ORIGIN,,,,,true,false,false,,
phase0-source-phase0-video-001,data/phase-zero/verification_assignment.json,$.creationPathInstructions[0].steps[2].evidence,evidence_record,UNKNOWN_ORIGIN,,,,,true,false,false,,
phase0-source-phase0-video-001,data/phase-zero/verification_assignment.json,$.creationPathInstructions[0].steps[3].evidence,evidence_record,UNKNOWN_ORIGIN,,,,,true,false,false,,
phase0-source-phase0-video-001,data/phase-zero/verification_assignment.json,$.creationPathInstructions[0].steps[4].evidence,evidence_record,UNKNOWN_ORIGIN,,,,,true,false,false,,
phase0-source-phase0-video-001,data/phase-zero/verification_assignment.json,$.creationPathInstructions[0].steps[5].evidence,evidence_record,UNKNOWN_ORIGIN,,,,,true,false,false,,
phase0-source-phase0-video-001,data/phase-zero/verification_assignment.json,$.creationPathInstructions[0].steps[6].evidence,evidence_record,UNKNOWN_ORIGIN,,,,,true,false,false,,
phase0-source-phase0-video-001,data/phase-zero/verification_assignment.json,$.creationPathInstructions[0].steps[7].evidence,evidence_record,UNKNOWN_ORIGIN,,,,,true,false,false,,
phase0-source-phase0-video-001,data/phase-zero/verification_assignment.json,$.creationPathInstructions[0].steps[8].evidence,evidence_record,UNKNOWN_ORIGIN,,,,,true,false,false,,
env-cf27-phase0-video-001-rtg-custom-qb,data/phase-zero/verification_assignment.json,$.environmentSummary,environment_record,RESEARCH_OBSERVED,,,,OBSERVED_PENDING_VERIFICATION,true,false,false,verification:OBSERVED_PENDING_VERIFICATION,
phase0-source-phase0-video-001,data/phase-zero/verification_assignment.json,$.environmentSummary.sourceVideo,evidence_record,UNKNOWN_ORIGIN,,,,,true,false,false,,
phase0-frame-video-001-tl-011,data/phase-zero/verification_assignment.json,$.evidenceReferenceLinks[0],evidence_record,RESEARCH_OBSERVED,,,,OBSERVED_PENDING_VERIFICATION,true,false,false,verification:OBSERVED_PENDING_VERIFICATION,
phase0-frame-video-001-tl-012,data/phase-zero/verification_assignment.json,$.evidenceReferenceLinks[1],evidence_record,RESEARCH_OBSERVED,,,,OBSERVED_PENDING_VERIFICATION,true,false,false,verification:OBSERVED_PENDING_VERIFICATION,
phase0-frame-video-002-tl-012,data/phase-zero/verification_assignment.json,$.evidenceReferenceLinks[10],evidence_record,RESEARCH_OBSERVED,,,,OBSERVED_PENDING_VERIFICATION,true,false,false,verification:OBSERVED_PENDING_VERIFICATION,
phase0-frame-video-002-tl-013,data/phase-zero/verification_assignment.json,$.evidenceReferenceLinks[11],evidence_record,RESEARCH_OBSERVED,,,,OBSERVED_PENDING_VERIFICATION,true,false,false,verification:OBSERVED_PENDING_VERIFICATION,
phase0-frame-video-002-tl-014,data/phase-zero/verification_assignment.json,$.evidenceReferenceLinks[12],evidence_record,RESEARCH_OBSERVED,,,,OBSERVED_PENDING_VERIFICATION,true,false,false,verification:OBSERVED_PENDING_VERIFICATION,
phase0-frame-video-002-tl-015,data/phase-zero/verification_assignment.json,$.evidenceReferenceLinks[13],evidence_record,RESEARCH_OBSERVED,,,,OBSERVED_PENDING_VERIFICATION,true,false,false,verification:OBSERVED_PENDING_VERIFICATION,
phase0-frame-video-002-tl-016,data/phase-zero/verification_assignment.json,$.evidenceReferenceLinks[14],evidence_record,RESEARCH_OBSERVED,,,,OBSERVED_PENDING_VERIFICATION,true,false,false,verification:OBSERVED_PENDING_VERIFICATION,
phase0-frame-video-003-tl-001,data/phase-zero/verification_assignment.json,$.evidenceReferenceLinks[15],evidence_record,RESEARCH_OBSERVED,,,,OBSERVED_PENDING_VERIFICATION,true,false,false,verification:OBSERVED_PENDING_VERIFICATION,
phase0-frame-video-003-tl-002,data/phase-zero/verification_assignment.json,$.evidenceReferenceLinks[16],evidence_record,RESEARCH_OBSERVED,,,,OBSERVED_PENDING_VERIFICATION,true,false,false,verification:OBSERVED_PENDING_VERIFICATION,
phase0-frame-video-003-tl-003,data/phase-zero/verification_assignment.json,$.evidenceReferenceLinks[17],evidence_record,RESEARCH_OBSERVED,,,,OBSERVED_PENDING_VERIFICATION,true,false,false,verification:OBSERVED_PENDING_VERIFICATION,
phase0-frame-video-003-tl-004,data/phase-zero/verification_assignment.json,$.evidenceReferenceLinks[18],evidence_record,RESEARCH_OBSERVED,,,,OBSERVED_PENDING_VERIFICATION,true,false,false,verification:OBSERVED_PENDING_VERIFICATION,
phase0-frame-video-003-tl-005,data/phase-zero/verification_assignment.json,$.evidenceReferenceLinks[19],evidence_record,RESEARCH_OBSERVED,,,,OBSERVED_PENDING_VERIFICATION,true,false,false,verification:OBSERVED_PENDING_VERIFICATION,
phase0-frame-video-002-tl-004,data/phase-zero/verification_assignment.json,$.evidenceReferenceLinks[2],evidence_record,RESEARCH_OBSERVED,,,,OBSERVED_PENDING_VERIFICATION,true,false,false,verification:OBSERVED_PENDING_VERIFICATION,
phase0-frame-video-003-tl-006,data/phase-zero/verification_assignment.json,$.evidenceReferenceLinks[20],evidence_record,RESEARCH_OBSERVED,,,,OBSERVED_PENDING_VERIFICATION,true,false,false,verification:OBSERVED_PENDING_VERIFICATION,
phase0-frame-video-003-tl-007,data/phase-zero/verification_assignment.json,$.evidenceReferenceLinks[21],evidence_record,RESEARCH_OBSERVED,,,,OBSERVED_PENDING_VERIFICATION,true,false,false,verification:OBSERVED_PENDING_VERIFICATION,
phase0-frame-video-003-tl-008,data/phase-zero/verification_assignment.json,$.evidenceReferenceLinks[22],evidence_record,RESEARCH_OBSERVED,,,,OBSERVED_PENDING_VERIFICATION,true,false,false,verification:OBSERVED_PENDING_VERIFICATION,
phase0-frame-video-003-tl-009,data/phase-zero/verification_assignment.json,$.evidenceReferenceLinks[23],evidence_record,RESEARCH_OBSERVED,,,,OBSERVED_PENDING_VERIFICATION,true,false,false,verification:OBSERVED_PENDING_VERIFICATION,
phase0-frame-video-003-tl-010,data/phase-zero/verification_assignment.json,$.evidenceReferenceLinks[24],evidence_record,RESEARCH_OBSERVED,,,,OBSERVED_PENDING_VERIFICATION,true,false,false,verification:OBSERVED_PENDING_VERIFICATION,
phase0-frame-video-003-tl-011,data/phase-zero/verification_assignment.json,$.evidenceReferenceLinks[25],evidence_record,RESEARCH_OBSERVED,,,,OBSERVED_PENDING_VERIFICATION,true,false,false,verification:OBSERVED_PENDING_VERIFICATION,
phase0-frame-video-003-tl-012,data/phase-zero/verification_assignment.json,$.evidenceReferenceLinks[26],evidence_record,RESEARCH_OBSERVED,,,,OBSERVED_PENDING_VERIFICATION,true,false,false,verification:OBSERVED_PENDING_VERIFICATION,
phase0-frame-video-003-tl-013,data/phase-zero/verification_assignment.json,$.evidenceReferenceLinks[27],evidence_record,RESEARCH_OBSERVED,,,,OBSERVED_PENDING_VERIFICATION,true,false,false,verification:OBSERVED_PENDING_VERIFICATION,
phase0-frame-video-003-tl-014,data/phase-zero/verification_assignment.json,$.evidenceReferenceLinks[28],evidence_record,RESEARCH_OBSERVED,,,,OBSERVED_PENDING_VERIFICATION,true,false,false,verification:OBSERVED_PENDING_VERIFICATION,
phase0-frame-video-003-tl-015,data/phase-zero/verification_assignment.json,$.evidenceReferenceLinks[29],evidence_record,RESEARCH_OBSERVED,,,,OBSERVED_PENDING_VERIFICATION,true,false,false,verification:OBSERVED_PENDING_VERIFICATION,
phase0-frame-video-002-tl-005,data/phase-zero/verification_assignment.json,$.evidenceReferenceLinks[3],evidence_record,RESEARCH_OBSERVED,,,,OBSERVED_PENDING_VERIFICATION,true,false,false,verification:OBSERVED_PENDING_VERIFICATION,
phase0-frame-video-004-tl-002,data/phase-zero/verification_assignment.json,$.evidenceReferenceLinks[30],evidence_record,RESEARCH_OBSERVED,,,,OBSERVED_PENDING_VERIFICATION,true,false,false,verification:OBSERVED_PENDING_VERIFICATION,
phase0-frame-video-004-tl-003,data/phase-zero/verification_assignment.json,$.evidenceReferenceLinks[31],evidence_record,RESEARCH_OBSERVED,,,,OBSERVED_PENDING_VERIFICATION,true,false,false,verification:OBSERVED_PENDING_VERIFICATION,
phase0-frame-video-004-tl-004,data/phase-zero/verification_assignment.json,$.evidenceReferenceLinks[32],evidence_record,RESEARCH_OBSERVED,,,,OBSERVED_PENDING_VERIFICATION,true,false,false,verification:OBSERVED_PENDING_VERIFICATION,
phase0-frame-video-004-tl-005,data/phase-zero/verification_assignment.json,$.evidenceReferenceLinks[33],evidence_record,RESEARCH_OBSERVED,,,,OBSERVED_PENDING_VERIFICATION,true,false,false,verification:OBSERVED_PENDING_VERIFICATION,
phase0-frame-video-004-tl-006,data/phase-zero/verification_assignment.json,$.evidenceReferenceLinks[34],evidence_record,RESEARCH_OBSERVED,,,,OBSERVED_PENDING_VERIFICATION,true,false,false,verification:OBSERVED_PENDING_VERIFICATION,
phase0-frame-video-004-tl-007,data/phase-zero/verification_assignment.json,$.evidenceReferenceLinks[35],evidence_record,RESEARCH_OBSERVED,,,,OBSERVED_PENDING_VERIFICATION,true,false,false,verification:OBSERVED_PENDING_VERIFICATION,
phase0-frame-video-004-tl-008,data/phase-zero/verification_assignment.json,$.evidenceReferenceLinks[36],evidence_record,RESEARCH_OBSERVED,,,,OBSERVED_PENDING_VERIFICATION,true,false,false,verification:OBSERVED_PENDING_VERIFICATION,
phase0-frame-video-004-tl-009,data/phase-zero/verification_assignment.json,$.evidenceReferenceLinks[37],evidence_record,RESEARCH_OBSERVED,,,,OBSERVED_PENDING_VERIFICATION,true,false,false,verification:OBSERVED_PENDING_VERIFICATION,
phase0-frame-video-004-tl-010,data/phase-zero/verification_assignment.json,$.evidenceReferenceLinks[38],evidence_record,RESEARCH_OBSERVED,,,,OBSERVED_PENDING_VERIFICATION,true,false,false,verification:OBSERVED_PENDING_VERIFICATION,
phase0-frame-video-004-tl-011,data/phase-zero/verification_assignment.json,$.evidenceReferenceLinks[39],evidence_record,RESEARCH_OBSERVED,,,,OBSERVED_PENDING_VERIFICATION,true,false,false,verification:OBSERVED_PENDING_VERIFICATION,
phase0-frame-video-002-tl-006,data/phase-zero/verification_assignment.json,$.evidenceReferenceLinks[4],evidence_record,RESEARCH_OBSERVED,,,,OBSERVED_PENDING_VERIFICATION,true,false,false,verification:OBSERVED_PENDING_VERIFICATION,
phase0-frame-video-004-tl-012,data/phase-zero/verification_assignment.json,$.evidenceReferenceLinks[40],evidence_record,RESEARCH_OBSERVED,,,,OBSERVED_PENDING_VERIFICATION,true,false,false,verification:OBSERVED_PENDING_VERIFICATION,
phase0-frame-video-004-tl-013,data/phase-zero/verification_assignment.json,$.evidenceReferenceLinks[41],evidence_record,RESEARCH_OBSERVED,,,,OBSERVED_PENDING_VERIFICATION,true,false,false,verification:OBSERVED_PENDING_VERIFICATION,
phase0-frame-video-004-tl-014,data/phase-zero/verification_assignment.json,$.evidenceReferenceLinks[42],evidence_record,RESEARCH_OBSERVED,,,,OBSERVED_PENDING_VERIFICATION,true,false,false,verification:OBSERVED_PENDING_VERIFICATION,
phase0-frame-video-004-tl-015,data/phase-zero/verification_assignment.json,$.evidenceReferenceLinks[43],evidence_record,RESEARCH_OBSERVED,,,,OBSERVED_PENDING_VERIFICATION,true,false,false,verification:OBSERVED_PENDING_VERIFICATION,
phase0-frame-video-004-tl-016,data/phase-zero/verification_assignment.json,$.evidenceReferenceLinks[44],evidence_record,RESEARCH_OBSERVED,,,,OBSERVED_PENDING_VERIFICATION,true,false,false,verification:OBSERVED_PENDING_VERIFICATION,
phase0-frame-video-004-tl-017,data/phase-zero/verification_assignment.json,$.evidenceReferenceLinks[45],evidence_record,RESEARCH_OBSERVED,,,,OBSERVED_PENDING_VERIFICATION,true,false,false,verification:OBSERVED_PENDING_VERIFICATION,
phase0-frame-video-004-tl-018,data/phase-zero/verification_assignment.json,$.evidenceReferenceLinks[46],evidence_record,RESEARCH_OBSERVED,,,,OBSERVED_PENDING_VERIFICATION,true,false,false,verification:OBSERVED_PENDING_VERIFICATION,
phase0-frame-video-004-tl-019,data/phase-zero/verification_assignment.json,$.evidenceReferenceLinks[47],evidence_record,RESEARCH_OBSERVED,,,,OBSERVED_PENDING_VERIFICATION,true,false,false,verification:OBSERVED_PENDING_VERIFICATION,
phase0-frame-video-004-tl-020,data/phase-zero/verification_assignment.json,$.evidenceReferenceLinks[48],evidence_record,RESEARCH_OBSERVED,,,,OBSERVED_PENDING_VERIFICATION,true,false,false,verification:OBSERVED_PENDING_VERIFICATION,
phase0-frame-video-004-tl-021,data/phase-zero/verification_assignment.json,$.evidenceReferenceLinks[49],evidence_record,RESEARCH_OBSERVED,,,,OBSERVED_PENDING_VERIFICATION,true,false,false,verification:OBSERVED_PENDING_VERIFICATION,
phase0-frame-video-002-tl-007,data/phase-zero/verification_assignment.json,$.evidenceReferenceLinks[5],evidence_record,RESEARCH_OBSERVED,,,,OBSERVED_PENDING_VERIFICATION,true,false,false,verification:OBSERVED_PENDING_VERIFICATION,
phase0-frame-video-004-tl-022,data/phase-zero/verification_assignment.json,$.evidenceReferenceLinks[50],evidence_record,RESEARCH_OBSERVED,,,,OBSERVED_PENDING_VERIFICATION,true,false,false,verification:OBSERVED_PENDING_VERIFICATION,
phase0-frame-video-004-tl-023,data/phase-zero/verification_assignment.json,$.evidenceReferenceLinks[51],evidence_record,RESEARCH_OBSERVED,,,,OBSERVED_PENDING_VERIFICATION,true,false,false,verification:OBSERVED_PENDING_VERIFICATION,
phase0-frame-video-005-tl-002,data/phase-zero/verification_assignment.json,$.evidenceReferenceLinks[52],evidence_record,RESEARCH_OBSERVED,,,,OBSERVED_PENDING_VERIFICATION,true,false,false,verification:OBSERVED_PENDING_VERIFICATION,
phase0-frame-video-005-tl-003,data/phase-zero/verification_assignment.json,$.evidenceReferenceLinks[53],evidence_record,RESEARCH_OBSERVED,,,,OBSERVED_PENDING_VERIFICATION,true,false,false,verification:OBSERVED_PENDING_VERIFICATION,
phase0-frame-video-005-tl-004,data/phase-zero/verification_assignment.json,$.evidenceReferenceLinks[54],evidence_record,RESEARCH_OBSERVED,,,,OBSERVED_PENDING_VERIFICATION,true,false,false,verification:OBSERVED_PENDING_VERIFICATION,
phase0-frame-video-005-tl-005,data/phase-zero/verification_assignment.json,$.evidenceReferenceLinks[55],evidence_record,RESEARCH_OBSERVED,,,,OBSERVED_PENDING_VERIFICATION,true,false,false,verification:OBSERVED_PENDING_VERIFICATION,
phase0-frame-video-005-tl-006,data/phase-zero/verification_assignment.json,$.evidenceReferenceLinks[56],evidence_record,RESEARCH_OBSERVED,,,,OBSERVED_PENDING_VERIFICATION,true,false,false,verification:OBSERVED_PENDING_VERIFICATION,
phase0-frame-video-005-tl-007,data/phase-zero/verification_assignment.json,$.evidenceReferenceLinks[57],evidence_record,RESEARCH_OBSERVED,,,,OBSERVED_PENDING_VERIFICATION,true,false,false,verification:OBSERVED_PENDING_VERIFICATION,
phase0-frame-video-005-tl-008,data/phase-zero/verification_assignment.json,$.evidenceReferenceLinks[58],evidence_record,RESEARCH_OBSERVED,,,,OBSERVED_PENDING_VERIFICATION,true,false,false,verification:OBSERVED_PENDING_VERIFICATION,
phase0-frame-video-005-tl-009,data/phase-zero/verification_assignment.json,$.evidenceReferenceLinks[59],evidence_record,RESEARCH_OBSERVED,,,,OBSERVED_PENDING_VERIFICATION,true,false,false,verification:OBSERVED_PENDING_VERIFICATION,
phase0-frame-video-002-tl-008,data/phase-zero/verification_assignment.json,$.evidenceReferenceLinks[6],evidence_record,RESEARCH_OBSERVED,,,,OBSERVED_PENDING_VERIFICATION,true,false,false,verification:OBSERVED_PENDING_VERIFICATION,
phase0-frame-video-005-tl-010,data/phase-zero/verification_assignment.json,$.evidenceReferenceLinks[60],evidence_record,RESEARCH_OBSERVED,,,,OBSERVED_PENDING_VERIFICATION,true,false,false,verification:OBSERVED_PENDING_VERIFICATION,
phase0-frame-video-005-tl-011,data/phase-zero/verification_assignment.json,$.evidenceReferenceLinks[61],evidence_record,RESEARCH_OBSERVED,,,,OBSERVED_PENDING_VERIFICATION,true,false,false,verification:OBSERVED_PENDING_VERIFICATION,
phase0-frame-video-006-tl-002,data/phase-zero/verification_assignment.json,$.evidenceReferenceLinks[62],evidence_record,RESEARCH_OBSERVED,,,,OBSERVED_PENDING_VERIFICATION,true,false,false,verification:OBSERVED_PENDING_VERIFICATION,
phase0-frame-video-006-tl-003,data/phase-zero/verification_assignment.json,$.evidenceReferenceLinks[63],evidence_record,RESEARCH_OBSERVED,,,,OBSERVED_PENDING_VERIFICATION,true,false,false,verification:OBSERVED_PENDING_VERIFICATION,
phase0-frame-video-006-tl-004,data/phase-zero/verification_assignment.json,$.evidenceReferenceLinks[64],evidence_record,RESEARCH_OBSERVED,,,,OBSERVED_PENDING_VERIFICATION,true,false,false,verification:OBSERVED_PENDING_VERIFICATION,
phase0-frame-video-006-tl-005,data/phase-zero/verification_assignment.json,$.evidenceReferenceLinks[65],evidence_record,RESEARCH_OBSERVED,,,,OBSERVED_PENDING_VERIFICATION,true,false,false,verification:OBSERVED_PENDING_VERIFICATION,
phase0-frame-video-006-tl-006,data/phase-zero/verification_assignment.json,$.evidenceReferenceLinks[66],evidence_record,RESEARCH_OBSERVED,,,,OBSERVED_PENDING_VERIFICATION,true,false,false,verification:OBSERVED_PENDING_VERIFICATION,
phase0-frame-video-007-tl-002,data/phase-zero/verification_assignment.json,$.evidenceReferenceLinks[67],evidence_record,RESEARCH_OBSERVED,,,,OBSERVED_PENDING_VERIFICATION,true,false,false,verification:OBSERVED_PENDING_VERIFICATION,
phase0-frame-video-007-tl-003,data/phase-zero/verification_assignment.json,$.evidenceReferenceLinks[68],evidence_record,RESEARCH_OBSERVED,,,,OBSERVED_PENDING_VERIFICATION,true,false,false,verification:OBSERVED_PENDING_VERIFICATION,
phase0-frame-video-007-tl-004,data/phase-zero/verification_assignment.json,$.evidenceReferenceLinks[69],evidence_record,RESEARCH_OBSERVED,,,,OBSERVED_PENDING_VERIFICATION,true,false,false,verification:OBSERVED_PENDING_VERIFICATION,
phase0-frame-video-002-tl-009,data/phase-zero/verification_assignment.json,$.evidenceReferenceLinks[7],evidence_record,RESEARCH_OBSERVED,,,,OBSERVED_PENDING_VERIFICATION,true,false,false,verification:OBSERVED_PENDING_VERIFICATION,
phase0-frame-video-007-tl-005,data/phase-zero/verification_assignment.json,$.evidenceReferenceLinks[70],evidence_record,RESEARCH_OBSERVED,,,,OBSERVED_PENDING_VERIFICATION,true,false,false,verification:OBSERVED_PENDING_VERIFICATION,
phase0-frame-video-007-tl-006,data/phase-zero/verification_assignment.json,$.evidenceReferenceLinks[71],evidence_record,RESEARCH_OBSERVED,,,,OBSERVED_PENDING_VERIFICATION,true,false,false,verification:OBSERVED_PENDING_VERIFICATION,
phase0-frame-video-007-tl-007,data/phase-zero/verification_assignment.json,$.evidenceReferenceLinks[72],evidence_record,RESEARCH_OBSERVED,,,,OBSERVED_PENDING_VERIFICATION,true,false,false,verification:OBSERVED_PENDING_VERIFICATION,
phase0-frame-video-007-tl-008,data/phase-zero/verification_assignment.json,$.evidenceReferenceLinks[73],evidence_record,RESEARCH_OBSERVED,,,,OBSERVED_PENDING_VERIFICATION,true,false,false,verification:OBSERVED_PENDING_VERIFICATION,
phase0-frame-video-008-tl-002,data/phase-zero/verification_assignment.json,$.evidenceReferenceLinks[74],evidence_record,RESEARCH_OBSERVED,,,,OBSERVED_PENDING_VERIFICATION,true,false,false,verification:OBSERVED_PENDING_VERIFICATION,
phase0-frame-video-008-tl-003,data/phase-zero/verification_assignment.json,$.evidenceReferenceLinks[75],evidence_record,RESEARCH_OBSERVED,,,,OBSERVED_PENDING_VERIFICATION,true,false,false,verification:OBSERVED_PENDING_VERIFICATION,
phase0-frame-video-008-tl-004,data/phase-zero/verification_assignment.json,$.evidenceReferenceLinks[76],evidence_record,RESEARCH_OBSERVED,,,,OBSERVED_PENDING_VERIFICATION,true,false,false,verification:OBSERVED_PENDING_VERIFICATION,
phase0-frame-video-008-tl-005,data/phase-zero/verification_assignment.json,$.evidenceReferenceLinks[77],evidence_record,RESEARCH_OBSERVED,,,,OBSERVED_PENDING_VERIFICATION,true,false,false,verification:OBSERVED_PENDING_VERIFICATION,
phase0-frame-video-008-tl-006,data/phase-zero/verification_assignment.json,$.evidenceReferenceLinks[78],evidence_record,RESEARCH_OBSERVED,,,,OBSERVED_PENDING_VERIFICATION,true,false,false,verification:OBSERVED_PENDING_VERIFICATION,
phase0-frame-video-008-tl-007,data/phase-zero/verification_assignment.json,$.evidenceReferenceLinks[79],evidence_record,RESEARCH_OBSERVED,,,,OBSERVED_PENDING_VERIFICATION,true,false,false,verification:OBSERVED_PENDING_VERIFICATION,
phase0-frame-video-002-tl-010,data/phase-zero/verification_assignment.json,$.evidenceReferenceLinks[8],evidence_record,RESEARCH_OBSERVED,,,,OBSERVED_PENDING_VERIFICATION,true,false,false,verification:OBSERVED_PENDING_VERIFICATION,
phase0-frame-video-008-tl-008,data/phase-zero/verification_assignment.json,$.evidenceReferenceLinks[80],evidence_record,RESEARCH_OBSERVED,,,,OBSERVED_PENDING_VERIFICATION,true,false,false,verification:OBSERVED_PENDING_VERIFICATION,
phase0-frame-video-008-tl-009,data/phase-zero/verification_assignment.json,$.evidenceReferenceLinks[81],evidence_record,RESEARCH_OBSERVED,,,,OBSERVED_PENDING_VERIFICATION,true,false,false,verification:OBSERVED_PENDING_VERIFICATION,
phase0-frame-video-009-tl-002,data/phase-zero/verification_assignment.json,$.evidenceReferenceLinks[82],evidence_record,RESEARCH_OBSERVED,,,,OBSERVED_PENDING_VERIFICATION,true,false,false,verification:OBSERVED_PENDING_VERIFICATION,
phase0-frame-video-009-tl-003,data/phase-zero/verification_assignment.json,$.evidenceReferenceLinks[83],evidence_record,RESEARCH_OBSERVED,,,,OBSERVED_PENDING_VERIFICATION,true,false,false,verification:OBSERVED_PENDING_VERIFICATION,
phase0-frame-video-009-tl-004,data/phase-zero/verification_assignment.json,$.evidenceReferenceLinks[84],evidence_record,RESEARCH_OBSERVED,,,,OBSERVED_PENDING_VERIFICATION,true,false,false,verification:OBSERVED_PENDING_VERIFICATION,
phase0-frame-video-009-tl-005,data/phase-zero/verification_assignment.json,$.evidenceReferenceLinks[85],evidence_record,RESEARCH_OBSERVED,,,,OBSERVED_PENDING_VERIFICATION,true,false,false,verification:OBSERVED_PENDING_VERIFICATION,
phase0-frame-video-009-tl-006,data/phase-zero/verification_assignment.json,$.evidenceReferenceLinks[86],evidence_record,RESEARCH_OBSERVED,,,,OBSERVED_PENDING_VERIFICATION,true,false,false,verification:OBSERVED_PENDING_VERIFICATION,
phase0-source-phase0-video-001,data/phase-zero/verification_assignment.json,$.evidenceReferenceLinks[87],evidence_record,RESEARCH_OBSERVED,,,,OBSERVED_PENDING_VERIFICATION,true,false,false,verification:OBSERVED_PENDING_VERIFICATION,
phase0-source-phase0-video-002,data/phase-zero/verification_assignment.json,$.evidenceReferenceLinks[88],evidence_record,RESEARCH_OBSERVED,,,,OBSERVED_PENDING_VERIFICATION,true,false,false,verification:OBSERVED_PENDING_VERIFICATION,
phase0-source-phase0-video-003,data/phase-zero/verification_assignment.json,$.evidenceReferenceLinks[89],evidence_record,RESEARCH_OBSERVED,,,,OBSERVED_PENDING_VERIFICATION,true,false,false,verification:OBSERVED_PENDING_VERIFICATION,
phase0-frame-video-002-tl-011,data/phase-zero/verification_assignment.json,$.evidenceReferenceLinks[9],evidence_record,RESEARCH_OBSERVED,,,,OBSERVED_PENDING_VERIFICATION,true,false,false,verification:OBSERVED_PENDING_VERIFICATION,
phase0-source-phase0-video-004,data/phase-zero/verification_assignment.json,$.evidenceReferenceLinks[90],evidence_record,RESEARCH_OBSERVED,,,,OBSERVED_PENDING_VERIFICATION,true,false,false,verification:OBSERVED_PENDING_VERIFICATION,
phase0-source-phase0-video-005,data/phase-zero/verification_assignment.json,$.evidenceReferenceLinks[91],evidence_record,RESEARCH_OBSERVED,,,,OBSERVED_PENDING_VERIFICATION,true,false,false,verification:OBSERVED_PENDING_VERIFICATION,
phase0-source-phase0-video-006,data/phase-zero/verification_assignment.json,$.evidenceReferenceLinks[92],evidence_record,RESEARCH_OBSERVED,,,,OBSERVED_PENDING_VERIFICATION,true,false,false,verification:OBSERVED_PENDING_VERIFICATION,
phase0-source-phase0-video-007,data/phase-zero/verification_assignment.json,$.evidenceReferenceLinks[93],evidence_record,RESEARCH_OBSERVED,,,,OBSERVED_PENDING_VERIFICATION,true,false,false,verification:OBSERVED_PENDING_VERIFICATION,
phase0-source-phase0-video-008,data/phase-zero/verification_assignment.json,$.evidenceReferenceLinks[94],evidence_record,RESEARCH_OBSERVED,,,,OBSERVED_PENDING_VERIFICATION,true,false,false,verification:OBSERVED_PENDING_VERIFICATION,
phase0-source-phase0-video-009,data/phase-zero/verification_assignment.json,$.evidenceReferenceLinks[95],evidence_record,RESEARCH_OBSERVED,,,,OBSERVED_PENDING_VERIFICATION,true,false,false,verification:OBSERVED_PENDING_VERIFICATION,
CF27_XBOXUNKNOWN_RTG_HEAD_001,data/phase-zero/verification_assignment.json,$.headTemplateChecklist[0],catalog_record,RESEARCH_OBSERVED,,,NOT_PRODUCTION_DATA,OBSERVED_PENDING_VERIFICATION,true,false,false,verification:OBSERVED_PENDING_VERIFICATION;productionStatus:NOT_PRODUCTION_DATA,
CF27_XBOXUNKNOWN_RTG_HEAD_002,data/phase-zero/verification_assignment.json,$.headTemplateChecklist[1],catalog_record,RESEARCH_OBSERVED,,,NOT_PRODUCTION_DATA,OBSERVED_PENDING_VERIFICATION,true,false,false,verification:OBSERVED_PENDING_VERIFICATION;productionStatus:NOT_PRODUCTION_DATA,
CF27_XBOXUNKNOWN_RTG_HEAD_011,data/phase-zero/verification_assignment.json,$.headTemplateChecklist[10],catalog_record,RESEARCH_OBSERVED,,,NOT_PRODUCTION_DATA,OBSERVED_PENDING_VERIFICATION,true,false,false,verification:OBSERVED_PENDING_VERIFICATION;productionStatus:NOT_PRODUCTION_DATA,
CF27_XBOXUNKNOWN_RTG_HEAD_012,data/phase-zero/verification_assignment.json,$.headTemplateChecklist[11],catalog_record,RESEARCH_OBSERVED,,,NOT_PRODUCTION_DATA,OBSERVED_PENDING_VERIFICATION,true,false,false,verification:OBSERVED_PENDING_VERIFICATION;productionStatus:NOT_PRODUCTION_DATA,
CF27_XBOXUNKNOWN_RTG_HEAD_013,data/phase-zero/verification_assignment.json,$.headTemplateChecklist[12],catalog_record,RESEARCH_OBSERVED,,,NOT_PRODUCTION_DATA,OBSERVED_PENDING_VERIFICATION,true,false,false,verification:OBSERVED_PENDING_VERIFICATION;productionStatus:NOT_PRODUCTION_DATA,
CF27_XBOXUNKNOWN_RTG_HEAD_014,data/phase-zero/verification_assignment.json,$.headTemplateChecklist[13],catalog_record,RESEARCH_OBSERVED,,,NOT_PRODUCTION_DATA,OBSERVED_PENDING_VERIFICATION,true,false,false,verification:OBSERVED_PENDING_VERIFICATION;productionStatus:NOT_PRODUCTION_DATA,
CF27_XBOXUNKNOWN_RTG_HEAD_016,data/phase-zero/verification_assignment.json,$.headTemplateChecklist[14],catalog_record,RESEARCH_OBSERVED,,,NOT_PRODUCTION_DATA,OBSERVED_PENDING_VERIFICATION,true,false,false,verification:OBSERVED_PENDING_VERIFICATION;productionStatus:NOT_PRODUCTION_DATA,
CF27_XBOXUNKNOWN_RTG_HEAD_017,data/phase-zero/verification_assignment.json,$.headTemplateChecklist[15],catalog_record,RESEARCH_OBSERVED,,,NOT_PRODUCTION_DATA,OBSERVED_PENDING_VERIFICATION,true,false,false,verification:OBSERVED_PENDING_VERIFICATION;productionStatus:NOT_PRODUCTION_DATA,
CF27_XBOXUNKNOWN_RTG_HEAD_018,data/phase-zero/verification_assignment.json,$.headTemplateChecklist[16],catalog_record,RESEARCH_OBSERVED,,,NOT_PRODUCTION_DATA,OBSERVED_PENDING_VERIFICATION,true,false,false,verification:OBSERVED_PENDING_VERIFICATION;productionStatus:NOT_PRODUCTION_DATA,
CF27_XBOXUNKNOWN_RTG_HEAD_021,data/phase-zero/verification_assignment.json,$.headTemplateChecklist[17],catalog_record,RESEARCH_OBSERVED,,,NOT_PRODUCTION_DATA,OBSERVED_PENDING_VERIFICATION,true,false,false,verification:OBSERVED_PENDING_VERIFICATION;productionStatus:NOT_PRODUCTION_DATA,
CF27_XBOXUNKNOWN_RTG_HEAD_022,data/phase-zero/verification_assignment.json,$.headTemplateChecklist[18],catalog_record,RESEARCH_OBSERVED,,,NOT_PRODUCTION_DATA,OBSERVED_PENDING_VERIFICATION,true,false,false,verification:OBSERVED_PENDING_VERIFICATION;productionStatus:NOT_PRODUCTION_DATA,
CF27_XBOXUNKNOWN_RTG_HEAD_023,data/phase-zero/verification_assignment.json,$.headTemplateChecklist[19],catalog_record,RESEARCH_OBSERVED,,,NOT_PRODUCTION_DATA,OBSERVED_PENDING_VERIFICATION,true,false,false,verification:OBSERVED_PENDING_VERIFICATION;productionStatus:NOT_PRODUCTION_DATA,
CF27_XBOXUNKNOWN_RTG_HEAD_003,data/phase-zero/verification_assignment.json,$.headTemplateChecklist[2],catalog_record,RESEARCH_OBSERVED,,,NOT_PRODUCTION_DATA,OBSERVED_PENDING_VERIFICATION,true,false,false,verification:OBSERVED_PENDING_VERIFICATION;productionStatus:NOT_PRODUCTION_DATA,
CF27_XBOXUNKNOWN_RTG_HEAD_024,data/phase-zero/verification_assignment.json,$.headTemplateChecklist[20],catalog_record,RESEARCH_OBSERVED,,,NOT_PRODUCTION_DATA,OBSERVED_PENDING_VERIFICATION,true,false,false,verification:OBSERVED_PENDING_VERIFICATION;productionStatus:NOT_PRODUCTION_DATA,
CF27_XBOXUNKNOWN_RTG_HEAD_027,data/phase-zero/verification_assignment.json,$.headTemplateChecklist[21],catalog_record,RESEARCH_OBSERVED,,,NOT_PRODUCTION_DATA,OBSERVED_PENDING_VERIFICATION,true,false,false,verification:OBSERVED_PENDING_VERIFICATION;productionStatus:NOT_PRODUCTION_DATA,
CF27_XBOXUNKNOWN_RTG_HEAD_028,data/phase-zero/verification_assignment.json,$.headTemplateChecklist[22],catalog_record,RESEARCH_OBSERVED,,,NOT_PRODUCTION_DATA,OBSERVED_PENDING_VERIFICATION,true,false,false,verification:OBSERVED_PENDING_VERIFICATION;productionStatus:NOT_PRODUCTION_DATA,
CF27_XBOXUNKNOWN_RTG_HEAD_029,data/phase-zero/verification_assignment.json,$.headTemplateChecklist[23],catalog_record,RESEARCH_OBSERVED,,,NOT_PRODUCTION_DATA,OBSERVED_PENDING_VERIFICATION,true,false,false,verification:OBSERVED_PENDING_VERIFICATION;productionStatus:NOT_PRODUCTION_DATA,
CF27_XBOXUNKNOWN_RTG_HEAD_030,data/phase-zero/verification_assignment.json,$.headTemplateChecklist[24],catalog_record,RESEARCH_OBSERVED,,,NOT_PRODUCTION_DATA,OBSERVED_PENDING_VERIFICATION,true,false,false,verification:OBSERVED_PENDING_VERIFICATION;productionStatus:NOT_PRODUCTION_DATA,
CF27_XBOXUNKNOWN_RTG_HEAD_031,data/phase-zero/verification_assignment.json,$.headTemplateChecklist[25],catalog_record,RESEARCH_OBSERVED,,,NOT_PRODUCTION_DATA,OBSERVED_PENDING_VERIFICATION,true,false,false,verification:OBSERVED_PENDING_VERIFICATION;productionStatus:NOT_PRODUCTION_DATA,
CF27_XBOXUNKNOWN_RTG_HEAD_004,data/phase-zero/verification_assignment.json,$.headTemplateChecklist[3],catalog_record,RESEARCH_OBSERVED,,,NOT_PRODUCTION_DATA,OBSERVED_PENDING_VERIFICATION,true,false,false,verification:OBSERVED_PENDING_VERIFICATION;productionStatus:NOT_PRODUCTION_DATA,
CF27_XBOXUNKNOWN_RTG_HEAD_005,data/phase-zero/verification_assignment.json,$.headTemplateChecklist[4],catalog_record,RESEARCH_OBSERVED,,,NOT_PRODUCTION_DATA,OBSERVED_PENDING_VERIFICATION,true,false,false,verification:OBSERVED_PENDING_VERIFICATION;productionStatus:NOT_PRODUCTION_DATA,
CF27_XBOXUNKNOWN_RTG_HEAD_006,data/phase-zero/verification_assignment.json,$.headTemplateChecklist[5],catalog_record,RESEARCH_OBSERVED,,,NOT_PRODUCTION_DATA,OBSERVED_PENDING_VERIFICATION,true,false,false,verification:OBSERVED_PENDING_VERIFICATION;productionStatus:NOT_PRODUCTION_DATA,
CF27_XBOXUNKNOWN_RTG_HEAD_007,data/phase-zero/verification_assignment.json,$.headTemplateChecklist[6],catalog_record,RESEARCH_OBSERVED,,,NOT_PRODUCTION_DATA,OBSERVED_PENDING_VERIFICATION,true,false,false,verification:OBSERVED_PENDING_VERIFICATION;productionStatus:NOT_PRODUCTION_DATA,
CF27_XBOXUNKNOWN_RTG_HEAD_008,data/phase-zero/verification_assignment.json,$.headTemplateChecklist[7],catalog_record,RESEARCH_OBSERVED,,,NOT_PRODUCTION_DATA,OBSERVED_PENDING_VERIFICATION,true,false,false,verification:OBSERVED_PENDING_VERIFICATION;productionStatus:NOT_PRODUCTION_DATA,
CF27_XBOXUNKNOWN_RTG_HEAD_009,data/phase-zero/verification_assignment.json,$.headTemplateChecklist[8],catalog_record,RESEARCH_OBSERVED,,,NOT_PRODUCTION_DATA,OBSERVED_PENDING_VERIFICATION,true,false,false,verification:OBSERVED_PENDING_VERIFICATION;productionStatus:NOT_PRODUCTION_DATA,
CF27_XBOXUNKNOWN_RTG_HEAD_010,data/phase-zero/verification_assignment.json,$.headTemplateChecklist[9],catalog_record,RESEARCH_OBSERVED,,,NOT_PRODUCTION_DATA,OBSERVED_PENDING_VERIFICATION,true,false,false,verification:OBSERVED_PENDING_VERIFICATION;productionStatus:NOT_PRODUCTION_DATA,
CF27_XBOXUNKNOWN_RTG_HEAD_001,data/phase-zero/verification_assignment.json,$.nativeOrderComparisonSheet[0],catalog_record,UNKNOWN_ORIGIN,,,,,false,false,false,,
CF27_XBOXUNKNOWN_RTG_HEAD_002,data/phase-zero/verification_assignment.json,$.nativeOrderComparisonSheet[1],catalog_record,UNKNOWN_ORIGIN,,,,,false,false,false,,
CF27_XBOXUNKNOWN_RTG_HEAD_011,data/phase-zero/verification_assignment.json,$.nativeOrderComparisonSheet[10],catalog_record,UNKNOWN_ORIGIN,,,,,false,false,false,,
CF27_XBOXUNKNOWN_RTG_HEAD_012,data/phase-zero/verification_assignment.json,$.nativeOrderComparisonSheet[11],catalog_record,UNKNOWN_ORIGIN,,,,,false,false,false,,
CF27_XBOXUNKNOWN_RTG_HEAD_013,data/phase-zero/verification_assignment.json,$.nativeOrderComparisonSheet[12],catalog_record,UNKNOWN_ORIGIN,,,,,false,false,false,,
CF27_XBOXUNKNOWN_RTG_HEAD_014,data/phase-zero/verification_assignment.json,$.nativeOrderComparisonSheet[13],catalog_record,UNKNOWN_ORIGIN,,,,,false,false,false,,
CF27_XBOXUNKNOWN_RTG_HEAD_016,data/phase-zero/verification_assignment.json,$.nativeOrderComparisonSheet[14],catalog_record,UNKNOWN_ORIGIN,,,,,false,false,false,,
CF27_XBOXUNKNOWN_RTG_HEAD_017,data/phase-zero/verification_assignment.json,$.nativeOrderComparisonSheet[15],catalog_record,UNKNOWN_ORIGIN,,,,,false,false,false,,
CF27_XBOXUNKNOWN_RTG_HEAD_018,data/phase-zero/verification_assignment.json,$.nativeOrderComparisonSheet[16],catalog_record,UNKNOWN_ORIGIN,,,,,false,false,false,,
CF27_XBOXUNKNOWN_RTG_HEAD_021,data/phase-zero/verification_assignment.json,$.nativeOrderComparisonSheet[17],catalog_record,UNKNOWN_ORIGIN,,,,,false,false,false,,
CF27_XBOXUNKNOWN_RTG_HEAD_022,data/phase-zero/verification_assignment.json,$.nativeOrderComparisonSheet[18],catalog_record,UNKNOWN_ORIGIN,,,,,false,false,false,,
CF27_XBOXUNKNOWN_RTG_HEAD_023,data/phase-zero/verification_assignment.json,$.nativeOrderComparisonSheet[19],catalog_record,UNKNOWN_ORIGIN,,,,,false,false,false,,
CF27_XBOXUNKNOWN_RTG_HEAD_003,data/phase-zero/verification_assignment.json,$.nativeOrderComparisonSheet[2],catalog_record,UNKNOWN_ORIGIN,,,,,false,false,false,,
CF27_XBOXUNKNOWN_RTG_HEAD_024,data/phase-zero/verification_assignment.json,$.nativeOrderComparisonSheet[20],catalog_record,UNKNOWN_ORIGIN,,,,,false,false,false,,
CF27_XBOXUNKNOWN_RTG_HEAD_027,data/phase-zero/verification_assignment.json,$.nativeOrderComparisonSheet[21],catalog_record,UNKNOWN_ORIGIN,,,,,false,false,false,,
CF27_XBOXUNKNOWN_RTG_HEAD_028,data/phase-zero/verification_assignment.json,$.nativeOrderComparisonSheet[22],catalog_record,UNKNOWN_ORIGIN,,,,,false,false,false,,
CF27_XBOXUNKNOWN_RTG_HEAD_029,data/phase-zero/verification_assignment.json,$.nativeOrderComparisonSheet[23],catalog_record,UNKNOWN_ORIGIN,,,,,false,false,false,,
CF27_XBOXUNKNOWN_RTG_HEAD_030,data/phase-zero/verification_assignment.json,$.nativeOrderComparisonSheet[24],catalog_record,UNKNOWN_ORIGIN,,,,,false,false,false,,
CF27_XBOXUNKNOWN_RTG_HEAD_031,data/phase-zero/verification_assignment.json,$.nativeOrderComparisonSheet[25],catalog_record,UNKNOWN_ORIGIN,,,,,false,false,false,,
CF27_XBOXUNKNOWN_RTG_SKINTONE_001,data/phase-zero/verification_assignment.json,$.nativeOrderComparisonSheet[26],catalog_record,UNKNOWN_ORIGIN,,,,,false,false,false,,
CF27_XBOXUNKNOWN_RTG_SKINTONE_002,data/phase-zero/verification_assignment.json,$.nativeOrderComparisonSheet[27],catalog_record,UNKNOWN_ORIGIN,,,,,false,false,false,,
CF27_XBOXUNKNOWN_RTG_SKINTONE_003,data/phase-zero/verification_assignment.json,$.nativeOrderComparisonSheet[28],catalog_record,UNKNOWN_ORIGIN,,,,,false,false,false,,
CF27_XBOXUNKNOWN_RTG_SKINTONE_004,data/phase-zero/verification_assignment.json,$.nativeOrderComparisonSheet[29],catalog_record,UNKNOWN_ORIGIN,,,,,false,false,false,,
CF27_XBOXUNKNOWN_RTG_HEAD_004,data/phase-zero/verification_assignment.json,$.nativeOrderComparisonSheet[3],catalog_record,UNKNOWN_ORIGIN,,,,,false,false,false,,
CF27_XBOXUNKNOWN_RTG_SKINTONE_006,data/phase-zero/verification_assignment.json,$.nativeOrderComparisonSheet[30],catalog_record,UNKNOWN_ORIGIN,,,,,false,false,false,,
CF27_XBOXUNKNOWN_RTG_SKINTONE_007,data/phase-zero/verification_assignment.json,$.nativeOrderComparisonSheet[31],catalog_record,UNKNOWN_ORIGIN,,,,,false,false,false,,
CF27_XBOXUNKNOWN_RTG_SKINTONE_008,data/phase-zero/verification_assignment.json,$.nativeOrderComparisonSheet[32],catalog_record,UNKNOWN_ORIGIN,,,,,false,false,false,,
CF27_XBOXUNKNOWN_RTG_SKINTONE_009,data/phase-zero/verification_assignment.json,$.nativeOrderComparisonSheet[33],catalog_record,UNKNOWN_ORIGIN,,,,,false,false,false,,
CF27_XBOXUNKNOWN_RTG_SKINTONE_010,data/phase-zero/verification_assignment.json,$.nativeOrderComparisonSheet[34],catalog_record,UNKNOWN_ORIGIN,,,,,false,false,false,,
CF27_XBOXUNKNOWN_RTG_SKINTONE_011,data/phase-zero/verification_assignment.json,$.nativeOrderComparisonSheet[35],catalog_record,UNKNOWN_ORIGIN,,,,,false,false,false,,
CF27_XBOXUNKNOWN_RTG_SKINTONE_012,data/phase-zero/verification_assignment.json,$.nativeOrderComparisonSheet[36],catalog_record,UNKNOWN_ORIGIN,,,,,false,false,false,,
CF27_XBOXUNKNOWN_RTG_SKINTONE_013,data/phase-zero/verification_assignment.json,$.nativeOrderComparisonSheet[37],catalog_record,UNKNOWN_ORIGIN,,,,,false,false,false,,
CF27_XBOXUNKNOWN_RTG_SKINTONE_017,data/phase-zero/verification_assignment.json,$.nativeOrderComparisonSheet[38],catalog_record,UNKNOWN_ORIGIN,,,,,false,false,false,,
CF27_XBOXUNKNOWN_RTG_SKINTONE_018,data/phase-zero/verification_assignment.json,$.nativeOrderComparisonSheet[39],catalog_record,UNKNOWN_ORIGIN,,,,,false,false,false,,
CF27_XBOXUNKNOWN_RTG_HEAD_005,data/phase-zero/verification_assignment.json,$.nativeOrderComparisonSheet[4],catalog_record,UNKNOWN_ORIGIN,,,,,false,false,false,,
CF27_XBOXUNKNOWN_RTG_SKINTONE_019,data/phase-zero/verification_assignment.json,$.nativeOrderComparisonSheet[40],catalog_record,UNKNOWN_ORIGIN,,,,,false,false,false,,
CF27_XBOXUNKNOWN_RTG_SKINTONE_020,data/phase-zero/verification_assignment.json,$.nativeOrderComparisonSheet[41],catalog_record,UNKNOWN_ORIGIN,,,,,false,false,false,,
CF27_XBOXUNKNOWN_RTG_SKINTONE_021,data/phase-zero/verification_assignment.json,$.nativeOrderComparisonSheet[42],catalog_record,UNKNOWN_ORIGIN,,,,,false,false,false,,
CF27_XBOXUNKNOWN_RTG_SKINTONE_022,data/phase-zero/verification_assignment.json,$.nativeOrderComparisonSheet[43],catalog_record,UNKNOWN_ORIGIN,,,,,false,false,false,,
CF27_XBOXUNKNOWN_RTG_SKINTONE_023,data/phase-zero/verification_assignment.json,$.nativeOrderComparisonSheet[44],catalog_record,UNKNOWN_ORIGIN,,,,,false,false,false,,
CF27_XBOXUNKNOWN_RTG_SKINTONE_024,data/phase-zero/verification_assignment.json,$.nativeOrderComparisonSheet[45],catalog_record,UNKNOWN_ORIGIN,,,,,false,false,false,,
CF27_XBOXUNKNOWN_RTG_SKINTONE_029,data/phase-zero/verification_assignment.json,$.nativeOrderComparisonSheet[46],catalog_record,UNKNOWN_ORIGIN,,,,,false,false,false,,
CF27_XBOXUNKNOWN_RTG_SKINDETAILS_001,data/phase-zero/verification_assignment.json,$.nativeOrderComparisonSheet[47],catalog_record,UNKNOWN_ORIGIN,,,,,false,false,false,,
CF27_XBOXUNKNOWN_RTG_SKINDETAILS_002,data/phase-zero/verification_assignment.json,$.nativeOrderComparisonSheet[48],catalog_record,UNKNOWN_ORIGIN,,,,,false,false,false,,
CF27_XBOXUNKNOWN_RTG_SKINDETAILS_003,data/phase-zero/verification_assignment.json,$.nativeOrderComparisonSheet[49],catalog_record,UNKNOWN_ORIGIN,,,,,false,false,false,,
CF27_XBOXUNKNOWN_RTG_HEAD_006,data/phase-zero/verification_assignment.json,$.nativeOrderComparisonSheet[5],catalog_record,UNKNOWN_ORIGIN,,,,,false,false,false,,
CF27_XBOXUNKNOWN_RTG_SKINDETAILS_004,data/phase-zero/verification_assignment.json,$.nativeOrderComparisonSheet[50],catalog_record,UNKNOWN_ORIGIN,,,,,false,false,false,,
CF27_XBOXUNKNOWN_RTG_SKINDETAILS_005,data/phase-zero/verification_assignment.json,$.nativeOrderComparisonSheet[51],catalog_record,UNKNOWN_ORIGIN,,,,,false,false,false,,
CF27_XBOXUNKNOWN_RTG_SKINDETAILS_006,data/phase-zero/verification_assignment.json,$.nativeOrderComparisonSheet[52],catalog_record,UNKNOWN_ORIGIN,,,,,false,false,false,,
CF27_XBOXUNKNOWN_RTG_SKINDETAILS_007,data/phase-zero/verification_assignment.json,$.nativeOrderComparisonSheet[53],catalog_record,UNKNOWN_ORIGIN,,,,,false,false,false,,
CF27_XBOXUNKNOWN_RTG_SKINDETAILS_008,data/phase-zero/verification_assignment.json,$.nativeOrderComparisonSheet[54],catalog_record,UNKNOWN_ORIGIN,,,,,false,false,false,,
CF27_XBOXUNKNOWN_RTG_SKINDETAILS_009,data/phase-zero/verification_assignment.json,$.nativeOrderComparisonSheet[55],catalog_record,UNKNOWN_ORIGIN,,,,,false,false,false,,
CF27_XBOXUNKNOWN_RTG_SKINDETAILS_010,data/phase-zero/verification_assignment.json,$.nativeOrderComparisonSheet[56],catalog_record,UNKNOWN_ORIGIN,,,,,false,false,false,,
CF27_XBOXUNKNOWN_RTG_EYESHAPE_001,data/phase-zero/verification_assignment.json,$.nativeOrderComparisonSheet[57],catalog_record,UNKNOWN_ORIGIN,,,,,false,false,false,,
CF27_XBOXUNKNOWN_RTG_EYESHAPE_002,data/phase-zero/verification_assignment.json,$.nativeOrderComparisonSheet[58],catalog_record,UNKNOWN_ORIGIN,,,,,false,false,false,,
CF27_XBOXUNKNOWN_RTG_EYESHAPE_003,data/phase-zero/verification_assignment.json,$.nativeOrderComparisonSheet[59],catalog_record,UNKNOWN_ORIGIN,,,,,false,false,false,,
CF27_XBOXUNKNOWN_RTG_HEAD_007,data/phase-zero/verification_assignment.json,$.nativeOrderComparisonSheet[6],catalog_record,UNKNOWN_ORIGIN,,,,,false,false,false,,
CF27_XBOXUNKNOWN_RTG_EYESHAPE_004,data/phase-zero/verification_assignment.json,$.nativeOrderComparisonSheet[60],catalog_record,UNKNOWN_ORIGIN,,,,,false,false,false,,
CF27_XBOXUNKNOWN_RTG_EYESHAPE_005,data/phase-zero/verification_assignment.json,$.nativeOrderComparisonSheet[61],catalog_record,UNKNOWN_ORIGIN,,,,,false,false,false,,
CF27_XBOXUNKNOWN_RTG_EYECOLOR_001,data/phase-zero/verification_assignment.json,$.nativeOrderComparisonSheet[62],catalog_record,UNKNOWN_ORIGIN,,,,,false,false,false,,
CF27_XBOXUNKNOWN_RTG_EYECOLOR_002,data/phase-zero/verification_assignment.json,$.nativeOrderComparisonSheet[63],catalog_record,UNKNOWN_ORIGIN,,,,,false,false,false,,
CF27_XBOXUNKNOWN_RTG_EYECOLOR_003,data/phase-zero/verification_assignment.json,$.nativeOrderComparisonSheet[64],catalog_record,UNKNOWN_ORIGIN,,,,,false,false,false,,
CF27_XBOXUNKNOWN_RTG_EYECOLOR_004,data/phase-zero/verification_assignment.json,$.nativeOrderComparisonSheet[65],catalog_record,UNKNOWN_ORIGIN,,,,,false,false,false,,
CF27_XBOXUNKNOWN_RTG_EYECOLOR_005,data/phase-zero/verification_assignment.json,$.nativeOrderComparisonSheet[66],catalog_record,UNKNOWN_ORIGIN,,,,,false,false,false,,
CF27_XBOXUNKNOWN_RTG_EYECOLOR_006,data/phase-zero/verification_assignment.json,$.nativeOrderComparisonSheet[67],catalog_record,UNKNOWN_ORIGIN,,,,,false,false,false,,
CF27_XBOXUNKNOWN_RTG_EYECOLOR_007,data/phase-zero/verification_assignment.json,$.nativeOrderComparisonSheet[68],catalog_record,UNKNOWN_ORIGIN,,,,,false,false,false,,
CF27_XBOXUNKNOWN_RTG_NOSE_001,data/phase-zero/verification_assignment.json,$.nativeOrderComparisonSheet[69],catalog_record,UNKNOWN_ORIGIN,,,,,false,false,false,,
CF27_XBOXUNKNOWN_RTG_HEAD_008,data/phase-zero/verification_assignment.json,$.nativeOrderComparisonSheet[7],catalog_record,UNKNOWN_ORIGIN,,,,,false,false,false,,
CF27_XBOXUNKNOWN_RTG_NOSE_002,data/phase-zero/verification_assignment.json,$.nativeOrderComparisonSheet[70],catalog_record,UNKNOWN_ORIGIN,,,,,false,false,false,,
CF27_XBOXUNKNOWN_RTG_NOSE_003,data/phase-zero/verification_assignment.json,$.nativeOrderComparisonSheet[71],catalog_record,UNKNOWN_ORIGIN,,,,,false,false,false,,
CF27_XBOXUNKNOWN_RTG_NOSE_004,data/phase-zero/verification_assignment.json,$.nativeOrderComparisonSheet[72],catalog_record,UNKNOWN_ORIGIN,,,,,false,false,false,,
CF27_XBOXUNKNOWN_RTG_NOSE_005,data/phase-zero/verification_assignment.json,$.nativeOrderComparisonSheet[73],catalog_record,UNKNOWN_ORIGIN,,,,,false,false,false,,
CF27_XBOXUNKNOWN_RTG_NOSE_006,data/phase-zero/verification_assignment.json,$.nativeOrderComparisonSheet[74],catalog_record,UNKNOWN_ORIGIN,,,,,false,false,false,,
CF27_XBOXUNKNOWN_RTG_NOSE_007,data/phase-zero/verification_assignment.json,$.nativeOrderComparisonSheet[75],catalog_record,UNKNOWN_ORIGIN,,,,,false,false,false,,
CF27_XBOXUNKNOWN_RTG_EARSHAPE_001,data/phase-zero/verification_assignment.json,$.nativeOrderComparisonSheet[76],catalog_record,UNKNOWN_ORIGIN,,,,,false,false,false,,
CF27_XBOXUNKNOWN_RTG_EARSHAPE_002,data/phase-zero/verification_assignment.json,$.nativeOrderComparisonSheet[77],catalog_record,UNKNOWN_ORIGIN,,,,,false,false,false,,
CF27_XBOXUNKNOWN_RTG_EARSHAPE_003,data/phase-zero/verification_assignment.json,$.nativeOrderComparisonSheet[78],catalog_record,UNKNOWN_ORIGIN,,,,,false,false,false,,
CF27_XBOXUNKNOWN_RTG_EARSHAPE_004,data/phase-zero/verification_assignment.json,$.nativeOrderComparisonSheet[79],catalog_record,UNKNOWN_ORIGIN,,,,,false,false,false,,
CF27_XBOXUNKNOWN_RTG_HEAD_009,data/phase-zero/verification_assignment.json,$.nativeOrderComparisonSheet[8],catalog_record,UNKNOWN_ORIGIN,,,,,false,false,false,,
CF27_XBOXUNKNOWN_RTG_HEAD_010,data/phase-zero/verification_assignment.json,$.nativeOrderComparisonSheet[9],catalog_record,UNKNOWN_ORIGIN,,,,,false,false,false,,
env-cf27-research-video-001-rtg-path,data/research/cf27/catalog-candidates/research/appearance-menu-hierarchy/appearance_menu_hierarchy.json,$,environment_record,RESEARCH_OBSERVED,,RESEARCH_CANDIDATE,NOT_PRODUCTION_DATA,PRIMARY_RESEARCH_CANDIDATE_NOT_SECOND_VERIFIED,true,false,false,dataClass:RESEARCH_CANDIDATE;verification:PRIMARY_RESEARCH_CANDIDATE_NOT_SECOND_VERIFIED;productionStatus:NOT_PRODUCTION_DATA,
evidence-cf27-video-001-source,data/research/cf27/catalog-candidates/research/appearance-menu-hierarchy/appearance_menu_hierarchy.json,$.records[0].evidence[0],evidence_record,UNKNOWN_ORIGIN,,,,,true,false,false,,
evidence-cf27-video-002-source,data/research/cf27/catalog-candidates/research/appearance-menu-hierarchy/appearance_menu_hierarchy.json,$.records[0].evidence[1],evidence_record,UNKNOWN_ORIGIN,,,,,true,false,false,,
evidence-cf27-video-001-source,data/research/cf27/catalog-candidates/research/appearance-menu-hierarchy/appearance_menu_hierarchy.json,$.records[1].evidence[0],evidence_record,UNKNOWN_ORIGIN,,,,,true,false,false,,
evidence-cf27-video-002-source,data/research/cf27/catalog-candidates/research/appearance-menu-hierarchy/appearance_menu_hierarchy.json,$.records[1].evidence[1],evidence_record,UNKNOWN_ORIGIN,,,,,true,false,false,,
evidence-cf27-video-002-source,data/research/cf27/catalog-candidates/research/appearance-menu-hierarchy/appearance_menu_hierarchy.json,$.records[1].evidence[2],evidence_record,UNKNOWN_ORIGIN,,,,,true,false,false,,
evidence-cf27-video-002-source,data/research/cf27/catalog-candidates/research/appearance-menu-hierarchy/appearance_menu_hierarchy.json,$.records[10].evidence[0],evidence_record,UNKNOWN_ORIGIN,,,,,true,false,false,,
evidence-cf27-video-002-source,data/research/cf27/catalog-candidates/research/appearance-menu-hierarchy/appearance_menu_hierarchy.json,$.records[11].evidence[0],evidence_record,UNKNOWN_ORIGIN,,,,,true,false,false,,
evidence-cf27-video-002-source,data/research/cf27/catalog-candidates/research/appearance-menu-hierarchy/appearance_menu_hierarchy.json,$.records[12].evidence[0],evidence_record,UNKNOWN_ORIGIN,,,,,true,false,false,,
evidence-cf27-video-001-source,data/research/cf27/catalog-candidates/research/appearance-menu-hierarchy/appearance_menu_hierarchy.json,$.records[2].evidence[0],evidence_record,UNKNOWN_ORIGIN,,,,,true,false,false,,
evidence-cf27-video-002-source,data/research/cf27/catalog-candidates/research/appearance-menu-hierarchy/appearance_menu_hierarchy.json,$.records[2].evidence[1],evidence_record,UNKNOWN_ORIGIN,,,,,true,false,false,,
evidence-cf27-video-002-source,data/research/cf27/catalog-candidates/research/appearance-menu-hierarchy/appearance_menu_hierarchy.json,$.records[3].evidence[0],evidence_record,UNKNOWN_ORIGIN,,,,,true,false,false,,
evidence-cf27-video-003-source,data/research/cf27/catalog-candidates/research/appearance-menu-hierarchy/appearance_menu_hierarchy.json,$.records[3].evidence[1],evidence_record,UNKNOWN_ORIGIN,,,,,true,false,false,,
evidence-cf27-video-002-source,data/research/cf27/catalog-candidates/research/appearance-menu-hierarchy/appearance_menu_hierarchy.json,$.records[4].evidence[0],evidence_record,UNKNOWN_ORIGIN,,,,,true,false,false,,
evidence-cf27-video-004-source,data/research/cf27/catalog-candidates/research/appearance-menu-hierarchy/appearance_menu_hierarchy.json,$.records[4].evidence[1],evidence_record,UNKNOWN_ORIGIN,,,,,true,false,false,,
evidence-cf27-video-002-source,data/research/cf27/catalog-candidates/research/appearance-menu-hierarchy/appearance_menu_hierarchy.json,$.records[5].evidence[0],evidence_record,UNKNOWN_ORIGIN,,,,,true,false,false,,
evidence-cf27-video-005-source,data/research/cf27/catalog-candidates/research/appearance-menu-hierarchy/appearance_menu_hierarchy.json,$.records[5].evidence[1],evidence_record,UNKNOWN_ORIGIN,,,,,true,false,false,,
evidence-cf27-video-002-source,data/research/cf27/catalog-candidates/research/appearance-menu-hierarchy/appearance_menu_hierarchy.json,$.records[6].evidence[0],evidence_record,UNKNOWN_ORIGIN,,,,,true,false,false,,
evidence-cf27-video-006-source,data/research/cf27/catalog-candidates/research/appearance-menu-hierarchy/appearance_menu_hierarchy.json,$.records[6].evidence[1],evidence_record,UNKNOWN_ORIGIN,,,,,true,false,false,,
evidence-cf27-video-002-source,data/research/cf27/catalog-candidates/research/appearance-menu-hierarchy/appearance_menu_hierarchy.json,$.records[7].evidence[0],evidence_record,UNKNOWN_ORIGIN,,,,,true,false,false,,
evidence-cf27-video-007-source,data/research/cf27/catalog-candidates/research/appearance-menu-hierarchy/appearance_menu_hierarchy.json,$.records[7].evidence[1],evidence_record,UNKNOWN_ORIGIN,,,,,true,false,false,,
evidence-cf27-video-002-source,data/research/cf27/catalog-candidates/research/appearance-menu-hierarchy/appearance_menu_hierarchy.json,$.records[8].evidence[0],evidence_record,UNKNOWN_ORIGIN,,,,,true,false,false,,
evidence-cf27-video-008-source,data/research/cf27/catalog-candidates/research/appearance-menu-hierarchy/appearance_menu_hierarchy.json,$.records[8].evidence[1],evidence_record,UNKNOWN_ORIGIN,,,,,true,false,false,,
evidence-cf27-video-002-source,data/research/cf27/catalog-candidates/research/appearance-menu-hierarchy/appearance_menu_hierarchy.json,$.records[9].evidence[0],evidence_record,UNKNOWN_ORIGIN,,,,,true,false,false,,
evidence-cf27-video-009-source,data/research/cf27/catalog-candidates/research/appearance-menu-hierarchy/appearance_menu_hierarchy.json,$.records[9].evidence[1],evidence_record,UNKNOWN_ORIGIN,,,,,true,false,false,,
creation-path-cf27-rtg-qb-create-player-hair-video-001,data/research/cf27/catalog-candidates/research/appearance-menu-hierarchy/menu_map_schema_export.json,$,creation_path_record,UNKNOWN_ORIGIN,,,,,false,false,false,,
env-cf27-research-video-001-rtg-path,data/research/cf27/catalog-candidates/research/appearance-menu-hierarchy/menu_map_schema_export.json,$.items[0],environment_record,UNKNOWN_ORIGIN,,,,draft,true,false,false,verification:draft,
env-cf27-research-video-001-rtg-path,data/research/cf27/catalog-candidates/research/appearance-menu-hierarchy/menu_map_schema_export.json,$.items[1],environment_record,UNKNOWN_ORIGIN,,,,draft,true,false,false,verification:draft,
env-cf27-research-video-001-rtg-path,data/research/cf27/catalog-candidates/research/appearance-menu-hierarchy/menu_map_schema_export.json,$.items[10],environment_record,UNKNOWN_ORIGIN,,,,draft,true,false,false,verification:draft,
env-cf27-research-video-001-rtg-path,data/research/cf27/catalog-candidates/research/appearance-menu-hierarchy/menu_map_schema_export.json,$.items[11],environment_record,UNKNOWN_ORIGIN,,,,draft,true,false,false,verification:draft,
env-cf27-research-video-001-rtg-path,data/research/cf27/catalog-candidates/research/appearance-menu-hierarchy/menu_map_schema_export.json,$.items[12],environment_record,UNKNOWN_ORIGIN,,,,draft,true,false,false,verification:draft,
env-cf27-research-video-001-rtg-path,data/research/cf27/catalog-candidates/research/appearance-menu-hierarchy/menu_map_schema_export.json,$.items[2],environment_record,UNKNOWN_ORIGIN,,,,draft,true,false,false,verification:draft,
env-cf27-research-video-001-rtg-path,data/research/cf27/catalog-candidates/research/appearance-menu-hierarchy/menu_map_schema_export.json,$.items[3],environment_record,UNKNOWN_ORIGIN,,,,draft,true,false,false,verification:draft,
env-cf27-research-video-001-rtg-path,data/research/cf27/catalog-candidates/research/appearance-menu-hierarchy/menu_map_schema_export.json,$.items[4],environment_record,UNKNOWN_ORIGIN,,,,draft,true,false,false,verification:draft,
env-cf27-research-video-001-rtg-path,data/research/cf27/catalog-candidates/research/appearance-menu-hierarchy/menu_map_schema_export.json,$.items[5],environment_record,UNKNOWN_ORIGIN,,,,draft,true,false,false,verification:draft,
env-cf27-research-video-001-rtg-path,data/research/cf27/catalog-candidates/research/appearance-menu-hierarchy/menu_map_schema_export.json,$.items[6],environment_record,UNKNOWN_ORIGIN,,,,draft,true,false,false,verification:draft,
env-cf27-research-video-001-rtg-path,data/research/cf27/catalog-candidates/research/appearance-menu-hierarchy/menu_map_schema_export.json,$.items[7],environment_record,UNKNOWN_ORIGIN,,,,draft,true,false,false,verification:draft,
env-cf27-research-video-001-rtg-path,data/research/cf27/catalog-candidates/research/appearance-menu-hierarchy/menu_map_schema_export.json,$.items[8],environment_record,UNKNOWN_ORIGIN,,,,draft,true,false,false,verification:draft,
env-cf27-research-video-001-rtg-path,data/research/cf27/catalog-candidates/research/appearance-menu-hierarchy/menu_map_schema_export.json,$.items[9],environment_record,UNKNOWN_ORIGIN,,,,draft,true,false,false,verification:draft,
capture-event-video-001-tl-001,data/research/cf27/catalog-candidates/research/current-capture-log/capture_log.json,$.events[0],capture_log_record,UNKNOWN_ORIGIN,,,,,true,false,false,,
capture-event-video-001-tl-002,data/research/cf27/catalog-candidates/research/current-capture-log/capture_log.json,$.events[1],capture_log_record,UNKNOWN_ORIGIN,,,,,true,false,false,,
capture-event-video-001-tl-011,data/research/cf27/catalog-candidates/research/current-capture-log/capture_log.json,$.events[10],capture_log_record,UNKNOWN_ORIGIN,,,,,true,false,false,,
capture-event-video-009-tl-001,data/research/cf27/catalog-candidates/research/current-capture-log/capture_log.json,$.events[100],capture_log_record,UNKNOWN_ORIGIN,,,,,true,false,false,,
capture-event-video-009-tl-002,data/research/cf27/catalog-candidates/research/current-capture-log/capture_log.json,$.events[101],catalog_record,UNKNOWN_ORIGIN,,,,,true,false,false,,
capture-event-video-009-tl-003,data/research/cf27/catalog-candidates/research/current-capture-log/capture_log.json,$.events[102],catalog_record,UNKNOWN_ORIGIN,,,,,true,false,false,,
capture-event-video-009-tl-004,data/research/cf27/catalog-candidates/research/current-capture-log/capture_log.json,$.events[103],catalog_record,UNKNOWN_ORIGIN,,,,,true,false,false,,
capture-event-video-009-tl-005,data/research/cf27/catalog-candidates/research/current-capture-log/capture_log.json,$.events[104],catalog_record,UNKNOWN_ORIGIN,,,,,true,false,false,,
capture-event-video-009-tl-006,data/research/cf27/catalog-candidates/research/current-capture-log/capture_log.json,$.events[105],catalog_record,UNKNOWN_ORIGIN,,,,,true,false,false,,
capture-event-video-001-tl-012,data/research/cf27/catalog-candidates/research/current-capture-log/capture_log.json,$.events[11],capture_log_record,UNKNOWN_ORIGIN,,,,,true,false,false,,
capture-event-video-002-tl-001,data/research/cf27/catalog-candidates/research/current-capture-log/capture_log.json,$.events[12],capture_log_record,UNKNOWN_ORIGIN,,,,,true,false,false,,
capture-event-video-002-tl-002,data/research/cf27/catalog-candidates/research/current-capture-log/capture_log.json,$.events[13],capture_log_record,UNKNOWN_ORIGIN,,,,,true,false,false,,
capture-event-video-002-tl-003,data/research/cf27/catalog-candidates/research/current-capture-log/capture_log.json,$.events[14],capture_log_record,UNKNOWN_ORIGIN,,,,,true,false,false,,
capture-event-video-002-tl-004,data/research/cf27/catalog-candidates/research/current-capture-log/capture_log.json,$.events[15],catalog_record,UNKNOWN_ORIGIN,,,,,true,false,false,,
capture-event-video-002-tl-005,data/research/cf27/catalog-candidates/research/current-capture-log/capture_log.json,$.events[16],catalog_record,UNKNOWN_ORIGIN,,,,,true,false,false,,
capture-event-video-002-tl-006,data/research/cf27/catalog-candidates/research/current-capture-log/capture_log.json,$.events[17],catalog_record,UNKNOWN_ORIGIN,,,,,true,false,false,,
capture-event-video-002-tl-007,data/research/cf27/catalog-candidates/research/current-capture-log/capture_log.json,$.events[18],catalog_record,UNKNOWN_ORIGIN,,,,,true,false,false,,
capture-event-video-002-tl-008,data/research/cf27/catalog-candidates/research/current-capture-log/capture_log.json,$.events[19],catalog_record,UNKNOWN_ORIGIN,,,,,true,false,false,,
capture-event-video-001-tl-003,data/research/cf27/catalog-candidates/research/current-capture-log/capture_log.json,$.events[2],capture_log_record,UNKNOWN_ORIGIN,,,,,true,false,false,,
capture-event-video-002-tl-009,data/research/cf27/catalog-candidates/research/current-capture-log/capture_log.json,$.events[20],catalog_record,UNKNOWN_ORIGIN,,,,,true,false,false,,
capture-event-video-002-tl-010,data/research/cf27/catalog-candidates/research/current-capture-log/capture_log.json,$.events[21],catalog_record,UNKNOWN_ORIGIN,,,,,true,false,false,,
capture-event-video-002-tl-011,data/research/cf27/catalog-candidates/research/current-capture-log/capture_log.json,$.events[22],catalog_record,UNKNOWN_ORIGIN,,,,,true,false,false,,
capture-event-video-002-tl-012,data/research/cf27/catalog-candidates/research/current-capture-log/capture_log.json,$.events[23],catalog_record,UNKNOWN_ORIGIN,,,,,true,false,false,,
capture-event-video-002-tl-013,data/research/cf27/catalog-candidates/research/current-capture-log/capture_log.json,$.events[24],catalog_record,UNKNOWN_ORIGIN,,,,,true,false,false,,
capture-event-video-002-tl-014,data/research/cf27/catalog-candidates/research/current-capture-log/capture_log.json,$.events[25],catalog_record,UNKNOWN_ORIGIN,,,,,true,false,false,,
capture-event-video-002-tl-015,data/research/cf27/catalog-candidates/research/current-capture-log/capture_log.json,$.events[26],catalog_record,UNKNOWN_ORIGIN,,,,,true,false,false,,
capture-event-video-002-tl-016,data/research/cf27/catalog-candidates/research/current-capture-log/capture_log.json,$.events[27],catalog_record,UNKNOWN_ORIGIN,,,,,true,false,false,,
capture-event-video-003-tl-001,data/research/cf27/catalog-candidates/research/current-capture-log/capture_log.json,$.events[28],catalog_record,UNKNOWN_ORIGIN,,,,,true,false,false,,
capture-event-video-003-tl-002,data/research/cf27/catalog-candidates/research/current-capture-log/capture_log.json,$.events[29],catalog_record,UNKNOWN_ORIGIN,,,,,true,false,false,,
capture-event-video-001-tl-004,data/research/cf27/catalog-candidates/research/current-capture-log/capture_log.json,$.events[3],capture_log_record,UNKNOWN_ORIGIN,,,,,true,false,false,,
capture-event-video-003-tl-003,data/research/cf27/catalog-candidates/research/current-capture-log/capture_log.json,$.events[30],catalog_record,UNKNOWN_ORIGIN,,,,,true,false,false,,
capture-event-video-003-tl-004,data/research/cf27/catalog-candidates/research/current-capture-log/capture_log.json,$.events[31],catalog_record,UNKNOWN_ORIGIN,,,,,true,false,false,,
capture-event-video-003-tl-005,data/research/cf27/catalog-candidates/research/current-capture-log/capture_log.json,$.events[32],catalog_record,UNKNOWN_ORIGIN,,,,,true,false,false,,
capture-event-video-003-tl-006,data/research/cf27/catalog-candidates/research/current-capture-log/capture_log.json,$.events[33],catalog_record,UNKNOWN_ORIGIN,,,,,true,false,false,,
capture-event-video-003-tl-007,data/research/cf27/catalog-candidates/research/current-capture-log/capture_log.json,$.events[34],catalog_record,UNKNOWN_ORIGIN,,,,,true,false,false,,
capture-event-video-003-tl-008,data/research/cf27/catalog-candidates/research/current-capture-log/capture_log.json,$.events[35],catalog_record,UNKNOWN_ORIGIN,,,,,true,false,false,,
capture-event-video-003-tl-009,data/research/cf27/catalog-candidates/research/current-capture-log/capture_log.json,$.events[36],catalog_record,UNKNOWN_ORIGIN,,,,,true,false,false,,
capture-event-video-003-tl-010,data/research/cf27/catalog-candidates/research/current-capture-log/capture_log.json,$.events[37],catalog_record,UNKNOWN_ORIGIN,,,,,true,false,false,,
capture-event-video-003-tl-011,data/research/cf27/catalog-candidates/research/current-capture-log/capture_log.json,$.events[38],catalog_record,UNKNOWN_ORIGIN,,,,,true,false,false,,
capture-event-video-003-tl-012,data/research/cf27/catalog-candidates/research/current-capture-log/capture_log.json,$.events[39],catalog_record,UNKNOWN_ORIGIN,,,,,true,false,false,,
capture-event-video-001-tl-005,data/research/cf27/catalog-candidates/research/current-capture-log/capture_log.json,$.events[4],capture_log_record,UNKNOWN_ORIGIN,,,,,true,false,false,,
capture-event-video-003-tl-013,data/research/cf27/catalog-candidates/research/current-capture-log/capture_log.json,$.events[40],capture_log_record,UNKNOWN_ORIGIN,,,,,true,false,false,,
capture-event-video-003-tl-014,data/research/cf27/catalog-candidates/research/current-capture-log/capture_log.json,$.events[41],capture_log_record,UNKNOWN_ORIGIN,,,,,true,false,false,,
capture-event-video-003-tl-015,data/research/cf27/catalog-candidates/research/current-capture-log/capture_log.json,$.events[42],catalog_record,UNKNOWN_ORIGIN,,,,,true,false,false,,
capture-event-video-004-tl-001,data/research/cf27/catalog-candidates/research/current-capture-log/capture_log.json,$.events[43],capture_log_record,UNKNOWN_ORIGIN,,,,,true,false,false,,
capture-event-video-004-tl-002,data/research/cf27/catalog-candidates/research/current-capture-log/capture_log.json,$.events[44],catalog_record,UNKNOWN_ORIGIN,,,,,true,false,false,,
capture-event-video-004-tl-003,data/research/cf27/catalog-candidates/research/current-capture-log/capture_log.json,$.events[45],catalog_record,UNKNOWN_ORIGIN,,,,,true,false,false,,
capture-event-video-004-tl-004,data/research/cf27/catalog-candidates/research/current-capture-log/capture_log.json,$.events[46],catalog_record,UNKNOWN_ORIGIN,,,,,true,false,false,,
capture-event-video-004-tl-005,data/research/cf27/catalog-candidates/research/current-capture-log/capture_log.json,$.events[47],catalog_record,UNKNOWN_ORIGIN,,,,,true,false,false,,
capture-event-video-004-tl-006,data/research/cf27/catalog-candidates/research/current-capture-log/capture_log.json,$.events[48],catalog_record,UNKNOWN_ORIGIN,,,,,true,false,false,,
capture-event-video-004-tl-007,data/research/cf27/catalog-candidates/research/current-capture-log/capture_log.json,$.events[49],catalog_record,UNKNOWN_ORIGIN,,,,,true,false,false,,
capture-event-video-001-tl-006,data/research/cf27/catalog-candidates/research/current-capture-log/capture_log.json,$.events[5],capture_log_record,UNKNOWN_ORIGIN,,,,,true,false,false,,
capture-event-video-004-tl-008,data/research/cf27/catalog-candidates/research/current-capture-log/capture_log.json,$.events[50],catalog_record,UNKNOWN_ORIGIN,,,,,true,false,false,,
capture-event-video-004-tl-009,data/research/cf27/catalog-candidates/research/current-capture-log/capture_log.json,$.events[51],catalog_record,UNKNOWN_ORIGIN,,,,,true,false,false,,
capture-event-video-004-tl-010,data/research/cf27/catalog-candidates/research/current-capture-log/capture_log.json,$.events[52],catalog_record,UNKNOWN_ORIGIN,,,,,true,false,false,,
capture-event-video-004-tl-011,data/research/cf27/catalog-candidates/research/current-capture-log/capture_log.json,$.events[53],catalog_record,UNKNOWN_ORIGIN,,,,,true,false,false,,
capture-event-video-004-tl-012,data/research/cf27/catalog-candidates/research/current-capture-log/capture_log.json,$.events[54],capture_log_record,UNKNOWN_ORIGIN,,,,,true,false,false,,
capture-event-video-004-tl-013,data/research/cf27/catalog-candidates/research/current-capture-log/capture_log.json,$.events[55],catalog_record,UNKNOWN_ORIGIN,,,,,true,false,false,,
capture-event-video-004-tl-014,data/research/cf27/catalog-candidates/research/current-capture-log/capture_log.json,$.events[56],catalog_record,UNKNOWN_ORIGIN,,,,,true,false,false,,
capture-event-video-004-tl-015,data/research/cf27/catalog-candidates/research/current-capture-log/capture_log.json,$.events[57],catalog_record,UNKNOWN_ORIGIN,,,,,true,false,false,,
capture-event-video-004-tl-016,data/research/cf27/catalog-candidates/research/current-capture-log/capture_log.json,$.events[58],catalog_record,UNKNOWN_ORIGIN,,,,,true,false,false,,
capture-event-video-004-tl-017,data/research/cf27/catalog-candidates/research/current-capture-log/capture_log.json,$.events[59],catalog_record,UNKNOWN_ORIGIN,,,,,true,false,false,,
capture-event-video-001-tl-007,data/research/cf27/catalog-candidates/research/current-capture-log/capture_log.json,$.events[6],capture_log_record,UNKNOWN_ORIGIN,,,,,true,false,false,,
capture-event-video-004-tl-018,data/research/cf27/catalog-candidates/research/current-capture-log/capture_log.json,$.events[60],catalog_record,UNKNOWN_ORIGIN,,,,,true,false,false,,
capture-event-video-004-tl-019,data/research/cf27/catalog-candidates/research/current-capture-log/capture_log.json,$.events[61],catalog_record,UNKNOWN_ORIGIN,,,,,true,false,false,,
capture-event-video-004-tl-020,data/research/cf27/catalog-candidates/research/current-capture-log/capture_log.json,$.events[62],catalog_record,UNKNOWN_ORIGIN,,,,,true,false,false,,
capture-event-video-004-tl-021,data/research/cf27/catalog-candidates/research/current-capture-log/capture_log.json,$.events[63],catalog_record,UNKNOWN_ORIGIN,,,,,true,false,false,,
capture-event-video-004-tl-022,data/research/cf27/catalog-candidates/research/current-capture-log/capture_log.json,$.events[64],catalog_record,UNKNOWN_ORIGIN,,,,,true,false,false,,
capture-event-video-004-tl-023,data/research/cf27/catalog-candidates/research/current-capture-log/capture_log.json,$.events[65],catalog_record,UNKNOWN_ORIGIN,,,,,true,false,false,,
capture-event-video-005-tl-001,data/research/cf27/catalog-candidates/research/current-capture-log/capture_log.json,$.events[66],capture_log_record,UNKNOWN_ORIGIN,,,,,true,false,false,,
capture-event-video-005-tl-002,data/research/cf27/catalog-candidates/research/current-capture-log/capture_log.json,$.events[67],catalog_record,UNKNOWN_ORIGIN,,,,,true,false,false,,
capture-event-video-005-tl-003,data/research/cf27/catalog-candidates/research/current-capture-log/capture_log.json,$.events[68],catalog_record,UNKNOWN_ORIGIN,,,,,true,false,false,,
capture-event-video-005-tl-004,data/research/cf27/catalog-candidates/research/current-capture-log/capture_log.json,$.events[69],catalog_record,UNKNOWN_ORIGIN,,,,,true,false,false,,
capture-event-video-001-tl-008,data/research/cf27/catalog-candidates/research/current-capture-log/capture_log.json,$.events[7],capture_log_record,UNKNOWN_ORIGIN,,,,,true,false,false,,
capture-event-video-005-tl-005,data/research/cf27/catalog-candidates/research/current-capture-log/capture_log.json,$.events[70],catalog_record,UNKNOWN_ORIGIN,,,,,true,false,false,,
capture-event-video-005-tl-006,data/research/cf27/catalog-candidates/research/current-capture-log/capture_log.json,$.events[71],catalog_record,UNKNOWN_ORIGIN,,,,,true,false,false,,
capture-event-video-005-tl-007,data/research/cf27/catalog-candidates/research/current-capture-log/capture_log.json,$.events[72],catalog_record,UNKNOWN_ORIGIN,,,,,true,false,false,,
capture-event-video-005-tl-008,data/research/cf27/catalog-candidates/research/current-capture-log/capture_log.json,$.events[73],catalog_record,UNKNOWN_ORIGIN,,,,,true,false,false,,
capture-event-video-005-tl-009,data/research/cf27/catalog-candidates/research/current-capture-log/capture_log.json,$.events[74],catalog_record,UNKNOWN_ORIGIN,,,,,true,false,false,,
capture-event-video-005-tl-010,data/research/cf27/catalog-candidates/research/current-capture-log/capture_log.json,$.events[75],catalog_record,UNKNOWN_ORIGIN,,,,,true,false,false,,
capture-event-video-005-tl-011,data/research/cf27/catalog-candidates/research/current-capture-log/capture_log.json,$.events[76],catalog_record,UNKNOWN_ORIGIN,,,,,true,false,false,,
capture-event-video-006-tl-001,data/research/cf27/catalog-candidates/research/current-capture-log/capture_log.json,$.events[77],capture_log_record,UNKNOWN_ORIGIN,,,,,true,false,false,,
capture-event-video-006-tl-002,data/research/cf27/catalog-candidates/research/current-capture-log/capture_log.json,$.events[78],catalog_record,UNKNOWN_ORIGIN,,,,,true,false,false,,
capture-event-video-006-tl-003,data/research/cf27/catalog-candidates/research/current-capture-log/capture_log.json,$.events[79],catalog_record,UNKNOWN_ORIGIN,,,,,true,false,false,,
capture-event-video-001-tl-009,data/research/cf27/catalog-candidates/research/current-capture-log/capture_log.json,$.events[8],capture_log_record,UNKNOWN_ORIGIN,,,,,true,false,false,,
capture-event-video-006-tl-004,data/research/cf27/catalog-candidates/research/current-capture-log/capture_log.json,$.events[80],catalog_record,UNKNOWN_ORIGIN,,,,,true,false,false,,
capture-event-video-006-tl-005,data/research/cf27/catalog-candidates/research/current-capture-log/capture_log.json,$.events[81],catalog_record,UNKNOWN_ORIGIN,,,,,true,false,false,,
capture-event-video-006-tl-006,data/research/cf27/catalog-candidates/research/current-capture-log/capture_log.json,$.events[82],catalog_record,UNKNOWN_ORIGIN,,,,,true,false,false,,
capture-event-video-007-tl-001,data/research/cf27/catalog-candidates/research/current-capture-log/capture_log.json,$.events[83],capture_log_record,UNKNOWN_ORIGIN,,,,,true,false,false,,
capture-event-video-007-tl-002,data/research/cf27/catalog-candidates/research/current-capture-log/capture_log.json,$.events[84],catalog_record,UNKNOWN_ORIGIN,,,,,true,false,false,,
capture-event-video-007-tl-003,data/research/cf27/catalog-candidates/research/current-capture-log/capture_log.json,$.events[85],catalog_record,UNKNOWN_ORIGIN,,,,,true,false,false,,
capture-event-video-007-tl-004,data/research/cf27/catalog-candidates/research/current-capture-log/capture_log.json,$.events[86],catalog_record,UNKNOWN_ORIGIN,,,,,true,false,false,,
capture-event-video-007-tl-005,data/research/cf27/catalog-candidates/research/current-capture-log/capture_log.json,$.events[87],catalog_record,UNKNOWN_ORIGIN,,,,,true,false,false,,
capture-event-video-007-tl-006,data/research/cf27/catalog-candidates/research/current-capture-log/capture_log.json,$.events[88],catalog_record,UNKNOWN_ORIGIN,,,,,true,false,false,,
capture-event-video-007-tl-007,data/research/cf27/catalog-candidates/research/current-capture-log/capture_log.json,$.events[89],catalog_record,UNKNOWN_ORIGIN,,,,,true,false,false,,
capture-event-video-001-tl-010,data/research/cf27/catalog-candidates/research/current-capture-log/capture_log.json,$.events[9],capture_log_record,UNKNOWN_ORIGIN,,,,,true,false,false,,
capture-event-video-007-tl-008,data/research/cf27/catalog-candidates/research/current-capture-log/capture_log.json,$.events[90],catalog_record,UNKNOWN_ORIGIN,,,,,true,false,false,,
capture-event-video-008-tl-001,data/research/cf27/catalog-candidates/research/current-capture-log/capture_log.json,$.events[91],capture_log_record,UNKNOWN_ORIGIN,,,,,true,false,false,,
capture-event-video-008-tl-002,data/research/cf27/catalog-candidates/research/current-capture-log/capture_log.json,$.events[92],catalog_record,UNKNOWN_ORIGIN,,,,,true,false,false,,
capture-event-video-008-tl-003,data/research/cf27/catalog-candidates/research/current-capture-log/capture_log.json,$.events[93],catalog_record,UNKNOWN_ORIGIN,,,,,true,false,false,,
capture-event-video-008-tl-004,data/research/cf27/catalog-candidates/research/current-capture-log/capture_log.json,$.events[94],catalog_record,UNKNOWN_ORIGIN,,,,,true,false,false,,
capture-event-video-008-tl-005,data/research/cf27/catalog-candidates/research/current-capture-log/capture_log.json,$.events[95],catalog_record,UNKNOWN_ORIGIN,,,,,true,false,false,,
capture-event-video-008-tl-006,data/research/cf27/catalog-candidates/research/current-capture-log/capture_log.json,$.events[96],catalog_record,UNKNOWN_ORIGIN,,,,,true,false,false,,
capture-event-video-008-tl-007,data/research/cf27/catalog-candidates/research/current-capture-log/capture_log.json,$.events[97],catalog_record,UNKNOWN_ORIGIN,,,,,true,false,false,,
capture-event-video-008-tl-008,data/research/cf27/catalog-candidates/research/current-capture-log/capture_log.json,$.events[98],catalog_record,UNKNOWN_ORIGIN,,,,,true,false,false,,
capture-event-video-008-tl-009,data/research/cf27/catalog-candidates/research/current-capture-log/capture_log.json,$.events[99],catalog_record,UNKNOWN_ORIGIN,,,,,true,false,false,,
CF27_XBOXUNKNOWN_RTG_EARSHAPE_001,data/research/cf27/catalog-candidates/research/ear-shape-options-001-004/ear_shape_research_candidates.json,$.nativeOrder[0],catalog_record,UNKNOWN_ORIGIN,,,,,false,false,false,,
CF27_XBOXUNKNOWN_RTG_EARSHAPE_002,data/research/cf27/catalog-candidates/research/ear-shape-options-001-004/ear_shape_research_candidates.json,$.nativeOrder[1],catalog_record,UNKNOWN_ORIGIN,,,,,false,false,false,,
CF27_XBOXUNKNOWN_RTG_EARSHAPE_003,data/research/cf27/catalog-candidates/research/ear-shape-options-001-004/ear_shape_research_candidates.json,$.nativeOrder[2],catalog_record,UNKNOWN_ORIGIN,,,,,false,false,false,,
CF27_XBOXUNKNOWN_RTG_EARSHAPE_004,data/research/cf27/catalog-candidates/research/ear-shape-options-001-004/ear_shape_research_candidates.json,$.nativeOrder[3],catalog_record,UNKNOWN_ORIGIN,,,,,false,false,false,,
CF27_XBOXUNKNOWN_RTG_EARSHAPE_001,data/research/cf27/catalog-candidates/research/ear-shape-options-001-004/ear_shape_research_candidates.json,$.records[0],catalog_record,RESEARCH_OBSERVED,,,NOT_PRODUCTION_DATA,NOT_VERIFIED,true,false,false,verification:NOT_VERIFIED;productionStatus:NOT_PRODUCTION_DATA,
CF27_XBOXUNKNOWN_RTG_EARSHAPE_002,data/research/cf27/catalog-candidates/research/ear-shape-options-001-004/ear_shape_research_candidates.json,$.records[1],catalog_record,RESEARCH_OBSERVED,,,NOT_PRODUCTION_DATA,NOT_VERIFIED,true,false,false,verification:NOT_VERIFIED;productionStatus:NOT_PRODUCTION_DATA,
CF27_XBOXUNKNOWN_RTG_EARSHAPE_003,data/research/cf27/catalog-candidates/research/ear-shape-options-001-004/ear_shape_research_candidates.json,$.records[2],catalog_record,RESEARCH_OBSERVED,,,NOT_PRODUCTION_DATA,NOT_VERIFIED,true,false,false,verification:NOT_VERIFIED;productionStatus:NOT_PRODUCTION_DATA,
CF27_XBOXUNKNOWN_RTG_EARSHAPE_004,data/research/cf27/catalog-candidates/research/ear-shape-options-001-004/ear_shape_research_candidates.json,$.records[3],catalog_record,RESEARCH_OBSERVED,,,NOT_PRODUCTION_DATA,NOT_VERIFIED,true,false,false,verification:NOT_VERIFIED;productionStatus:NOT_PRODUCTION_DATA,
CF27_XBOXUNKNOWN_RTG_EARSHAPE_002,data/research/cf27/catalog-candidates/research/ear-shape-options-001-004/ear_shape_research_candidates.json,$.selectionSequence[0],catalog_record,UNKNOWN_ORIGIN,,,,,false,false,false,,
CF27_XBOXUNKNOWN_RTG_EARSHAPE_001,data/research/cf27/catalog-candidates/research/ear-shape-options-001-004/ear_shape_research_candidates.json,$.selectionSequence[1],catalog_record,UNKNOWN_ORIGIN,,,,,false,false,false,,
CF27_XBOXUNKNOWN_RTG_EARSHAPE_002,data/research/cf27/catalog-candidates/research/ear-shape-options-001-004/ear_shape_research_candidates.json,$.selectionSequence[2],catalog_record,UNKNOWN_ORIGIN,,,,,false,false,false,,
CF27_XBOXUNKNOWN_RTG_EARSHAPE_003,data/research/cf27/catalog-candidates/research/ear-shape-options-001-004/ear_shape_research_candidates.json,$.selectionSequence[3],catalog_record,UNKNOWN_ORIGIN,,,,,false,false,false,,
CF27_XBOXUNKNOWN_RTG_EARSHAPE_004,data/research/cf27/catalog-candidates/research/ear-shape-options-001-004/ear_shape_research_candidates.json,$.selectionSequence[4],catalog_record,UNKNOWN_ORIGIN,,,,,false,false,false,,
CF27_XBOXUNKNOWN_RTG_EYECOLOR_001,data/research/cf27/catalog-candidates/research/eye-color-options-001-007/eye_color_research_candidates.json,$.nativeOrder[0],catalog_record,UNKNOWN_ORIGIN,,,,,false,false,false,,
CF27_XBOXUNKNOWN_RTG_EYECOLOR_002,data/research/cf27/catalog-candidates/research/eye-color-options-001-007/eye_color_research_candidates.json,$.nativeOrder[1],catalog_record,UNKNOWN_ORIGIN,,,,,false,false,false,,
CF27_XBOXUNKNOWN_RTG_EYECOLOR_003,data/research/cf27/catalog-candidates/research/eye-color-options-001-007/eye_color_research_candidates.json,$.nativeOrder[2],catalog_record,UNKNOWN_ORIGIN,,,,,false,false,false,,
CF27_XBOXUNKNOWN_RTG_EYECOLOR_004,data/research/cf27/catalog-candidates/research/eye-color-options-001-007/eye_color_research_candidates.json,$.nativeOrder[3],catalog_record,UNKNOWN_ORIGIN,,,,,false,false,false,,
CF27_XBOXUNKNOWN_RTG_EYECOLOR_005,data/research/cf27/catalog-candidates/research/eye-color-options-001-007/eye_color_research_candidates.json,$.nativeOrder[4],catalog_record,UNKNOWN_ORIGIN,,,,,false,false,false,,
CF27_XBOXUNKNOWN_RTG_EYECOLOR_006,data/research/cf27/catalog-candidates/research/eye-color-options-001-007/eye_color_research_candidates.json,$.nativeOrder[5],catalog_record,UNKNOWN_ORIGIN,,,,,false,false,false,,
CF27_XBOXUNKNOWN_RTG_EYECOLOR_007,data/research/cf27/catalog-candidates/research/eye-color-options-001-007/eye_color_research_candidates.json,$.nativeOrder[6],catalog_record,UNKNOWN_ORIGIN,,,,,false,false,false,,
CF27_XBOXUNKNOWN_RTG_EYECOLOR_001,data/research/cf27/catalog-candidates/research/eye-color-options-001-007/eye_color_research_candidates.json,$.records[0],catalog_record,RESEARCH_OBSERVED,,,NOT_PRODUCTION_DATA,NOT_VERIFIED,true,false,false,verification:NOT_VERIFIED;productionStatus:NOT_PRODUCTION_DATA,
CF27_XBOXUNKNOWN_RTG_EYECOLOR_002,data/research/cf27/catalog-candidates/research/eye-color-options-001-007/eye_color_research_candidates.json,$.records[1],catalog_record,RESEARCH_OBSERVED,,,NOT_PRODUCTION_DATA,NOT_VERIFIED,true,false,false,verification:NOT_VERIFIED;productionStatus:NOT_PRODUCTION_DATA,
CF27_XBOXUNKNOWN_RTG_EYECOLOR_003,data/research/cf27/catalog-candidates/research/eye-color-options-001-007/eye_color_research_candidates.json,$.records[2],catalog_record,RESEARCH_OBSERVED,,,NOT_PRODUCTION_DATA,NOT_VERIFIED,true,false,false,verification:NOT_VERIFIED;productionStatus:NOT_PRODUCTION_DATA,
CF27_XBOXUNKNOWN_RTG_EYECOLOR_004,data/research/cf27/catalog-candidates/research/eye-color-options-001-007/eye_color_research_candidates.json,$.records[3],catalog_record,RESEARCH_OBSERVED,,,NOT_PRODUCTION_DATA,NOT_VERIFIED,true,false,false,verification:NOT_VERIFIED;productionStatus:NOT_PRODUCTION_DATA,
CF27_XBOXUNKNOWN_RTG_EYECOLOR_005,data/research/cf27/catalog-candidates/research/eye-color-options-001-007/eye_color_research_candidates.json,$.records[4],catalog_record,RESEARCH_OBSERVED,,,NOT_PRODUCTION_DATA,NOT_VERIFIED,true,false,false,verification:NOT_VERIFIED;productionStatus:NOT_PRODUCTION_DATA,
CF27_XBOXUNKNOWN_RTG_EYECOLOR_006,data/research/cf27/catalog-candidates/research/eye-color-options-001-007/eye_color_research_candidates.json,$.records[5],catalog_record,RESEARCH_OBSERVED,,,NOT_PRODUCTION_DATA,NOT_VERIFIED,true,false,false,verification:NOT_VERIFIED;productionStatus:NOT_PRODUCTION_DATA,
CF27_XBOXUNKNOWN_RTG_EYECOLOR_007,data/research/cf27/catalog-candidates/research/eye-color-options-001-007/eye_color_research_candidates.json,$.records[6],catalog_record,RESEARCH_OBSERVED,,,NOT_PRODUCTION_DATA,NOT_VERIFIED,true,false,false,verification:NOT_VERIFIED;productionStatus:NOT_PRODUCTION_DATA,
CF27_XBOXUNKNOWN_RTG_EYECOLOR_001,data/research/cf27/catalog-candidates/research/eye-color-options-001-007/eye_color_research_candidates.json,$.selectionSequence[0],catalog_record,UNKNOWN_ORIGIN,,,,,false,false,false,,
CF27_XBOXUNKNOWN_RTG_EYECOLOR_002,data/research/cf27/catalog-candidates/research/eye-color-options-001-007/eye_color_research_candidates.json,$.selectionSequence[1],catalog_record,UNKNOWN_ORIGIN,,,,,false,false,false,,
CF27_XBOXUNKNOWN_RTG_EYECOLOR_003,data/research/cf27/catalog-candidates/research/eye-color-options-001-007/eye_color_research_candidates.json,$.selectionSequence[2],catalog_record,UNKNOWN_ORIGIN,,,,,false,false,false,,
CF27_XBOXUNKNOWN_RTG_EYECOLOR_004,data/research/cf27/catalog-candidates/research/eye-color-options-001-007/eye_color_research_candidates.json,$.selectionSequence[3],catalog_record,UNKNOWN_ORIGIN,,,,,false,false,false,,
CF27_XBOXUNKNOWN_RTG_EYECOLOR_007,data/research/cf27/catalog-candidates/research/eye-color-options-001-007/eye_color_research_candidates.json,$.selectionSequence[4],catalog_record,UNKNOWN_ORIGIN,,,,,false,false,false,,
CF27_XBOXUNKNOWN_RTG_EYECOLOR_006,data/research/cf27/catalog-candidates/research/eye-color-options-001-007/eye_color_research_candidates.json,$.selectionSequence[5],catalog_record,UNKNOWN_ORIGIN,,,,,false,false,false,,
CF27_XBOXUNKNOWN_RTG_EYECOLOR_005,data/research/cf27/catalog-candidates/research/eye-color-options-001-007/eye_color_research_candidates.json,$.selectionSequence[6],catalog_record,UNKNOWN_ORIGIN,,,,,false,false,false,,
CF27_XBOXUNKNOWN_RTG_EYESHAPE_001,data/research/cf27/catalog-candidates/research/eye-shape-options-001-005/eye_shape_research_candidates.json,$.nativeOrder[0],catalog_record,UNKNOWN_ORIGIN,,,,,false,false,false,,
CF27_XBOXUNKNOWN_RTG_EYESHAPE_002,data/research/cf27/catalog-candidates/research/eye-shape-options-001-005/eye_shape_research_candidates.json,$.nativeOrder[1],catalog_record,UNKNOWN_ORIGIN,,,,,false,false,false,,
CF27_XBOXUNKNOWN_RTG_EYESHAPE_003,data/research/cf27/catalog-candidates/research/eye-shape-options-001-005/eye_shape_research_candidates.json,$.nativeOrder[2],catalog_record,UNKNOWN_ORIGIN,,,,,false,false,false,,
CF27_XBOXUNKNOWN_RTG_EYESHAPE_004,data/research/cf27/catalog-candidates/research/eye-shape-options-001-005/eye_shape_research_candidates.json,$.nativeOrder[3],catalog_record,UNKNOWN_ORIGIN,,,,,false,false,false,,
CF27_XBOXUNKNOWN_RTG_EYESHAPE_005,data/research/cf27/catalog-candidates/research/eye-shape-options-001-005/eye_shape_research_candidates.json,$.nativeOrder[4],catalog_record,UNKNOWN_ORIGIN,,,,,false,false,false,,
CF27_XBOXUNKNOWN_RTG_EYESHAPE_001,data/research/cf27/catalog-candidates/research/eye-shape-options-001-005/eye_shape_research_candidates.json,$.records[0],catalog_record,RESEARCH_OBSERVED,,,NOT_PRODUCTION_DATA,NOT_VERIFIED,true,false,false,verification:NOT_VERIFIED;productionStatus:NOT_PRODUCTION_DATA,
CF27_XBOXUNKNOWN_RTG_EYESHAPE_002,data/research/cf27/catalog-candidates/research/eye-shape-options-001-005/eye_shape_research_candidates.json,$.records[1],catalog_record,RESEARCH_OBSERVED,,,NOT_PRODUCTION_DATA,NOT_VERIFIED,true,false,false,verification:NOT_VERIFIED;productionStatus:NOT_PRODUCTION_DATA,
CF27_XBOXUNKNOWN_RTG_EYESHAPE_003,data/research/cf27/catalog-candidates/research/eye-shape-options-001-005/eye_shape_research_candidates.json,$.records[2],catalog_record,RESEARCH_OBSERVED,,,NOT_PRODUCTION_DATA,NOT_VERIFIED,true,false,false,verification:NOT_VERIFIED;productionStatus:NOT_PRODUCTION_DATA,
CF27_XBOXUNKNOWN_RTG_EYESHAPE_004,data/research/cf27/catalog-candidates/research/eye-shape-options-001-005/eye_shape_research_candidates.json,$.records[3],catalog_record,RESEARCH_OBSERVED,,,NOT_PRODUCTION_DATA,NOT_VERIFIED,true,false,false,verification:NOT_VERIFIED;productionStatus:NOT_PRODUCTION_DATA,
CF27_XBOXUNKNOWN_RTG_EYESHAPE_005,data/research/cf27/catalog-candidates/research/eye-shape-options-001-005/eye_shape_research_candidates.json,$.records[4],catalog_record,RESEARCH_OBSERVED,,,NOT_PRODUCTION_DATA,NOT_VERIFIED,true,false,false,verification:NOT_VERIFIED;productionStatus:NOT_PRODUCTION_DATA,
CF27_XBOXUNKNOWN_RTG_EYESHAPE_001,data/research/cf27/catalog-candidates/research/eye-shape-options-001-005/eye_shape_research_candidates.json,$.selectionSequence[0],catalog_record,UNKNOWN_ORIGIN,,,,,false,false,false,,
CF27_XBOXUNKNOWN_RTG_EYESHAPE_002,data/research/cf27/catalog-candidates/research/eye-shape-options-001-005/eye_shape_research_candidates.json,$.selectionSequence[1],catalog_record,UNKNOWN_ORIGIN,,,,,false,false,false,,
CF27_XBOXUNKNOWN_RTG_EYESHAPE_003,data/research/cf27/catalog-candidates/research/eye-shape-options-001-005/eye_shape_research_candidates.json,$.selectionSequence[2],catalog_record,UNKNOWN_ORIGIN,,,,,false,false,false,,
CF27_XBOXUNKNOWN_RTG_EYESHAPE_004,data/research/cf27/catalog-candidates/research/eye-shape-options-001-005/eye_shape_research_candidates.json,$.selectionSequence[3],catalog_record,UNKNOWN_ORIGIN,,,,,false,false,false,,
CF27_XBOXUNKNOWN_RTG_EYESHAPE_005,data/research/cf27/catalog-candidates/research/eye-shape-options-001-005/eye_shape_research_candidates.json,$.selectionSequence[4],catalog_record,UNKNOWN_ORIGIN,,,,,false,false,false,,
env-cf27-research-video-001-rtg-path,data/research/cf27/catalog-candidates/research/head-templates-faces-001-029/head_template_research_candidates.json,$.context,environment_record,UNKNOWN_ORIGIN,,,,,false,false,false,,
CF27_XBOXUNKNOWN_RTG_HEAD_001,data/research/cf27/catalog-candidates/research/head-templates-faces-001-029/head_template_research_candidates.json,$.records[0],catalog_record,UNKNOWN_ORIGIN,,,,NOT_VERIFIED,true,false,false,verification:NOT_VERIFIED,
CF27_XBOXUNKNOWN_RTG_HEAD_002,data/research/cf27/catalog-candidates/research/head-templates-faces-001-029/head_template_research_candidates.json,$.records[1],catalog_record,UNKNOWN_ORIGIN,,,,NOT_VERIFIED,true,false,false,verification:NOT_VERIFIED,
CF27_XBOXUNKNOWN_RTG_HEAD_011,data/research/cf27/catalog-candidates/research/head-templates-faces-001-029/head_template_research_candidates.json,$.records[10],catalog_record,UNKNOWN_ORIGIN,,,,NOT_VERIFIED,true,false,false,verification:NOT_VERIFIED,
CF27_XBOXUNKNOWN_RTG_HEAD_012,data/research/cf27/catalog-candidates/research/head-templates-faces-001-029/head_template_research_candidates.json,$.records[11],catalog_record,UNKNOWN_ORIGIN,,,,NOT_VERIFIED,true,false,false,verification:NOT_VERIFIED,
CF27_XBOXUNKNOWN_RTG_HEAD_013,data/research/cf27/catalog-candidates/research/head-templates-faces-001-029/head_template_research_candidates.json,$.records[12],catalog_record,UNKNOWN_ORIGIN,,,,NOT_VERIFIED,true,false,false,verification:NOT_VERIFIED,
CF27_XBOXUNKNOWN_RTG_HEAD_014,data/research/cf27/catalog-candidates/research/head-templates-faces-001-029/head_template_research_candidates.json,$.records[13],catalog_record,UNKNOWN_ORIGIN,,,,NOT_VERIFIED,true,false,false,verification:NOT_VERIFIED,
CF27_XBOXUNKNOWN_RTG_HEAD_015,data/research/cf27/catalog-candidates/research/head-templates-faces-001-029/head_template_research_candidates.json,$.records[14],catalog_record,UNKNOWN_ORIGIN,,,,NOT_VERIFIED,true,false,false,verification:NOT_VERIFIED,
CF27_XBOXUNKNOWN_RTG_HEAD_016,data/research/cf27/catalog-candidates/research/head-templates-faces-001-029/head_template_research_candidates.json,$.records[15],catalog_record,UNKNOWN_ORIGIN,,,,NOT_VERIFIED,true,false,false,verification:NOT_VERIFIED,
CF27_XBOXUNKNOWN_RTG_HEAD_017,data/research/cf27/catalog-candidates/research/head-templates-faces-001-029/head_template_research_candidates.json,$.records[16],catalog_record,UNKNOWN_ORIGIN,,,,NOT_VERIFIED,true,false,false,verification:NOT_VERIFIED,
CF27_XBOXUNKNOWN_RTG_HEAD_018,data/research/cf27/catalog-candidates/research/head-templates-faces-001-029/head_template_research_candidates.json,$.records[17],catalog_record,UNKNOWN_ORIGIN,,,,NOT_VERIFIED,true,false,false,verification:NOT_VERIFIED,
CF27_XBOXUNKNOWN_RTG_HEAD_019,data/research/cf27/catalog-candidates/research/head-templates-faces-001-029/head_template_research_candidates.json,$.records[18],catalog_record,UNKNOWN_ORIGIN,,,,NOT_VERIFIED,true,false,false,verification:NOT_VERIFIED,
CF27_XBOXUNKNOWN_RTG_HEAD_020,data/research/cf27/catalog-candidates/research/head-templates-faces-001-029/head_template_research_candidates.json,$.records[19],catalog_record,UNKNOWN_ORIGIN,,,,NOT_VERIFIED,true,false,false,verification:NOT_VERIFIED,
CF27_XBOXUNKNOWN_RTG_HEAD_003,data/research/cf27/catalog-candidates/research/head-templates-faces-001-029/head_template_research_candidates.json,$.records[2],catalog_record,UNKNOWN_ORIGIN,,,,NOT_VERIFIED,true,false,false,verification:NOT_VERIFIED,
CF27_XBOXUNKNOWN_RTG_HEAD_021,data/research/cf27/catalog-candidates/research/head-templates-faces-001-029/head_template_research_candidates.json,$.records[20],catalog_record,UNKNOWN_ORIGIN,,,,NOT_VERIFIED,true,false,false,verification:NOT_VERIFIED,
CF27_XBOXUNKNOWN_RTG_HEAD_022,data/research/cf27/catalog-candidates/research/head-templates-faces-001-029/head_template_research_candidates.json,$.records[21],catalog_record,UNKNOWN_ORIGIN,,,,NOT_VERIFIED,true,false,false,verification:NOT_VERIFIED,
CF27_XBOXUNKNOWN_RTG_HEAD_023,data/research/cf27/catalog-candidates/research/head-templates-faces-001-029/head_template_research_candidates.json,$.records[22],catalog_record,UNKNOWN_ORIGIN,,,,NOT_VERIFIED,true,false,false,verification:NOT_VERIFIED,
CF27_XBOXUNKNOWN_RTG_HEAD_024,data/research/cf27/catalog-candidates/research/head-templates-faces-001-029/head_template_research_candidates.json,$.records[23],catalog_record,UNKNOWN_ORIGIN,,,,NOT_VERIFIED,true,false,false,verification:NOT_VERIFIED,
CF27_XBOXUNKNOWN_RTG_HEAD_025,data/research/cf27/catalog-candidates/research/head-templates-faces-001-029/head_template_research_candidates.json,$.records[24],catalog_record,UNKNOWN_ORIGIN,,,,NOT_VERIFIED,true,false,false,verification:NOT_VERIFIED,
CF27_XBOXUNKNOWN_RTG_HEAD_026,data/research/cf27/catalog-candidates/research/head-templates-faces-001-029/head_template_research_candidates.json,$.records[25],catalog_record,UNKNOWN_ORIGIN,,,,NOT_VERIFIED,true,false,false,verification:NOT_VERIFIED,
CF27_XBOXUNKNOWN_RTG_HEAD_027,data/research/cf27/catalog-candidates/research/head-templates-faces-001-029/head_template_research_candidates.json,$.records[26],catalog_record,UNKNOWN_ORIGIN,,,,NOT_VERIFIED,true,false,false,verification:NOT_VERIFIED,
CF27_XBOXUNKNOWN_RTG_HEAD_028,data/research/cf27/catalog-candidates/research/head-templates-faces-001-029/head_template_research_candidates.json,$.records[27],catalog_record,UNKNOWN_ORIGIN,,,,NOT_VERIFIED,true,false,false,verification:NOT_VERIFIED,
CF27_XBOXUNKNOWN_RTG_HEAD_029,data/research/cf27/catalog-candidates/research/head-templates-faces-001-029/head_template_research_candidates.json,$.records[28],catalog_record,UNKNOWN_ORIGIN,,,,NOT_VERIFIED,true,false,false,verification:NOT_VERIFIED,
CF27_XBOXUNKNOWN_RTG_HEAD_004,data/research/cf27/catalog-candidates/research/head-templates-faces-001-029/head_template_research_candidates.json,$.records[3],catalog_record,UNKNOWN_ORIGIN,,,,NOT_VERIFIED,true,false,false,verification:NOT_VERIFIED,
CF27_XBOXUNKNOWN_RTG_HEAD_005,data/research/cf27/catalog-candidates/research/head-templates-faces-001-029/head_template_research_candidates.json,$.records[4],catalog_record,UNKNOWN_ORIGIN,,,,NOT_VERIFIED,true,false,false,verification:NOT_VERIFIED,
CF27_XBOXUNKNOWN_RTG_HEAD_006,data/research/cf27/catalog-candidates/research/head-templates-faces-001-029/head_template_research_candidates.json,$.records[5],catalog_record,UNKNOWN_ORIGIN,,,,NOT_VERIFIED,true,false,false,verification:NOT_VERIFIED,
CF27_XBOXUNKNOWN_RTG_HEAD_007,data/research/cf27/catalog-candidates/research/head-templates-faces-001-029/head_template_research_candidates.json,$.records[6],catalog_record,UNKNOWN_ORIGIN,,,,NOT_VERIFIED,true,false,false,verification:NOT_VERIFIED,
CF27_XBOXUNKNOWN_RTG_HEAD_008,data/research/cf27/catalog-candidates/research/head-templates-faces-001-029/head_template_research_candidates.json,$.records[7],catalog_record,UNKNOWN_ORIGIN,,,,NOT_VERIFIED,true,false,false,verification:NOT_VERIFIED,
CF27_XBOXUNKNOWN_RTG_HEAD_009,data/research/cf27/catalog-candidates/research/head-templates-faces-001-029/head_template_research_candidates.json,$.records[8],catalog_record,UNKNOWN_ORIGIN,,,,NOT_VERIFIED,true,false,false,verification:NOT_VERIFIED,
CF27_XBOXUNKNOWN_RTG_HEAD_010,data/research/cf27/catalog-candidates/research/head-templates-faces-001-029/head_template_research_candidates.json,$.records[9],catalog_record,UNKNOWN_ORIGIN,,,,NOT_VERIFIED,true,false,false,verification:NOT_VERIFIED,
cf27-menu-head-skin-head-template,data/research/cf27/catalog-candidates/research/head-templates-faces-001-029/head_template_research_candidates.json,$.scope,menu_record,UNKNOWN_ORIGIN,,,,,false,false,false,,
CF27_XBOXUNKNOWN_RTG_NOSE_001,data/research/cf27/catalog-candidates/research/nose-options-001-007/nose_research_candidates.json,$.nativeOrder[0],catalog_record,UNKNOWN_ORIGIN,,,,,false,false,false,,
CF27_XBOXUNKNOWN_RTG_NOSE_002,data/research/cf27/catalog-candidates/research/nose-options-001-007/nose_research_candidates.json,$.nativeOrder[1],catalog_record,UNKNOWN_ORIGIN,,,,,false,false,false,,
CF27_XBOXUNKNOWN_RTG_NOSE_003,data/research/cf27/catalog-candidates/research/nose-options-001-007/nose_research_candidates.json,$.nativeOrder[2],catalog_record,UNKNOWN_ORIGIN,,,,,false,false,false,,
CF27_XBOXUNKNOWN_RTG_NOSE_004,data/research/cf27/catalog-candidates/research/nose-options-001-007/nose_research_candidates.json,$.nativeOrder[3],catalog_record,UNKNOWN_ORIGIN,,,,,false,false,false,,
CF27_XBOXUNKNOWN_RTG_NOSE_005,data/research/cf27/catalog-candidates/research/nose-options-001-007/nose_research_candidates.json,$.nativeOrder[4],catalog_record,UNKNOWN_ORIGIN,,,,,false,false,false,,
CF27_XBOXUNKNOWN_RTG_NOSE_006,data/research/cf27/catalog-candidates/research/nose-options-001-007/nose_research_candidates.json,$.nativeOrder[5],catalog_record,UNKNOWN_ORIGIN,,,,,false,false,false,,
CF27_XBOXUNKNOWN_RTG_NOSE_007,data/research/cf27/catalog-candidates/research/nose-options-001-007/nose_research_candidates.json,$.nativeOrder[6],catalog_record,UNKNOWN_ORIGIN,,,,,false,false,false,,
CF27_XBOXUNKNOWN_RTG_NOSE_001,data/research/cf27/catalog-candidates/research/nose-options-001-007/nose_research_candidates.json,$.records[0],catalog_record,RESEARCH_OBSERVED,,,NOT_PRODUCTION_DATA,NOT_VERIFIED,true,false,false,verification:NOT_VERIFIED;productionStatus:NOT_PRODUCTION_DATA,
CF27_XBOXUNKNOWN_RTG_NOSE_002,data/research/cf27/catalog-candidates/research/nose-options-001-007/nose_research_candidates.json,$.records[1],catalog_record,RESEARCH_OBSERVED,,,NOT_PRODUCTION_DATA,NOT_VERIFIED,true,false,false,verification:NOT_VERIFIED;productionStatus:NOT_PRODUCTION_DATA,
CF27_XBOXUNKNOWN_RTG_NOSE_003,data/research/cf27/catalog-candidates/research/nose-options-001-007/nose_research_candidates.json,$.records[2],catalog_record,RESEARCH_OBSERVED,,,NOT_PRODUCTION_DATA,NOT_VERIFIED,true,false,false,verification:NOT_VERIFIED;productionStatus:NOT_PRODUCTION_DATA,
CF27_XBOXUNKNOWN_RTG_NOSE_004,data/research/cf27/catalog-candidates/research/nose-options-001-007/nose_research_candidates.json,$.records[3],catalog_record,RESEARCH_OBSERVED,,,NOT_PRODUCTION_DATA,NOT_VERIFIED,true,false,false,verification:NOT_VERIFIED;productionStatus:NOT_PRODUCTION_DATA,
CF27_XBOXUNKNOWN_RTG_NOSE_005,data/research/cf27/catalog-candidates/research/nose-options-001-007/nose_research_candidates.json,$.records[4],catalog_record,RESEARCH_OBSERVED,,,NOT_PRODUCTION_DATA,NOT_VERIFIED,true,false,false,verification:NOT_VERIFIED;productionStatus:NOT_PRODUCTION_DATA,
CF27_XBOXUNKNOWN_RTG_NOSE_006,data/research/cf27/catalog-candidates/research/nose-options-001-007/nose_research_candidates.json,$.records[5],catalog_record,RESEARCH_OBSERVED,,,NOT_PRODUCTION_DATA,NOT_VERIFIED,true,false,false,verification:NOT_VERIFIED;productionStatus:NOT_PRODUCTION_DATA,
CF27_XBOXUNKNOWN_RTG_NOSE_007,data/research/cf27/catalog-candidates/research/nose-options-001-007/nose_research_candidates.json,$.records[6],catalog_record,RESEARCH_OBSERVED,,,NOT_PRODUCTION_DATA,NOT_VERIFIED,true,false,false,verification:NOT_VERIFIED;productionStatus:NOT_PRODUCTION_DATA,
CF27_XBOXUNKNOWN_RTG_NOSE_005,data/research/cf27/catalog-candidates/research/nose-options-001-007/nose_research_candidates.json,$.selectionSequence[0],catalog_record,UNKNOWN_ORIGIN,,,,,false,false,false,,
CF27_XBOXUNKNOWN_RTG_NOSE_001,data/research/cf27/catalog-candidates/research/nose-options-001-007/nose_research_candidates.json,$.selectionSequence[1],catalog_record,UNKNOWN_ORIGIN,,,,,false,false,false,,
CF27_XBOXUNKNOWN_RTG_NOSE_002,data/research/cf27/catalog-candidates/research/nose-options-001-007/nose_research_candidates.json,$.selectionSequence[2],catalog_record,UNKNOWN_ORIGIN,,,,,false,false,false,,
CF27_XBOXUNKNOWN_RTG_NOSE_003,data/research/cf27/catalog-candidates/research/nose-options-001-007/nose_research_candidates.json,$.selectionSequence[3],catalog_record,UNKNOWN_ORIGIN,,,,,false,false,false,,
CF27_XBOXUNKNOWN_RTG_NOSE_004,data/research/cf27/catalog-candidates/research/nose-options-001-007/nose_research_candidates.json,$.selectionSequence[4],catalog_record,UNKNOWN_ORIGIN,,,,,false,false,false,,
CF27_XBOXUNKNOWN_RTG_NOSE_007,data/research/cf27/catalog-candidates/research/nose-options-001-007/nose_research_candidates.json,$.selectionSequence[5],catalog_record,UNKNOWN_ORIGIN,,,,,false,false,false,,
CF27_XBOXUNKNOWN_RTG_NOSE_006,data/research/cf27/catalog-candidates/research/nose-options-001-007/nose_research_candidates.json,$.selectionSequence[6],catalog_record,UNKNOWN_ORIGIN,,,,,false,false,false,,
CF27_XBOXUNKNOWN_RTG_NOSE_005,data/research/cf27/catalog-candidates/research/nose-options-001-007/nose_research_candidates.json,$.selectionSequence[7],catalog_record,UNKNOWN_ORIGIN,,,,,false,false,false,,
env-cf27-research-video-001-rtg-path,data/research/cf27/catalog-candidates/research/partial-catalog-import-current/imported_research_catalog.json,$.environment,environment_record,UNKNOWN_ORIGIN,,,,,false,false,false,,
CF27_XBOXUNKNOWN_RTG_EARSHAPE_001,data/research/cf27/catalog-candidates/research/partial-catalog-import-current/imported_research_catalog.json,$.records[0],catalog_record,RESEARCH_OBSERVED,researchDraft,PRIMARY_RESEARCH_CANDIDATE,NOT_PRODUCTION_DATA,PRIMARY_RESEARCH_ONLY_NOT_SECOND_VERIFIED,true,false,false,sourceType:researchDraft;dataClass:PRIMARY_RESEARCH_CANDIDATE;verification:PRIMARY_RESEARCH_ONLY_NOT_SECOND_VERIFIED;productionStatus:NOT_PRODUCTION_DATA,
CF27_XBOXUNKNOWN_RTG_EARSHAPE_002,data/research/cf27/catalog-candidates/research/partial-catalog-import-current/imported_research_catalog.json,$.records[1],catalog_record,RESEARCH_OBSERVED,researchDraft,PRIMARY_RESEARCH_CANDIDATE,NOT_PRODUCTION_DATA,PRIMARY_RESEARCH_ONLY_NOT_SECOND_VERIFIED,true,false,false,sourceType:researchDraft;dataClass:PRIMARY_RESEARCH_CANDIDATE;verification:PRIMARY_RESEARCH_ONLY_NOT_SECOND_VERIFIED;productionStatus:NOT_PRODUCTION_DATA,
CF27_XBOXUNKNOWN_RTG_EYECOLOR_007,data/research/cf27/catalog-candidates/research/partial-catalog-import-current/imported_research_catalog.json,$.records[10],catalog_record,RESEARCH_OBSERVED,researchDraft,PRIMARY_RESEARCH_CANDIDATE,NOT_PRODUCTION_DATA,PRIMARY_RESEARCH_ONLY_NOT_SECOND_VERIFIED,true,false,false,sourceType:researchDraft;dataClass:PRIMARY_RESEARCH_CANDIDATE;verification:PRIMARY_RESEARCH_ONLY_NOT_SECOND_VERIFIED;productionStatus:NOT_PRODUCTION_DATA,
CF27_XBOXUNKNOWN_RTG_EYESHAPE_001,data/research/cf27/catalog-candidates/research/partial-catalog-import-current/imported_research_catalog.json,$.records[11],catalog_record,RESEARCH_OBSERVED,researchDraft,PRIMARY_RESEARCH_CANDIDATE,NOT_PRODUCTION_DATA,PRIMARY_RESEARCH_ONLY_NOT_SECOND_VERIFIED,true,false,false,sourceType:researchDraft;dataClass:PRIMARY_RESEARCH_CANDIDATE;verification:PRIMARY_RESEARCH_ONLY_NOT_SECOND_VERIFIED;productionStatus:NOT_PRODUCTION_DATA,
CF27_XBOXUNKNOWN_RTG_EYESHAPE_002,data/research/cf27/catalog-candidates/research/partial-catalog-import-current/imported_research_catalog.json,$.records[12],catalog_record,RESEARCH_OBSERVED,researchDraft,PRIMARY_RESEARCH_CANDIDATE,NOT_PRODUCTION_DATA,PRIMARY_RESEARCH_ONLY_NOT_SECOND_VERIFIED,true,false,false,sourceType:researchDraft;dataClass:PRIMARY_RESEARCH_CANDIDATE;verification:PRIMARY_RESEARCH_ONLY_NOT_SECOND_VERIFIED;productionStatus:NOT_PRODUCTION_DATA,
CF27_XBOXUNKNOWN_RTG_EYESHAPE_003,data/research/cf27/catalog-candidates/research/partial-catalog-import-current/imported_research_catalog.json,$.records[13],catalog_record,RESEARCH_OBSERVED,researchDraft,PRIMARY_RESEARCH_CANDIDATE,NOT_PRODUCTION_DATA,PRIMARY_RESEARCH_ONLY_NOT_SECOND_VERIFIED,true,false,false,sourceType:researchDraft;dataClass:PRIMARY_RESEARCH_CANDIDATE;verification:PRIMARY_RESEARCH_ONLY_NOT_SECOND_VERIFIED;productionStatus:NOT_PRODUCTION_DATA,
CF27_XBOXUNKNOWN_RTG_EYESHAPE_004,data/research/cf27/catalog-candidates/research/partial-catalog-import-current/imported_research_catalog.json,$.records[14],catalog_record,RESEARCH_OBSERVED,researchDraft,PRIMARY_RESEARCH_CANDIDATE,NOT_PRODUCTION_DATA,PRIMARY_RESEARCH_ONLY_NOT_SECOND_VERIFIED,true,false,false,sourceType:researchDraft;dataClass:PRIMARY_RESEARCH_CANDIDATE;verification:PRIMARY_RESEARCH_ONLY_NOT_SECOND_VERIFIED;productionStatus:NOT_PRODUCTION_DATA,
CF27_XBOXUNKNOWN_RTG_EYESHAPE_005,data/research/cf27/catalog-candidates/research/partial-catalog-import-current/imported_research_catalog.json,$.records[15],catalog_record,RESEARCH_OBSERVED,researchDraft,PRIMARY_RESEARCH_CANDIDATE,NOT_PRODUCTION_DATA,PRIMARY_RESEARCH_ONLY_NOT_SECOND_VERIFIED,true,false,false,sourceType:researchDraft;dataClass:PRIMARY_RESEARCH_CANDIDATE;verification:PRIMARY_RESEARCH_ONLY_NOT_SECOND_VERIFIED;productionStatus:NOT_PRODUCTION_DATA,
CF27_XBOXUNKNOWN_RTG_HEAD_001,data/research/cf27/catalog-candidates/research/partial-catalog-import-current/imported_research_catalog.json,$.records[16],catalog_record,RESEARCH_OBSERVED,researchDraft,PRIMARY_RESEARCH_CANDIDATE,NOT_PRODUCTION_DATA,PRIMARY_RESEARCH_ONLY_NOT_SECOND_VERIFIED,true,false,false,sourceType:researchDraft;dataClass:PRIMARY_RESEARCH_CANDIDATE;verification:PRIMARY_RESEARCH_ONLY_NOT_SECOND_VERIFIED;productionStatus:NOT_PRODUCTION_DATA,
CF27_XBOXUNKNOWN_RTG_HEAD_002,data/research/cf27/catalog-candidates/research/partial-catalog-import-current/imported_research_catalog.json,$.records[17],catalog_record,RESEARCH_OBSERVED,researchDraft,PRIMARY_RESEARCH_CANDIDATE,NOT_PRODUCTION_DATA,PRIMARY_RESEARCH_ONLY_NOT_SECOND_VERIFIED,true,false,false,sourceType:researchDraft;dataClass:PRIMARY_RESEARCH_CANDIDATE;verification:PRIMARY_RESEARCH_ONLY_NOT_SECOND_VERIFIED;productionStatus:NOT_PRODUCTION_DATA,
CF27_XBOXUNKNOWN_RTG_HEAD_003,data/research/cf27/catalog-candidates/research/partial-catalog-import-current/imported_research_catalog.json,$.records[18],catalog_record,RESEARCH_OBSERVED,researchDraft,PRIMARY_RESEARCH_CANDIDATE,NOT_PRODUCTION_DATA,PRIMARY_RESEARCH_ONLY_NOT_SECOND_VERIFIED,true,false,false,sourceType:researchDraft;dataClass:PRIMARY_RESEARCH_CANDIDATE;verification:PRIMARY_RESEARCH_ONLY_NOT_SECOND_VERIFIED;productionStatus:NOT_PRODUCTION_DATA,
CF27_XBOXUNKNOWN_RTG_HEAD_004,data/research/cf27/catalog-candidates/research/partial-catalog-import-current/imported_research_catalog.json,$.records[19],catalog_record,RESEARCH_OBSERVED,researchDraft,PRIMARY_RESEARCH_CANDIDATE,NOT_PRODUCTION_DATA,PRIMARY_RESEARCH_ONLY_NOT_SECOND_VERIFIED,true,false,false,sourceType:researchDraft;dataClass:PRIMARY_RESEARCH_CANDIDATE;verification:PRIMARY_RESEARCH_ONLY_NOT_SECOND_VERIFIED;productionStatus:NOT_PRODUCTION_DATA,
CF27_XBOXUNKNOWN_RTG_EARSHAPE_003,data/research/cf27/catalog-candidates/research/partial-catalog-import-current/imported_research_catalog.json,$.records[2],catalog_record,RESEARCH_OBSERVED,researchDraft,PRIMARY_RESEARCH_CANDIDATE,NOT_PRODUCTION_DATA,PRIMARY_RESEARCH_ONLY_NOT_SECOND_VERIFIED,true,false,false,sourceType:researchDraft;dataClass:PRIMARY_RESEARCH_CANDIDATE;verification:PRIMARY_RESEARCH_ONLY_NOT_SECOND_VERIFIED;productionStatus:NOT_PRODUCTION_DATA,
CF27_XBOXUNKNOWN_RTG_HEAD_005,data/research/cf27/catalog-candidates/research/partial-catalog-import-current/imported_research_catalog.json,$.records[20],catalog_record,RESEARCH_OBSERVED,researchDraft,PRIMARY_RESEARCH_CANDIDATE,NOT_PRODUCTION_DATA,PRIMARY_RESEARCH_ONLY_NOT_SECOND_VERIFIED,true,false,false,sourceType:researchDraft;dataClass:PRIMARY_RESEARCH_CANDIDATE;verification:PRIMARY_RESEARCH_ONLY_NOT_SECOND_VERIFIED;productionStatus:NOT_PRODUCTION_DATA,
CF27_XBOXUNKNOWN_RTG_HEAD_006,data/research/cf27/catalog-candidates/research/partial-catalog-import-current/imported_research_catalog.json,$.records[21],catalog_record,RESEARCH_OBSERVED,researchDraft,PRIMARY_RESEARCH_CANDIDATE,NOT_PRODUCTION_DATA,PRIMARY_RESEARCH_ONLY_NOT_SECOND_VERIFIED,true,false,false,sourceType:researchDraft;dataClass:PRIMARY_RESEARCH_CANDIDATE;verification:PRIMARY_RESEARCH_ONLY_NOT_SECOND_VERIFIED;productionStatus:NOT_PRODUCTION_DATA,
CF27_XBOXUNKNOWN_RTG_HEAD_007,data/research/cf27/catalog-candidates/research/partial-catalog-import-current/imported_research_catalog.json,$.records[22],catalog_record,RESEARCH_OBSERVED,researchDraft,PRIMARY_RESEARCH_CANDIDATE,NOT_PRODUCTION_DATA,PRIMARY_RESEARCH_ONLY_NOT_SECOND_VERIFIED,true,false,false,sourceType:researchDraft;dataClass:PRIMARY_RESEARCH_CANDIDATE;verification:PRIMARY_RESEARCH_ONLY_NOT_SECOND_VERIFIED;productionStatus:NOT_PRODUCTION_DATA,
CF27_XBOXUNKNOWN_RTG_HEAD_008,data/research/cf27/catalog-candidates/research/partial-catalog-import-current/imported_research_catalog.json,$.records[23],catalog_record,RESEARCH_OBSERVED,researchDraft,PRIMARY_RESEARCH_CANDIDATE,NOT_PRODUCTION_DATA,PRIMARY_RESEARCH_ONLY_NOT_SECOND_VERIFIED,true,false,false,sourceType:researchDraft;dataClass:PRIMARY_RESEARCH_CANDIDATE;verification:PRIMARY_RESEARCH_ONLY_NOT_SECOND_VERIFIED;productionStatus:NOT_PRODUCTION_DATA,
CF27_XBOXUNKNOWN_RTG_HEAD_009,data/research/cf27/catalog-candidates/research/partial-catalog-import-current/imported_research_catalog.json,$.records[24],catalog_record,RESEARCH_OBSERVED,researchDraft,PRIMARY_RESEARCH_CANDIDATE,NOT_PRODUCTION_DATA,PRIMARY_RESEARCH_ONLY_NOT_SECOND_VERIFIED,true,false,false,sourceType:researchDraft;dataClass:PRIMARY_RESEARCH_CANDIDATE;verification:PRIMARY_RESEARCH_ONLY_NOT_SECOND_VERIFIED;productionStatus:NOT_PRODUCTION_DATA,
CF27_XBOXUNKNOWN_RTG_HEAD_010,data/research/cf27/catalog-candidates/research/partial-catalog-import-current/imported_research_catalog.json,$.records[25],catalog_record,RESEARCH_OBSERVED,researchDraft,PRIMARY_RESEARCH_CANDIDATE,NOT_PRODUCTION_DATA,PRIMARY_RESEARCH_ONLY_NOT_SECOND_VERIFIED,true,false,false,sourceType:researchDraft;dataClass:PRIMARY_RESEARCH_CANDIDATE;verification:PRIMARY_RESEARCH_ONLY_NOT_SECOND_VERIFIED;productionStatus:NOT_PRODUCTION_DATA,
CF27_XBOXUNKNOWN_RTG_HEAD_011,data/research/cf27/catalog-candidates/research/partial-catalog-import-current/imported_research_catalog.json,$.records[26],catalog_record,RESEARCH_OBSERVED,researchDraft,PRIMARY_RESEARCH_CANDIDATE,NOT_PRODUCTION_DATA,PRIMARY_RESEARCH_ONLY_NOT_SECOND_VERIFIED,true,false,false,sourceType:researchDraft;dataClass:PRIMARY_RESEARCH_CANDIDATE;verification:PRIMARY_RESEARCH_ONLY_NOT_SECOND_VERIFIED;productionStatus:NOT_PRODUCTION_DATA,
CF27_XBOXUNKNOWN_RTG_HEAD_012,data/research/cf27/catalog-candidates/research/partial-catalog-import-current/imported_research_catalog.json,$.records[27],catalog_record,RESEARCH_OBSERVED,researchDraft,PRIMARY_RESEARCH_CANDIDATE,NOT_PRODUCTION_DATA,PRIMARY_RESEARCH_ONLY_NOT_SECOND_VERIFIED,true,false,false,sourceType:researchDraft;dataClass:PRIMARY_RESEARCH_CANDIDATE;verification:PRIMARY_RESEARCH_ONLY_NOT_SECOND_VERIFIED;productionStatus:NOT_PRODUCTION_DATA,
CF27_XBOXUNKNOWN_RTG_HEAD_013,data/research/cf27/catalog-candidates/research/partial-catalog-import-current/imported_research_catalog.json,$.records[28],catalog_record,RESEARCH_OBSERVED,researchDraft,PRIMARY_RESEARCH_CANDIDATE,NOT_PRODUCTION_DATA,PRIMARY_RESEARCH_ONLY_NOT_SECOND_VERIFIED,true,false,false,sourceType:researchDraft;dataClass:PRIMARY_RESEARCH_CANDIDATE;verification:PRIMARY_RESEARCH_ONLY_NOT_SECOND_VERIFIED;productionStatus:NOT_PRODUCTION_DATA,
CF27_XBOXUNKNOWN_RTG_HEAD_014,data/research/cf27/catalog-candidates/research/partial-catalog-import-current/imported_research_catalog.json,$.records[29],catalog_record,RESEARCH_OBSERVED,researchDraft,PRIMARY_RESEARCH_CANDIDATE,NOT_PRODUCTION_DATA,PRIMARY_RESEARCH_ONLY_NOT_SECOND_VERIFIED,true,false,false,sourceType:researchDraft;dataClass:PRIMARY_RESEARCH_CANDIDATE;verification:PRIMARY_RESEARCH_ONLY_NOT_SECOND_VERIFIED;productionStatus:NOT_PRODUCTION_DATA,
CF27_XBOXUNKNOWN_RTG_EARSHAPE_004,data/research/cf27/catalog-candidates/research/partial-catalog-import-current/imported_research_catalog.json,$.records[3],catalog_record,RESEARCH_OBSERVED,researchDraft,PRIMARY_RESEARCH_CANDIDATE,NOT_PRODUCTION_DATA,PRIMARY_RESEARCH_ONLY_NOT_SECOND_VERIFIED,true,false,false,sourceType:researchDraft;dataClass:PRIMARY_RESEARCH_CANDIDATE;verification:PRIMARY_RESEARCH_ONLY_NOT_SECOND_VERIFIED;productionStatus:NOT_PRODUCTION_DATA,
CF27_XBOXUNKNOWN_RTG_HEAD_015,data/research/cf27/catalog-candidates/research/partial-catalog-import-current/imported_research_catalog.json,$.records[30],catalog_record,RESEARCH_OBSERVED,researchDraft,PRIMARY_RESEARCH_CANDIDATE,NOT_PRODUCTION_DATA,PRIMARY_RESEARCH_ONLY_NOT_SECOND_VERIFIED,true,false,false,sourceType:researchDraft;dataClass:PRIMARY_RESEARCH_CANDIDATE;verification:PRIMARY_RESEARCH_ONLY_NOT_SECOND_VERIFIED;productionStatus:NOT_PRODUCTION_DATA,
CF27_XBOXUNKNOWN_RTG_HEAD_016,data/research/cf27/catalog-candidates/research/partial-catalog-import-current/imported_research_catalog.json,$.records[31],catalog_record,RESEARCH_OBSERVED,researchDraft,PRIMARY_RESEARCH_CANDIDATE,NOT_PRODUCTION_DATA,PRIMARY_RESEARCH_ONLY_NOT_SECOND_VERIFIED,true,false,false,sourceType:researchDraft;dataClass:PRIMARY_RESEARCH_CANDIDATE;verification:PRIMARY_RESEARCH_ONLY_NOT_SECOND_VERIFIED;productionStatus:NOT_PRODUCTION_DATA,
CF27_XBOXUNKNOWN_RTG_HEAD_017,data/research/cf27/catalog-candidates/research/partial-catalog-import-current/imported_research_catalog.json,$.records[32],catalog_record,RESEARCH_OBSERVED,researchDraft,PRIMARY_RESEARCH_CANDIDATE,NOT_PRODUCTION_DATA,PRIMARY_RESEARCH_ONLY_NOT_SECOND_VERIFIED,true,false,false,sourceType:researchDraft;dataClass:PRIMARY_RESEARCH_CANDIDATE;verification:PRIMARY_RESEARCH_ONLY_NOT_SECOND_VERIFIED;productionStatus:NOT_PRODUCTION_DATA,
CF27_XBOXUNKNOWN_RTG_HEAD_018,data/research/cf27/catalog-candidates/research/partial-catalog-import-current/imported_research_catalog.json,$.records[33],catalog_record,RESEARCH_OBSERVED,researchDraft,PRIMARY_RESEARCH_CANDIDATE,NOT_PRODUCTION_DATA,PRIMARY_RESEARCH_ONLY_NOT_SECOND_VERIFIED,true,false,false,sourceType:researchDraft;dataClass:PRIMARY_RESEARCH_CANDIDATE;verification:PRIMARY_RESEARCH_ONLY_NOT_SECOND_VERIFIED;productionStatus:NOT_PRODUCTION_DATA,
CF27_XBOXUNKNOWN_RTG_HEAD_019,data/research/cf27/catalog-candidates/research/partial-catalog-import-current/imported_research_catalog.json,$.records[34],catalog_record,RESEARCH_OBSERVED,researchDraft,PRIMARY_RESEARCH_CANDIDATE,NOT_PRODUCTION_DATA,PRIMARY_RESEARCH_ONLY_NOT_SECOND_VERIFIED,true,false,false,sourceType:researchDraft;dataClass:PRIMARY_RESEARCH_CANDIDATE;verification:PRIMARY_RESEARCH_ONLY_NOT_SECOND_VERIFIED;productionStatus:NOT_PRODUCTION_DATA,
CF27_XBOXUNKNOWN_RTG_HEAD_020,data/research/cf27/catalog-candidates/research/partial-catalog-import-current/imported_research_catalog.json,$.records[35],catalog_record,RESEARCH_OBSERVED,researchDraft,PRIMARY_RESEARCH_CANDIDATE,NOT_PRODUCTION_DATA,PRIMARY_RESEARCH_ONLY_NOT_SECOND_VERIFIED,true,false,false,sourceType:researchDraft;dataClass:PRIMARY_RESEARCH_CANDIDATE;verification:PRIMARY_RESEARCH_ONLY_NOT_SECOND_VERIFIED;productionStatus:NOT_PRODUCTION_DATA,
CF27_XBOXUNKNOWN_RTG_HEAD_021,data/research/cf27/catalog-candidates/research/partial-catalog-import-current/imported_research_catalog.json,$.records[36],catalog_record,RESEARCH_OBSERVED,researchDraft,PRIMARY_RESEARCH_CANDIDATE,NOT_PRODUCTION_DATA,PRIMARY_RESEARCH_ONLY_NOT_SECOND_VERIFIED,true,false,false,sourceType:researchDraft;dataClass:PRIMARY_RESEARCH_CANDIDATE;verification:PRIMARY_RESEARCH_ONLY_NOT_SECOND_VERIFIED;productionStatus:NOT_PRODUCTION_DATA,
CF27_XBOXUNKNOWN_RTG_HEAD_022,data/research/cf27/catalog-candidates/research/partial-catalog-import-current/imported_research_catalog.json,$.records[37],catalog_record,RESEARCH_OBSERVED,researchDraft,PRIMARY_RESEARCH_CANDIDATE,NOT_PRODUCTION_DATA,PRIMARY_RESEARCH_ONLY_NOT_SECOND_VERIFIED,true,false,false,sourceType:researchDraft;dataClass:PRIMARY_RESEARCH_CANDIDATE;verification:PRIMARY_RESEARCH_ONLY_NOT_SECOND_VERIFIED;productionStatus:NOT_PRODUCTION_DATA,
CF27_XBOXUNKNOWN_RTG_HEAD_023,data/research/cf27/catalog-candidates/research/partial-catalog-import-current/imported_research_catalog.json,$.records[38],catalog_record,RESEARCH_OBSERVED,researchDraft,PRIMARY_RESEARCH_CANDIDATE,NOT_PRODUCTION_DATA,PRIMARY_RESEARCH_ONLY_NOT_SECOND_VERIFIED,true,false,false,sourceType:researchDraft;dataClass:PRIMARY_RESEARCH_CANDIDATE;verification:PRIMARY_RESEARCH_ONLY_NOT_SECOND_VERIFIED;productionStatus:NOT_PRODUCTION_DATA,
CF27_XBOXUNKNOWN_RTG_HEAD_024,data/research/cf27/catalog-candidates/research/partial-catalog-import-current/imported_research_catalog.json,$.records[39],catalog_record,RESEARCH_OBSERVED,researchDraft,PRIMARY_RESEARCH_CANDIDATE,NOT_PRODUCTION_DATA,PRIMARY_RESEARCH_ONLY_NOT_SECOND_VERIFIED,true,false,false,sourceType:researchDraft;dataClass:PRIMARY_RESEARCH_CANDIDATE;verification:PRIMARY_RESEARCH_ONLY_NOT_SECOND_VERIFIED;productionStatus:NOT_PRODUCTION_DATA,
CF27_XBOXUNKNOWN_RTG_EYECOLOR_001,data/research/cf27/catalog-candidates/research/partial-catalog-import-current/imported_research_catalog.json,$.records[4],catalog_record,RESEARCH_OBSERVED,researchDraft,PRIMARY_RESEARCH_CANDIDATE,NOT_PRODUCTION_DATA,PRIMARY_RESEARCH_ONLY_NOT_SECOND_VERIFIED,true,false,false,sourceType:researchDraft;dataClass:PRIMARY_RESEARCH_CANDIDATE;verification:PRIMARY_RESEARCH_ONLY_NOT_SECOND_VERIFIED;productionStatus:NOT_PRODUCTION_DATA,
CF27_XBOXUNKNOWN_RTG_HEAD_025,data/research/cf27/catalog-candidates/research/partial-catalog-import-current/imported_research_catalog.json,$.records[40],catalog_record,RESEARCH_OBSERVED,researchDraft,PRIMARY_RESEARCH_CANDIDATE,NOT_PRODUCTION_DATA,PRIMARY_RESEARCH_ONLY_NOT_SECOND_VERIFIED,true,false,false,sourceType:researchDraft;dataClass:PRIMARY_RESEARCH_CANDIDATE;verification:PRIMARY_RESEARCH_ONLY_NOT_SECOND_VERIFIED;productionStatus:NOT_PRODUCTION_DATA,
CF27_XBOXUNKNOWN_RTG_HEAD_026,data/research/cf27/catalog-candidates/research/partial-catalog-import-current/imported_research_catalog.json,$.records[41],catalog_record,RESEARCH_OBSERVED,researchDraft,PRIMARY_RESEARCH_CANDIDATE,NOT_PRODUCTION_DATA,PRIMARY_RESEARCH_ONLY_NOT_SECOND_VERIFIED,true,false,false,sourceType:researchDraft;dataClass:PRIMARY_RESEARCH_CANDIDATE;verification:PRIMARY_RESEARCH_ONLY_NOT_SECOND_VERIFIED;productionStatus:NOT_PRODUCTION_DATA,
CF27_XBOXUNKNOWN_RTG_HEAD_027,data/research/cf27/catalog-candidates/research/partial-catalog-import-current/imported_research_catalog.json,$.records[42],catalog_record,RESEARCH_OBSERVED,researchDraft,PRIMARY_RESEARCH_CANDIDATE,NOT_PRODUCTION_DATA,PRIMARY_RESEARCH_ONLY_NOT_SECOND_VERIFIED,true,false,false,sourceType:researchDraft;dataClass:PRIMARY_RESEARCH_CANDIDATE;verification:PRIMARY_RESEARCH_ONLY_NOT_SECOND_VERIFIED;productionStatus:NOT_PRODUCTION_DATA,
CF27_XBOXUNKNOWN_RTG_HEAD_028,data/research/cf27/catalog-candidates/research/partial-catalog-import-current/imported_research_catalog.json,$.records[43],catalog_record,RESEARCH_OBSERVED,researchDraft,PRIMARY_RESEARCH_CANDIDATE,NOT_PRODUCTION_DATA,PRIMARY_RESEARCH_ONLY_NOT_SECOND_VERIFIED,true,false,false,sourceType:researchDraft;dataClass:PRIMARY_RESEARCH_CANDIDATE;verification:PRIMARY_RESEARCH_ONLY_NOT_SECOND_VERIFIED;productionStatus:NOT_PRODUCTION_DATA,
CF27_XBOXUNKNOWN_RTG_HEAD_029,data/research/cf27/catalog-candidates/research/partial-catalog-import-current/imported_research_catalog.json,$.records[44],catalog_record,RESEARCH_OBSERVED,researchDraft,PRIMARY_RESEARCH_CANDIDATE,NOT_PRODUCTION_DATA,PRIMARY_RESEARCH_ONLY_NOT_SECOND_VERIFIED,true,false,false,sourceType:researchDraft;dataClass:PRIMARY_RESEARCH_CANDIDATE;verification:PRIMARY_RESEARCH_ONLY_NOT_SECOND_VERIFIED;productionStatus:NOT_PRODUCTION_DATA,
CF27_XBOXUNKNOWN_RTG_NOSE_001,data/research/cf27/catalog-candidates/research/partial-catalog-import-current/imported_research_catalog.json,$.records[45],catalog_record,RESEARCH_OBSERVED,researchDraft,PRIMARY_RESEARCH_CANDIDATE,NOT_PRODUCTION_DATA,PRIMARY_RESEARCH_ONLY_NOT_SECOND_VERIFIED,true,false,false,sourceType:researchDraft;dataClass:PRIMARY_RESEARCH_CANDIDATE;verification:PRIMARY_RESEARCH_ONLY_NOT_SECOND_VERIFIED;productionStatus:NOT_PRODUCTION_DATA,
CF27_XBOXUNKNOWN_RTG_NOSE_002,data/research/cf27/catalog-candidates/research/partial-catalog-import-current/imported_research_catalog.json,$.records[46],catalog_record,RESEARCH_OBSERVED,researchDraft,PRIMARY_RESEARCH_CANDIDATE,NOT_PRODUCTION_DATA,PRIMARY_RESEARCH_ONLY_NOT_SECOND_VERIFIED,true,false,false,sourceType:researchDraft;dataClass:PRIMARY_RESEARCH_CANDIDATE;verification:PRIMARY_RESEARCH_ONLY_NOT_SECOND_VERIFIED;productionStatus:NOT_PRODUCTION_DATA,
CF27_XBOXUNKNOWN_RTG_NOSE_003,data/research/cf27/catalog-candidates/research/partial-catalog-import-current/imported_research_catalog.json,$.records[47],catalog_record,RESEARCH_OBSERVED,researchDraft,PRIMARY_RESEARCH_CANDIDATE,NOT_PRODUCTION_DATA,PRIMARY_RESEARCH_ONLY_NOT_SECOND_VERIFIED,true,false,false,sourceType:researchDraft;dataClass:PRIMARY_RESEARCH_CANDIDATE;verification:PRIMARY_RESEARCH_ONLY_NOT_SECOND_VERIFIED;productionStatus:NOT_PRODUCTION_DATA,
CF27_XBOXUNKNOWN_RTG_NOSE_004,data/research/cf27/catalog-candidates/research/partial-catalog-import-current/imported_research_catalog.json,$.records[48],catalog_record,RESEARCH_OBSERVED,researchDraft,PRIMARY_RESEARCH_CANDIDATE,NOT_PRODUCTION_DATA,PRIMARY_RESEARCH_ONLY_NOT_SECOND_VERIFIED,true,false,false,sourceType:researchDraft;dataClass:PRIMARY_RESEARCH_CANDIDATE;verification:PRIMARY_RESEARCH_ONLY_NOT_SECOND_VERIFIED;productionStatus:NOT_PRODUCTION_DATA,
CF27_XBOXUNKNOWN_RTG_NOSE_005,data/research/cf27/catalog-candidates/research/partial-catalog-import-current/imported_research_catalog.json,$.records[49],catalog_record,RESEARCH_OBSERVED,researchDraft,PRIMARY_RESEARCH_CANDIDATE,NOT_PRODUCTION_DATA,PRIMARY_RESEARCH_ONLY_NOT_SECOND_VERIFIED,true,false,false,sourceType:researchDraft;dataClass:PRIMARY_RESEARCH_CANDIDATE;verification:PRIMARY_RESEARCH_ONLY_NOT_SECOND_VERIFIED;productionStatus:NOT_PRODUCTION_DATA,
CF27_XBOXUNKNOWN_RTG_EYECOLOR_002,data/research/cf27/catalog-candidates/research/partial-catalog-import-current/imported_research_catalog.json,$.records[5],catalog_record,RESEARCH_OBSERVED,researchDraft,PRIMARY_RESEARCH_CANDIDATE,NOT_PRODUCTION_DATA,PRIMARY_RESEARCH_ONLY_NOT_SECOND_VERIFIED,true,false,false,sourceType:researchDraft;dataClass:PRIMARY_RESEARCH_CANDIDATE;verification:PRIMARY_RESEARCH_ONLY_NOT_SECOND_VERIFIED;productionStatus:NOT_PRODUCTION_DATA,
CF27_XBOXUNKNOWN_RTG_NOSE_006,data/research/cf27/catalog-candidates/research/partial-catalog-import-current/imported_research_catalog.json,$.records[50],catalog_record,RESEARCH_OBSERVED,researchDraft,PRIMARY_RESEARCH_CANDIDATE,NOT_PRODUCTION_DATA,PRIMARY_RESEARCH_ONLY_NOT_SECOND_VERIFIED,true,false,false,sourceType:researchDraft;dataClass:PRIMARY_RESEARCH_CANDIDATE;verification:PRIMARY_RESEARCH_ONLY_NOT_SECOND_VERIFIED;productionStatus:NOT_PRODUCTION_DATA,
CF27_XBOXUNKNOWN_RTG_NOSE_007,data/research/cf27/catalog-candidates/research/partial-catalog-import-current/imported_research_catalog.json,$.records[51],catalog_record,RESEARCH_OBSERVED,researchDraft,PRIMARY_RESEARCH_CANDIDATE,NOT_PRODUCTION_DATA,PRIMARY_RESEARCH_ONLY_NOT_SECOND_VERIFIED,true,false,false,sourceType:researchDraft;dataClass:PRIMARY_RESEARCH_CANDIDATE;verification:PRIMARY_RESEARCH_ONLY_NOT_SECOND_VERIFIED;productionStatus:NOT_PRODUCTION_DATA,
CF27_XBOXUNKNOWN_RTG_SKINDETAILS_001,data/research/cf27/catalog-candidates/research/partial-catalog-import-current/imported_research_catalog.json,$.records[52],catalog_record,RESEARCH_OBSERVED,researchDraft,PRIMARY_RESEARCH_CANDIDATE,NOT_PRODUCTION_DATA,PRIMARY_RESEARCH_ONLY_NOT_SECOND_VERIFIED,true,false,false,sourceType:researchDraft;dataClass:PRIMARY_RESEARCH_CANDIDATE;verification:PRIMARY_RESEARCH_ONLY_NOT_SECOND_VERIFIED;productionStatus:NOT_PRODUCTION_DATA,
CF27_XBOXUNKNOWN_RTG_SKINDETAILS_002,data/research/cf27/catalog-candidates/research/partial-catalog-import-current/imported_research_catalog.json,$.records[53],catalog_record,RESEARCH_OBSERVED,researchDraft,PRIMARY_RESEARCH_CANDIDATE,NOT_PRODUCTION_DATA,PRIMARY_RESEARCH_ONLY_NOT_SECOND_VERIFIED,true,false,false,sourceType:researchDraft;dataClass:PRIMARY_RESEARCH_CANDIDATE;verification:PRIMARY_RESEARCH_ONLY_NOT_SECOND_VERIFIED;productionStatus:NOT_PRODUCTION_DATA,
CF27_XBOXUNKNOWN_RTG_SKINDETAILS_003,data/research/cf27/catalog-candidates/research/partial-catalog-import-current/imported_research_catalog.json,$.records[54],catalog_record,RESEARCH_OBSERVED,researchDraft,PRIMARY_RESEARCH_CANDIDATE,NOT_PRODUCTION_DATA,PRIMARY_RESEARCH_ONLY_NOT_SECOND_VERIFIED,true,false,false,sourceType:researchDraft;dataClass:PRIMARY_RESEARCH_CANDIDATE;verification:PRIMARY_RESEARCH_ONLY_NOT_SECOND_VERIFIED;productionStatus:NOT_PRODUCTION_DATA,
CF27_XBOXUNKNOWN_RTG_SKINDETAILS_004,data/research/cf27/catalog-candidates/research/partial-catalog-import-current/imported_research_catalog.json,$.records[55],catalog_record,RESEARCH_OBSERVED,researchDraft,PRIMARY_RESEARCH_CANDIDATE,NOT_PRODUCTION_DATA,PRIMARY_RESEARCH_ONLY_NOT_SECOND_VERIFIED,true,false,false,sourceType:researchDraft;dataClass:PRIMARY_RESEARCH_CANDIDATE;verification:PRIMARY_RESEARCH_ONLY_NOT_SECOND_VERIFIED;productionStatus:NOT_PRODUCTION_DATA,
CF27_XBOXUNKNOWN_RTG_SKINDETAILS_005,data/research/cf27/catalog-candidates/research/partial-catalog-import-current/imported_research_catalog.json,$.records[56],catalog_record,RESEARCH_OBSERVED,researchDraft,PRIMARY_RESEARCH_CANDIDATE,NOT_PRODUCTION_DATA,PRIMARY_RESEARCH_ONLY_NOT_SECOND_VERIFIED,true,false,false,sourceType:researchDraft;dataClass:PRIMARY_RESEARCH_CANDIDATE;verification:PRIMARY_RESEARCH_ONLY_NOT_SECOND_VERIFIED;productionStatus:NOT_PRODUCTION_DATA,
CF27_XBOXUNKNOWN_RTG_SKINDETAILS_006,data/research/cf27/catalog-candidates/research/partial-catalog-import-current/imported_research_catalog.json,$.records[57],catalog_record,RESEARCH_OBSERVED,researchDraft,PRIMARY_RESEARCH_CANDIDATE,NOT_PRODUCTION_DATA,PRIMARY_RESEARCH_ONLY_NOT_SECOND_VERIFIED,true,false,false,sourceType:researchDraft;dataClass:PRIMARY_RESEARCH_CANDIDATE;verification:PRIMARY_RESEARCH_ONLY_NOT_SECOND_VERIFIED;productionStatus:NOT_PRODUCTION_DATA,
CF27_XBOXUNKNOWN_RTG_SKINDETAILS_007,data/research/cf27/catalog-candidates/research/partial-catalog-import-current/imported_research_catalog.json,$.records[58],catalog_record,RESEARCH_OBSERVED,researchDraft,PRIMARY_RESEARCH_CANDIDATE,NOT_PRODUCTION_DATA,PRIMARY_RESEARCH_ONLY_NOT_SECOND_VERIFIED,true,false,false,sourceType:researchDraft;dataClass:PRIMARY_RESEARCH_CANDIDATE;verification:PRIMARY_RESEARCH_ONLY_NOT_SECOND_VERIFIED;productionStatus:NOT_PRODUCTION_DATA,
CF27_XBOXUNKNOWN_RTG_SKINDETAILS_008,data/research/cf27/catalog-candidates/research/partial-catalog-import-current/imported_research_catalog.json,$.records[59],catalog_record,RESEARCH_OBSERVED,researchDraft,PRIMARY_RESEARCH_CANDIDATE,NOT_PRODUCTION_DATA,PRIMARY_RESEARCH_ONLY_NOT_SECOND_VERIFIED,true,false,false,sourceType:researchDraft;dataClass:PRIMARY_RESEARCH_CANDIDATE;verification:PRIMARY_RESEARCH_ONLY_NOT_SECOND_VERIFIED;productionStatus:NOT_PRODUCTION_DATA,
CF27_XBOXUNKNOWN_RTG_EYECOLOR_003,data/research/cf27/catalog-candidates/research/partial-catalog-import-current/imported_research_catalog.json,$.records[6],catalog_record,RESEARCH_OBSERVED,researchDraft,PRIMARY_RESEARCH_CANDIDATE,NOT_PRODUCTION_DATA,PRIMARY_RESEARCH_ONLY_NOT_SECOND_VERIFIED,true,false,false,sourceType:researchDraft;dataClass:PRIMARY_RESEARCH_CANDIDATE;verification:PRIMARY_RESEARCH_ONLY_NOT_SECOND_VERIFIED;productionStatus:NOT_PRODUCTION_DATA,
CF27_XBOXUNKNOWN_RTG_SKINDETAILS_009,data/research/cf27/catalog-candidates/research/partial-catalog-import-current/imported_research_catalog.json,$.records[60],catalog_record,RESEARCH_OBSERVED,researchDraft,PRIMARY_RESEARCH_CANDIDATE,NOT_PRODUCTION_DATA,PRIMARY_RESEARCH_ONLY_NOT_SECOND_VERIFIED,true,false,false,sourceType:researchDraft;dataClass:PRIMARY_RESEARCH_CANDIDATE;verification:PRIMARY_RESEARCH_ONLY_NOT_SECOND_VERIFIED;productionStatus:NOT_PRODUCTION_DATA,
CF27_XBOXUNKNOWN_RTG_SKINDETAILS_010,data/research/cf27/catalog-candidates/research/partial-catalog-import-current/imported_research_catalog.json,$.records[61],catalog_record,RESEARCH_OBSERVED,researchDraft,PRIMARY_RESEARCH_CANDIDATE,NOT_PRODUCTION_DATA,PRIMARY_RESEARCH_ONLY_NOT_SECOND_VERIFIED,true,false,false,sourceType:researchDraft;dataClass:PRIMARY_RESEARCH_CANDIDATE;verification:PRIMARY_RESEARCH_ONLY_NOT_SECOND_VERIFIED;productionStatus:NOT_PRODUCTION_DATA,
CF27_XBOXUNKNOWN_RTG_SKINTONE_001,data/research/cf27/catalog-candidates/research/partial-catalog-import-current/imported_research_catalog.json,$.records[62],catalog_record,RESEARCH_OBSERVED,researchDraft,PRIMARY_RESEARCH_CANDIDATE,NOT_PRODUCTION_DATA,PRIMARY_RESEARCH_ONLY_NOT_SECOND_VERIFIED,true,false,false,sourceType:researchDraft;dataClass:PRIMARY_RESEARCH_CANDIDATE;verification:PRIMARY_RESEARCH_ONLY_NOT_SECOND_VERIFIED;productionStatus:NOT_PRODUCTION_DATA,
CF27_XBOXUNKNOWN_RTG_SKINTONE_002,data/research/cf27/catalog-candidates/research/partial-catalog-import-current/imported_research_catalog.json,$.records[63],catalog_record,RESEARCH_OBSERVED,researchDraft,PRIMARY_RESEARCH_CANDIDATE,NOT_PRODUCTION_DATA,PRIMARY_RESEARCH_ONLY_NOT_SECOND_VERIFIED,true,false,false,sourceType:researchDraft;dataClass:PRIMARY_RESEARCH_CANDIDATE;verification:PRIMARY_RESEARCH_ONLY_NOT_SECOND_VERIFIED;productionStatus:NOT_PRODUCTION_DATA,
CF27_XBOXUNKNOWN_RTG_SKINTONE_003,data/research/cf27/catalog-candidates/research/partial-catalog-import-current/imported_research_catalog.json,$.records[64],catalog_record,RESEARCH_OBSERVED,researchDraft,PRIMARY_RESEARCH_CANDIDATE,NOT_PRODUCTION_DATA,PRIMARY_RESEARCH_ONLY_NOT_SECOND_VERIFIED,true,false,false,sourceType:researchDraft;dataClass:PRIMARY_RESEARCH_CANDIDATE;verification:PRIMARY_RESEARCH_ONLY_NOT_SECOND_VERIFIED;productionStatus:NOT_PRODUCTION_DATA,
CF27_XBOXUNKNOWN_RTG_SKINTONE_004,data/research/cf27/catalog-candidates/research/partial-catalog-import-current/imported_research_catalog.json,$.records[65],catalog_record,RESEARCH_OBSERVED,researchDraft,PRIMARY_RESEARCH_CANDIDATE,NOT_PRODUCTION_DATA,PRIMARY_RESEARCH_ONLY_NOT_SECOND_VERIFIED,true,false,false,sourceType:researchDraft;dataClass:PRIMARY_RESEARCH_CANDIDATE;verification:PRIMARY_RESEARCH_ONLY_NOT_SECOND_VERIFIED;productionStatus:NOT_PRODUCTION_DATA,
CF27_XBOXUNKNOWN_RTG_SKINTONE_005,data/research/cf27/catalog-candidates/research/partial-catalog-import-current/imported_research_catalog.json,$.records[66],catalog_record,RESEARCH_OBSERVED,researchDraft,PRIMARY_RESEARCH_CANDIDATE,NOT_PRODUCTION_DATA,PRIMARY_RESEARCH_ONLY_NOT_SECOND_VERIFIED,true,false,false,sourceType:researchDraft;dataClass:PRIMARY_RESEARCH_CANDIDATE;verification:PRIMARY_RESEARCH_ONLY_NOT_SECOND_VERIFIED;productionStatus:NOT_PRODUCTION_DATA,
CF27_XBOXUNKNOWN_RTG_SKINTONE_006,data/research/cf27/catalog-candidates/research/partial-catalog-import-current/imported_research_catalog.json,$.records[67],catalog_record,RESEARCH_OBSERVED,researchDraft,PRIMARY_RESEARCH_CANDIDATE,NOT_PRODUCTION_DATA,PRIMARY_RESEARCH_ONLY_NOT_SECOND_VERIFIED,true,false,false,sourceType:researchDraft;dataClass:PRIMARY_RESEARCH_CANDIDATE;verification:PRIMARY_RESEARCH_ONLY_NOT_SECOND_VERIFIED;productionStatus:NOT_PRODUCTION_DATA,
CF27_XBOXUNKNOWN_RTG_SKINTONE_007,data/research/cf27/catalog-candidates/research/partial-catalog-import-current/imported_research_catalog.json,$.records[68],catalog_record,RESEARCH_OBSERVED,researchDraft,PRIMARY_RESEARCH_CANDIDATE,NOT_PRODUCTION_DATA,PRIMARY_RESEARCH_ONLY_NOT_SECOND_VERIFIED,true,false,false,sourceType:researchDraft;dataClass:PRIMARY_RESEARCH_CANDIDATE;verification:PRIMARY_RESEARCH_ONLY_NOT_SECOND_VERIFIED;productionStatus:NOT_PRODUCTION_DATA,
CF27_XBOXUNKNOWN_RTG_SKINTONE_008,data/research/cf27/catalog-candidates/research/partial-catalog-import-current/imported_research_catalog.json,$.records[69],catalog_record,RESEARCH_OBSERVED,researchDraft,PRIMARY_RESEARCH_CANDIDATE,NOT_PRODUCTION_DATA,PRIMARY_RESEARCH_ONLY_NOT_SECOND_VERIFIED,true,false,false,sourceType:researchDraft;dataClass:PRIMARY_RESEARCH_CANDIDATE;verification:PRIMARY_RESEARCH_ONLY_NOT_SECOND_VERIFIED;productionStatus:NOT_PRODUCTION_DATA,
CF27_XBOXUNKNOWN_RTG_EYECOLOR_004,data/research/cf27/catalog-candidates/research/partial-catalog-import-current/imported_research_catalog.json,$.records[7],catalog_record,RESEARCH_OBSERVED,researchDraft,PRIMARY_RESEARCH_CANDIDATE,NOT_PRODUCTION_DATA,PRIMARY_RESEARCH_ONLY_NOT_SECOND_VERIFIED,true,false,false,sourceType:researchDraft;dataClass:PRIMARY_RESEARCH_CANDIDATE;verification:PRIMARY_RESEARCH_ONLY_NOT_SECOND_VERIFIED;productionStatus:NOT_PRODUCTION_DATA,
CF27_XBOXUNKNOWN_RTG_SKINTONE_009,data/research/cf27/catalog-candidates/research/partial-catalog-import-current/imported_research_catalog.json,$.records[70],catalog_record,RESEARCH_OBSERVED,researchDraft,PRIMARY_RESEARCH_CANDIDATE,NOT_PRODUCTION_DATA,PRIMARY_RESEARCH_ONLY_NOT_SECOND_VERIFIED,true,false,false,sourceType:researchDraft;dataClass:PRIMARY_RESEARCH_CANDIDATE;verification:PRIMARY_RESEARCH_ONLY_NOT_SECOND_VERIFIED;productionStatus:NOT_PRODUCTION_DATA,
CF27_XBOXUNKNOWN_RTG_SKINTONE_010,data/research/cf27/catalog-candidates/research/partial-catalog-import-current/imported_research_catalog.json,$.records[71],catalog_record,RESEARCH_OBSERVED,researchDraft,PRIMARY_RESEARCH_CANDIDATE,NOT_PRODUCTION_DATA,PRIMARY_RESEARCH_ONLY_NOT_SECOND_VERIFIED,true,false,false,sourceType:researchDraft;dataClass:PRIMARY_RESEARCH_CANDIDATE;verification:PRIMARY_RESEARCH_ONLY_NOT_SECOND_VERIFIED;productionStatus:NOT_PRODUCTION_DATA,
CF27_XBOXUNKNOWN_RTG_SKINTONE_011,data/research/cf27/catalog-candidates/research/partial-catalog-import-current/imported_research_catalog.json,$.records[72],catalog_record,RESEARCH_OBSERVED,researchDraft,PRIMARY_RESEARCH_CANDIDATE,NOT_PRODUCTION_DATA,PRIMARY_RESEARCH_ONLY_NOT_SECOND_VERIFIED,true,false,false,sourceType:researchDraft;dataClass:PRIMARY_RESEARCH_CANDIDATE;verification:PRIMARY_RESEARCH_ONLY_NOT_SECOND_VERIFIED;productionStatus:NOT_PRODUCTION_DATA,
CF27_XBOXUNKNOWN_RTG_SKINTONE_012,data/research/cf27/catalog-candidates/research/partial-catalog-import-current/imported_research_catalog.json,$.records[73],catalog_record,RESEARCH_OBSERVED,researchDraft,PRIMARY_RESEARCH_CANDIDATE,NOT_PRODUCTION_DATA,PRIMARY_RESEARCH_ONLY_NOT_SECOND_VERIFIED,true,false,false,sourceType:researchDraft;dataClass:PRIMARY_RESEARCH_CANDIDATE;verification:PRIMARY_RESEARCH_ONLY_NOT_SECOND_VERIFIED;productionStatus:NOT_PRODUCTION_DATA,
CF27_XBOXUNKNOWN_RTG_SKINTONE_013,data/research/cf27/catalog-candidates/research/partial-catalog-import-current/imported_research_catalog.json,$.records[74],catalog_record,RESEARCH_OBSERVED,researchDraft,PRIMARY_RESEARCH_CANDIDATE,NOT_PRODUCTION_DATA,PRIMARY_RESEARCH_ONLY_NOT_SECOND_VERIFIED,true,false,false,sourceType:researchDraft;dataClass:PRIMARY_RESEARCH_CANDIDATE;verification:PRIMARY_RESEARCH_ONLY_NOT_SECOND_VERIFIED;productionStatus:NOT_PRODUCTION_DATA,
CF27_XBOXUNKNOWN_RTG_SKINTONE_014,data/research/cf27/catalog-candidates/research/partial-catalog-import-current/imported_research_catalog.json,$.records[75],catalog_record,RESEARCH_OBSERVED,researchDraft,PRIMARY_RESEARCH_CANDIDATE,NOT_PRODUCTION_DATA,PRIMARY_RESEARCH_ONLY_NOT_SECOND_VERIFIED,true,false,false,sourceType:researchDraft;dataClass:PRIMARY_RESEARCH_CANDIDATE;verification:PRIMARY_RESEARCH_ONLY_NOT_SECOND_VERIFIED;productionStatus:NOT_PRODUCTION_DATA,
CF27_XBOXUNKNOWN_RTG_SKINTONE_015,data/research/cf27/catalog-candidates/research/partial-catalog-import-current/imported_research_catalog.json,$.records[76],catalog_record,RESEARCH_OBSERVED,researchDraft,PRIMARY_RESEARCH_CANDIDATE,NOT_PRODUCTION_DATA,PRIMARY_RESEARCH_ONLY_NOT_SECOND_VERIFIED,true,false,false,sourceType:researchDraft;dataClass:PRIMARY_RESEARCH_CANDIDATE;verification:PRIMARY_RESEARCH_ONLY_NOT_SECOND_VERIFIED;productionStatus:NOT_PRODUCTION_DATA,
CF27_XBOXUNKNOWN_RTG_SKINTONE_016,data/research/cf27/catalog-candidates/research/partial-catalog-import-current/imported_research_catalog.json,$.records[77],catalog_record,RESEARCH_OBSERVED,researchDraft,PRIMARY_RESEARCH_CANDIDATE,NOT_PRODUCTION_DATA,PRIMARY_RESEARCH_ONLY_NOT_SECOND_VERIFIED,true,false,false,sourceType:researchDraft;dataClass:PRIMARY_RESEARCH_CANDIDATE;verification:PRIMARY_RESEARCH_ONLY_NOT_SECOND_VERIFIED;productionStatus:NOT_PRODUCTION_DATA,
CF27_XBOXUNKNOWN_RTG_SKINTONE_017,data/research/cf27/catalog-candidates/research/partial-catalog-import-current/imported_research_catalog.json,$.records[78],catalog_record,RESEARCH_OBSERVED,researchDraft,PRIMARY_RESEARCH_CANDIDATE,NOT_PRODUCTION_DATA,PRIMARY_RESEARCH_ONLY_NOT_SECOND_VERIFIED,true,false,false,sourceType:researchDraft;dataClass:PRIMARY_RESEARCH_CANDIDATE;verification:PRIMARY_RESEARCH_ONLY_NOT_SECOND_VERIFIED;productionStatus:NOT_PRODUCTION_DATA,
CF27_XBOXUNKNOWN_RTG_SKINTONE_018,data/research/cf27/catalog-candidates/research/partial-catalog-import-current/imported_research_catalog.json,$.records[79],catalog_record,RESEARCH_OBSERVED,researchDraft,PRIMARY_RESEARCH_CANDIDATE,NOT_PRODUCTION_DATA,PRIMARY_RESEARCH_ONLY_NOT_SECOND_VERIFIED,true,false,false,sourceType:researchDraft;dataClass:PRIMARY_RESEARCH_CANDIDATE;verification:PRIMARY_RESEARCH_ONLY_NOT_SECOND_VERIFIED;productionStatus:NOT_PRODUCTION_DATA,
CF27_XBOXUNKNOWN_RTG_EYECOLOR_005,data/research/cf27/catalog-candidates/research/partial-catalog-import-current/imported_research_catalog.json,$.records[8],catalog_record,RESEARCH_OBSERVED,researchDraft,PRIMARY_RESEARCH_CANDIDATE,NOT_PRODUCTION_DATA,PRIMARY_RESEARCH_ONLY_NOT_SECOND_VERIFIED,true,false,false,sourceType:researchDraft;dataClass:PRIMARY_RESEARCH_CANDIDATE;verification:PRIMARY_RESEARCH_ONLY_NOT_SECOND_VERIFIED;productionStatus:NOT_PRODUCTION_DATA,
CF27_XBOXUNKNOWN_RTG_SKINTONE_019,data/research/cf27/catalog-candidates/research/partial-catalog-import-current/imported_research_catalog.json,$.records[80],catalog_record,RESEARCH_OBSERVED,researchDraft,PRIMARY_RESEARCH_CANDIDATE,NOT_PRODUCTION_DATA,PRIMARY_RESEARCH_ONLY_NOT_SECOND_VERIFIED,true,false,false,sourceType:researchDraft;dataClass:PRIMARY_RESEARCH_CANDIDATE;verification:PRIMARY_RESEARCH_ONLY_NOT_SECOND_VERIFIED;productionStatus:NOT_PRODUCTION_DATA,
CF27_XBOXUNKNOWN_RTG_SKINTONE_020,data/research/cf27/catalog-candidates/research/partial-catalog-import-current/imported_research_catalog.json,$.records[81],catalog_record,RESEARCH_OBSERVED,researchDraft,PRIMARY_RESEARCH_CANDIDATE,NOT_PRODUCTION_DATA,PRIMARY_RESEARCH_ONLY_NOT_SECOND_VERIFIED,true,false,false,sourceType:researchDraft;dataClass:PRIMARY_RESEARCH_CANDIDATE;verification:PRIMARY_RESEARCH_ONLY_NOT_SECOND_VERIFIED;productionStatus:NOT_PRODUCTION_DATA,
CF27_XBOXUNKNOWN_RTG_SKINTONE_021,data/research/cf27/catalog-candidates/research/partial-catalog-import-current/imported_research_catalog.json,$.records[82],catalog_record,RESEARCH_OBSERVED,researchDraft,PRIMARY_RESEARCH_CANDIDATE,NOT_PRODUCTION_DATA,PRIMARY_RESEARCH_ONLY_NOT_SECOND_VERIFIED,true,false,false,sourceType:researchDraft;dataClass:PRIMARY_RESEARCH_CANDIDATE;verification:PRIMARY_RESEARCH_ONLY_NOT_SECOND_VERIFIED;productionStatus:NOT_PRODUCTION_DATA,
CF27_XBOXUNKNOWN_RTG_SKINTONE_022,data/research/cf27/catalog-candidates/research/partial-catalog-import-current/imported_research_catalog.json,$.records[83],catalog_record,RESEARCH_OBSERVED,researchDraft,PRIMARY_RESEARCH_CANDIDATE,NOT_PRODUCTION_DATA,PRIMARY_RESEARCH_ONLY_NOT_SECOND_VERIFIED,true,false,false,sourceType:researchDraft;dataClass:PRIMARY_RESEARCH_CANDIDATE;verification:PRIMARY_RESEARCH_ONLY_NOT_SECOND_VERIFIED;productionStatus:NOT_PRODUCTION_DATA,
CF27_XBOXUNKNOWN_RTG_SKINTONE_023,data/research/cf27/catalog-candidates/research/partial-catalog-import-current/imported_research_catalog.json,$.records[84],catalog_record,RESEARCH_OBSERVED,researchDraft,PRIMARY_RESEARCH_CANDIDATE,NOT_PRODUCTION_DATA,PRIMARY_RESEARCH_ONLY_NOT_SECOND_VERIFIED,true,false,false,sourceType:researchDraft;dataClass:PRIMARY_RESEARCH_CANDIDATE;verification:PRIMARY_RESEARCH_ONLY_NOT_SECOND_VERIFIED;productionStatus:NOT_PRODUCTION_DATA,
CF27_XBOXUNKNOWN_RTG_SKINTONE_024,data/research/cf27/catalog-candidates/research/partial-catalog-import-current/imported_research_catalog.json,$.records[85],catalog_record,RESEARCH_OBSERVED,researchDraft,PRIMARY_RESEARCH_CANDIDATE,NOT_PRODUCTION_DATA,PRIMARY_RESEARCH_ONLY_NOT_SECOND_VERIFIED,true,false,false,sourceType:researchDraft;dataClass:PRIMARY_RESEARCH_CANDIDATE;verification:PRIMARY_RESEARCH_ONLY_NOT_SECOND_VERIFIED;productionStatus:NOT_PRODUCTION_DATA,
CF27_XBOXUNKNOWN_RTG_EYECOLOR_006,data/research/cf27/catalog-candidates/research/partial-catalog-import-current/imported_research_catalog.json,$.records[9],catalog_record,RESEARCH_OBSERVED,researchDraft,PRIMARY_RESEARCH_CANDIDATE,NOT_PRODUCTION_DATA,PRIMARY_RESEARCH_ONLY_NOT_SECOND_VERIFIED,true,false,false,sourceType:researchDraft;dataClass:PRIMARY_RESEARCH_CANDIDATE;verification:PRIMARY_RESEARCH_ONLY_NOT_SECOND_VERIFIED;productionStatus:NOT_PRODUCTION_DATA,
env-cf27-research-video-001-rtg-path,data/research/cf27/catalog-candidates/research/road-to-glory-creation-path/capture_log.json,$,environment_record,RESEARCH_OBSERVED,,RESEARCH_CANDIDATE,NOT_PRODUCTION_DATA,,true,false,false,dataClass:RESEARCH_CANDIDATE;productionStatus:NOT_PRODUCTION_DATA,
evidence-cf27-video-001-source,data/research/cf27/catalog-candidates/research/road-to-glory-creation-path/creation_paths.json,$.creationPaths[0].reproducibleSteps[0].evidence,evidence_record,UNKNOWN_ORIGIN,,,,,true,false,false,,
evidence-cf27-video-001-source,data/research/cf27/catalog-candidates/research/road-to-glory-creation-path/creation_paths.json,$.creationPaths[0].reproducibleSteps[1].evidence,evidence_record,UNKNOWN_ORIGIN,,,,,true,false,false,,
evidence-cf27-video-001-source,data/research/cf27/catalog-candidates/research/road-to-glory-creation-path/creation_paths.json,$.creationPaths[0].reproducibleSteps[2].evidence,evidence_record,UNKNOWN_ORIGIN,,,,,true,false,false,,
evidence-cf27-video-001-source,data/research/cf27/catalog-candidates/research/road-to-glory-creation-path/creation_paths.json,$.creationPaths[0].reproducibleSteps[3].evidence,evidence_record,UNKNOWN_ORIGIN,,,,,true,false,false,,
evidence-cf27-video-001-source,data/research/cf27/catalog-candidates/research/road-to-glory-creation-path/creation_paths.json,$.creationPaths[0].reproducibleSteps[4].evidence,evidence_record,UNKNOWN_ORIGIN,,,,,true,false,false,,
evidence-cf27-video-001-source,data/research/cf27/catalog-candidates/research/road-to-glory-creation-path/creation_paths.json,$.creationPaths[0].reproducibleSteps[5].evidence,evidence_record,UNKNOWN_ORIGIN,,,,,true,false,false,,
evidence-cf27-video-001-source,data/research/cf27/catalog-candidates/research/road-to-glory-creation-path/creation_paths.json,$.creationPaths[0].reproducibleSteps[6].evidence,evidence_record,UNKNOWN_ORIGIN,,,,,true,false,false,,
evidence-cf27-video-001-source,data/research/cf27/catalog-candidates/research/road-to-glory-creation-path/creation_paths.json,$.creationPaths[0].reproducibleSteps[7].evidence,evidence_record,UNKNOWN_ORIGIN,,,,,true,false,false,,
evidence-cf27-video-001-source,data/research/cf27/catalog-candidates/research/road-to-glory-creation-path/creation_paths.json,$.creationPaths[0].reproducibleSteps[8].evidence,evidence_record,UNKNOWN_ORIGIN,,,,,true,false,false,,
env-cf27-research-video-001-rtg-path,data/research/cf27/catalog-candidates/research/road-to-glory-creation-path/environment_manifest.json,$,environment_record,RESEARCH_OBSERVED,,RESEARCH_CANDIDATE,NOT_PRODUCTION_DATA,,true,false,false,dataClass:RESEARCH_CANDIDATE;productionStatus:NOT_PRODUCTION_DATA,
env-cf27-research-video-001-rtg-path,data/research/cf27/catalog-candidates/research/road-to-glory-creation-path/evidence_references.json,$.evidenceFiles[0],environment_record,UNKNOWN_ORIGIN,,,,draft,true,false,false,verification:draft,
issue-cf27-video-001-missing-console-model,data/research/cf27/catalog-candidates/research/road-to-glory-creation-path/issues_and_exceptions.json,$.issues[0],issue_record,UNKNOWN_ORIGIN,,,,open,true,false,false,verification:open,
issue-cf27-video-001-missing-console-os-version,data/research/cf27/catalog-candidates/research/road-to-glory-creation-path/issues_and_exceptions.json,$.issues[1],issue_record,UNKNOWN_ORIGIN,,,,open,true,false,false,verification:open,
issue-cf27-video-001-missing-ea-account-state,data/research/cf27/catalog-candidates/research/road-to-glory-creation-path/issues_and_exceptions.json,$.issues[10],issue_record,UNKNOWN_ORIGIN,,,,open,true,false,false,verification:open,
issue-cf27-video-001-missing-output-resolution,data/research/cf27/catalog-candidates/research/road-to-glory-creation-path/issues_and_exceptions.json,$.issues[11],issue_record,UNKNOWN_ORIGIN,,,,open,true,false,false,verification:open,
issue-cf27-video-001-missing-hdr,data/research/cf27/catalog-candidates/research/road-to-glory-creation-path/issues_and_exceptions.json,$.issues[12],issue_record,UNKNOWN_ORIGIN,,,,open,true,false,false,verification:open,
issue-cf27-video-001-missing-display-model,data/research/cf27/catalog-candidates/research/road-to-glory-creation-path/issues_and_exceptions.json,$.issues[13],issue_record,UNKNOWN_ORIGIN,,,,open,true,false,false,verification:open,
issue-cf27-video-001-missing-capture-hardware,data/research/cf27/catalog-candidates/research/road-to-glory-creation-path/issues_and_exceptions.json,$.issues[14],issue_record,UNKNOWN_ORIGIN,,,,open,true,false,false,verification:open,
issue-cf27-video-001-hair-not-opened,data/research/cf27/catalog-candidates/research/road-to-glory-creation-path/issues_and_exceptions.json,$.issues[15],issue_record,UNKNOWN_ORIGIN,,,,open,true,false,false,verification:open,
issue-cf27-video-001-missing-edition,data/research/cf27/catalog-candidates/research/road-to-glory-creation-path/issues_and_exceptions.json,$.issues[2],issue_record,UNKNOWN_ORIGIN,,,,open,true,false,false,verification:open,
issue-cf27-video-001-missing-region,data/research/cf27/catalog-candidates/research/road-to-glory-creation-path/issues_and_exceptions.json,$.issues[3],issue_record,UNKNOWN_ORIGIN,,,,open,true,false,false,verification:open,
issue-cf27-video-001-missing-storefront,data/research/cf27/catalog-candidates/research/road-to-glory-creation-path/issues_and_exceptions.json,$.issues[4],issue_record,UNKNOWN_ORIGIN,,,,open,true,false,false,verification:open,
issue-cf27-video-001-missing-copy-type,data/research/cf27/catalog-candidates/research/road-to-glory-creation-path/issues_and_exceptions.json,$.issues[5],issue_record,UNKNOWN_ORIGIN,,,,open,true,false,false,verification:open,
issue-cf27-video-001-missing-game-executable-version,data/research/cf27/catalog-candidates/research/road-to-glory-creation-path/issues_and_exceptions.json,$.issues[6],issue_record,UNKNOWN_ORIGIN,,,,open,true,false,false,verification:open,
issue-cf27-video-001-missing-patch,data/research/cf27/catalog-candidates/research/road-to-glory-creation-path/issues_and_exceptions.json,$.issues[7],issue_record,UNKNOWN_ORIGIN,,,,open,true,false,false,verification:open,
issue-cf27-video-001-missing-latest-update-state,data/research/cf27/catalog-candidates/research/road-to-glory-creation-path/issues_and_exceptions.json,$.issues[8],issue_record,UNKNOWN_ORIGIN,,,,open,true,false,false,verification:open,
issue-cf27-video-001-missing-online-state,data/research/cf27/catalog-candidates/research/road-to-glory-creation-path/issues_and_exceptions.json,$.issues[9],issue_record,UNKNOWN_ORIGIN,,,,open,true,false,false,verification:open,
env-cf27-research-video-001-rtg-path,data/research/cf27/catalog-candidates/research/road-to-glory-creation-path/menu_map.json,$,environment_record,RESEARCH_OBSERVED,,RESEARCH_CANDIDATE,NOT_PRODUCTION_DATA,,true,false,false,dataClass:RESEARCH_CANDIDATE;productionStatus:NOT_PRODUCTION_DATA,
evidence-cf27-video-001-source,data/research/cf27/catalog-candidates/research/road-to-glory-creation-path/menu_map.json,$.items[0].evidence[0],evidence_record,UNKNOWN_ORIGIN,,,,,true,false,false,,
evidence-cf27-video-001-source,data/research/cf27/catalog-candidates/research/road-to-glory-creation-path/menu_map.json,$.items[1].evidence[0],evidence_record,UNKNOWN_ORIGIN,,,,,true,false,false,,
evidence-cf27-video-001-source,data/research/cf27/catalog-candidates/research/road-to-glory-creation-path/menu_map.json,$.items[10].evidence[0],evidence_record,UNKNOWN_ORIGIN,,,,,true,false,false,,
evidence-cf27-video-001-source,data/research/cf27/catalog-candidates/research/road-to-glory-creation-path/menu_map.json,$.items[10].evidence[1],evidence_record,UNKNOWN_ORIGIN,,,,,true,false,false,,
evidence-cf27-video-001-source,data/research/cf27/catalog-candidates/research/road-to-glory-creation-path/menu_map.json,$.items[11].evidence[0],evidence_record,UNKNOWN_ORIGIN,,,,,true,false,false,,
evidence-cf27-video-001-source,data/research/cf27/catalog-candidates/research/road-to-glory-creation-path/menu_map.json,$.items[11].evidence[1],evidence_record,UNKNOWN_ORIGIN,,,,,true,false,false,,
evidence-cf27-video-001-source,data/research/cf27/catalog-candidates/research/road-to-glory-creation-path/menu_map.json,$.items[12].evidence[0],evidence_record,UNKNOWN_ORIGIN,,,,,true,false,false,,
evidence-cf27-video-001-source,data/research/cf27/catalog-candidates/research/road-to-glory-creation-path/menu_map.json,$.items[13].evidence[0],evidence_record,UNKNOWN_ORIGIN,,,,,true,false,false,,
evidence-cf27-video-001-source,data/research/cf27/catalog-candidates/research/road-to-glory-creation-path/menu_map.json,$.items[2].evidence[0],evidence_record,UNKNOWN_ORIGIN,,,,,true,false,false,,
evidence-cf27-video-001-source,data/research/cf27/catalog-candidates/research/road-to-glory-creation-path/menu_map.json,$.items[3].evidence[0],evidence_record,UNKNOWN_ORIGIN,,,,,true,false,false,,
evidence-cf27-video-001-source,data/research/cf27/catalog-candidates/research/road-to-glory-creation-path/menu_map.json,$.items[4].evidence[0],evidence_record,UNKNOWN_ORIGIN,,,,,true,false,false,,
evidence-cf27-video-001-source,data/research/cf27/catalog-candidates/research/road-to-glory-creation-path/menu_map.json,$.items[5].evidence[0],evidence_record,UNKNOWN_ORIGIN,,,,,true,false,false,,
evidence-cf27-video-001-source,data/research/cf27/catalog-candidates/research/road-to-glory-creation-path/menu_map.json,$.items[6].evidence[0],evidence_record,UNKNOWN_ORIGIN,,,,,true,false,false,,
evidence-cf27-video-001-source,data/research/cf27/catalog-candidates/research/road-to-glory-creation-path/menu_map.json,$.items[7].evidence[0],evidence_record,UNKNOWN_ORIGIN,,,,,true,false,false,,
evidence-cf27-video-001-source,data/research/cf27/catalog-candidates/research/road-to-glory-creation-path/menu_map.json,$.items[8].evidence[0],evidence_record,UNKNOWN_ORIGIN,,,,,true,false,false,,
evidence-cf27-video-001-source,data/research/cf27/catalog-candidates/research/road-to-glory-creation-path/menu_map.json,$.items[9].evidence[0],evidence_record,UNKNOWN_ORIGIN,,,,,true,false,false,,
CF27_XBOXUNKNOWN_RTG_SKINDETAILS_001,data/research/cf27/catalog-candidates/research/skin-details-options-001-010/skin_details_research_candidates.json,$.nativeOrder[0],catalog_record,UNKNOWN_ORIGIN,,,,,false,false,false,,
CF27_XBOXUNKNOWN_RTG_SKINDETAILS_002,data/research/cf27/catalog-candidates/research/skin-details-options-001-010/skin_details_research_candidates.json,$.nativeOrder[1],catalog_record,UNKNOWN_ORIGIN,,,,,false,false,false,,
CF27_XBOXUNKNOWN_RTG_SKINDETAILS_003,data/research/cf27/catalog-candidates/research/skin-details-options-001-010/skin_details_research_candidates.json,$.nativeOrder[2],catalog_record,UNKNOWN_ORIGIN,,,,,false,false,false,,
CF27_XBOXUNKNOWN_RTG_SKINDETAILS_004,data/research/cf27/catalog-candidates/research/skin-details-options-001-010/skin_details_research_candidates.json,$.nativeOrder[3],catalog_record,UNKNOWN_ORIGIN,,,,,false,false,false,,
CF27_XBOXUNKNOWN_RTG_SKINDETAILS_005,data/research/cf27/catalog-candidates/research/skin-details-options-001-010/skin_details_research_candidates.json,$.nativeOrder[4],catalog_record,UNKNOWN_ORIGIN,,,,,false,false,false,,
CF27_XBOXUNKNOWN_RTG_SKINDETAILS_006,data/research/cf27/catalog-candidates/research/skin-details-options-001-010/skin_details_research_candidates.json,$.nativeOrder[5],catalog_record,UNKNOWN_ORIGIN,,,,,false,false,false,,
CF27_XBOXUNKNOWN_RTG_SKINDETAILS_007,data/research/cf27/catalog-candidates/research/skin-details-options-001-010/skin_details_research_candidates.json,$.nativeOrder[6],catalog_record,UNKNOWN_ORIGIN,,,,,false,false,false,,
CF27_XBOXUNKNOWN_RTG_SKINDETAILS_008,data/research/cf27/catalog-candidates/research/skin-details-options-001-010/skin_details_research_candidates.json,$.nativeOrder[7],catalog_record,UNKNOWN_ORIGIN,,,,,false,false,false,,
CF27_XBOXUNKNOWN_RTG_SKINDETAILS_009,data/research/cf27/catalog-candidates/research/skin-details-options-001-010/skin_details_research_candidates.json,$.nativeOrder[8],catalog_record,UNKNOWN_ORIGIN,,,,,false,false,false,,
CF27_XBOXUNKNOWN_RTG_SKINDETAILS_010,data/research/cf27/catalog-candidates/research/skin-details-options-001-010/skin_details_research_candidates.json,$.nativeOrder[9],catalog_record,UNKNOWN_ORIGIN,,,,,false,false,false,,
CF27_XBOXUNKNOWN_RTG_SKINDETAILS_001,data/research/cf27/catalog-candidates/research/skin-details-options-001-010/skin_details_research_candidates.json,$.records[0],catalog_record,RESEARCH_OBSERVED,,,NOT_PRODUCTION_DATA,NOT_VERIFIED,true,false,false,verification:NOT_VERIFIED;productionStatus:NOT_PRODUCTION_DATA,
CF27_XBOXUNKNOWN_RTG_SKINDETAILS_002,data/research/cf27/catalog-candidates/research/skin-details-options-001-010/skin_details_research_candidates.json,$.records[1],catalog_record,RESEARCH_OBSERVED,,,NOT_PRODUCTION_DATA,NOT_VERIFIED,true,false,false,verification:NOT_VERIFIED;productionStatus:NOT_PRODUCTION_DATA,
CF27_XBOXUNKNOWN_RTG_SKINDETAILS_003,data/research/cf27/catalog-candidates/research/skin-details-options-001-010/skin_details_research_candidates.json,$.records[2],catalog_record,RESEARCH_OBSERVED,,,NOT_PRODUCTION_DATA,NOT_VERIFIED,true,false,false,verification:NOT_VERIFIED;productionStatus:NOT_PRODUCTION_DATA,
CF27_XBOXUNKNOWN_RTG_SKINDETAILS_004,data/research/cf27/catalog-candidates/research/skin-details-options-001-010/skin_details_research_candidates.json,$.records[3],catalog_record,RESEARCH_OBSERVED,,,NOT_PRODUCTION_DATA,NOT_VERIFIED,true,false,false,verification:NOT_VERIFIED;productionStatus:NOT_PRODUCTION_DATA,
CF27_XBOXUNKNOWN_RTG_SKINDETAILS_005,data/research/cf27/catalog-candidates/research/skin-details-options-001-010/skin_details_research_candidates.json,$.records[4],catalog_record,RESEARCH_OBSERVED,,,NOT_PRODUCTION_DATA,NOT_VERIFIED,true,false,false,verification:NOT_VERIFIED;productionStatus:NOT_PRODUCTION_DATA,
CF27_XBOXUNKNOWN_RTG_SKINDETAILS_006,data/research/cf27/catalog-candidates/research/skin-details-options-001-010/skin_details_research_candidates.json,$.records[5],catalog_record,RESEARCH_OBSERVED,,,NOT_PRODUCTION_DATA,NOT_VERIFIED,true,false,false,verification:NOT_VERIFIED;productionStatus:NOT_PRODUCTION_DATA,
CF27_XBOXUNKNOWN_RTG_SKINDETAILS_007,data/research/cf27/catalog-candidates/research/skin-details-options-001-010/skin_details_research_candidates.json,$.records[6],catalog_record,RESEARCH_OBSERVED,,,NOT_PRODUCTION_DATA,NOT_VERIFIED,true,false,false,verification:NOT_VERIFIED;productionStatus:NOT_PRODUCTION_DATA,
CF27_XBOXUNKNOWN_RTG_SKINDETAILS_008,data/research/cf27/catalog-candidates/research/skin-details-options-001-010/skin_details_research_candidates.json,$.records[7],catalog_record,RESEARCH_OBSERVED,,,NOT_PRODUCTION_DATA,NOT_VERIFIED,true,false,false,verification:NOT_VERIFIED;productionStatus:NOT_PRODUCTION_DATA,
CF27_XBOXUNKNOWN_RTG_SKINDETAILS_009,data/research/cf27/catalog-candidates/research/skin-details-options-001-010/skin_details_research_candidates.json,$.records[8],catalog_record,RESEARCH_OBSERVED,,,NOT_PRODUCTION_DATA,NOT_VERIFIED,true,false,false,verification:NOT_VERIFIED;productionStatus:NOT_PRODUCTION_DATA,
CF27_XBOXUNKNOWN_RTG_SKINDETAILS_010,data/research/cf27/catalog-candidates/research/skin-details-options-001-010/skin_details_research_candidates.json,$.records[9],catalog_record,RESEARCH_OBSERVED,,,NOT_PRODUCTION_DATA,NOT_VERIFIED,true,false,false,verification:NOT_VERIFIED;productionStatus:NOT_PRODUCTION_DATA,
CF27_XBOXUNKNOWN_RTG_SKINDETAILS_001,data/research/cf27/catalog-candidates/research/skin-details-options-001-010/skin_details_research_candidates.json,$.selectionSequence[0],catalog_record,UNKNOWN_ORIGIN,,,,,false,false,false,,
CF27_XBOXUNKNOWN_RTG_SKINDETAILS_002,data/research/cf27/catalog-candidates/research/skin-details-options-001-010/skin_details_research_candidates.json,$.selectionSequence[1],catalog_record,UNKNOWN_ORIGIN,,,,,false,false,false,,
CF27_XBOXUNKNOWN_RTG_SKINDETAILS_003,data/research/cf27/catalog-candidates/research/skin-details-options-001-010/skin_details_research_candidates.json,$.selectionSequence[2],catalog_record,UNKNOWN_ORIGIN,,,,,false,false,false,,
CF27_XBOXUNKNOWN_RTG_SKINDETAILS_004,data/research/cf27/catalog-candidates/research/skin-details-options-001-010/skin_details_research_candidates.json,$.selectionSequence[3],catalog_record,UNKNOWN_ORIGIN,,,,,false,false,false,,
CF27_XBOXUNKNOWN_RTG_SKINDETAILS_008,data/research/cf27/catalog-candidates/research/skin-details-options-001-010/skin_details_research_candidates.json,$.selectionSequence[4],catalog_record,UNKNOWN_ORIGIN,,,,,false,false,false,,
CF27_XBOXUNKNOWN_RTG_SKINDETAILS_007,data/research/cf27/catalog-candidates/research/skin-details-options-001-010/skin_details_research_candidates.json,$.selectionSequence[5],catalog_record,UNKNOWN_ORIGIN,,,,,false,false,false,,
CF27_XBOXUNKNOWN_RTG_SKINDETAILS_006,data/research/cf27/catalog-candidates/research/skin-details-options-001-010/skin_details_research_candidates.json,$.selectionSequence[6],catalog_record,UNKNOWN_ORIGIN,,,,,false,false,false,,
CF27_XBOXUNKNOWN_RTG_SKINDETAILS_005,data/research/cf27/catalog-candidates/research/skin-details-options-001-010/skin_details_research_candidates.json,$.selectionSequence[7],catalog_record,UNKNOWN_ORIGIN,,,,,false,false,false,,
CF27_XBOXUNKNOWN_RTG_SKINDETAILS_009,data/research/cf27/catalog-candidates/research/skin-details-options-001-010/skin_details_research_candidates.json,$.selectionSequence[8],catalog_record,UNKNOWN_ORIGIN,,,,,false,false,false,,
CF27_XBOXUNKNOWN_RTG_SKINDETAILS_010,data/research/cf27/catalog-candidates/research/skin-details-options-001-010/skin_details_research_candidates.json,$.selectionSequence[9],catalog_record,UNKNOWN_ORIGIN,,,,,false,false,false,,
CF27_XBOXUNKNOWN_RTG_SKINTONE_001,data/research/cf27/catalog-candidates/research/skin-tone-values-001-024/skin_tone_research_candidates.json,$.records[0],catalog_record,RESEARCH_OBSERVED,,,NOT_PRODUCTION_DATA,NOT_VERIFIED,true,false,false,verification:NOT_VERIFIED;productionStatus:NOT_PRODUCTION_DATA,
CF27_XBOXUNKNOWN_RTG_SKINTONE_002,data/research/cf27/catalog-candidates/research/skin-tone-values-001-024/skin_tone_research_candidates.json,$.records[1],catalog_record,RESEARCH_OBSERVED,,,NOT_PRODUCTION_DATA,NOT_VERIFIED,true,false,false,verification:NOT_VERIFIED;productionStatus:NOT_PRODUCTION_DATA,
CF27_XBOXUNKNOWN_RTG_SKINTONE_011,data/research/cf27/catalog-candidates/research/skin-tone-values-001-024/skin_tone_research_candidates.json,$.records[10],catalog_record,RESEARCH_OBSERVED,,,NOT_PRODUCTION_DATA,NOT_VERIFIED,true,false,false,verification:NOT_VERIFIED;productionStatus:NOT_PRODUCTION_DATA,
CF27_XBOXUNKNOWN_RTG_SKINTONE_012,data/research/cf27/catalog-candidates/research/skin-tone-values-001-024/skin_tone_research_candidates.json,$.records[11],catalog_record,RESEARCH_OBSERVED,,,NOT_PRODUCTION_DATA,NOT_VERIFIED,true,false,false,verification:NOT_VERIFIED;productionStatus:NOT_PRODUCTION_DATA,
CF27_XBOXUNKNOWN_RTG_SKINTONE_013,data/research/cf27/catalog-candidates/research/skin-tone-values-001-024/skin_tone_research_candidates.json,$.records[12],catalog_record,RESEARCH_OBSERVED,,,NOT_PRODUCTION_DATA,NOT_VERIFIED,true,false,false,verification:NOT_VERIFIED;productionStatus:NOT_PRODUCTION_DATA,
CF27_XBOXUNKNOWN_RTG_SKINTONE_014,data/research/cf27/catalog-candidates/research/skin-tone-values-001-024/skin_tone_research_candidates.json,$.records[13],catalog_record,RESEARCH_OBSERVED,,,NOT_PRODUCTION_DATA,NOT_VERIFIED,true,false,false,verification:NOT_VERIFIED;productionStatus:NOT_PRODUCTION_DATA,
CF27_XBOXUNKNOWN_RTG_SKINTONE_015,data/research/cf27/catalog-candidates/research/skin-tone-values-001-024/skin_tone_research_candidates.json,$.records[14],catalog_record,RESEARCH_OBSERVED,,,NOT_PRODUCTION_DATA,NOT_VERIFIED,true,false,false,verification:NOT_VERIFIED;productionStatus:NOT_PRODUCTION_DATA,
CF27_XBOXUNKNOWN_RTG_SKINTONE_016,data/research/cf27/catalog-candidates/research/skin-tone-values-001-024/skin_tone_research_candidates.json,$.records[15],catalog_record,RESEARCH_OBSERVED,,,NOT_PRODUCTION_DATA,NOT_VERIFIED,true,false,false,verification:NOT_VERIFIED;productionStatus:NOT_PRODUCTION_DATA,
CF27_XBOXUNKNOWN_RTG_SKINTONE_017,data/research/cf27/catalog-candidates/research/skin-tone-values-001-024/skin_tone_research_candidates.json,$.records[16],catalog_record,RESEARCH_OBSERVED,,,NOT_PRODUCTION_DATA,NOT_VERIFIED,true,false,false,verification:NOT_VERIFIED;productionStatus:NOT_PRODUCTION_DATA,
CF27_XBOXUNKNOWN_RTG_SKINTONE_018,data/research/cf27/catalog-candidates/research/skin-tone-values-001-024/skin_tone_research_candidates.json,$.records[17],catalog_record,RESEARCH_OBSERVED,,,NOT_PRODUCTION_DATA,NOT_VERIFIED,true,false,false,verification:NOT_VERIFIED;productionStatus:NOT_PRODUCTION_DATA,
CF27_XBOXUNKNOWN_RTG_SKINTONE_019,data/research/cf27/catalog-candidates/research/skin-tone-values-001-024/skin_tone_research_candidates.json,$.records[18],catalog_record,RESEARCH_OBSERVED,,,NOT_PRODUCTION_DATA,NOT_VERIFIED,true,false,false,verification:NOT_VERIFIED;productionStatus:NOT_PRODUCTION_DATA,
CF27_XBOXUNKNOWN_RTG_SKINTONE_020,data/research/cf27/catalog-candidates/research/skin-tone-values-001-024/skin_tone_research_candidates.json,$.records[19],catalog_record,RESEARCH_OBSERVED,,,NOT_PRODUCTION_DATA,NOT_VERIFIED,true,false,false,verification:NOT_VERIFIED;productionStatus:NOT_PRODUCTION_DATA,
CF27_XBOXUNKNOWN_RTG_SKINTONE_003,data/research/cf27/catalog-candidates/research/skin-tone-values-001-024/skin_tone_research_candidates.json,$.records[2],catalog_record,RESEARCH_OBSERVED,,,NOT_PRODUCTION_DATA,NOT_VERIFIED,true,false,false,verification:NOT_VERIFIED;productionStatus:NOT_PRODUCTION_DATA,
CF27_XBOXUNKNOWN_RTG_SKINTONE_021,data/research/cf27/catalog-candidates/research/skin-tone-values-001-024/skin_tone_research_candidates.json,$.records[20],catalog_record,RESEARCH_OBSERVED,,,NOT_PRODUCTION_DATA,NOT_VERIFIED,true,false,false,verification:NOT_VERIFIED;productionStatus:NOT_PRODUCTION_DATA,
CF27_XBOXUNKNOWN_RTG_SKINTONE_022,data/research/cf27/catalog-candidates/research/skin-tone-values-001-024/skin_tone_research_candidates.json,$.records[21],catalog_record,RESEARCH_OBSERVED,,,NOT_PRODUCTION_DATA,NOT_VERIFIED,true,false,false,verification:NOT_VERIFIED;productionStatus:NOT_PRODUCTION_DATA,
CF27_XBOXUNKNOWN_RTG_SKINTONE_023,data/research/cf27/catalog-candidates/research/skin-tone-values-001-024/skin_tone_research_candidates.json,$.records[22],catalog_record,RESEARCH_OBSERVED,,,NOT_PRODUCTION_DATA,NOT_VERIFIED,true,false,false,verification:NOT_VERIFIED;productionStatus:NOT_PRODUCTION_DATA,
CF27_XBOXUNKNOWN_RTG_SKINTONE_024,data/research/cf27/catalog-candidates/research/skin-tone-values-001-024/skin_tone_research_candidates.json,$.records[23],catalog_record,RESEARCH_OBSERVED,,,NOT_PRODUCTION_DATA,NOT_VERIFIED,true,false,false,verification:NOT_VERIFIED;productionStatus:NOT_PRODUCTION_DATA,
CF27_XBOXUNKNOWN_RTG_SKINTONE_004,data/research/cf27/catalog-candidates/research/skin-tone-values-001-024/skin_tone_research_candidates.json,$.records[3],catalog_record,RESEARCH_OBSERVED,,,NOT_PRODUCTION_DATA,NOT_VERIFIED,true,false,false,verification:NOT_VERIFIED;productionStatus:NOT_PRODUCTION_DATA,
CF27_XBOXUNKNOWN_RTG_SKINTONE_005,data/research/cf27/catalog-candidates/research/skin-tone-values-001-024/skin_tone_research_candidates.json,$.records[4],catalog_record,RESEARCH_OBSERVED,,,NOT_PRODUCTION_DATA,NOT_VERIFIED,true,false,false,verification:NOT_VERIFIED;productionStatus:NOT_PRODUCTION_DATA,
CF27_XBOXUNKNOWN_RTG_SKINTONE_006,data/research/cf27/catalog-candidates/research/skin-tone-values-001-024/skin_tone_research_candidates.json,$.records[5],catalog_record,RESEARCH_OBSERVED,,,NOT_PRODUCTION_DATA,NOT_VERIFIED,true,false,false,verification:NOT_VERIFIED;productionStatus:NOT_PRODUCTION_DATA,
CF27_XBOXUNKNOWN_RTG_SKINTONE_007,data/research/cf27/catalog-candidates/research/skin-tone-values-001-024/skin_tone_research_candidates.json,$.records[6],catalog_record,RESEARCH_OBSERVED,,,NOT_PRODUCTION_DATA,NOT_VERIFIED,true,false,false,verification:NOT_VERIFIED;productionStatus:NOT_PRODUCTION_DATA,
CF27_XBOXUNKNOWN_RTG_SKINTONE_008,data/research/cf27/catalog-candidates/research/skin-tone-values-001-024/skin_tone_research_candidates.json,$.records[7],catalog_record,RESEARCH_OBSERVED,,,NOT_PRODUCTION_DATA,NOT_VERIFIED,true,false,false,verification:NOT_VERIFIED;productionStatus:NOT_PRODUCTION_DATA,
CF27_XBOXUNKNOWN_RTG_SKINTONE_009,data/research/cf27/catalog-candidates/research/skin-tone-values-001-024/skin_tone_research_candidates.json,$.records[8],catalog_record,RESEARCH_OBSERVED,,,NOT_PRODUCTION_DATA,NOT_VERIFIED,true,false,false,verification:NOT_VERIFIED;productionStatus:NOT_PRODUCTION_DATA,
CF27_XBOXUNKNOWN_RTG_SKINTONE_010,data/research/cf27/catalog-candidates/research/skin-tone-values-001-024/skin_tone_research_candidates.json,$.records[9],catalog_record,RESEARCH_OBSERVED,,,NOT_PRODUCTION_DATA,NOT_VERIFIED,true,false,false,verification:NOT_VERIFIED;productionStatus:NOT_PRODUCTION_DATA,
capture-event-video-001-tl-001,data/research/cf27/exports/partial-research-catalog-current/capture_log.json,$.payload.events[0],capture_log_record,UNKNOWN_ORIGIN,,,,,true,false,false,,
capture-event-video-001-tl-002,data/research/cf27/exports/partial-research-catalog-current/capture_log.json,$.payload.events[1],capture_log_record,UNKNOWN_ORIGIN,,,,,true,false,false,,
capture-event-video-001-tl-011,data/research/cf27/exports/partial-research-catalog-current/capture_log.json,$.payload.events[10],capture_log_record,UNKNOWN_ORIGIN,,,,,true,false,false,,
capture-event-video-009-tl-001,data/research/cf27/exports/partial-research-catalog-current/capture_log.json,$.payload.events[100],capture_log_record,UNKNOWN_ORIGIN,,,,,true,false,false,,
capture-event-video-009-tl-002,data/research/cf27/exports/partial-research-catalog-current/capture_log.json,$.payload.events[101],catalog_record,UNKNOWN_ORIGIN,,,,,true,false,false,,
capture-event-video-009-tl-003,data/research/cf27/exports/partial-research-catalog-current/capture_log.json,$.payload.events[102],catalog_record,UNKNOWN_ORIGIN,,,,,true,false,false,,
capture-event-video-009-tl-004,data/research/cf27/exports/partial-research-catalog-current/capture_log.json,$.payload.events[103],catalog_record,UNKNOWN_ORIGIN,,,,,true,false,false,,
capture-event-video-009-tl-005,data/research/cf27/exports/partial-research-catalog-current/capture_log.json,$.payload.events[104],catalog_record,UNKNOWN_ORIGIN,,,,,true,false,false,,
capture-event-video-009-tl-006,data/research/cf27/exports/partial-research-catalog-current/capture_log.json,$.payload.events[105],catalog_record,UNKNOWN_ORIGIN,,,,,true,false,false,,
capture-event-video-001-tl-012,data/research/cf27/exports/partial-research-catalog-current/capture_log.json,$.payload.events[11],capture_log_record,UNKNOWN_ORIGIN,,,,,true,false,false,,
capture-event-video-002-tl-001,data/research/cf27/exports/partial-research-catalog-current/capture_log.json,$.payload.events[12],capture_log_record,UNKNOWN_ORIGIN,,,,,true,false,false,,
capture-event-video-002-tl-002,data/research/cf27/exports/partial-research-catalog-current/capture_log.json,$.payload.events[13],capture_log_record,UNKNOWN_ORIGIN,,,,,true,false,false,,
capture-event-video-002-tl-003,data/research/cf27/exports/partial-research-catalog-current/capture_log.json,$.payload.events[14],capture_log_record,UNKNOWN_ORIGIN,,,,,true,false,false,,
capture-event-video-002-tl-004,data/research/cf27/exports/partial-research-catalog-current/capture_log.json,$.payload.events[15],catalog_record,UNKNOWN_ORIGIN,,,,,true,false,false,,
capture-event-video-002-tl-005,data/research/cf27/exports/partial-research-catalog-current/capture_log.json,$.payload.events[16],catalog_record,UNKNOWN_ORIGIN,,,,,true,false,false,,
capture-event-video-002-tl-006,data/research/cf27/exports/partial-research-catalog-current/capture_log.json,$.payload.events[17],catalog_record,UNKNOWN_ORIGIN,,,,,true,false,false,,
capture-event-video-002-tl-007,data/research/cf27/exports/partial-research-catalog-current/capture_log.json,$.payload.events[18],catalog_record,UNKNOWN_ORIGIN,,,,,true,false,false,,
capture-event-video-002-tl-008,data/research/cf27/exports/partial-research-catalog-current/capture_log.json,$.payload.events[19],catalog_record,UNKNOWN_ORIGIN,,,,,true,false,false,,
capture-event-video-001-tl-003,data/research/cf27/exports/partial-research-catalog-current/capture_log.json,$.payload.events[2],capture_log_record,UNKNOWN_ORIGIN,,,,,true,false,false,,
capture-event-video-002-tl-009,data/research/cf27/exports/partial-research-catalog-current/capture_log.json,$.payload.events[20],catalog_record,UNKNOWN_ORIGIN,,,,,true,false,false,,
capture-event-video-002-tl-010,data/research/cf27/exports/partial-research-catalog-current/capture_log.json,$.payload.events[21],catalog_record,UNKNOWN_ORIGIN,,,,,true,false,false,,
capture-event-video-002-tl-011,data/research/cf27/exports/partial-research-catalog-current/capture_log.json,$.payload.events[22],catalog_record,UNKNOWN_ORIGIN,,,,,true,false,false,,
capture-event-video-002-tl-012,data/research/cf27/exports/partial-research-catalog-current/capture_log.json,$.payload.events[23],catalog_record,UNKNOWN_ORIGIN,,,,,true,false,false,,
capture-event-video-002-tl-013,data/research/cf27/exports/partial-research-catalog-current/capture_log.json,$.payload.events[24],catalog_record,UNKNOWN_ORIGIN,,,,,true,false,false,,
capture-event-video-002-tl-014,data/research/cf27/exports/partial-research-catalog-current/capture_log.json,$.payload.events[25],catalog_record,UNKNOWN_ORIGIN,,,,,true,false,false,,
capture-event-video-002-tl-015,data/research/cf27/exports/partial-research-catalog-current/capture_log.json,$.payload.events[26],catalog_record,UNKNOWN_ORIGIN,,,,,true,false,false,,
capture-event-video-002-tl-016,data/research/cf27/exports/partial-research-catalog-current/capture_log.json,$.payload.events[27],catalog_record,UNKNOWN_ORIGIN,,,,,true,false,false,,
capture-event-video-003-tl-001,data/research/cf27/exports/partial-research-catalog-current/capture_log.json,$.payload.events[28],catalog_record,UNKNOWN_ORIGIN,,,,,true,false,false,,
capture-event-video-003-tl-002,data/research/cf27/exports/partial-research-catalog-current/capture_log.json,$.payload.events[29],catalog_record,UNKNOWN_ORIGIN,,,,,true,false,false,,
capture-event-video-001-tl-004,data/research/cf27/exports/partial-research-catalog-current/capture_log.json,$.payload.events[3],capture_log_record,UNKNOWN_ORIGIN,,,,,true,false,false,,
capture-event-video-003-tl-003,data/research/cf27/exports/partial-research-catalog-current/capture_log.json,$.payload.events[30],catalog_record,UNKNOWN_ORIGIN,,,,,true,false,false,,
capture-event-video-003-tl-004,data/research/cf27/exports/partial-research-catalog-current/capture_log.json,$.payload.events[31],catalog_record,UNKNOWN_ORIGIN,,,,,true,false,false,,
capture-event-video-003-tl-005,data/research/cf27/exports/partial-research-catalog-current/capture_log.json,$.payload.events[32],catalog_record,UNKNOWN_ORIGIN,,,,,true,false,false,,
capture-event-video-003-tl-006,data/research/cf27/exports/partial-research-catalog-current/capture_log.json,$.payload.events[33],catalog_record,UNKNOWN_ORIGIN,,,,,true,false,false,,
capture-event-video-003-tl-007,data/research/cf27/exports/partial-research-catalog-current/capture_log.json,$.payload.events[34],catalog_record,UNKNOWN_ORIGIN,,,,,true,false,false,,
capture-event-video-003-tl-008,data/research/cf27/exports/partial-research-catalog-current/capture_log.json,$.payload.events[35],catalog_record,UNKNOWN_ORIGIN,,,,,true,false,false,,
capture-event-video-003-tl-009,data/research/cf27/exports/partial-research-catalog-current/capture_log.json,$.payload.events[36],catalog_record,UNKNOWN_ORIGIN,,,,,true,false,false,,
capture-event-video-003-tl-010,data/research/cf27/exports/partial-research-catalog-current/capture_log.json,$.payload.events[37],catalog_record,UNKNOWN_ORIGIN,,,,,true,false,false,,
capture-event-video-003-tl-011,data/research/cf27/exports/partial-research-catalog-current/capture_log.json,$.payload.events[38],catalog_record,UNKNOWN_ORIGIN,,,,,true,false,false,,
capture-event-video-003-tl-012,data/research/cf27/exports/partial-research-catalog-current/capture_log.json,$.payload.events[39],catalog_record,UNKNOWN_ORIGIN,,,,,true,false,false,,
capture-event-video-001-tl-005,data/research/cf27/exports/partial-research-catalog-current/capture_log.json,$.payload.events[4],capture_log_record,UNKNOWN_ORIGIN,,,,,true,false,false,,
capture-event-video-003-tl-013,data/research/cf27/exports/partial-research-catalog-current/capture_log.json,$.payload.events[40],capture_log_record,UNKNOWN_ORIGIN,,,,,true,false,false,,
capture-event-video-003-tl-014,data/research/cf27/exports/partial-research-catalog-current/capture_log.json,$.payload.events[41],capture_log_record,UNKNOWN_ORIGIN,,,,,true,false,false,,
capture-event-video-003-tl-015,data/research/cf27/exports/partial-research-catalog-current/capture_log.json,$.payload.events[42],catalog_record,UNKNOWN_ORIGIN,,,,,true,false,false,,
capture-event-video-004-tl-001,data/research/cf27/exports/partial-research-catalog-current/capture_log.json,$.payload.events[43],capture_log_record,UNKNOWN_ORIGIN,,,,,true,false,false,,
capture-event-video-004-tl-002,data/research/cf27/exports/partial-research-catalog-current/capture_log.json,$.payload.events[44],catalog_record,UNKNOWN_ORIGIN,,,,,true,false,false,,
capture-event-video-004-tl-003,data/research/cf27/exports/partial-research-catalog-current/capture_log.json,$.payload.events[45],catalog_record,UNKNOWN_ORIGIN,,,,,true,false,false,,
capture-event-video-004-tl-004,data/research/cf27/exports/partial-research-catalog-current/capture_log.json,$.payload.events[46],catalog_record,UNKNOWN_ORIGIN,,,,,true,false,false,,
capture-event-video-004-tl-005,data/research/cf27/exports/partial-research-catalog-current/capture_log.json,$.payload.events[47],catalog_record,UNKNOWN_ORIGIN,,,,,true,false,false,,
capture-event-video-004-tl-006,data/research/cf27/exports/partial-research-catalog-current/capture_log.json,$.payload.events[48],catalog_record,UNKNOWN_ORIGIN,,,,,true,false,false,,
capture-event-video-004-tl-007,data/research/cf27/exports/partial-research-catalog-current/capture_log.json,$.payload.events[49],catalog_record,UNKNOWN_ORIGIN,,,,,true,false,false,,
capture-event-video-001-tl-006,data/research/cf27/exports/partial-research-catalog-current/capture_log.json,$.payload.events[5],capture_log_record,UNKNOWN_ORIGIN,,,,,true,false,false,,
capture-event-video-004-tl-008,data/research/cf27/exports/partial-research-catalog-current/capture_log.json,$.payload.events[50],catalog_record,UNKNOWN_ORIGIN,,,,,true,false,false,,
capture-event-video-004-tl-009,data/research/cf27/exports/partial-research-catalog-current/capture_log.json,$.payload.events[51],catalog_record,UNKNOWN_ORIGIN,,,,,true,false,false,,
capture-event-video-004-tl-010,data/research/cf27/exports/partial-research-catalog-current/capture_log.json,$.payload.events[52],catalog_record,UNKNOWN_ORIGIN,,,,,true,false,false,,
capture-event-video-004-tl-011,data/research/cf27/exports/partial-research-catalog-current/capture_log.json,$.payload.events[53],catalog_record,UNKNOWN_ORIGIN,,,,,true,false,false,,
capture-event-video-004-tl-012,data/research/cf27/exports/partial-research-catalog-current/capture_log.json,$.payload.events[54],capture_log_record,UNKNOWN_ORIGIN,,,,,true,false,false,,
capture-event-video-004-tl-013,data/research/cf27/exports/partial-research-catalog-current/capture_log.json,$.payload.events[55],catalog_record,UNKNOWN_ORIGIN,,,,,true,false,false,,
capture-event-video-004-tl-014,data/research/cf27/exports/partial-research-catalog-current/capture_log.json,$.payload.events[56],catalog_record,UNKNOWN_ORIGIN,,,,,true,false,false,,
capture-event-video-004-tl-015,data/research/cf27/exports/partial-research-catalog-current/capture_log.json,$.payload.events[57],catalog_record,UNKNOWN_ORIGIN,,,,,true,false,false,,
capture-event-video-004-tl-016,data/research/cf27/exports/partial-research-catalog-current/capture_log.json,$.payload.events[58],catalog_record,UNKNOWN_ORIGIN,,,,,true,false,false,,
capture-event-video-004-tl-017,data/research/cf27/exports/partial-research-catalog-current/capture_log.json,$.payload.events[59],catalog_record,UNKNOWN_ORIGIN,,,,,true,false,false,,
capture-event-video-001-tl-007,data/research/cf27/exports/partial-research-catalog-current/capture_log.json,$.payload.events[6],capture_log_record,UNKNOWN_ORIGIN,,,,,true,false,false,,
capture-event-video-004-tl-018,data/research/cf27/exports/partial-research-catalog-current/capture_log.json,$.payload.events[60],catalog_record,UNKNOWN_ORIGIN,,,,,true,false,false,,
capture-event-video-004-tl-019,data/research/cf27/exports/partial-research-catalog-current/capture_log.json,$.payload.events[61],catalog_record,UNKNOWN_ORIGIN,,,,,true,false,false,,
capture-event-video-004-tl-020,data/research/cf27/exports/partial-research-catalog-current/capture_log.json,$.payload.events[62],catalog_record,UNKNOWN_ORIGIN,,,,,true,false,false,,
capture-event-video-004-tl-021,data/research/cf27/exports/partial-research-catalog-current/capture_log.json,$.payload.events[63],catalog_record,UNKNOWN_ORIGIN,,,,,true,false,false,,
capture-event-video-004-tl-022,data/research/cf27/exports/partial-research-catalog-current/capture_log.json,$.payload.events[64],catalog_record,UNKNOWN_ORIGIN,,,,,true,false,false,,
capture-event-video-004-tl-023,data/research/cf27/exports/partial-research-catalog-current/capture_log.json,$.payload.events[65],catalog_record,UNKNOWN_ORIGIN,,,,,true,false,false,,
capture-event-video-005-tl-001,data/research/cf27/exports/partial-research-catalog-current/capture_log.json,$.payload.events[66],capture_log_record,UNKNOWN_ORIGIN,,,,,true,false,false,,
capture-event-video-005-tl-002,data/research/cf27/exports/partial-research-catalog-current/capture_log.json,$.payload.events[67],catalog_record,UNKNOWN_ORIGIN,,,,,true,false,false,,
capture-event-video-005-tl-003,data/research/cf27/exports/partial-research-catalog-current/capture_log.json,$.payload.events[68],catalog_record,UNKNOWN_ORIGIN,,,,,true,false,false,,
capture-event-video-005-tl-004,data/research/cf27/exports/partial-research-catalog-current/capture_log.json,$.payload.events[69],catalog_record,UNKNOWN_ORIGIN,,,,,true,false,false,,
capture-event-video-001-tl-008,data/research/cf27/exports/partial-research-catalog-current/capture_log.json,$.payload.events[7],capture_log_record,UNKNOWN_ORIGIN,,,,,true,false,false,,
capture-event-video-005-tl-005,data/research/cf27/exports/partial-research-catalog-current/capture_log.json,$.payload.events[70],catalog_record,UNKNOWN_ORIGIN,,,,,true,false,false,,
capture-event-video-005-tl-006,data/research/cf27/exports/partial-research-catalog-current/capture_log.json,$.payload.events[71],catalog_record,UNKNOWN_ORIGIN,,,,,true,false,false,,
capture-event-video-005-tl-007,data/research/cf27/exports/partial-research-catalog-current/capture_log.json,$.payload.events[72],catalog_record,UNKNOWN_ORIGIN,,,,,true,false,false,,
capture-event-video-005-tl-008,data/research/cf27/exports/partial-research-catalog-current/capture_log.json,$.payload.events[73],catalog_record,UNKNOWN_ORIGIN,,,,,true,false,false,,
capture-event-video-005-tl-009,data/research/cf27/exports/partial-research-catalog-current/capture_log.json,$.payload.events[74],catalog_record,UNKNOWN_ORIGIN,,,,,true,false,false,,
capture-event-video-005-tl-010,data/research/cf27/exports/partial-research-catalog-current/capture_log.json,$.payload.events[75],catalog_record,UNKNOWN_ORIGIN,,,,,true,false,false,,
capture-event-video-005-tl-011,data/research/cf27/exports/partial-research-catalog-current/capture_log.json,$.payload.events[76],catalog_record,UNKNOWN_ORIGIN,,,,,true,false,false,,
capture-event-video-006-tl-001,data/research/cf27/exports/partial-research-catalog-current/capture_log.json,$.payload.events[77],capture_log_record,UNKNOWN_ORIGIN,,,,,true,false,false,,
capture-event-video-006-tl-002,data/research/cf27/exports/partial-research-catalog-current/capture_log.json,$.payload.events[78],catalog_record,UNKNOWN_ORIGIN,,,,,true,false,false,,
capture-event-video-006-tl-003,data/research/cf27/exports/partial-research-catalog-current/capture_log.json,$.payload.events[79],catalog_record,UNKNOWN_ORIGIN,,,,,true,false,false,,
capture-event-video-001-tl-009,data/research/cf27/exports/partial-research-catalog-current/capture_log.json,$.payload.events[8],capture_log_record,UNKNOWN_ORIGIN,,,,,true,false,false,,
capture-event-video-006-tl-004,data/research/cf27/exports/partial-research-catalog-current/capture_log.json,$.payload.events[80],catalog_record,UNKNOWN_ORIGIN,,,,,true,false,false,,
capture-event-video-006-tl-005,data/research/cf27/exports/partial-research-catalog-current/capture_log.json,$.payload.events[81],catalog_record,UNKNOWN_ORIGIN,,,,,true,false,false,,
capture-event-video-006-tl-006,data/research/cf27/exports/partial-research-catalog-current/capture_log.json,$.payload.events[82],catalog_record,UNKNOWN_ORIGIN,,,,,true,false,false,,
capture-event-video-007-tl-001,data/research/cf27/exports/partial-research-catalog-current/capture_log.json,$.payload.events[83],capture_log_record,UNKNOWN_ORIGIN,,,,,true,false,false,,
capture-event-video-007-tl-002,data/research/cf27/exports/partial-research-catalog-current/capture_log.json,$.payload.events[84],catalog_record,UNKNOWN_ORIGIN,,,,,true,false,false,,
capture-event-video-007-tl-003,data/research/cf27/exports/partial-research-catalog-current/capture_log.json,$.payload.events[85],catalog_record,UNKNOWN_ORIGIN,,,,,true,false,false,,
capture-event-video-007-tl-004,data/research/cf27/exports/partial-research-catalog-current/capture_log.json,$.payload.events[86],catalog_record,UNKNOWN_ORIGIN,,,,,true,false,false,,
capture-event-video-007-tl-005,data/research/cf27/exports/partial-research-catalog-current/capture_log.json,$.payload.events[87],catalog_record,UNKNOWN_ORIGIN,,,,,true,false,false,,
capture-event-video-007-tl-006,data/research/cf27/exports/partial-research-catalog-current/capture_log.json,$.payload.events[88],catalog_record,UNKNOWN_ORIGIN,,,,,true,false,false,,
capture-event-video-007-tl-007,data/research/cf27/exports/partial-research-catalog-current/capture_log.json,$.payload.events[89],catalog_record,UNKNOWN_ORIGIN,,,,,true,false,false,,
capture-event-video-001-tl-010,data/research/cf27/exports/partial-research-catalog-current/capture_log.json,$.payload.events[9],capture_log_record,UNKNOWN_ORIGIN,,,,,true,false,false,,
capture-event-video-007-tl-008,data/research/cf27/exports/partial-research-catalog-current/capture_log.json,$.payload.events[90],catalog_record,UNKNOWN_ORIGIN,,,,,true,false,false,,
capture-event-video-008-tl-001,data/research/cf27/exports/partial-research-catalog-current/capture_log.json,$.payload.events[91],capture_log_record,UNKNOWN_ORIGIN,,,,,true,false,false,,
capture-event-video-008-tl-002,data/research/cf27/exports/partial-research-catalog-current/capture_log.json,$.payload.events[92],catalog_record,UNKNOWN_ORIGIN,,,,,true,false,false,,
capture-event-video-008-tl-003,data/research/cf27/exports/partial-research-catalog-current/capture_log.json,$.payload.events[93],catalog_record,UNKNOWN_ORIGIN,,,,,true,false,false,,
capture-event-video-008-tl-004,data/research/cf27/exports/partial-research-catalog-current/capture_log.json,$.payload.events[94],catalog_record,UNKNOWN_ORIGIN,,,,,true,false,false,,
capture-event-video-008-tl-005,data/research/cf27/exports/partial-research-catalog-current/capture_log.json,$.payload.events[95],catalog_record,UNKNOWN_ORIGIN,,,,,true,false,false,,
capture-event-video-008-tl-006,data/research/cf27/exports/partial-research-catalog-current/capture_log.json,$.payload.events[96],catalog_record,UNKNOWN_ORIGIN,,,,,true,false,false,,
capture-event-video-008-tl-007,data/research/cf27/exports/partial-research-catalog-current/capture_log.json,$.payload.events[97],catalog_record,UNKNOWN_ORIGIN,,,,,true,false,false,,
capture-event-video-008-tl-008,data/research/cf27/exports/partial-research-catalog-current/capture_log.json,$.payload.events[98],catalog_record,UNKNOWN_ORIGIN,,,,,true,false,false,,
capture-event-video-008-tl-009,data/research/cf27/exports/partial-research-catalog-current/capture_log.json,$.payload.events[99],catalog_record,UNKNOWN_ORIGIN,,,,,true,false,false,,
evidence-cf27-video-001-source,data/research/cf27/exports/partial-research-catalog-current/creation_paths.json,$.payload.creationPaths[0].reproducibleSteps[0].evidence,evidence_record,UNKNOWN_ORIGIN,,,,,true,false,false,,
evidence-cf27-video-001-source,data/research/cf27/exports/partial-research-catalog-current/creation_paths.json,$.payload.creationPaths[0].reproducibleSteps[1].evidence,evidence_record,UNKNOWN_ORIGIN,,,,,true,false,false,,
evidence-cf27-video-001-source,data/research/cf27/exports/partial-research-catalog-current/creation_paths.json,$.payload.creationPaths[0].reproducibleSteps[2].evidence,evidence_record,UNKNOWN_ORIGIN,,,,,true,false,false,,
evidence-cf27-video-001-source,data/research/cf27/exports/partial-research-catalog-current/creation_paths.json,$.payload.creationPaths[0].reproducibleSteps[3].evidence,evidence_record,UNKNOWN_ORIGIN,,,,,true,false,false,,
evidence-cf27-video-001-source,data/research/cf27/exports/partial-research-catalog-current/creation_paths.json,$.payload.creationPaths[0].reproducibleSteps[4].evidence,evidence_record,UNKNOWN_ORIGIN,,,,,true,false,false,,
evidence-cf27-video-001-source,data/research/cf27/exports/partial-research-catalog-current/creation_paths.json,$.payload.creationPaths[0].reproducibleSteps[5].evidence,evidence_record,UNKNOWN_ORIGIN,,,,,true,false,false,,
evidence-cf27-video-001-source,data/research/cf27/exports/partial-research-catalog-current/creation_paths.json,$.payload.creationPaths[0].reproducibleSteps[6].evidence,evidence_record,UNKNOWN_ORIGIN,,,,,true,false,false,,
evidence-cf27-video-001-source,data/research/cf27/exports/partial-research-catalog-current/creation_paths.json,$.payload.creationPaths[0].reproducibleSteps[7].evidence,evidence_record,UNKNOWN_ORIGIN,,,,,true,false,false,,
evidence-cf27-video-001-source,data/research/cf27/exports/partial-research-catalog-current/creation_paths.json,$.payload.creationPaths[0].reproducibleSteps[8].evidence,evidence_record,UNKNOWN_ORIGIN,,,,,true,false,false,,
CF27_XBOXUNKNOWN_RTG_EARSHAPE_001,data/research/cf27/exports/partial-research-catalog-current/ear_shapes.json,$.payload.records[0],catalog_record,RESEARCH_OBSERVED,,,NOT_PRODUCTION_DATA,NOT_VERIFIED,true,false,false,verification:NOT_VERIFIED;productionStatus:NOT_PRODUCTION_DATA,
CF27_XBOXUNKNOWN_RTG_EARSHAPE_002,data/research/cf27/exports/partial-research-catalog-current/ear_shapes.json,$.payload.records[1],catalog_record,RESEARCH_OBSERVED,,,NOT_PRODUCTION_DATA,NOT_VERIFIED,true,false,false,verification:NOT_VERIFIED;productionStatus:NOT_PRODUCTION_DATA,
CF27_XBOXUNKNOWN_RTG_EARSHAPE_003,data/research/cf27/exports/partial-research-catalog-current/ear_shapes.json,$.payload.records[2],catalog_record,RESEARCH_OBSERVED,,,NOT_PRODUCTION_DATA,NOT_VERIFIED,true,false,false,verification:NOT_VERIFIED;productionStatus:NOT_PRODUCTION_DATA,
CF27_XBOXUNKNOWN_RTG_EARSHAPE_004,data/research/cf27/exports/partial-research-catalog-current/ear_shapes.json,$.payload.records[3],catalog_record,RESEARCH_OBSERVED,,,NOT_PRODUCTION_DATA,NOT_VERIFIED,true,false,false,verification:NOT_VERIFIED;productionStatus:NOT_PRODUCTION_DATA,
env-cf27-research-video-001-rtg-path,data/research/cf27/exports/partial-research-catalog-current/environment_manifest.json,$.payload,environment_record,RESEARCH_OBSERVED,,RESEARCH_CANDIDATE,NOT_PRODUCTION_DATA,,true,false,false,dataClass:RESEARCH_CANDIDATE;productionStatus:NOT_PRODUCTION_DATA,
CF27_XBOXUNKNOWN_RTG_EARSHAPE_001,data/research/cf27/exports/partial-research-catalog-current/evidence_manifest.json,$.payload.entries[0],menu_record,PLACEHOLDER,,,,PRIMARY_RESEARCH_ONLY_NOT_SECOND_VERIFIED,true,false,false,verification:PRIMARY_RESEARCH_ONLY_NOT_SECOND_VERIFIED,placeholderToken
CF27_XBOXUNKNOWN_RTG_EARSHAPE_001,data/research/cf27/exports/partial-research-catalog-current/evidence_manifest.json,$.payload.entries[1],menu_record,PLACEHOLDER,,,,PRIMARY_RESEARCH_ONLY_NOT_SECOND_VERIFIED,true,false,false,verification:PRIMARY_RESEARCH_ONLY_NOT_SECOND_VERIFIED,placeholderToken
CF27_XBOXUNKNOWN_RTG_EYECOLOR_002,data/research/cf27/exports/partial-research-catalog-current/evidence_manifest.json,$.payload.entries[10],menu_record,PLACEHOLDER,,,,PRIMARY_RESEARCH_ONLY_NOT_SECOND_VERIFIED,true,false,false,verification:PRIMARY_RESEARCH_ONLY_NOT_SECOND_VERIFIED,placeholderToken
CF27_XBOXUNKNOWN_RTG_HEAD_010,data/research/cf27/exports/partial-research-catalog-current/evidence_manifest.json,$.payload.entries[100],menu_record,RESEARCH_OBSERVED,,,,PRIMARY_RESEARCH_ONLY_NOT_SECOND_VERIFIED,true,false,false,verification:PRIMARY_RESEARCH_ONLY_NOT_SECOND_VERIFIED,
CF27_XBOXUNKNOWN_RTG_HEAD_010,data/research/cf27/exports/partial-research-catalog-current/evidence_manifest.json,$.payload.entries[101],menu_record,RESEARCH_OBSERVED,,,,PRIMARY_RESEARCH_ONLY_NOT_SECOND_VERIFIED,true,false,false,verification:PRIMARY_RESEARCH_ONLY_NOT_SECOND_VERIFIED,
CF27_XBOXUNKNOWN_RTG_HEAD_011,data/research/cf27/exports/partial-research-catalog-current/evidence_manifest.json,$.payload.entries[102],menu_record,RESEARCH_OBSERVED,,,,PRIMARY_RESEARCH_ONLY_NOT_SECOND_VERIFIED,true,false,false,verification:PRIMARY_RESEARCH_ONLY_NOT_SECOND_VERIFIED,
CF27_XBOXUNKNOWN_RTG_HEAD_011,data/research/cf27/exports/partial-research-catalog-current/evidence_manifest.json,$.payload.entries[103],menu_record,RESEARCH_OBSERVED,,,,PRIMARY_RESEARCH_ONLY_NOT_SECOND_VERIFIED,true,false,false,verification:PRIMARY_RESEARCH_ONLY_NOT_SECOND_VERIFIED,
CF27_XBOXUNKNOWN_RTG_HEAD_011,data/research/cf27/exports/partial-research-catalog-current/evidence_manifest.json,$.payload.entries[104],menu_record,RESEARCH_OBSERVED,,,,PRIMARY_RESEARCH_ONLY_NOT_SECOND_VERIFIED,true,false,false,verification:PRIMARY_RESEARCH_ONLY_NOT_SECOND_VERIFIED,
CF27_XBOXUNKNOWN_RTG_HEAD_011,data/research/cf27/exports/partial-research-catalog-current/evidence_manifest.json,$.payload.entries[105],menu_record,RESEARCH_OBSERVED,,,,PRIMARY_RESEARCH_ONLY_NOT_SECOND_VERIFIED,true,false,false,verification:PRIMARY_RESEARCH_ONLY_NOT_SECOND_VERIFIED,
CF27_XBOXUNKNOWN_RTG_HEAD_011,data/research/cf27/exports/partial-research-catalog-current/evidence_manifest.json,$.payload.entries[106],menu_record,RESEARCH_OBSERVED,,,,PRIMARY_RESEARCH_ONLY_NOT_SECOND_VERIFIED,true,false,false,verification:PRIMARY_RESEARCH_ONLY_NOT_SECOND_VERIFIED,
CF27_XBOXUNKNOWN_RTG_HEAD_011,data/research/cf27/exports/partial-research-catalog-current/evidence_manifest.json,$.payload.entries[107],menu_record,RESEARCH_OBSERVED,,,,PRIMARY_RESEARCH_ONLY_NOT_SECOND_VERIFIED,true,false,false,verification:PRIMARY_RESEARCH_ONLY_NOT_SECOND_VERIFIED,
CF27_XBOXUNKNOWN_RTG_HEAD_011,data/research/cf27/exports/partial-research-catalog-current/evidence_manifest.json,$.payload.entries[108],menu_record,RESEARCH_OBSERVED,,,,PRIMARY_RESEARCH_ONLY_NOT_SECOND_VERIFIED,true,false,false,verification:PRIMARY_RESEARCH_ONLY_NOT_SECOND_VERIFIED,
CF27_XBOXUNKNOWN_RTG_HEAD_012,data/research/cf27/exports/partial-research-catalog-current/evidence_manifest.json,$.payload.entries[109],menu_record,RESEARCH_OBSERVED,,,,PRIMARY_RESEARCH_ONLY_NOT_SECOND_VERIFIED,true,false,false,verification:PRIMARY_RESEARCH_ONLY_NOT_SECOND_VERIFIED,
CF27_XBOXUNKNOWN_RTG_EYECOLOR_002,data/research/cf27/exports/partial-research-catalog-current/evidence_manifest.json,$.payload.entries[11],menu_record,PLACEHOLDER,,,,PRIMARY_RESEARCH_ONLY_NOT_SECOND_VERIFIED,true,false,false,verification:PRIMARY_RESEARCH_ONLY_NOT_SECOND_VERIFIED,placeholderToken
CF27_XBOXUNKNOWN_RTG_HEAD_012,data/research/cf27/exports/partial-research-catalog-current/evidence_manifest.json,$.payload.entries[110],menu_record,RESEARCH_OBSERVED,,,,PRIMARY_RESEARCH_ONLY_NOT_SECOND_VERIFIED,true,false,false,verification:PRIMARY_RESEARCH_ONLY_NOT_SECOND_VERIFIED,
CF27_XBOXUNKNOWN_RTG_HEAD_012,data/research/cf27/exports/partial-research-catalog-current/evidence_manifest.json,$.payload.entries[111],menu_record,RESEARCH_OBSERVED,,,,PRIMARY_RESEARCH_ONLY_NOT_SECOND_VERIFIED,true,false,false,verification:PRIMARY_RESEARCH_ONLY_NOT_SECOND_VERIFIED,
CF27_XBOXUNKNOWN_RTG_HEAD_012,data/research/cf27/exports/partial-research-catalog-current/evidence_manifest.json,$.payload.entries[112],menu_record,RESEARCH_OBSERVED,,,,PRIMARY_RESEARCH_ONLY_NOT_SECOND_VERIFIED,true,false,false,verification:PRIMARY_RESEARCH_ONLY_NOT_SECOND_VERIFIED,
CF27_XBOXUNKNOWN_RTG_HEAD_012,data/research/cf27/exports/partial-research-catalog-current/evidence_manifest.json,$.payload.entries[113],menu_record,RESEARCH_OBSERVED,,,,PRIMARY_RESEARCH_ONLY_NOT_SECOND_VERIFIED,true,false,false,verification:PRIMARY_RESEARCH_ONLY_NOT_SECOND_VERIFIED,
CF27_XBOXUNKNOWN_RTG_HEAD_012,data/research/cf27/exports/partial-research-catalog-current/evidence_manifest.json,$.payload.entries[114],menu_record,RESEARCH_OBSERVED,,,,PRIMARY_RESEARCH_ONLY_NOT_SECOND_VERIFIED,true,false,false,verification:PRIMARY_RESEARCH_ONLY_NOT_SECOND_VERIFIED,
CF27_XBOXUNKNOWN_RTG_HEAD_012,data/research/cf27/exports/partial-research-catalog-current/evidence_manifest.json,$.payload.entries[115],menu_record,RESEARCH_OBSERVED,,,,PRIMARY_RESEARCH_ONLY_NOT_SECOND_VERIFIED,true,false,false,verification:PRIMARY_RESEARCH_ONLY_NOT_SECOND_VERIFIED,
CF27_XBOXUNKNOWN_RTG_HEAD_013,data/research/cf27/exports/partial-research-catalog-current/evidence_manifest.json,$.payload.entries[116],menu_record,RESEARCH_OBSERVED,,,,PRIMARY_RESEARCH_ONLY_NOT_SECOND_VERIFIED,true,false,false,verification:PRIMARY_RESEARCH_ONLY_NOT_SECOND_VERIFIED,
CF27_XBOXUNKNOWN_RTG_HEAD_013,data/research/cf27/exports/partial-research-catalog-current/evidence_manifest.json,$.payload.entries[117],menu_record,RESEARCH_OBSERVED,,,,PRIMARY_RESEARCH_ONLY_NOT_SECOND_VERIFIED,true,false,false,verification:PRIMARY_RESEARCH_ONLY_NOT_SECOND_VERIFIED,
CF27_XBOXUNKNOWN_RTG_HEAD_013,data/research/cf27/exports/partial-research-catalog-current/evidence_manifest.json,$.payload.entries[118],menu_record,RESEARCH_OBSERVED,,,,PRIMARY_RESEARCH_ONLY_NOT_SECOND_VERIFIED,true,false,false,verification:PRIMARY_RESEARCH_ONLY_NOT_SECOND_VERIFIED,
CF27_XBOXUNKNOWN_RTG_HEAD_013,data/research/cf27/exports/partial-research-catalog-current/evidence_manifest.json,$.payload.entries[119],menu_record,RESEARCH_OBSERVED,,,,PRIMARY_RESEARCH_ONLY_NOT_SECOND_VERIFIED,true,false,false,verification:PRIMARY_RESEARCH_ONLY_NOT_SECOND_VERIFIED,
CF27_XBOXUNKNOWN_RTG_EYECOLOR_003,data/research/cf27/exports/partial-research-catalog-current/evidence_manifest.json,$.payload.entries[12],menu_record,PLACEHOLDER,,,,PRIMARY_RESEARCH_ONLY_NOT_SECOND_VERIFIED,true,false,false,verification:PRIMARY_RESEARCH_ONLY_NOT_SECOND_VERIFIED,placeholderToken
CF27_XBOXUNKNOWN_RTG_HEAD_013,data/research/cf27/exports/partial-research-catalog-current/evidence_manifest.json,$.payload.entries[120],menu_record,RESEARCH_OBSERVED,,,,PRIMARY_RESEARCH_ONLY_NOT_SECOND_VERIFIED,true,false,false,verification:PRIMARY_RESEARCH_ONLY_NOT_SECOND_VERIFIED,
CF27_XBOXUNKNOWN_RTG_HEAD_013,data/research/cf27/exports/partial-research-catalog-current/evidence_manifest.json,$.payload.entries[121],menu_record,RESEARCH_OBSERVED,,,,PRIMARY_RESEARCH_ONLY_NOT_SECOND_VERIFIED,true,false,false,verification:PRIMARY_RESEARCH_ONLY_NOT_SECOND_VERIFIED,
CF27_XBOXUNKNOWN_RTG_HEAD_013,data/research/cf27/exports/partial-research-catalog-current/evidence_manifest.json,$.payload.entries[122],menu_record,RESEARCH_OBSERVED,,,,PRIMARY_RESEARCH_ONLY_NOT_SECOND_VERIFIED,true,false,false,verification:PRIMARY_RESEARCH_ONLY_NOT_SECOND_VERIFIED,
CF27_XBOXUNKNOWN_RTG_HEAD_014,data/research/cf27/exports/partial-research-catalog-current/evidence_manifest.json,$.payload.entries[123],menu_record,RESEARCH_OBSERVED,,,,PRIMARY_RESEARCH_ONLY_NOT_SECOND_VERIFIED,true,false,false,verification:PRIMARY_RESEARCH_ONLY_NOT_SECOND_VERIFIED,
CF27_XBOXUNKNOWN_RTG_HEAD_014,data/research/cf27/exports/partial-research-catalog-current/evidence_manifest.json,$.payload.entries[124],menu_record,RESEARCH_OBSERVED,,,,PRIMARY_RESEARCH_ONLY_NOT_SECOND_VERIFIED,true,false,false,verification:PRIMARY_RESEARCH_ONLY_NOT_SECOND_VERIFIED,
CF27_XBOXUNKNOWN_RTG_HEAD_014,data/research/cf27/exports/partial-research-catalog-current/evidence_manifest.json,$.payload.entries[125],menu_record,RESEARCH_OBSERVED,,,,PRIMARY_RESEARCH_ONLY_NOT_SECOND_VERIFIED,true,false,false,verification:PRIMARY_RESEARCH_ONLY_NOT_SECOND_VERIFIED,
CF27_XBOXUNKNOWN_RTG_HEAD_014,data/research/cf27/exports/partial-research-catalog-current/evidence_manifest.json,$.payload.entries[126],menu_record,RESEARCH_OBSERVED,,,,PRIMARY_RESEARCH_ONLY_NOT_SECOND_VERIFIED,true,false,false,verification:PRIMARY_RESEARCH_ONLY_NOT_SECOND_VERIFIED,
CF27_XBOXUNKNOWN_RTG_HEAD_014,data/research/cf27/exports/partial-research-catalog-current/evidence_manifest.json,$.payload.entries[127],menu_record,RESEARCH_OBSERVED,,,,PRIMARY_RESEARCH_ONLY_NOT_SECOND_VERIFIED,true,false,false,verification:PRIMARY_RESEARCH_ONLY_NOT_SECOND_VERIFIED,
CF27_XBOXUNKNOWN_RTG_HEAD_014,data/research/cf27/exports/partial-research-catalog-current/evidence_manifest.json,$.payload.entries[128],menu_record,RESEARCH_OBSERVED,,,,PRIMARY_RESEARCH_ONLY_NOT_SECOND_VERIFIED,true,false,false,verification:PRIMARY_RESEARCH_ONLY_NOT_SECOND_VERIFIED,
CF27_XBOXUNKNOWN_RTG_HEAD_014,data/research/cf27/exports/partial-research-catalog-current/evidence_manifest.json,$.payload.entries[129],menu_record,RESEARCH_OBSERVED,,,,PRIMARY_RESEARCH_ONLY_NOT_SECOND_VERIFIED,true,false,false,verification:PRIMARY_RESEARCH_ONLY_NOT_SECOND_VERIFIED,
CF27_XBOXUNKNOWN_RTG_EYECOLOR_003,data/research/cf27/exports/partial-research-catalog-current/evidence_manifest.json,$.payload.entries[13],menu_record,PLACEHOLDER,,,,PRIMARY_RESEARCH_ONLY_NOT_SECOND_VERIFIED,true,false,false,verification:PRIMARY_RESEARCH_ONLY_NOT_SECOND_VERIFIED,placeholderToken
CF27_XBOXUNKNOWN_RTG_HEAD_015,data/research/cf27/exports/partial-research-catalog-current/evidence_manifest.json,$.payload.entries[130],menu_record,RESEARCH_OBSERVED,,,,PRIMARY_RESEARCH_ONLY_NOT_SECOND_VERIFIED,true,false,false,verification:PRIMARY_RESEARCH_ONLY_NOT_SECOND_VERIFIED,
CF27_XBOXUNKNOWN_RTG_HEAD_015,data/research/cf27/exports/partial-research-catalog-current/evidence_manifest.json,$.payload.entries[131],menu_record,RESEARCH_OBSERVED,,,,PRIMARY_RESEARCH_ONLY_NOT_SECOND_VERIFIED,true,false,false,verification:PRIMARY_RESEARCH_ONLY_NOT_SECOND_VERIFIED,
CF27_XBOXUNKNOWN_RTG_HEAD_015,data/research/cf27/exports/partial-research-catalog-current/evidence_manifest.json,$.payload.entries[132],menu_record,RESEARCH_OBSERVED,,,,PRIMARY_RESEARCH_ONLY_NOT_SECOND_VERIFIED,true,false,false,verification:PRIMARY_RESEARCH_ONLY_NOT_SECOND_VERIFIED,
CF27_XBOXUNKNOWN_RTG_HEAD_015,data/research/cf27/exports/partial-research-catalog-current/evidence_manifest.json,$.payload.entries[133],menu_record,RESEARCH_OBSERVED,,,,PRIMARY_RESEARCH_ONLY_NOT_SECOND_VERIFIED,true,false,false,verification:PRIMARY_RESEARCH_ONLY_NOT_SECOND_VERIFIED,
CF27_XBOXUNKNOWN_RTG_HEAD_015,data/research/cf27/exports/partial-research-catalog-current/evidence_manifest.json,$.payload.entries[134],menu_record,RESEARCH_OBSERVED,,,,PRIMARY_RESEARCH_ONLY_NOT_SECOND_VERIFIED,true,false,false,verification:PRIMARY_RESEARCH_ONLY_NOT_SECOND_VERIFIED,
CF27_XBOXUNKNOWN_RTG_HEAD_015,data/research/cf27/exports/partial-research-catalog-current/evidence_manifest.json,$.payload.entries[135],menu_record,RESEARCH_OBSERVED,,,,PRIMARY_RESEARCH_ONLY_NOT_SECOND_VERIFIED,true,false,false,verification:PRIMARY_RESEARCH_ONLY_NOT_SECOND_VERIFIED,
CF27_XBOXUNKNOWN_RTG_HEAD_015,data/research/cf27/exports/partial-research-catalog-current/evidence_manifest.json,$.payload.entries[136],menu_record,RESEARCH_OBSERVED,,,,PRIMARY_RESEARCH_ONLY_NOT_SECOND_VERIFIED,true,false,false,verification:PRIMARY_RESEARCH_ONLY_NOT_SECOND_VERIFIED,
CF27_XBOXUNKNOWN_RTG_HEAD_016,data/research/cf27/exports/partial-research-catalog-current/evidence_manifest.json,$.payload.entries[137],menu_record,RESEARCH_OBSERVED,,,,PRIMARY_RESEARCH_ONLY_NOT_SECOND_VERIFIED,true,false,false,verification:PRIMARY_RESEARCH_ONLY_NOT_SECOND_VERIFIED,
CF27_XBOXUNKNOWN_RTG_HEAD_016,data/research/cf27/exports/partial-research-catalog-current/evidence_manifest.json,$.payload.entries[138],menu_record,RESEARCH_OBSERVED,,,,PRIMARY_RESEARCH_ONLY_NOT_SECOND_VERIFIED,true,false,false,verification:PRIMARY_RESEARCH_ONLY_NOT_SECOND_VERIFIED,
CF27_XBOXUNKNOWN_RTG_HEAD_016,data/research/cf27/exports/partial-research-catalog-current/evidence_manifest.json,$.payload.entries[139],menu_record,RESEARCH_OBSERVED,,,,PRIMARY_RESEARCH_ONLY_NOT_SECOND_VERIFIED,true,false,false,verification:PRIMARY_RESEARCH_ONLY_NOT_SECOND_VERIFIED,
CF27_XBOXUNKNOWN_RTG_EYECOLOR_004,data/research/cf27/exports/partial-research-catalog-current/evidence_manifest.json,$.payload.entries[14],menu_record,PLACEHOLDER,,,,PRIMARY_RESEARCH_ONLY_NOT_SECOND_VERIFIED,true,false,false,verification:PRIMARY_RESEARCH_ONLY_NOT_SECOND_VERIFIED,placeholderToken
CF27_XBOXUNKNOWN_RTG_HEAD_016,data/research/cf27/exports/partial-research-catalog-current/evidence_manifest.json,$.payload.entries[140],menu_record,RESEARCH_OBSERVED,,,,PRIMARY_RESEARCH_ONLY_NOT_SECOND_VERIFIED,true,false,false,verification:PRIMARY_RESEARCH_ONLY_NOT_SECOND_VERIFIED,
CF27_XBOXUNKNOWN_RTG_HEAD_016,data/research/cf27/exports/partial-research-catalog-current/evidence_manifest.json,$.payload.entries[141],menu_record,RESEARCH_OBSERVED,,,,PRIMARY_RESEARCH_ONLY_NOT_SECOND_VERIFIED,true,false,false,verification:PRIMARY_RESEARCH_ONLY_NOT_SECOND_VERIFIED,
CF27_XBOXUNKNOWN_RTG_HEAD_016,data/research/cf27/exports/partial-research-catalog-current/evidence_manifest.json,$.payload.entries[142],menu_record,RESEARCH_OBSERVED,,,,PRIMARY_RESEARCH_ONLY_NOT_SECOND_VERIFIED,true,false,false,verification:PRIMARY_RESEARCH_ONLY_NOT_SECOND_VERIFIED,
CF27_XBOXUNKNOWN_RTG_HEAD_016,data/research/cf27/exports/partial-research-catalog-current/evidence_manifest.json,$.payload.entries[143],menu_record,RESEARCH_OBSERVED,,,,PRIMARY_RESEARCH_ONLY_NOT_SECOND_VERIFIED,true,false,false,verification:PRIMARY_RESEARCH_ONLY_NOT_SECOND_VERIFIED,
CF27_XBOXUNKNOWN_RTG_HEAD_017,data/research/cf27/exports/partial-research-catalog-current/evidence_manifest.json,$.payload.entries[144],menu_record,RESEARCH_OBSERVED,,,,PRIMARY_RESEARCH_ONLY_NOT_SECOND_VERIFIED,true,false,false,verification:PRIMARY_RESEARCH_ONLY_NOT_SECOND_VERIFIED,
CF27_XBOXUNKNOWN_RTG_HEAD_017,data/research/cf27/exports/partial-research-catalog-current/evidence_manifest.json,$.payload.entries[145],menu_record,RESEARCH_OBSERVED,,,,PRIMARY_RESEARCH_ONLY_NOT_SECOND_VERIFIED,true,false,false,verification:PRIMARY_RESEARCH_ONLY_NOT_SECOND_VERIFIED,
CF27_XBOXUNKNOWN_RTG_HEAD_017,data/research/cf27/exports/partial-research-catalog-current/evidence_manifest.json,$.payload.entries[146],menu_record,RESEARCH_OBSERVED,,,,PRIMARY_RESEARCH_ONLY_NOT_SECOND_VERIFIED,true,false,false,verification:PRIMARY_RESEARCH_ONLY_NOT_SECOND_VERIFIED,
CF27_XBOXUNKNOWN_RTG_HEAD_017,data/research/cf27/exports/partial-research-catalog-current/evidence_manifest.json,$.payload.entries[147],menu_record,RESEARCH_OBSERVED,,,,PRIMARY_RESEARCH_ONLY_NOT_SECOND_VERIFIED,true,false,false,verification:PRIMARY_RESEARCH_ONLY_NOT_SECOND_VERIFIED,
CF27_XBOXUNKNOWN_RTG_HEAD_017,data/research/cf27/exports/partial-research-catalog-current/evidence_manifest.json,$.payload.entries[148],menu_record,RESEARCH_OBSERVED,,,,PRIMARY_RESEARCH_ONLY_NOT_SECOND_VERIFIED,true,false,false,verification:PRIMARY_RESEARCH_ONLY_NOT_SECOND_VERIFIED,
CF27_XBOXUNKNOWN_RTG_HEAD_017,data/research/cf27/exports/partial-research-catalog-current/evidence_manifest.json,$.payload.entries[149],menu_record,RESEARCH_OBSERVED,,,,PRIMARY_RESEARCH_ONLY_NOT_SECOND_VERIFIED,true,false,false,verification:PRIMARY_RESEARCH_ONLY_NOT_SECOND_VERIFIED,
CF27_XBOXUNKNOWN_RTG_EYECOLOR_004,data/research/cf27/exports/partial-research-catalog-current/evidence_manifest.json,$.payload.entries[15],menu_record,PLACEHOLDER,,,,PRIMARY_RESEARCH_ONLY_NOT_SECOND_VERIFIED,true,false,false,verification:PRIMARY_RESEARCH_ONLY_NOT_SECOND_VERIFIED,placeholderToken
CF27_XBOXUNKNOWN_RTG_HEAD_017,data/research/cf27/exports/partial-research-catalog-current/evidence_manifest.json,$.payload.entries[150],menu_record,RESEARCH_OBSERVED,,,,PRIMARY_RESEARCH_ONLY_NOT_SECOND_VERIFIED,true,false,false,verification:PRIMARY_RESEARCH_ONLY_NOT_SECOND_VERIFIED,
CF27_XBOXUNKNOWN_RTG_HEAD_018,data/research/cf27/exports/partial-research-catalog-current/evidence_manifest.json,$.payload.entries[151],menu_record,RESEARCH_OBSERVED,,,,PRIMARY_RESEARCH_ONLY_NOT_SECOND_VERIFIED,true,false,false,verification:PRIMARY_RESEARCH_ONLY_NOT_SECOND_VERIFIED,
CF27_XBOXUNKNOWN_RTG_HEAD_018,data/research/cf27/exports/partial-research-catalog-current/evidence_manifest.json,$.payload.entries[152],menu_record,RESEARCH_OBSERVED,,,,PRIMARY_RESEARCH_ONLY_NOT_SECOND_VERIFIED,true,false,false,verification:PRIMARY_RESEARCH_ONLY_NOT_SECOND_VERIFIED,
CF27_XBOXUNKNOWN_RTG_HEAD_018,data/research/cf27/exports/partial-research-catalog-current/evidence_manifest.json,$.payload.entries[153],menu_record,RESEARCH_OBSERVED,,,,PRIMARY_RESEARCH_ONLY_NOT_SECOND_VERIFIED,true,false,false,verification:PRIMARY_RESEARCH_ONLY_NOT_SECOND_VERIFIED,
CF27_XBOXUNKNOWN_RTG_HEAD_018,data/research/cf27/exports/partial-research-catalog-current/evidence_manifest.json,$.payload.entries[154],menu_record,RESEARCH_OBSERVED,,,,PRIMARY_RESEARCH_ONLY_NOT_SECOND_VERIFIED,true,false,false,verification:PRIMARY_RESEARCH_ONLY_NOT_SECOND_VERIFIED,
CF27_XBOXUNKNOWN_RTG_HEAD_018,data/research/cf27/exports/partial-research-catalog-current/evidence_manifest.json,$.payload.entries[155],menu_record,RESEARCH_OBSERVED,,,,PRIMARY_RESEARCH_ONLY_NOT_SECOND_VERIFIED,true,false,false,verification:PRIMARY_RESEARCH_ONLY_NOT_SECOND_VERIFIED,
CF27_XBOXUNKNOWN_RTG_HEAD_018,data/research/cf27/exports/partial-research-catalog-current/evidence_manifest.json,$.payload.entries[156],menu_record,RESEARCH_OBSERVED,,,,PRIMARY_RESEARCH_ONLY_NOT_SECOND_VERIFIED,true,false,false,verification:PRIMARY_RESEARCH_ONLY_NOT_SECOND_VERIFIED,
CF27_XBOXUNKNOWN_RTG_HEAD_018,data/research/cf27/exports/partial-research-catalog-current/evidence_manifest.json,$.payload.entries[157],menu_record,RESEARCH_OBSERVED,,,,PRIMARY_RESEARCH_ONLY_NOT_SECOND_VERIFIED,true,false,false,verification:PRIMARY_RESEARCH_ONLY_NOT_SECOND_VERIFIED,
CF27_XBOXUNKNOWN_RTG_HEAD_019,data/research/cf27/exports/partial-research-catalog-current/evidence_manifest.json,$.payload.entries[158],menu_record,RESEARCH_OBSERVED,,,,PRIMARY_RESEARCH_ONLY_NOT_SECOND_VERIFIED,true,false,false,verification:PRIMARY_RESEARCH_ONLY_NOT_SECOND_VERIFIED,
CF27_XBOXUNKNOWN_RTG_HEAD_019,data/research/cf27/exports/partial-research-catalog-current/evidence_manifest.json,$.payload.entries[159],menu_record,RESEARCH_OBSERVED,,,,PRIMARY_RESEARCH_ONLY_NOT_SECOND_VERIFIED,true,false,false,verification:PRIMARY_RESEARCH_ONLY_NOT_SECOND_VERIFIED,
CF27_XBOXUNKNOWN_RTG_EYECOLOR_005,data/research/cf27/exports/partial-research-catalog-current/evidence_manifest.json,$.payload.entries[16],menu_record,PLACEHOLDER,,,,PRIMARY_RESEARCH_ONLY_NOT_SECOND_VERIFIED,true,false,false,verification:PRIMARY_RESEARCH_ONLY_NOT_SECOND_VERIFIED,placeholderToken
CF27_XBOXUNKNOWN_RTG_HEAD_019,data/research/cf27/exports/partial-research-catalog-current/evidence_manifest.json,$.payload.entries[160],menu_record,RESEARCH_OBSERVED,,,,PRIMARY_RESEARCH_ONLY_NOT_SECOND_VERIFIED,true,false,false,verification:PRIMARY_RESEARCH_ONLY_NOT_SECOND_VERIFIED,
CF27_XBOXUNKNOWN_RTG_HEAD_019,data/research/cf27/exports/partial-research-catalog-current/evidence_manifest.json,$.payload.entries[161],menu_record,RESEARCH_OBSERVED,,,,PRIMARY_RESEARCH_ONLY_NOT_SECOND_VERIFIED,true,false,false,verification:PRIMARY_RESEARCH_ONLY_NOT_SECOND_VERIFIED,
CF27_XBOXUNKNOWN_RTG_HEAD_019,data/research/cf27/exports/partial-research-catalog-current/evidence_manifest.json,$.payload.entries[162],menu_record,RESEARCH_OBSERVED,,,,PRIMARY_RESEARCH_ONLY_NOT_SECOND_VERIFIED,true,false,false,verification:PRIMARY_RESEARCH_ONLY_NOT_SECOND_VERIFIED,
CF27_XBOXUNKNOWN_RTG_HEAD_019,data/research/cf27/exports/partial-research-catalog-current/evidence_manifest.json,$.payload.entries[163],menu_record,RESEARCH_OBSERVED,,,,PRIMARY_RESEARCH_ONLY_NOT_SECOND_VERIFIED,true,false,false,verification:PRIMARY_RESEARCH_ONLY_NOT_SECOND_VERIFIED,
CF27_XBOXUNKNOWN_RTG_HEAD_019,data/research/cf27/exports/partial-research-catalog-current/evidence_manifest.json,$.payload.entries[164],menu_record,RESEARCH_OBSERVED,,,,PRIMARY_RESEARCH_ONLY_NOT_SECOND_VERIFIED,true,false,false,verification:PRIMARY_RESEARCH_ONLY_NOT_SECOND_VERIFIED,
CF27_XBOXUNKNOWN_RTG_HEAD_020,data/research/cf27/exports/partial-research-catalog-current/evidence_manifest.json,$.payload.entries[165],menu_record,RESEARCH_OBSERVED,,,,PRIMARY_RESEARCH_ONLY_NOT_SECOND_VERIFIED,true,false,false,verification:PRIMARY_RESEARCH_ONLY_NOT_SECOND_VERIFIED,
CF27_XBOXUNKNOWN_RTG_HEAD_020,data/research/cf27/exports/partial-research-catalog-current/evidence_manifest.json,$.payload.entries[166],menu_record,RESEARCH_OBSERVED,,,,PRIMARY_RESEARCH_ONLY_NOT_SECOND_VERIFIED,true,false,false,verification:PRIMARY_RESEARCH_ONLY_NOT_SECOND_VERIFIED,
CF27_XBOXUNKNOWN_RTG_HEAD_020,data/research/cf27/exports/partial-research-catalog-current/evidence_manifest.json,$.payload.entries[167],menu_record,RESEARCH_OBSERVED,,,,PRIMARY_RESEARCH_ONLY_NOT_SECOND_VERIFIED,true,false,false,verification:PRIMARY_RESEARCH_ONLY_NOT_SECOND_VERIFIED,
CF27_XBOXUNKNOWN_RTG_HEAD_020,data/research/cf27/exports/partial-research-catalog-current/evidence_manifest.json,$.payload.entries[168],menu_record,RESEARCH_OBSERVED,,,,PRIMARY_RESEARCH_ONLY_NOT_SECOND_VERIFIED,true,false,false,verification:PRIMARY_RESEARCH_ONLY_NOT_SECOND_VERIFIED,
CF27_XBOXUNKNOWN_RTG_HEAD_020,data/research/cf27/exports/partial-research-catalog-current/evidence_manifest.json,$.payload.entries[169],menu_record,RESEARCH_OBSERVED,,,,PRIMARY_RESEARCH_ONLY_NOT_SECOND_VERIFIED,true,false,false,verification:PRIMARY_RESEARCH_ONLY_NOT_SECOND_VERIFIED,
CF27_XBOXUNKNOWN_RTG_EYECOLOR_005,data/research/cf27/exports/partial-research-catalog-current/evidence_manifest.json,$.payload.entries[17],menu_record,PLACEHOLDER,,,,PRIMARY_RESEARCH_ONLY_NOT_SECOND_VERIFIED,true,false,false,verification:PRIMARY_RESEARCH_ONLY_NOT_SECOND_VERIFIED,placeholderToken
CF27_XBOXUNKNOWN_RTG_HEAD_020,data/research/cf27/exports/partial-research-catalog-current/evidence_manifest.json,$.payload.entries[170],menu_record,RESEARCH_OBSERVED,,,,PRIMARY_RESEARCH_ONLY_NOT_SECOND_VERIFIED,true,false,false,verification:PRIMARY_RESEARCH_ONLY_NOT_SECOND_VERIFIED,
CF27_XBOXUNKNOWN_RTG_HEAD_020,data/research/cf27/exports/partial-research-catalog-current/evidence_manifest.json,$.payload.entries[171],menu_record,RESEARCH_OBSERVED,,,,PRIMARY_RESEARCH_ONLY_NOT_SECOND_VERIFIED,true,false,false,verification:PRIMARY_RESEARCH_ONLY_NOT_SECOND_VERIFIED,
CF27_XBOXUNKNOWN_RTG_HEAD_021,data/research/cf27/exports/partial-research-catalog-current/evidence_manifest.json,$.payload.entries[172],menu_record,RESEARCH_OBSERVED,,,,PRIMARY_RESEARCH_ONLY_NOT_SECOND_VERIFIED,true,false,false,verification:PRIMARY_RESEARCH_ONLY_NOT_SECOND_VERIFIED,
CF27_XBOXUNKNOWN_RTG_HEAD_021,data/research/cf27/exports/partial-research-catalog-current/evidence_manifest.json,$.payload.entries[173],menu_record,RESEARCH_OBSERVED,,,,PRIMARY_RESEARCH_ONLY_NOT_SECOND_VERIFIED,true,false,false,verification:PRIMARY_RESEARCH_ONLY_NOT_SECOND_VERIFIED,
CF27_XBOXUNKNOWN_RTG_HEAD_021,data/research/cf27/exports/partial-research-catalog-current/evidence_manifest.json,$.payload.entries[174],menu_record,RESEARCH_OBSERVED,,,,PRIMARY_RESEARCH_ONLY_NOT_SECOND_VERIFIED,true,false,false,verification:PRIMARY_RESEARCH_ONLY_NOT_SECOND_VERIFIED,
CF27_XBOXUNKNOWN_RTG_HEAD_021,data/research/cf27/exports/partial-research-catalog-current/evidence_manifest.json,$.payload.entries[175],menu_record,RESEARCH_OBSERVED,,,,PRIMARY_RESEARCH_ONLY_NOT_SECOND_VERIFIED,true,false,false,verification:PRIMARY_RESEARCH_ONLY_NOT_SECOND_VERIFIED,
CF27_XBOXUNKNOWN_RTG_HEAD_021,data/research/cf27/exports/partial-research-catalog-current/evidence_manifest.json,$.payload.entries[176],menu_record,RESEARCH_OBSERVED,,,,PRIMARY_RESEARCH_ONLY_NOT_SECOND_VERIFIED,true,false,false,verification:PRIMARY_RESEARCH_ONLY_NOT_SECOND_VERIFIED,
CF27_XBOXUNKNOWN_RTG_HEAD_021,data/research/cf27/exports/partial-research-catalog-current/evidence_manifest.json,$.payload.entries[177],menu_record,RESEARCH_OBSERVED,,,,PRIMARY_RESEARCH_ONLY_NOT_SECOND_VERIFIED,true,false,false,verification:PRIMARY_RESEARCH_ONLY_NOT_SECOND_VERIFIED,
CF27_XBOXUNKNOWN_RTG_HEAD_021,data/research/cf27/exports/partial-research-catalog-current/evidence_manifest.json,$.payload.entries[178],menu_record,RESEARCH_OBSERVED,,,,PRIMARY_RESEARCH_ONLY_NOT_SECOND_VERIFIED,true,false,false,verification:PRIMARY_RESEARCH_ONLY_NOT_SECOND_VERIFIED,
CF27_XBOXUNKNOWN_RTG_HEAD_022,data/research/cf27/exports/partial-research-catalog-current/evidence_manifest.json,$.payload.entries[179],menu_record,RESEARCH_OBSERVED,,,,PRIMARY_RESEARCH_ONLY_NOT_SECOND_VERIFIED,true,false,false,verification:PRIMARY_RESEARCH_ONLY_NOT_SECOND_VERIFIED,
CF27_XBOXUNKNOWN_RTG_EYECOLOR_006,data/research/cf27/exports/partial-research-catalog-current/evidence_manifest.json,$.payload.entries[18],menu_record,PLACEHOLDER,,,,PRIMARY_RESEARCH_ONLY_NOT_SECOND_VERIFIED,true,false,false,verification:PRIMARY_RESEARCH_ONLY_NOT_SECOND_VERIFIED,placeholderToken
CF27_XBOXUNKNOWN_RTG_HEAD_022,data/research/cf27/exports/partial-research-catalog-current/evidence_manifest.json,$.payload.entries[180],menu_record,RESEARCH_OBSERVED,,,,PRIMARY_RESEARCH_ONLY_NOT_SECOND_VERIFIED,true,false,false,verification:PRIMARY_RESEARCH_ONLY_NOT_SECOND_VERIFIED,
CF27_XBOXUNKNOWN_RTG_HEAD_022,data/research/cf27/exports/partial-research-catalog-current/evidence_manifest.json,$.payload.entries[181],menu_record,RESEARCH_OBSERVED,,,,PRIMARY_RESEARCH_ONLY_NOT_SECOND_VERIFIED,true,false,false,verification:PRIMARY_RESEARCH_ONLY_NOT_SECOND_VERIFIED,
CF27_XBOXUNKNOWN_RTG_HEAD_022,data/research/cf27/exports/partial-research-catalog-current/evidence_manifest.json,$.payload.entries[182],menu_record,RESEARCH_OBSERVED,,,,PRIMARY_RESEARCH_ONLY_NOT_SECOND_VERIFIED,true,false,false,verification:PRIMARY_RESEARCH_ONLY_NOT_SECOND_VERIFIED,
CF27_XBOXUNKNOWN_RTG_HEAD_022,data/research/cf27/exports/partial-research-catalog-current/evidence_manifest.json,$.payload.entries[183],menu_record,RESEARCH_OBSERVED,,,,PRIMARY_RESEARCH_ONLY_NOT_SECOND_VERIFIED,true,false,false,verification:PRIMARY_RESEARCH_ONLY_NOT_SECOND_VERIFIED,
CF27_XBOXUNKNOWN_RTG_HEAD_022,data/research/cf27/exports/partial-research-catalog-current/evidence_manifest.json,$.payload.entries[184],menu_record,RESEARCH_OBSERVED,,,,PRIMARY_RESEARCH_ONLY_NOT_SECOND_VERIFIED,true,false,false,verification:PRIMARY_RESEARCH_ONLY_NOT_SECOND_VERIFIED,
CF27_XBOXUNKNOWN_RTG_HEAD_022,data/research/cf27/exports/partial-research-catalog-current/evidence_manifest.json,$.payload.entries[185],menu_record,RESEARCH_OBSERVED,,,,PRIMARY_RESEARCH_ONLY_NOT_SECOND_VERIFIED,true,false,false,verification:PRIMARY_RESEARCH_ONLY_NOT_SECOND_VERIFIED,
CF27_XBOXUNKNOWN_RTG_HEAD_023,data/research/cf27/exports/partial-research-catalog-current/evidence_manifest.json,$.payload.entries[186],menu_record,RESEARCH_OBSERVED,,,,PRIMARY_RESEARCH_ONLY_NOT_SECOND_VERIFIED,true,false,false,verification:PRIMARY_RESEARCH_ONLY_NOT_SECOND_VERIFIED,
CF27_XBOXUNKNOWN_RTG_HEAD_023,data/research/cf27/exports/partial-research-catalog-current/evidence_manifest.json,$.payload.entries[187],menu_record,RESEARCH_OBSERVED,,,,PRIMARY_RESEARCH_ONLY_NOT_SECOND_VERIFIED,true,false,false,verification:PRIMARY_RESEARCH_ONLY_NOT_SECOND_VERIFIED,
CF27_XBOXUNKNOWN_RTG_HEAD_023,data/research/cf27/exports/partial-research-catalog-current/evidence_manifest.json,$.payload.entries[188],menu_record,RESEARCH_OBSERVED,,,,PRIMARY_RESEARCH_ONLY_NOT_SECOND_VERIFIED,true,false,false,verification:PRIMARY_RESEARCH_ONLY_NOT_SECOND_VERIFIED,
CF27_XBOXUNKNOWN_RTG_HEAD_023,data/research/cf27/exports/partial-research-catalog-current/evidence_manifest.json,$.payload.entries[189],menu_record,RESEARCH_OBSERVED,,,,PRIMARY_RESEARCH_ONLY_NOT_SECOND_VERIFIED,true,false,false,verification:PRIMARY_RESEARCH_ONLY_NOT_SECOND_VERIFIED,
CF27_XBOXUNKNOWN_RTG_EYECOLOR_006,data/research/cf27/exports/partial-research-catalog-current/evidence_manifest.json,$.payload.entries[19],menu_record,PLACEHOLDER,,,,PRIMARY_RESEARCH_ONLY_NOT_SECOND_VERIFIED,true,false,false,verification:PRIMARY_RESEARCH_ONLY_NOT_SECOND_VERIFIED,placeholderToken
CF27_XBOXUNKNOWN_RTG_HEAD_023,data/research/cf27/exports/partial-research-catalog-current/evidence_manifest.json,$.payload.entries[190],menu_record,RESEARCH_OBSERVED,,,,PRIMARY_RESEARCH_ONLY_NOT_SECOND_VERIFIED,true,false,false,verification:PRIMARY_RESEARCH_ONLY_NOT_SECOND_VERIFIED,
CF27_XBOXUNKNOWN_RTG_HEAD_023,data/research/cf27/exports/partial-research-catalog-current/evidence_manifest.json,$.payload.entries[191],menu_record,RESEARCH_OBSERVED,,,,PRIMARY_RESEARCH_ONLY_NOT_SECOND_VERIFIED,true,false,false,verification:PRIMARY_RESEARCH_ONLY_NOT_SECOND_VERIFIED,
CF27_XBOXUNKNOWN_RTG_HEAD_023,data/research/cf27/exports/partial-research-catalog-current/evidence_manifest.json,$.payload.entries[192],menu_record,RESEARCH_OBSERVED,,,,PRIMARY_RESEARCH_ONLY_NOT_SECOND_VERIFIED,true,false,false,verification:PRIMARY_RESEARCH_ONLY_NOT_SECOND_VERIFIED,
CF27_XBOXUNKNOWN_RTG_HEAD_024,data/research/cf27/exports/partial-research-catalog-current/evidence_manifest.json,$.payload.entries[193],menu_record,RESEARCH_OBSERVED,,,,PRIMARY_RESEARCH_ONLY_NOT_SECOND_VERIFIED,true,false,false,verification:PRIMARY_RESEARCH_ONLY_NOT_SECOND_VERIFIED,
CF27_XBOXUNKNOWN_RTG_HEAD_024,data/research/cf27/exports/partial-research-catalog-current/evidence_manifest.json,$.payload.entries[194],menu_record,RESEARCH_OBSERVED,,,,PRIMARY_RESEARCH_ONLY_NOT_SECOND_VERIFIED,true,false,false,verification:PRIMARY_RESEARCH_ONLY_NOT_SECOND_VERIFIED,
CF27_XBOXUNKNOWN_RTG_HEAD_024,data/research/cf27/exports/partial-research-catalog-current/evidence_manifest.json,$.payload.entries[195],menu_record,RESEARCH_OBSERVED,,,,PRIMARY_RESEARCH_ONLY_NOT_SECOND_VERIFIED,true,false,false,verification:PRIMARY_RESEARCH_ONLY_NOT_SECOND_VERIFIED,
CF27_XBOXUNKNOWN_RTG_HEAD_024,data/research/cf27/exports/partial-research-catalog-current/evidence_manifest.json,$.payload.entries[196],menu_record,RESEARCH_OBSERVED,,,,PRIMARY_RESEARCH_ONLY_NOT_SECOND_VERIFIED,true,false,false,verification:PRIMARY_RESEARCH_ONLY_NOT_SECOND_VERIFIED,
CF27_XBOXUNKNOWN_RTG_HEAD_024,data/research/cf27/exports/partial-research-catalog-current/evidence_manifest.json,$.payload.entries[197],menu_record,RESEARCH_OBSERVED,,,,PRIMARY_RESEARCH_ONLY_NOT_SECOND_VERIFIED,true,false,false,verification:PRIMARY_RESEARCH_ONLY_NOT_SECOND_VERIFIED,
CF27_XBOXUNKNOWN_RTG_HEAD_024,data/research/cf27/exports/partial-research-catalog-current/evidence_manifest.json,$.payload.entries[198],menu_record,RESEARCH_OBSERVED,,,,PRIMARY_RESEARCH_ONLY_NOT_SECOND_VERIFIED,true,false,false,verification:PRIMARY_RESEARCH_ONLY_NOT_SECOND_VERIFIED,
CF27_XBOXUNKNOWN_RTG_HEAD_024,data/research/cf27/exports/partial-research-catalog-current/evidence_manifest.json,$.payload.entries[199],menu_record,RESEARCH_OBSERVED,,,,PRIMARY_RESEARCH_ONLY_NOT_SECOND_VERIFIED,true,false,false,verification:PRIMARY_RESEARCH_ONLY_NOT_SECOND_VERIFIED,
CF27_XBOXUNKNOWN_RTG_EARSHAPE_002,data/research/cf27/exports/partial-research-catalog-current/evidence_manifest.json,$.payload.entries[2],menu_record,PLACEHOLDER,,,,PRIMARY_RESEARCH_ONLY_NOT_SECOND_VERIFIED,true,false,false,verification:PRIMARY_RESEARCH_ONLY_NOT_SECOND_VERIFIED,placeholderToken
CF27_XBOXUNKNOWN_RTG_EYECOLOR_007,data/research/cf27/exports/partial-research-catalog-current/evidence_manifest.json,$.payload.entries[20],menu_record,PLACEHOLDER,,,,PRIMARY_RESEARCH_ONLY_NOT_SECOND_VERIFIED,true,false,false,verification:PRIMARY_RESEARCH_ONLY_NOT_SECOND_VERIFIED,placeholderToken
CF27_XBOXUNKNOWN_RTG_HEAD_025,data/research/cf27/exports/partial-research-catalog-current/evidence_manifest.json,$.payload.entries[200],menu_record,RESEARCH_OBSERVED,,,,PRIMARY_RESEARCH_ONLY_NOT_SECOND_VERIFIED,true,false,false,verification:PRIMARY_RESEARCH_ONLY_NOT_SECOND_VERIFIED,
CF27_XBOXUNKNOWN_RTG_HEAD_025,data/research/cf27/exports/partial-research-catalog-current/evidence_manifest.json,$.payload.entries[201],menu_record,RESEARCH_OBSERVED,,,,PRIMARY_RESEARCH_ONLY_NOT_SECOND_VERIFIED,true,false,false,verification:PRIMARY_RESEARCH_ONLY_NOT_SECOND_VERIFIED,
CF27_XBOXUNKNOWN_RTG_HEAD_025,data/research/cf27/exports/partial-research-catalog-current/evidence_manifest.json,$.payload.entries[202],menu_record,RESEARCH_OBSERVED,,,,PRIMARY_RESEARCH_ONLY_NOT_SECOND_VERIFIED,true,false,false,verification:PRIMARY_RESEARCH_ONLY_NOT_SECOND_VERIFIED,
CF27_XBOXUNKNOWN_RTG_HEAD_025,data/research/cf27/exports/partial-research-catalog-current/evidence_manifest.json,$.payload.entries[203],menu_record,RESEARCH_OBSERVED,,,,PRIMARY_RESEARCH_ONLY_NOT_SECOND_VERIFIED,true,false,false,verification:PRIMARY_RESEARCH_ONLY_NOT_SECOND_VERIFIED,
CF27_XBOXUNKNOWN_RTG_HEAD_025,data/research/cf27/exports/partial-research-catalog-current/evidence_manifest.json,$.payload.entries[204],menu_record,RESEARCH_OBSERVED,,,,PRIMARY_RESEARCH_ONLY_NOT_SECOND_VERIFIED,true,false,false,verification:PRIMARY_RESEARCH_ONLY_NOT_SECOND_VERIFIED,
CF27_XBOXUNKNOWN_RTG_HEAD_025,data/research/cf27/exports/partial-research-catalog-current/evidence_manifest.json,$.payload.entries[205],menu_record,RESEARCH_OBSERVED,,,,PRIMARY_RESEARCH_ONLY_NOT_SECOND_VERIFIED,true,false,false,verification:PRIMARY_RESEARCH_ONLY_NOT_SECOND_VERIFIED,
CF27_XBOXUNKNOWN_RTG_HEAD_025,data/research/cf27/exports/partial-research-catalog-current/evidence_manifest.json,$.payload.entries[206],menu_record,RESEARCH_OBSERVED,,,,PRIMARY_RESEARCH_ONLY_NOT_SECOND_VERIFIED,true,false,false,verification:PRIMARY_RESEARCH_ONLY_NOT_SECOND_VERIFIED,
CF27_XBOXUNKNOWN_RTG_HEAD_026,data/research/cf27/exports/partial-research-catalog-current/evidence_manifest.json,$.payload.entries[207],menu_record,RESEARCH_OBSERVED,,,,PRIMARY_RESEARCH_ONLY_NOT_SECOND_VERIFIED,true,false,false,verification:PRIMARY_RESEARCH_ONLY_NOT_SECOND_VERIFIED,
CF27_XBOXUNKNOWN_RTG_HEAD_026,data/research/cf27/exports/partial-research-catalog-current/evidence_manifest.json,$.payload.entries[208],menu_record,RESEARCH_OBSERVED,,,,PRIMARY_RESEARCH_ONLY_NOT_SECOND_VERIFIED,true,false,false,verification:PRIMARY_RESEARCH_ONLY_NOT_SECOND_VERIFIED,
CF27_XBOXUNKNOWN_RTG_HEAD_026,data/research/cf27/exports/partial-research-catalog-current/evidence_manifest.json,$.payload.entries[209],menu_record,RESEARCH_OBSERVED,,,,PRIMARY_RESEARCH_ONLY_NOT_SECOND_VERIFIED,true,false,false,verification:PRIMARY_RESEARCH_ONLY_NOT_SECOND_VERIFIED,
CF27_XBOXUNKNOWN_RTG_EYECOLOR_007,data/research/cf27/exports/partial-research-catalog-current/evidence_manifest.json,$.payload.entries[21],menu_record,PLACEHOLDER,,,,PRIMARY_RESEARCH_ONLY_NOT_SECOND_VERIFIED,true,false,false,verification:PRIMARY_RESEARCH_ONLY_NOT_SECOND_VERIFIED,placeholderToken
CF27_XBOXUNKNOWN_RTG_HEAD_026,data/research/cf27/exports/partial-research-catalog-current/evidence_manifest.json,$.payload.entries[210],menu_record,RESEARCH_OBSERVED,,,,PRIMARY_RESEARCH_ONLY_NOT_SECOND_VERIFIED,true,false,false,verification:PRIMARY_RESEARCH_ONLY_NOT_SECOND_VERIFIED,
CF27_XBOXUNKNOWN_RTG_HEAD_026,data/research/cf27/exports/partial-research-catalog-current/evidence_manifest.json,$.payload.entries[211],menu_record,RESEARCH_OBSERVED,,,,PRIMARY_RESEARCH_ONLY_NOT_SECOND_VERIFIED,true,false,false,verification:PRIMARY_RESEARCH_ONLY_NOT_SECOND_VERIFIED,
CF27_XBOXUNKNOWN_RTG_HEAD_026,data/research/cf27/exports/partial-research-catalog-current/evidence_manifest.json,$.payload.entries[212],menu_record,RESEARCH_OBSERVED,,,,PRIMARY_RESEARCH_ONLY_NOT_SECOND_VERIFIED,true,false,false,verification:PRIMARY_RESEARCH_ONLY_NOT_SECOND_VERIFIED,
CF27_XBOXUNKNOWN_RTG_HEAD_026,data/research/cf27/exports/partial-research-catalog-current/evidence_manifest.json,$.payload.entries[213],menu_record,RESEARCH_OBSERVED,,,,PRIMARY_RESEARCH_ONLY_NOT_SECOND_VERIFIED,true,false,false,verification:PRIMARY_RESEARCH_ONLY_NOT_SECOND_VERIFIED,
CF27_XBOXUNKNOWN_RTG_HEAD_027,data/research/cf27/exports/partial-research-catalog-current/evidence_manifest.json,$.payload.entries[214],menu_record,RESEARCH_OBSERVED,,,,PRIMARY_RESEARCH_ONLY_NOT_SECOND_VERIFIED,true,false,false,verification:PRIMARY_RESEARCH_ONLY_NOT_SECOND_VERIFIED,
CF27_XBOXUNKNOWN_RTG_HEAD_027,data/research/cf27/exports/partial-research-catalog-current/evidence_manifest.json,$.payload.entries[215],menu_record,RESEARCH_OBSERVED,,,,PRIMARY_RESEARCH_ONLY_NOT_SECOND_VERIFIED,true,false,false,verification:PRIMARY_RESEARCH_ONLY_NOT_SECOND_VERIFIED,
CF27_XBOXUNKNOWN_RTG_HEAD_027,data/research/cf27/exports/partial-research-catalog-current/evidence_manifest.json,$.payload.entries[216],menu_record,RESEARCH_OBSERVED,,,,PRIMARY_RESEARCH_ONLY_NOT_SECOND_VERIFIED,true,false,false,verification:PRIMARY_RESEARCH_ONLY_NOT_SECOND_VERIFIED,
CF27_XBOXUNKNOWN_RTG_HEAD_027,data/research/cf27/exports/partial-research-catalog-current/evidence_manifest.json,$.payload.entries[217],menu_record,RESEARCH_OBSERVED,,,,PRIMARY_RESEARCH_ONLY_NOT_SECOND_VERIFIED,true,false,false,verification:PRIMARY_RESEARCH_ONLY_NOT_SECOND_VERIFIED,
CF27_XBOXUNKNOWN_RTG_HEAD_027,data/research/cf27/exports/partial-research-catalog-current/evidence_manifest.json,$.payload.entries[218],menu_record,RESEARCH_OBSERVED,,,,PRIMARY_RESEARCH_ONLY_NOT_SECOND_VERIFIED,true,false,false,verification:PRIMARY_RESEARCH_ONLY_NOT_SECOND_VERIFIED,
CF27_XBOXUNKNOWN_RTG_HEAD_027,data/research/cf27/exports/partial-research-catalog-current/evidence_manifest.json,$.payload.entries[219],menu_record,RESEARCH_OBSERVED,,,,PRIMARY_RESEARCH_ONLY_NOT_SECOND_VERIFIED,true,false,false,verification:PRIMARY_RESEARCH_ONLY_NOT_SECOND_VERIFIED,
CF27_XBOXUNKNOWN_RTG_EYESHAPE_001,data/research/cf27/exports/partial-research-catalog-current/evidence_manifest.json,$.payload.entries[22],menu_record,PLACEHOLDER,,,,PRIMARY_RESEARCH_ONLY_NOT_SECOND_VERIFIED,true,false,false,verification:PRIMARY_RESEARCH_ONLY_NOT_SECOND_VERIFIED,placeholderToken
CF27_XBOXUNKNOWN_RTG_HEAD_027,data/research/cf27/exports/partial-research-catalog-current/evidence_manifest.json,$.payload.entries[220],menu_record,RESEARCH_OBSERVED,,,,PRIMARY_RESEARCH_ONLY_NOT_SECOND_VERIFIED,true,false,false,verification:PRIMARY_RESEARCH_ONLY_NOT_SECOND_VERIFIED,
CF27_XBOXUNKNOWN_RTG_HEAD_028,data/research/cf27/exports/partial-research-catalog-current/evidence_manifest.json,$.payload.entries[221],menu_record,RESEARCH_OBSERVED,,,,PRIMARY_RESEARCH_ONLY_NOT_SECOND_VERIFIED,true,false,false,verification:PRIMARY_RESEARCH_ONLY_NOT_SECOND_VERIFIED,
CF27_XBOXUNKNOWN_RTG_HEAD_028,data/research/cf27/exports/partial-research-catalog-current/evidence_manifest.json,$.payload.entries[222],menu_record,RESEARCH_OBSERVED,,,,PRIMARY_RESEARCH_ONLY_NOT_SECOND_VERIFIED,true,false,false,verification:PRIMARY_RESEARCH_ONLY_NOT_SECOND_VERIFIED,
CF27_XBOXUNKNOWN_RTG_HEAD_028,data/research/cf27/exports/partial-research-catalog-current/evidence_manifest.json,$.payload.entries[223],menu_record,RESEARCH_OBSERVED,,,,PRIMARY_RESEARCH_ONLY_NOT_SECOND_VERIFIED,true,false,false,verification:PRIMARY_RESEARCH_ONLY_NOT_SECOND_VERIFIED,
CF27_XBOXUNKNOWN_RTG_HEAD_028,data/research/cf27/exports/partial-research-catalog-current/evidence_manifest.json,$.payload.entries[224],menu_record,RESEARCH_OBSERVED,,,,PRIMARY_RESEARCH_ONLY_NOT_SECOND_VERIFIED,true,false,false,verification:PRIMARY_RESEARCH_ONLY_NOT_SECOND_VERIFIED,
CF27_XBOXUNKNOWN_RTG_HEAD_028,data/research/cf27/exports/partial-research-catalog-current/evidence_manifest.json,$.payload.entries[225],menu_record,RESEARCH_OBSERVED,,,,PRIMARY_RESEARCH_ONLY_NOT_SECOND_VERIFIED,true,false,false,verification:PRIMARY_RESEARCH_ONLY_NOT_SECOND_VERIFIED,
CF27_XBOXUNKNOWN_RTG_HEAD_028,data/research/cf27/exports/partial-research-catalog-current/evidence_manifest.json,$.payload.entries[226],menu_record,RESEARCH_OBSERVED,,,,PRIMARY_RESEARCH_ONLY_NOT_SECOND_VERIFIED,true,false,false,verification:PRIMARY_RESEARCH_ONLY_NOT_SECOND_VERIFIED,
CF27_XBOXUNKNOWN_RTG_HEAD_028,data/research/cf27/exports/partial-research-catalog-current/evidence_manifest.json,$.payload.entries[227],menu_record,RESEARCH_OBSERVED,,,,PRIMARY_RESEARCH_ONLY_NOT_SECOND_VERIFIED,true,false,false,verification:PRIMARY_RESEARCH_ONLY_NOT_SECOND_VERIFIED,
CF27_XBOXUNKNOWN_RTG_HEAD_029,data/research/cf27/exports/partial-research-catalog-current/evidence_manifest.json,$.payload.entries[228],menu_record,RESEARCH_OBSERVED,,,,PRIMARY_RESEARCH_ONLY_NOT_SECOND_VERIFIED,true,false,false,verification:PRIMARY_RESEARCH_ONLY_NOT_SECOND_VERIFIED,
CF27_XBOXUNKNOWN_RTG_HEAD_029,data/research/cf27/exports/partial-research-catalog-current/evidence_manifest.json,$.payload.entries[229],menu_record,RESEARCH_OBSERVED,,,,PRIMARY_RESEARCH_ONLY_NOT_SECOND_VERIFIED,true,false,false,verification:PRIMARY_RESEARCH_ONLY_NOT_SECOND_VERIFIED,
CF27_XBOXUNKNOWN_RTG_EYESHAPE_001,data/research/cf27/exports/partial-research-catalog-current/evidence_manifest.json,$.payload.entries[23],menu_record,PLACEHOLDER,,,,PRIMARY_RESEARCH_ONLY_NOT_SECOND_VERIFIED,true,false,false,verification:PRIMARY_RESEARCH_ONLY_NOT_SECOND_VERIFIED,placeholderToken
CF27_XBOXUNKNOWN_RTG_HEAD_029,data/research/cf27/exports/partial-research-catalog-current/evidence_manifest.json,$.payload.entries[230],menu_record,RESEARCH_OBSERVED,,,,PRIMARY_RESEARCH_ONLY_NOT_SECOND_VERIFIED,true,false,false,verification:PRIMARY_RESEARCH_ONLY_NOT_SECOND_VERIFIED,
CF27_XBOXUNKNOWN_RTG_HEAD_029,data/research/cf27/exports/partial-research-catalog-current/evidence_manifest.json,$.payload.entries[231],menu_record,RESEARCH_OBSERVED,,,,PRIMARY_RESEARCH_ONLY_NOT_SECOND_VERIFIED,true,false,false,verification:PRIMARY_RESEARCH_ONLY_NOT_SECOND_VERIFIED,
CF27_XBOXUNKNOWN_RTG_HEAD_029,data/research/cf27/exports/partial-research-catalog-current/evidence_manifest.json,$.payload.entries[232],menu_record,RESEARCH_OBSERVED,,,,PRIMARY_RESEARCH_ONLY_NOT_SECOND_VERIFIED,true,false,false,verification:PRIMARY_RESEARCH_ONLY_NOT_SECOND_VERIFIED,
CF27_XBOXUNKNOWN_RTG_HEAD_029,data/research/cf27/exports/partial-research-catalog-current/evidence_manifest.json,$.payload.entries[233],menu_record,RESEARCH_OBSERVED,,,,PRIMARY_RESEARCH_ONLY_NOT_SECOND_VERIFIED,true,false,false,verification:PRIMARY_RESEARCH_ONLY_NOT_SECOND_VERIFIED,
CF27_XBOXUNKNOWN_RTG_HEAD_029,data/research/cf27/exports/partial-research-catalog-current/evidence_manifest.json,$.payload.entries[234],menu_record,RESEARCH_OBSERVED,,,,PRIMARY_RESEARCH_ONLY_NOT_SECOND_VERIFIED,true,false,false,verification:PRIMARY_RESEARCH_ONLY_NOT_SECOND_VERIFIED,
CF27_XBOXUNKNOWN_RTG_NOSE_001,data/research/cf27/exports/partial-research-catalog-current/evidence_manifest.json,$.payload.entries[235],menu_record,PLACEHOLDER,,,,PRIMARY_RESEARCH_ONLY_NOT_SECOND_VERIFIED,true,false,false,verification:PRIMARY_RESEARCH_ONLY_NOT_SECOND_VERIFIED,placeholderToken
CF27_XBOXUNKNOWN_RTG_NOSE_001,data/research/cf27/exports/partial-research-catalog-current/evidence_manifest.json,$.payload.entries[236],menu_record,PLACEHOLDER,,,,PRIMARY_RESEARCH_ONLY_NOT_SECOND_VERIFIED,true,false,false,verification:PRIMARY_RESEARCH_ONLY_NOT_SECOND_VERIFIED,placeholderToken
CF27_XBOXUNKNOWN_RTG_NOSE_001,data/research/cf27/exports/partial-research-catalog-current/evidence_manifest.json,$.payload.entries[237],menu_record,PLACEHOLDER,,,,PRIMARY_RESEARCH_ONLY_NOT_SECOND_VERIFIED,true,false,false,verification:PRIMARY_RESEARCH_ONLY_NOT_SECOND_VERIFIED,placeholderToken
CF27_XBOXUNKNOWN_RTG_NOSE_002,data/research/cf27/exports/partial-research-catalog-current/evidence_manifest.json,$.payload.entries[238],menu_record,PLACEHOLDER,,,,PRIMARY_RESEARCH_ONLY_NOT_SECOND_VERIFIED,true,false,false,verification:PRIMARY_RESEARCH_ONLY_NOT_SECOND_VERIFIED,placeholderToken
CF27_XBOXUNKNOWN_RTG_NOSE_002,data/research/cf27/exports/partial-research-catalog-current/evidence_manifest.json,$.payload.entries[239],menu_record,PLACEHOLDER,,,,PRIMARY_RESEARCH_ONLY_NOT_SECOND_VERIFIED,true,false,false,verification:PRIMARY_RESEARCH_ONLY_NOT_SECOND_VERIFIED,placeholderToken
CF27_XBOXUNKNOWN_RTG_EYESHAPE_002,data/research/cf27/exports/partial-research-catalog-current/evidence_manifest.json,$.payload.entries[24],menu_record,PLACEHOLDER,,,,PRIMARY_RESEARCH_ONLY_NOT_SECOND_VERIFIED,true,false,false,verification:PRIMARY_RESEARCH_ONLY_NOT_SECOND_VERIFIED,placeholderToken
CF27_XBOXUNKNOWN_RTG_NOSE_002,data/research/cf27/exports/partial-research-catalog-current/evidence_manifest.json,$.payload.entries[240],menu_record,PLACEHOLDER,,,,PRIMARY_RESEARCH_ONLY_NOT_SECOND_VERIFIED,true,false,false,verification:PRIMARY_RESEARCH_ONLY_NOT_SECOND_VERIFIED,placeholderToken
CF27_XBOXUNKNOWN_RTG_NOSE_003,data/research/cf27/exports/partial-research-catalog-current/evidence_manifest.json,$.payload.entries[241],menu_record,PLACEHOLDER,,,,PRIMARY_RESEARCH_ONLY_NOT_SECOND_VERIFIED,true,false,false,verification:PRIMARY_RESEARCH_ONLY_NOT_SECOND_VERIFIED,placeholderToken
CF27_XBOXUNKNOWN_RTG_NOSE_003,data/research/cf27/exports/partial-research-catalog-current/evidence_manifest.json,$.payload.entries[242],menu_record,PLACEHOLDER,,,,PRIMARY_RESEARCH_ONLY_NOT_SECOND_VERIFIED,true,false,false,verification:PRIMARY_RESEARCH_ONLY_NOT_SECOND_VERIFIED,placeholderToken
CF27_XBOXUNKNOWN_RTG_NOSE_003,data/research/cf27/exports/partial-research-catalog-current/evidence_manifest.json,$.payload.entries[243],menu_record,PLACEHOLDER,,,,PRIMARY_RESEARCH_ONLY_NOT_SECOND_VERIFIED,true,false,false,verification:PRIMARY_RESEARCH_ONLY_NOT_SECOND_VERIFIED,placeholderToken
CF27_XBOXUNKNOWN_RTG_NOSE_004,data/research/cf27/exports/partial-research-catalog-current/evidence_manifest.json,$.payload.entries[244],menu_record,PLACEHOLDER,,,,PRIMARY_RESEARCH_ONLY_NOT_SECOND_VERIFIED,true,false,false,verification:PRIMARY_RESEARCH_ONLY_NOT_SECOND_VERIFIED,placeholderToken
CF27_XBOXUNKNOWN_RTG_NOSE_004,data/research/cf27/exports/partial-research-catalog-current/evidence_manifest.json,$.payload.entries[245],menu_record,PLACEHOLDER,,,,PRIMARY_RESEARCH_ONLY_NOT_SECOND_VERIFIED,true,false,false,verification:PRIMARY_RESEARCH_ONLY_NOT_SECOND_VERIFIED,placeholderToken
CF27_XBOXUNKNOWN_RTG_NOSE_004,data/research/cf27/exports/partial-research-catalog-current/evidence_manifest.json,$.payload.entries[246],menu_record,PLACEHOLDER,,,,PRIMARY_RESEARCH_ONLY_NOT_SECOND_VERIFIED,true,false,false,verification:PRIMARY_RESEARCH_ONLY_NOT_SECOND_VERIFIED,placeholderToken
CF27_XBOXUNKNOWN_RTG_NOSE_005,data/research/cf27/exports/partial-research-catalog-current/evidence_manifest.json,$.payload.entries[247],menu_record,PLACEHOLDER,,,,PRIMARY_RESEARCH_ONLY_NOT_SECOND_VERIFIED,true,false,false,verification:PRIMARY_RESEARCH_ONLY_NOT_SECOND_VERIFIED,placeholderToken
CF27_XBOXUNKNOWN_RTG_NOSE_005,data/research/cf27/exports/partial-research-catalog-current/evidence_manifest.json,$.payload.entries[248],menu_record,PLACEHOLDER,,,,PRIMARY_RESEARCH_ONLY_NOT_SECOND_VERIFIED,true,false,false,verification:PRIMARY_RESEARCH_ONLY_NOT_SECOND_VERIFIED,placeholderToken
CF27_XBOXUNKNOWN_RTG_NOSE_005,data/research/cf27/exports/partial-research-catalog-current/evidence_manifest.json,$.payload.entries[249],menu_record,PLACEHOLDER,,,,PRIMARY_RESEARCH_ONLY_NOT_SECOND_VERIFIED,true,false,false,verification:PRIMARY_RESEARCH_ONLY_NOT_SECOND_VERIFIED,placeholderToken
CF27_XBOXUNKNOWN_RTG_EYESHAPE_002,data/research/cf27/exports/partial-research-catalog-current/evidence_manifest.json,$.payload.entries[25],menu_record,PLACEHOLDER,,,,PRIMARY_RESEARCH_ONLY_NOT_SECOND_VERIFIED,true,false,false,verification:PRIMARY_RESEARCH_ONLY_NOT_SECOND_VERIFIED,placeholderToken
CF27_XBOXUNKNOWN_RTG_NOSE_006,data/research/cf27/exports/partial-research-catalog-current/evidence_manifest.json,$.payload.entries[250],menu_record,PLACEHOLDER,,,,PRIMARY_RESEARCH_ONLY_NOT_SECOND_VERIFIED,true,false,false,verification:PRIMARY_RESEARCH_ONLY_NOT_SECOND_VERIFIED,placeholderToken
CF27_XBOXUNKNOWN_RTG_NOSE_006,data/research/cf27/exports/partial-research-catalog-current/evidence_manifest.json,$.payload.entries[251],menu_record,PLACEHOLDER,,,,PRIMARY_RESEARCH_ONLY_NOT_SECOND_VERIFIED,true,false,false,verification:PRIMARY_RESEARCH_ONLY_NOT_SECOND_VERIFIED,placeholderToken
CF27_XBOXUNKNOWN_RTG_NOSE_006,data/research/cf27/exports/partial-research-catalog-current/evidence_manifest.json,$.payload.entries[252],menu_record,PLACEHOLDER,,,,PRIMARY_RESEARCH_ONLY_NOT_SECOND_VERIFIED,true,false,false,verification:PRIMARY_RESEARCH_ONLY_NOT_SECOND_VERIFIED,placeholderToken
CF27_XBOXUNKNOWN_RTG_NOSE_007,data/research/cf27/exports/partial-research-catalog-current/evidence_manifest.json,$.payload.entries[253],menu_record,PLACEHOLDER,,,,PRIMARY_RESEARCH_ONLY_NOT_SECOND_VERIFIED,true,false,false,verification:PRIMARY_RESEARCH_ONLY_NOT_SECOND_VERIFIED,placeholderToken
CF27_XBOXUNKNOWN_RTG_NOSE_007,data/research/cf27/exports/partial-research-catalog-current/evidence_manifest.json,$.payload.entries[254],menu_record,PLACEHOLDER,,,,PRIMARY_RESEARCH_ONLY_NOT_SECOND_VERIFIED,true,false,false,verification:PRIMARY_RESEARCH_ONLY_NOT_SECOND_VERIFIED,placeholderToken
CF27_XBOXUNKNOWN_RTG_NOSE_007,data/research/cf27/exports/partial-research-catalog-current/evidence_manifest.json,$.payload.entries[255],menu_record,PLACEHOLDER,,,,PRIMARY_RESEARCH_ONLY_NOT_SECOND_VERIFIED,true,false,false,verification:PRIMARY_RESEARCH_ONLY_NOT_SECOND_VERIFIED,placeholderToken
CF27_XBOXUNKNOWN_RTG_SKINDETAILS_001,data/research/cf27/exports/partial-research-catalog-current/evidence_manifest.json,$.payload.entries[256],menu_record,PLACEHOLDER,,,,PRIMARY_RESEARCH_ONLY_NOT_SECOND_VERIFIED,true,false,false,verification:PRIMARY_RESEARCH_ONLY_NOT_SECOND_VERIFIED,placeholderToken
CF27_XBOXUNKNOWN_RTG_SKINDETAILS_001,data/research/cf27/exports/partial-research-catalog-current/evidence_manifest.json,$.payload.entries[257],menu_record,PLACEHOLDER,,,,PRIMARY_RESEARCH_ONLY_NOT_SECOND_VERIFIED,true,false,false,verification:PRIMARY_RESEARCH_ONLY_NOT_SECOND_VERIFIED,placeholderToken
CF27_XBOXUNKNOWN_RTG_SKINDETAILS_002,data/research/cf27/exports/partial-research-catalog-current/evidence_manifest.json,$.payload.entries[258],menu_record,PLACEHOLDER,,,,PRIMARY_RESEARCH_ONLY_NOT_SECOND_VERIFIED,true,false,false,verification:PRIMARY_RESEARCH_ONLY_NOT_SECOND_VERIFIED,placeholderToken
CF27_XBOXUNKNOWN_RTG_SKINDETAILS_002,data/research/cf27/exports/partial-research-catalog-current/evidence_manifest.json,$.payload.entries[259],menu_record,PLACEHOLDER,,,,PRIMARY_RESEARCH_ONLY_NOT_SECOND_VERIFIED,true,false,false,verification:PRIMARY_RESEARCH_ONLY_NOT_SECOND_VERIFIED,placeholderToken
CF27_XBOXUNKNOWN_RTG_EYESHAPE_003,data/research/cf27/exports/partial-research-catalog-current/evidence_manifest.json,$.payload.entries[26],menu_record,PLACEHOLDER,,,,PRIMARY_RESEARCH_ONLY_NOT_SECOND_VERIFIED,true,false,false,verification:PRIMARY_RESEARCH_ONLY_NOT_SECOND_VERIFIED,placeholderToken
CF27_XBOXUNKNOWN_RTG_SKINDETAILS_003,data/research/cf27/exports/partial-research-catalog-current/evidence_manifest.json,$.payload.entries[260],menu_record,PLACEHOLDER,,,,PRIMARY_RESEARCH_ONLY_NOT_SECOND_VERIFIED,true,false,false,verification:PRIMARY_RESEARCH_ONLY_NOT_SECOND_VERIFIED,placeholderToken
CF27_XBOXUNKNOWN_RTG_SKINDETAILS_003,data/research/cf27/exports/partial-research-catalog-current/evidence_manifest.json,$.payload.entries[261],menu_record,PLACEHOLDER,,,,PRIMARY_RESEARCH_ONLY_NOT_SECOND_VERIFIED,true,false,false,verification:PRIMARY_RESEARCH_ONLY_NOT_SECOND_VERIFIED,placeholderToken
CF27_XBOXUNKNOWN_RTG_SKINDETAILS_004,data/research/cf27/exports/partial-research-catalog-current/evidence_manifest.json,$.payload.entries[262],menu_record,PLACEHOLDER,,,,PRIMARY_RESEARCH_ONLY_NOT_SECOND_VERIFIED,true,false,false,verification:PRIMARY_RESEARCH_ONLY_NOT_SECOND_VERIFIED,placeholderToken
CF27_XBOXUNKNOWN_RTG_SKINDETAILS_004,data/research/cf27/exports/partial-research-catalog-current/evidence_manifest.json,$.payload.entries[263],menu_record,PLACEHOLDER,,,,PRIMARY_RESEARCH_ONLY_NOT_SECOND_VERIFIED,true,false,false,verification:PRIMARY_RESEARCH_ONLY_NOT_SECOND_VERIFIED,placeholderToken
CF27_XBOXUNKNOWN_RTG_SKINDETAILS_005,data/research/cf27/exports/partial-research-catalog-current/evidence_manifest.json,$.payload.entries[264],menu_record,PLACEHOLDER,,,,PRIMARY_RESEARCH_ONLY_NOT_SECOND_VERIFIED,true,false,false,verification:PRIMARY_RESEARCH_ONLY_NOT_SECOND_VERIFIED,placeholderToken
CF27_XBOXUNKNOWN_RTG_SKINDETAILS_005,data/research/cf27/exports/partial-research-catalog-current/evidence_manifest.json,$.payload.entries[265],menu_record,PLACEHOLDER,,,,PRIMARY_RESEARCH_ONLY_NOT_SECOND_VERIFIED,true,false,false,verification:PRIMARY_RESEARCH_ONLY_NOT_SECOND_VERIFIED,placeholderToken
CF27_XBOXUNKNOWN_RTG_SKINDETAILS_006,data/research/cf27/exports/partial-research-catalog-current/evidence_manifest.json,$.payload.entries[266],menu_record,PLACEHOLDER,,,,PRIMARY_RESEARCH_ONLY_NOT_SECOND_VERIFIED,true,false,false,verification:PRIMARY_RESEARCH_ONLY_NOT_SECOND_VERIFIED,placeholderToken
CF27_XBOXUNKNOWN_RTG_SKINDETAILS_006,data/research/cf27/exports/partial-research-catalog-current/evidence_manifest.json,$.payload.entries[267],menu_record,PLACEHOLDER,,,,PRIMARY_RESEARCH_ONLY_NOT_SECOND_VERIFIED,true,false,false,verification:PRIMARY_RESEARCH_ONLY_NOT_SECOND_VERIFIED,placeholderToken
CF27_XBOXUNKNOWN_RTG_SKINDETAILS_007,data/research/cf27/exports/partial-research-catalog-current/evidence_manifest.json,$.payload.entries[268],menu_record,PLACEHOLDER,,,,PRIMARY_RESEARCH_ONLY_NOT_SECOND_VERIFIED,true,false,false,verification:PRIMARY_RESEARCH_ONLY_NOT_SECOND_VERIFIED,placeholderToken
CF27_XBOXUNKNOWN_RTG_SKINDETAILS_007,data/research/cf27/exports/partial-research-catalog-current/evidence_manifest.json,$.payload.entries[269],menu_record,PLACEHOLDER,,,,PRIMARY_RESEARCH_ONLY_NOT_SECOND_VERIFIED,true,false,false,verification:PRIMARY_RESEARCH_ONLY_NOT_SECOND_VERIFIED,placeholderToken
CF27_XBOXUNKNOWN_RTG_EYESHAPE_003,data/research/cf27/exports/partial-research-catalog-current/evidence_manifest.json,$.payload.entries[27],menu_record,PLACEHOLDER,,,,PRIMARY_RESEARCH_ONLY_NOT_SECOND_VERIFIED,true,false,false,verification:PRIMARY_RESEARCH_ONLY_NOT_SECOND_VERIFIED,placeholderToken
CF27_XBOXUNKNOWN_RTG_SKINDETAILS_008,data/research/cf27/exports/partial-research-catalog-current/evidence_manifest.json,$.payload.entries[270],menu_record,PLACEHOLDER,,,,PRIMARY_RESEARCH_ONLY_NOT_SECOND_VERIFIED,true,false,false,verification:PRIMARY_RESEARCH_ONLY_NOT_SECOND_VERIFIED,placeholderToken
CF27_XBOXUNKNOWN_RTG_SKINDETAILS_008,data/research/cf27/exports/partial-research-catalog-current/evidence_manifest.json,$.payload.entries[271],menu_record,PLACEHOLDER,,,,PRIMARY_RESEARCH_ONLY_NOT_SECOND_VERIFIED,true,false,false,verification:PRIMARY_RESEARCH_ONLY_NOT_SECOND_VERIFIED,placeholderToken
CF27_XBOXUNKNOWN_RTG_SKINDETAILS_009,data/research/cf27/exports/partial-research-catalog-current/evidence_manifest.json,$.payload.entries[272],menu_record,PLACEHOLDER,,,,PRIMARY_RESEARCH_ONLY_NOT_SECOND_VERIFIED,true,false,false,verification:PRIMARY_RESEARCH_ONLY_NOT_SECOND_VERIFIED,placeholderToken
CF27_XBOXUNKNOWN_RTG_SKINDETAILS_009,data/research/cf27/exports/partial-research-catalog-current/evidence_manifest.json,$.payload.entries[273],menu_record,PLACEHOLDER,,,,PRIMARY_RESEARCH_ONLY_NOT_SECOND_VERIFIED,true,false,false,verification:PRIMARY_RESEARCH_ONLY_NOT_SECOND_VERIFIED,placeholderToken
CF27_XBOXUNKNOWN_RTG_SKINDETAILS_010,data/research/cf27/exports/partial-research-catalog-current/evidence_manifest.json,$.payload.entries[274],menu_record,PLACEHOLDER,,,,PRIMARY_RESEARCH_ONLY_NOT_SECOND_VERIFIED,true,false,false,verification:PRIMARY_RESEARCH_ONLY_NOT_SECOND_VERIFIED,placeholderToken
CF27_XBOXUNKNOWN_RTG_SKINDETAILS_010,data/research/cf27/exports/partial-research-catalog-current/evidence_manifest.json,$.payload.entries[275],menu_record,PLACEHOLDER,,,,PRIMARY_RESEARCH_ONLY_NOT_SECOND_VERIFIED,true,false,false,verification:PRIMARY_RESEARCH_ONLY_NOT_SECOND_VERIFIED,placeholderToken
CF27_XBOXUNKNOWN_RTG_SKINTONE_001,data/research/cf27/exports/partial-research-catalog-current/evidence_manifest.json,$.payload.entries[276],menu_record,PLACEHOLDER,,,,PRIMARY_RESEARCH_ONLY_NOT_SECOND_VERIFIED,true,false,false,verification:PRIMARY_RESEARCH_ONLY_NOT_SECOND_VERIFIED,placeholderToken
CF27_XBOXUNKNOWN_RTG_SKINTONE_001,data/research/cf27/exports/partial-research-catalog-current/evidence_manifest.json,$.payload.entries[277],menu_record,PLACEHOLDER,,,,PRIMARY_RESEARCH_ONLY_NOT_SECOND_VERIFIED,true,false,false,verification:PRIMARY_RESEARCH_ONLY_NOT_SECOND_VERIFIED,placeholderToken
CF27_XBOXUNKNOWN_RTG_SKINTONE_002,data/research/cf27/exports/partial-research-catalog-current/evidence_manifest.json,$.payload.entries[278],menu_record,PLACEHOLDER,,,,PRIMARY_RESEARCH_ONLY_NOT_SECOND_VERIFIED,true,false,false,verification:PRIMARY_RESEARCH_ONLY_NOT_SECOND_VERIFIED,placeholderToken
CF27_XBOXUNKNOWN_RTG_SKINTONE_002,data/research/cf27/exports/partial-research-catalog-current/evidence_manifest.json,$.payload.entries[279],menu_record,PLACEHOLDER,,,,PRIMARY_RESEARCH_ONLY_NOT_SECOND_VERIFIED,true,false,false,verification:PRIMARY_RESEARCH_ONLY_NOT_SECOND_VERIFIED,placeholderToken
CF27_XBOXUNKNOWN_RTG_EYESHAPE_004,data/research/cf27/exports/partial-research-catalog-current/evidence_manifest.json,$.payload.entries[28],menu_record,PLACEHOLDER,,,,PRIMARY_RESEARCH_ONLY_NOT_SECOND_VERIFIED,true,false,false,verification:PRIMARY_RESEARCH_ONLY_NOT_SECOND_VERIFIED,placeholderToken
CF27_XBOXUNKNOWN_RTG_SKINTONE_003,data/research/cf27/exports/partial-research-catalog-current/evidence_manifest.json,$.payload.entries[280],menu_record,PLACEHOLDER,,,,PRIMARY_RESEARCH_ONLY_NOT_SECOND_VERIFIED,true,false,false,verification:PRIMARY_RESEARCH_ONLY_NOT_SECOND_VERIFIED,placeholderToken
CF27_XBOXUNKNOWN_RTG_SKINTONE_003,data/research/cf27/exports/partial-research-catalog-current/evidence_manifest.json,$.payload.entries[281],menu_record,PLACEHOLDER,,,,PRIMARY_RESEARCH_ONLY_NOT_SECOND_VERIFIED,true,false,false,verification:PRIMARY_RESEARCH_ONLY_NOT_SECOND_VERIFIED,placeholderToken
CF27_XBOXUNKNOWN_RTG_SKINTONE_004,data/research/cf27/exports/partial-research-catalog-current/evidence_manifest.json,$.payload.entries[282],menu_record,PLACEHOLDER,,,,PRIMARY_RESEARCH_ONLY_NOT_SECOND_VERIFIED,true,false,false,verification:PRIMARY_RESEARCH_ONLY_NOT_SECOND_VERIFIED,placeholderToken
CF27_XBOXUNKNOWN_RTG_SKINTONE_004,data/research/cf27/exports/partial-research-catalog-current/evidence_manifest.json,$.payload.entries[283],menu_record,PLACEHOLDER,,,,PRIMARY_RESEARCH_ONLY_NOT_SECOND_VERIFIED,true,false,false,verification:PRIMARY_RESEARCH_ONLY_NOT_SECOND_VERIFIED,placeholderToken
CF27_XBOXUNKNOWN_RTG_SKINTONE_005,data/research/cf27/exports/partial-research-catalog-current/evidence_manifest.json,$.payload.entries[284],menu_record,PLACEHOLDER,,,,PRIMARY_RESEARCH_ONLY_NOT_SECOND_VERIFIED,true,false,false,verification:PRIMARY_RESEARCH_ONLY_NOT_SECOND_VERIFIED,placeholderToken
CF27_XBOXUNKNOWN_RTG_SKINTONE_005,data/research/cf27/exports/partial-research-catalog-current/evidence_manifest.json,$.payload.entries[285],menu_record,PLACEHOLDER,,,,PRIMARY_RESEARCH_ONLY_NOT_SECOND_VERIFIED,true,false,false,verification:PRIMARY_RESEARCH_ONLY_NOT_SECOND_VERIFIED,placeholderToken
CF27_XBOXUNKNOWN_RTG_SKINTONE_006,data/research/cf27/exports/partial-research-catalog-current/evidence_manifest.json,$.payload.entries[286],menu_record,PLACEHOLDER,,,,PRIMARY_RESEARCH_ONLY_NOT_SECOND_VERIFIED,true,false,false,verification:PRIMARY_RESEARCH_ONLY_NOT_SECOND_VERIFIED,placeholderToken
CF27_XBOXUNKNOWN_RTG_SKINTONE_006,data/research/cf27/exports/partial-research-catalog-current/evidence_manifest.json,$.payload.entries[287],menu_record,PLACEHOLDER,,,,PRIMARY_RESEARCH_ONLY_NOT_SECOND_VERIFIED,true,false,false,verification:PRIMARY_RESEARCH_ONLY_NOT_SECOND_VERIFIED,placeholderToken
CF27_XBOXUNKNOWN_RTG_SKINTONE_007,data/research/cf27/exports/partial-research-catalog-current/evidence_manifest.json,$.payload.entries[288],menu_record,PLACEHOLDER,,,,PRIMARY_RESEARCH_ONLY_NOT_SECOND_VERIFIED,true,false,false,verification:PRIMARY_RESEARCH_ONLY_NOT_SECOND_VERIFIED,placeholderToken
CF27_XBOXUNKNOWN_RTG_SKINTONE_007,data/research/cf27/exports/partial-research-catalog-current/evidence_manifest.json,$.payload.entries[289],menu_record,PLACEHOLDER,,,,PRIMARY_RESEARCH_ONLY_NOT_SECOND_VERIFIED,true,false,false,verification:PRIMARY_RESEARCH_ONLY_NOT_SECOND_VERIFIED,placeholderToken
CF27_XBOXUNKNOWN_RTG_EYESHAPE_004,data/research/cf27/exports/partial-research-catalog-current/evidence_manifest.json,$.payload.entries[29],menu_record,PLACEHOLDER,,,,PRIMARY_RESEARCH_ONLY_NOT_SECOND_VERIFIED,true,false,false,verification:PRIMARY_RESEARCH_ONLY_NOT_SECOND_VERIFIED,placeholderToken
CF27_XBOXUNKNOWN_RTG_SKINTONE_008,data/research/cf27/exports/partial-research-catalog-current/evidence_manifest.json,$.payload.entries[290],menu_record,PLACEHOLDER,,,,PRIMARY_RESEARCH_ONLY_NOT_SECOND_VERIFIED,true,false,false,verification:PRIMARY_RESEARCH_ONLY_NOT_SECOND_VERIFIED,placeholderToken
CF27_XBOXUNKNOWN_RTG_SKINTONE_008,data/research/cf27/exports/partial-research-catalog-current/evidence_manifest.json,$.payload.entries[291],menu_record,PLACEHOLDER,,,,PRIMARY_RESEARCH_ONLY_NOT_SECOND_VERIFIED,true,false,false,verification:PRIMARY_RESEARCH_ONLY_NOT_SECOND_VERIFIED,placeholderToken
CF27_XBOXUNKNOWN_RTG_SKINTONE_009,data/research/cf27/exports/partial-research-catalog-current/evidence_manifest.json,$.payload.entries[292],menu_record,PLACEHOLDER,,,,PRIMARY_RESEARCH_ONLY_NOT_SECOND_VERIFIED,true,false,false,verification:PRIMARY_RESEARCH_ONLY_NOT_SECOND_VERIFIED,placeholderToken
CF27_XBOXUNKNOWN_RTG_SKINTONE_009,data/research/cf27/exports/partial-research-catalog-current/evidence_manifest.json,$.payload.entries[293],menu_record,PLACEHOLDER,,,,PRIMARY_RESEARCH_ONLY_NOT_SECOND_VERIFIED,true,false,false,verification:PRIMARY_RESEARCH_ONLY_NOT_SECOND_VERIFIED,placeholderToken
CF27_XBOXUNKNOWN_RTG_SKINTONE_010,data/research/cf27/exports/partial-research-catalog-current/evidence_manifest.json,$.payload.entries[294],menu_record,PLACEHOLDER,,,,PRIMARY_RESEARCH_ONLY_NOT_SECOND_VERIFIED,true,false,false,verification:PRIMARY_RESEARCH_ONLY_NOT_SECOND_VERIFIED,placeholderToken
CF27_XBOXUNKNOWN_RTG_SKINTONE_010,data/research/cf27/exports/partial-research-catalog-current/evidence_manifest.json,$.payload.entries[295],menu_record,PLACEHOLDER,,,,PRIMARY_RESEARCH_ONLY_NOT_SECOND_VERIFIED,true,false,false,verification:PRIMARY_RESEARCH_ONLY_NOT_SECOND_VERIFIED,placeholderToken
CF27_XBOXUNKNOWN_RTG_SKINTONE_011,data/research/cf27/exports/partial-research-catalog-current/evidence_manifest.json,$.payload.entries[296],menu_record,PLACEHOLDER,,,,PRIMARY_RESEARCH_ONLY_NOT_SECOND_VERIFIED,true,false,false,verification:PRIMARY_RESEARCH_ONLY_NOT_SECOND_VERIFIED,placeholderToken
CF27_XBOXUNKNOWN_RTG_SKINTONE_011,data/research/cf27/exports/partial-research-catalog-current/evidence_manifest.json,$.payload.entries[297],menu_record,PLACEHOLDER,,,,PRIMARY_RESEARCH_ONLY_NOT_SECOND_VERIFIED,true,false,false,verification:PRIMARY_RESEARCH_ONLY_NOT_SECOND_VERIFIED,placeholderToken
CF27_XBOXUNKNOWN_RTG_SKINTONE_012,data/research/cf27/exports/partial-research-catalog-current/evidence_manifest.json,$.payload.entries[298],menu_record,PLACEHOLDER,,,,PRIMARY_RESEARCH_ONLY_NOT_SECOND_VERIFIED,true,false,false,verification:PRIMARY_RESEARCH_ONLY_NOT_SECOND_VERIFIED,placeholderToken
CF27_XBOXUNKNOWN_RTG_SKINTONE_012,data/research/cf27/exports/partial-research-catalog-current/evidence_manifest.json,$.payload.entries[299],menu_record,PLACEHOLDER,,,,PRIMARY_RESEARCH_ONLY_NOT_SECOND_VERIFIED,true,false,false,verification:PRIMARY_RESEARCH_ONLY_NOT_SECOND_VERIFIED,placeholderToken
CF27_XBOXUNKNOWN_RTG_EARSHAPE_002,data/research/cf27/exports/partial-research-catalog-current/evidence_manifest.json,$.payload.entries[3],menu_record,PLACEHOLDER,,,,PRIMARY_RESEARCH_ONLY_NOT_SECOND_VERIFIED,true,false,false,verification:PRIMARY_RESEARCH_ONLY_NOT_SECOND_VERIFIED,placeholderToken
CF27_XBOXUNKNOWN_RTG_EYESHAPE_005,data/research/cf27/exports/partial-research-catalog-current/evidence_manifest.json,$.payload.entries[30],menu_record,PLACEHOLDER,,,,PRIMARY_RESEARCH_ONLY_NOT_SECOND_VERIFIED,true,false,false,verification:PRIMARY_RESEARCH_ONLY_NOT_SECOND_VERIFIED,placeholderToken
CF27_XBOXUNKNOWN_RTG_SKINTONE_013,data/research/cf27/exports/partial-research-catalog-current/evidence_manifest.json,$.payload.entries[300],menu_record,PLACEHOLDER,,,,PRIMARY_RESEARCH_ONLY_NOT_SECOND_VERIFIED,true,false,false,verification:PRIMARY_RESEARCH_ONLY_NOT_SECOND_VERIFIED,placeholderToken
CF27_XBOXUNKNOWN_RTG_SKINTONE_013,data/research/cf27/exports/partial-research-catalog-current/evidence_manifest.json,$.payload.entries[301],menu_record,PLACEHOLDER,,,,PRIMARY_RESEARCH_ONLY_NOT_SECOND_VERIFIED,true,false,false,verification:PRIMARY_RESEARCH_ONLY_NOT_SECOND_VERIFIED,placeholderToken
CF27_XBOXUNKNOWN_RTG_SKINTONE_014,data/research/cf27/exports/partial-research-catalog-current/evidence_manifest.json,$.payload.entries[302],menu_record,PLACEHOLDER,,,,PRIMARY_RESEARCH_ONLY_NOT_SECOND_VERIFIED,true,false,false,verification:PRIMARY_RESEARCH_ONLY_NOT_SECOND_VERIFIED,placeholderToken
CF27_XBOXUNKNOWN_RTG_SKINTONE_014,data/research/cf27/exports/partial-research-catalog-current/evidence_manifest.json,$.payload.entries[303],menu_record,PLACEHOLDER,,,,PRIMARY_RESEARCH_ONLY_NOT_SECOND_VERIFIED,true,false,false,verification:PRIMARY_RESEARCH_ONLY_NOT_SECOND_VERIFIED,placeholderToken
CF27_XBOXUNKNOWN_RTG_SKINTONE_015,data/research/cf27/exports/partial-research-catalog-current/evidence_manifest.json,$.payload.entries[304],menu_record,PLACEHOLDER,,,,PRIMARY_RESEARCH_ONLY_NOT_SECOND_VERIFIED,true,false,false,verification:PRIMARY_RESEARCH_ONLY_NOT_SECOND_VERIFIED,placeholderToken
CF27_XBOXUNKNOWN_RTG_SKINTONE_015,data/research/cf27/exports/partial-research-catalog-current/evidence_manifest.json,$.payload.entries[305],menu_record,PLACEHOLDER,,,,PRIMARY_RESEARCH_ONLY_NOT_SECOND_VERIFIED,true,false,false,verification:PRIMARY_RESEARCH_ONLY_NOT_SECOND_VERIFIED,placeholderToken
CF27_XBOXUNKNOWN_RTG_SKINTONE_016,data/research/cf27/exports/partial-research-catalog-current/evidence_manifest.json,$.payload.entries[306],menu_record,PLACEHOLDER,,,,PRIMARY_RESEARCH_ONLY_NOT_SECOND_VERIFIED,true,false,false,verification:PRIMARY_RESEARCH_ONLY_NOT_SECOND_VERIFIED,placeholderToken
CF27_XBOXUNKNOWN_RTG_SKINTONE_016,data/research/cf27/exports/partial-research-catalog-current/evidence_manifest.json,$.payload.entries[307],menu_record,PLACEHOLDER,,,,PRIMARY_RESEARCH_ONLY_NOT_SECOND_VERIFIED,true,false,false,verification:PRIMARY_RESEARCH_ONLY_NOT_SECOND_VERIFIED,placeholderToken
CF27_XBOXUNKNOWN_RTG_SKINTONE_017,data/research/cf27/exports/partial-research-catalog-current/evidence_manifest.json,$.payload.entries[308],menu_record,PLACEHOLDER,,,,PRIMARY_RESEARCH_ONLY_NOT_SECOND_VERIFIED,true,false,false,verification:PRIMARY_RESEARCH_ONLY_NOT_SECOND_VERIFIED,placeholderToken
CF27_XBOXUNKNOWN_RTG_SKINTONE_017,data/research/cf27/exports/partial-research-catalog-current/evidence_manifest.json,$.payload.entries[309],menu_record,PLACEHOLDER,,,,PRIMARY_RESEARCH_ONLY_NOT_SECOND_VERIFIED,true,false,false,verification:PRIMARY_RESEARCH_ONLY_NOT_SECOND_VERIFIED,placeholderToken
CF27_XBOXUNKNOWN_RTG_EYESHAPE_005,data/research/cf27/exports/partial-research-catalog-current/evidence_manifest.json,$.payload.entries[31],menu_record,PLACEHOLDER,,,,PRIMARY_RESEARCH_ONLY_NOT_SECOND_VERIFIED,true,false,false,verification:PRIMARY_RESEARCH_ONLY_NOT_SECOND_VERIFIED,placeholderToken
CF27_XBOXUNKNOWN_RTG_SKINTONE_018,data/research/cf27/exports/partial-research-catalog-current/evidence_manifest.json,$.payload.entries[310],menu_record,PLACEHOLDER,,,,PRIMARY_RESEARCH_ONLY_NOT_SECOND_VERIFIED,true,false,false,verification:PRIMARY_RESEARCH_ONLY_NOT_SECOND_VERIFIED,placeholderToken
CF27_XBOXUNKNOWN_RTG_SKINTONE_018,data/research/cf27/exports/partial-research-catalog-current/evidence_manifest.json,$.payload.entries[311],menu_record,PLACEHOLDER,,,,PRIMARY_RESEARCH_ONLY_NOT_SECOND_VERIFIED,true,false,false,verification:PRIMARY_RESEARCH_ONLY_NOT_SECOND_VERIFIED,placeholderToken
CF27_XBOXUNKNOWN_RTG_SKINTONE_019,data/research/cf27/exports/partial-research-catalog-current/evidence_manifest.json,$.payload.entries[312],menu_record,PLACEHOLDER,,,,PRIMARY_RESEARCH_ONLY_NOT_SECOND_VERIFIED,true,false,false,verification:PRIMARY_RESEARCH_ONLY_NOT_SECOND_VERIFIED,placeholderToken
CF27_XBOXUNKNOWN_RTG_SKINTONE_019,data/research/cf27/exports/partial-research-catalog-current/evidence_manifest.json,$.payload.entries[313],menu_record,PLACEHOLDER,,,,PRIMARY_RESEARCH_ONLY_NOT_SECOND_VERIFIED,true,false,false,verification:PRIMARY_RESEARCH_ONLY_NOT_SECOND_VERIFIED,placeholderToken
CF27_XBOXUNKNOWN_RTG_SKINTONE_020,data/research/cf27/exports/partial-research-catalog-current/evidence_manifest.json,$.payload.entries[314],menu_record,PLACEHOLDER,,,,PRIMARY_RESEARCH_ONLY_NOT_SECOND_VERIFIED,true,false,false,verification:PRIMARY_RESEARCH_ONLY_NOT_SECOND_VERIFIED,placeholderToken
CF27_XBOXUNKNOWN_RTG_SKINTONE_020,data/research/cf27/exports/partial-research-catalog-current/evidence_manifest.json,$.payload.entries[315],menu_record,PLACEHOLDER,,,,PRIMARY_RESEARCH_ONLY_NOT_SECOND_VERIFIED,true,false,false,verification:PRIMARY_RESEARCH_ONLY_NOT_SECOND_VERIFIED,placeholderToken
CF27_XBOXUNKNOWN_RTG_SKINTONE_021,data/research/cf27/exports/partial-research-catalog-current/evidence_manifest.json,$.payload.entries[316],menu_record,PLACEHOLDER,,,,PRIMARY_RESEARCH_ONLY_NOT_SECOND_VERIFIED,true,false,false,verification:PRIMARY_RESEARCH_ONLY_NOT_SECOND_VERIFIED,placeholderToken
CF27_XBOXUNKNOWN_RTG_SKINTONE_021,data/research/cf27/exports/partial-research-catalog-current/evidence_manifest.json,$.payload.entries[317],menu_record,PLACEHOLDER,,,,PRIMARY_RESEARCH_ONLY_NOT_SECOND_VERIFIED,true,false,false,verification:PRIMARY_RESEARCH_ONLY_NOT_SECOND_VERIFIED,placeholderToken
CF27_XBOXUNKNOWN_RTG_SKINTONE_022,data/research/cf27/exports/partial-research-catalog-current/evidence_manifest.json,$.payload.entries[318],menu_record,PLACEHOLDER,,,,PRIMARY_RESEARCH_ONLY_NOT_SECOND_VERIFIED,true,false,false,verification:PRIMARY_RESEARCH_ONLY_NOT_SECOND_VERIFIED,placeholderToken
CF27_XBOXUNKNOWN_RTG_SKINTONE_022,data/research/cf27/exports/partial-research-catalog-current/evidence_manifest.json,$.payload.entries[319],menu_record,PLACEHOLDER,,,,PRIMARY_RESEARCH_ONLY_NOT_SECOND_VERIFIED,true,false,false,verification:PRIMARY_RESEARCH_ONLY_NOT_SECOND_VERIFIED,placeholderToken
CF27_XBOXUNKNOWN_RTG_HEAD_001,data/research/cf27/exports/partial-research-catalog-current/evidence_manifest.json,$.payload.entries[32],menu_record,RESEARCH_OBSERVED,,,,PRIMARY_RESEARCH_ONLY_NOT_SECOND_VERIFIED,true,false,false,verification:PRIMARY_RESEARCH_ONLY_NOT_SECOND_VERIFIED,
CF27_XBOXUNKNOWN_RTG_SKINTONE_023,data/research/cf27/exports/partial-research-catalog-current/evidence_manifest.json,$.payload.entries[320],menu_record,PLACEHOLDER,,,,PRIMARY_RESEARCH_ONLY_NOT_SECOND_VERIFIED,true,false,false,verification:PRIMARY_RESEARCH_ONLY_NOT_SECOND_VERIFIED,placeholderToken
CF27_XBOXUNKNOWN_RTG_SKINTONE_023,data/research/cf27/exports/partial-research-catalog-current/evidence_manifest.json,$.payload.entries[321],menu_record,PLACEHOLDER,,,,PRIMARY_RESEARCH_ONLY_NOT_SECOND_VERIFIED,true,false,false,verification:PRIMARY_RESEARCH_ONLY_NOT_SECOND_VERIFIED,placeholderToken
CF27_XBOXUNKNOWN_RTG_SKINTONE_024,data/research/cf27/exports/partial-research-catalog-current/evidence_manifest.json,$.payload.entries[322],menu_record,PLACEHOLDER,,,,PRIMARY_RESEARCH_ONLY_NOT_SECOND_VERIFIED,true,false,false,verification:PRIMARY_RESEARCH_ONLY_NOT_SECOND_VERIFIED,placeholderToken
CF27_XBOXUNKNOWN_RTG_SKINTONE_024,data/research/cf27/exports/partial-research-catalog-current/evidence_manifest.json,$.payload.entries[323],menu_record,PLACEHOLDER,,,,PRIMARY_RESEARCH_ONLY_NOT_SECOND_VERIFIED,true,false,false,verification:PRIMARY_RESEARCH_ONLY_NOT_SECOND_VERIFIED,placeholderToken
evidence-video-001-source-master,data/research/cf27/exports/partial-research-catalog-current/evidence_manifest.json,$.payload.entries[324],evidence_record,RESEARCH_OBSERVED,,,,PRIMARY_RESEARCH_ONLY_NOT_SECOND_VERIFIED,true,false,false,verification:PRIMARY_RESEARCH_ONLY_NOT_SECOND_VERIFIED,
cf27-menu-head-skin-head-template,data/research/cf27/exports/partial-research-catalog-current/evidence_manifest.json,$.payload.entries[325],menu_record,RESEARCH_OBSERVED,,,,PRIMARY_RESEARCH_ONLY_NOT_SECOND_VERIFIED,true,false,false,verification:PRIMARY_RESEARCH_ONLY_NOT_SECOND_VERIFIED,
cf27-menu-head-skin-head-template,data/research/cf27/exports/partial-research-catalog-current/evidence_manifest.json,$.payload.entries[326],menu_record,RESEARCH_OBSERVED,,,,PRIMARY_RESEARCH_ONLY_NOT_SECOND_VERIFIED,true,false,false,verification:PRIMARY_RESEARCH_ONLY_NOT_SECOND_VERIFIED,
cf27-menu-head-skin-skin-tone,data/research/cf27/exports/partial-research-catalog-current/evidence_manifest.json,$.payload.entries[327],menu_record,RESEARCH_OBSERVED,,,,PRIMARY_RESEARCH_ONLY_NOT_SECOND_VERIFIED,true,false,false,verification:PRIMARY_RESEARCH_ONLY_NOT_SECOND_VERIFIED,
cf27-menu-head-skin-skin-details,data/research/cf27/exports/partial-research-catalog-current/evidence_manifest.json,$.payload.entries[328],menu_record,RESEARCH_OBSERVED,,,,PRIMARY_RESEARCH_ONLY_NOT_SECOND_VERIFIED,true,false,false,verification:PRIMARY_RESEARCH_ONLY_NOT_SECOND_VERIFIED,
cf27-menu-head-skin-eye-shape,data/research/cf27/exports/partial-research-catalog-current/evidence_manifest.json,$.payload.entries[329],menu_record,RESEARCH_OBSERVED,,,,PRIMARY_RESEARCH_ONLY_NOT_SECOND_VERIFIED,true,false,false,verification:PRIMARY_RESEARCH_ONLY_NOT_SECOND_VERIFIED,
CF27_XBOXUNKNOWN_RTG_HEAD_001,data/research/cf27/exports/partial-research-catalog-current/evidence_manifest.json,$.payload.entries[33],menu_record,RESEARCH_OBSERVED,,,,PRIMARY_RESEARCH_ONLY_NOT_SECOND_VERIFIED,true,false,false,verification:PRIMARY_RESEARCH_ONLY_NOT_SECOND_VERIFIED,
cf27-menu-head-skin-eye-color,data/research/cf27/exports/partial-research-catalog-current/evidence_manifest.json,$.payload.entries[330],menu_record,RESEARCH_OBSERVED,,,,PRIMARY_RESEARCH_ONLY_NOT_SECOND_VERIFIED,true,false,false,verification:PRIMARY_RESEARCH_ONLY_NOT_SECOND_VERIFIED,
cf27-menu-head-skin-nose,data/research/cf27/exports/partial-research-catalog-current/evidence_manifest.json,$.payload.entries[331],menu_record,RESEARCH_OBSERVED,,,,PRIMARY_RESEARCH_ONLY_NOT_SECOND_VERIFIED,true,false,false,verification:PRIMARY_RESEARCH_ONLY_NOT_SECOND_VERIFIED,
cf27-menu-head-skin-ear-shape,data/research/cf27/exports/partial-research-catalog-current/evidence_manifest.json,$.payload.entries[332],menu_record,RESEARCH_OBSERVED,,,,PRIMARY_RESEARCH_ONLY_NOT_SECOND_VERIFIED,true,false,false,verification:PRIMARY_RESEARCH_ONLY_NOT_SECOND_VERIFIED,
cf27-menu-head-skin-skin-tone,data/research/cf27/exports/partial-research-catalog-current/evidence_manifest.json,$.payload.entries[333],menu_record,RESEARCH_OBSERVED,,,,PRIMARY_RESEARCH_ONLY_NOT_SECOND_VERIFIED,true,false,false,verification:PRIMARY_RESEARCH_ONLY_NOT_SECOND_VERIFIED,
cf27-menu-head-skin-skin-details,data/research/cf27/exports/partial-research-catalog-current/evidence_manifest.json,$.payload.entries[334],menu_record,RESEARCH_OBSERVED,,,,PRIMARY_RESEARCH_ONLY_NOT_SECOND_VERIFIED,true,false,false,verification:PRIMARY_RESEARCH_ONLY_NOT_SECOND_VERIFIED,
CF27_XBOXUNKNOWN_RTG_HEAD_001,data/research/cf27/exports/partial-research-catalog-current/evidence_manifest.json,$.payload.entries[34],menu_record,RESEARCH_OBSERVED,,,,PRIMARY_RESEARCH_ONLY_NOT_SECOND_VERIFIED,true,false,false,verification:PRIMARY_RESEARCH_ONLY_NOT_SECOND_VERIFIED,
CF27_XBOXUNKNOWN_RTG_HEAD_001,data/research/cf27/exports/partial-research-catalog-current/evidence_manifest.json,$.payload.entries[35],menu_record,RESEARCH_OBSERVED,,,,PRIMARY_RESEARCH_ONLY_NOT_SECOND_VERIFIED,true,false,false,verification:PRIMARY_RESEARCH_ONLY_NOT_SECOND_VERIFIED,
CF27_XBOXUNKNOWN_RTG_HEAD_001,data/research/cf27/exports/partial-research-catalog-current/evidence_manifest.json,$.payload.entries[36],menu_record,RESEARCH_OBSERVED,,,,PRIMARY_RESEARCH_ONLY_NOT_SECOND_VERIFIED,true,false,false,verification:PRIMARY_RESEARCH_ONLY_NOT_SECOND_VERIFIED,
CF27_XBOXUNKNOWN_RTG_HEAD_001,data/research/cf27/exports/partial-research-catalog-current/evidence_manifest.json,$.payload.entries[37],menu_record,RESEARCH_OBSERVED,,,,PRIMARY_RESEARCH_ONLY_NOT_SECOND_VERIFIED,true,false,false,verification:PRIMARY_RESEARCH_ONLY_NOT_SECOND_VERIFIED,
CF27_XBOXUNKNOWN_RTG_HEAD_001,data/research/cf27/exports/partial-research-catalog-current/evidence_manifest.json,$.payload.entries[38],menu_record,RESEARCH_OBSERVED,,,,PRIMARY_RESEARCH_ONLY_NOT_SECOND_VERIFIED,true,false,false,verification:PRIMARY_RESEARCH_ONLY_NOT_SECOND_VERIFIED,
CF27_XBOXUNKNOWN_RTG_HEAD_002,data/research/cf27/exports/partial-research-catalog-current/evidence_manifest.json,$.payload.entries[39],menu_record,RESEARCH_OBSERVED,,,,PRIMARY_RESEARCH_ONLY_NOT_SECOND_VERIFIED,true,false,false,verification:PRIMARY_RESEARCH_ONLY_NOT_SECOND_VERIFIED,
CF27_XBOXUNKNOWN_RTG_EARSHAPE_003,data/research/cf27/exports/partial-research-catalog-current/evidence_manifest.json,$.payload.entries[4],menu_record,PLACEHOLDER,,,,PRIMARY_RESEARCH_ONLY_NOT_SECOND_VERIFIED,true,false,false,verification:PRIMARY_RESEARCH_ONLY_NOT_SECOND_VERIFIED,placeholderToken
CF27_XBOXUNKNOWN_RTG_HEAD_002,data/research/cf27/exports/partial-research-catalog-current/evidence_manifest.json,$.payload.entries[40],menu_record,RESEARCH_OBSERVED,,,,PRIMARY_RESEARCH_ONLY_NOT_SECOND_VERIFIED,true,false,false,verification:PRIMARY_RESEARCH_ONLY_NOT_SECOND_VERIFIED,
CF27_XBOXUNKNOWN_RTG_HEAD_002,data/research/cf27/exports/partial-research-catalog-current/evidence_manifest.json,$.payload.entries[41],menu_record,RESEARCH_OBSERVED,,,,PRIMARY_RESEARCH_ONLY_NOT_SECOND_VERIFIED,true,false,false,verification:PRIMARY_RESEARCH_ONLY_NOT_SECOND_VERIFIED,
CF27_XBOXUNKNOWN_RTG_HEAD_002,data/research/cf27/exports/partial-research-catalog-current/evidence_manifest.json,$.payload.entries[42],menu_record,RESEARCH_OBSERVED,,,,PRIMARY_RESEARCH_ONLY_NOT_SECOND_VERIFIED,true,false,false,verification:PRIMARY_RESEARCH_ONLY_NOT_SECOND_VERIFIED,
CF27_XBOXUNKNOWN_RTG_HEAD_002,data/research/cf27/exports/partial-research-catalog-current/evidence_manifest.json,$.payload.entries[43],menu_record,RESEARCH_OBSERVED,,,,PRIMARY_RESEARCH_ONLY_NOT_SECOND_VERIFIED,true,false,false,verification:PRIMARY_RESEARCH_ONLY_NOT_SECOND_VERIFIED,
CF27_XBOXUNKNOWN_RTG_HEAD_002,data/research/cf27/exports/partial-research-catalog-current/evidence_manifest.json,$.payload.entries[44],menu_record,RESEARCH_OBSERVED,,,,PRIMARY_RESEARCH_ONLY_NOT_SECOND_VERIFIED,true,false,false,verification:PRIMARY_RESEARCH_ONLY_NOT_SECOND_VERIFIED,
CF27_XBOXUNKNOWN_RTG_HEAD_002,data/research/cf27/exports/partial-research-catalog-current/evidence_manifest.json,$.payload.entries[45],menu_record,RESEARCH_OBSERVED,,,,PRIMARY_RESEARCH_ONLY_NOT_SECOND_VERIFIED,true,false,false,verification:PRIMARY_RESEARCH_ONLY_NOT_SECOND_VERIFIED,
CF27_XBOXUNKNOWN_RTG_HEAD_003,data/research/cf27/exports/partial-research-catalog-current/evidence_manifest.json,$.payload.entries[46],menu_record,RESEARCH_OBSERVED,,,,PRIMARY_RESEARCH_ONLY_NOT_SECOND_VERIFIED,true,false,false,verification:PRIMARY_RESEARCH_ONLY_NOT_SECOND_VERIFIED,
CF27_XBOXUNKNOWN_RTG_HEAD_003,data/research/cf27/exports/partial-research-catalog-current/evidence_manifest.json,$.payload.entries[47],menu_record,RESEARCH_OBSERVED,,,,PRIMARY_RESEARCH_ONLY_NOT_SECOND_VERIFIED,true,false,false,verification:PRIMARY_RESEARCH_ONLY_NOT_SECOND_VERIFIED,
CF27_XBOXUNKNOWN_RTG_HEAD_003,data/research/cf27/exports/partial-research-catalog-current/evidence_manifest.json,$.payload.entries[48],menu_record,RESEARCH_OBSERVED,,,,PRIMARY_RESEARCH_ONLY_NOT_SECOND_VERIFIED,true,false,false,verification:PRIMARY_RESEARCH_ONLY_NOT_SECOND_VERIFIED,
CF27_XBOXUNKNOWN_RTG_HEAD_003,data/research/cf27/exports/partial-research-catalog-current/evidence_manifest.json,$.payload.entries[49],menu_record,RESEARCH_OBSERVED,,,,PRIMARY_RESEARCH_ONLY_NOT_SECOND_VERIFIED,true,false,false,verification:PRIMARY_RESEARCH_ONLY_NOT_SECOND_VERIFIED,
CF27_XBOXUNKNOWN_RTG_EARSHAPE_003,data/research/cf27/exports/partial-research-catalog-current/evidence_manifest.json,$.payload.entries[5],menu_record,PLACEHOLDER,,,,PRIMARY_RESEARCH_ONLY_NOT_SECOND_VERIFIED,true,false,false,verification:PRIMARY_RESEARCH_ONLY_NOT_SECOND_VERIFIED,placeholderToken
CF27_XBOXUNKNOWN_RTG_HEAD_003,data/research/cf27/exports/partial-research-catalog-current/evidence_manifest.json,$.payload.entries[50],menu_record,RESEARCH_OBSERVED,,,,PRIMARY_RESEARCH_ONLY_NOT_SECOND_VERIFIED,true,false,false,verification:PRIMARY_RESEARCH_ONLY_NOT_SECOND_VERIFIED,
CF27_XBOXUNKNOWN_RTG_HEAD_003,data/research/cf27/exports/partial-research-catalog-current/evidence_manifest.json,$.payload.entries[51],menu_record,RESEARCH_OBSERVED,,,,PRIMARY_RESEARCH_ONLY_NOT_SECOND_VERIFIED,true,false,false,verification:PRIMARY_RESEARCH_ONLY_NOT_SECOND_VERIFIED,
CF27_XBOXUNKNOWN_RTG_HEAD_003,data/research/cf27/exports/partial-research-catalog-current/evidence_manifest.json,$.payload.entries[52],menu_record,RESEARCH_OBSERVED,,,,PRIMARY_RESEARCH_ONLY_NOT_SECOND_VERIFIED,true,false,false,verification:PRIMARY_RESEARCH_ONLY_NOT_SECOND_VERIFIED,
CF27_XBOXUNKNOWN_RTG_HEAD_004,data/research/cf27/exports/partial-research-catalog-current/evidence_manifest.json,$.payload.entries[53],menu_record,RESEARCH_OBSERVED,,,,PRIMARY_RESEARCH_ONLY_NOT_SECOND_VERIFIED,true,false,false,verification:PRIMARY_RESEARCH_ONLY_NOT_SECOND_VERIFIED,
CF27_XBOXUNKNOWN_RTG_HEAD_004,data/research/cf27/exports/partial-research-catalog-current/evidence_manifest.json,$.payload.entries[54],menu_record,RESEARCH_OBSERVED,,,,PRIMARY_RESEARCH_ONLY_NOT_SECOND_VERIFIED,true,false,false,verification:PRIMARY_RESEARCH_ONLY_NOT_SECOND_VERIFIED,
CF27_XBOXUNKNOWN_RTG_HEAD_004,data/research/cf27/exports/partial-research-catalog-current/evidence_manifest.json,$.payload.entries[55],menu_record,RESEARCH_OBSERVED,,,,PRIMARY_RESEARCH_ONLY_NOT_SECOND_VERIFIED,true,false,false,verification:PRIMARY_RESEARCH_ONLY_NOT_SECOND_VERIFIED,
CF27_XBOXUNKNOWN_RTG_HEAD_004,data/research/cf27/exports/partial-research-catalog-current/evidence_manifest.json,$.payload.entries[56],menu_record,RESEARCH_OBSERVED,,,,PRIMARY_RESEARCH_ONLY_NOT_SECOND_VERIFIED,true,false,false,verification:PRIMARY_RESEARCH_ONLY_NOT_SECOND_VERIFIED,
CF27_XBOXUNKNOWN_RTG_HEAD_004,data/research/cf27/exports/partial-research-catalog-current/evidence_manifest.json,$.payload.entries[57],menu_record,RESEARCH_OBSERVED,,,,PRIMARY_RESEARCH_ONLY_NOT_SECOND_VERIFIED,true,false,false,verification:PRIMARY_RESEARCH_ONLY_NOT_SECOND_VERIFIED,
CF27_XBOXUNKNOWN_RTG_HEAD_004,data/research/cf27/exports/partial-research-catalog-current/evidence_manifest.json,$.payload.entries[58],menu_record,RESEARCH_OBSERVED,,,,PRIMARY_RESEARCH_ONLY_NOT_SECOND_VERIFIED,true,false,false,verification:PRIMARY_RESEARCH_ONLY_NOT_SECOND_VERIFIED,
CF27_XBOXUNKNOWN_RTG_HEAD_004,data/research/cf27/exports/partial-research-catalog-current/evidence_manifest.json,$.payload.entries[59],menu_record,RESEARCH_OBSERVED,,,,PRIMARY_RESEARCH_ONLY_NOT_SECOND_VERIFIED,true,false,false,verification:PRIMARY_RESEARCH_ONLY_NOT_SECOND_VERIFIED,
CF27_XBOXUNKNOWN_RTG_EARSHAPE_004,data/research/cf27/exports/partial-research-catalog-current/evidence_manifest.json,$.payload.entries[6],menu_record,PLACEHOLDER,,,,PRIMARY_RESEARCH_ONLY_NOT_SECOND_VERIFIED,true,false,false,verification:PRIMARY_RESEARCH_ONLY_NOT_SECOND_VERIFIED,placeholderToken
CF27_XBOXUNKNOWN_RTG_HEAD_005,data/research/cf27/exports/partial-research-catalog-current/evidence_manifest.json,$.payload.entries[60],menu_record,RESEARCH_OBSERVED,,,,PRIMARY_RESEARCH_ONLY_NOT_SECOND_VERIFIED,true,false,false,verification:PRIMARY_RESEARCH_ONLY_NOT_SECOND_VERIFIED,
CF27_XBOXUNKNOWN_RTG_HEAD_005,data/research/cf27/exports/partial-research-catalog-current/evidence_manifest.json,$.payload.entries[61],menu_record,RESEARCH_OBSERVED,,,,PRIMARY_RESEARCH_ONLY_NOT_SECOND_VERIFIED,true,false,false,verification:PRIMARY_RESEARCH_ONLY_NOT_SECOND_VERIFIED,
CF27_XBOXUNKNOWN_RTG_HEAD_005,data/research/cf27/exports/partial-research-catalog-current/evidence_manifest.json,$.payload.entries[62],menu_record,RESEARCH_OBSERVED,,,,PRIMARY_RESEARCH_ONLY_NOT_SECOND_VERIFIED,true,false,false,verification:PRIMARY_RESEARCH_ONLY_NOT_SECOND_VERIFIED,
CF27_XBOXUNKNOWN_RTG_HEAD_005,data/research/cf27/exports/partial-research-catalog-current/evidence_manifest.json,$.payload.entries[63],menu_record,RESEARCH_OBSERVED,,,,PRIMARY_RESEARCH_ONLY_NOT_SECOND_VERIFIED,true,false,false,verification:PRIMARY_RESEARCH_ONLY_NOT_SECOND_VERIFIED,
CF27_XBOXUNKNOWN_RTG_HEAD_005,data/research/cf27/exports/partial-research-catalog-current/evidence_manifest.json,$.payload.entries[64],menu_record,RESEARCH_OBSERVED,,,,PRIMARY_RESEARCH_ONLY_NOT_SECOND_VERIFIED,true,false,false,verification:PRIMARY_RESEARCH_ONLY_NOT_SECOND_VERIFIED,
CF27_XBOXUNKNOWN_RTG_HEAD_005,data/research/cf27/exports/partial-research-catalog-current/evidence_manifest.json,$.payload.entries[65],menu_record,RESEARCH_OBSERVED,,,,PRIMARY_RESEARCH_ONLY_NOT_SECOND_VERIFIED,true,false,false,verification:PRIMARY_RESEARCH_ONLY_NOT_SECOND_VERIFIED,
CF27_XBOXUNKNOWN_RTG_HEAD_005,data/research/cf27/exports/partial-research-catalog-current/evidence_manifest.json,$.payload.entries[66],menu_record,RESEARCH_OBSERVED,,,,PRIMARY_RESEARCH_ONLY_NOT_SECOND_VERIFIED,true,false,false,verification:PRIMARY_RESEARCH_ONLY_NOT_SECOND_VERIFIED,
CF27_XBOXUNKNOWN_RTG_HEAD_006,data/research/cf27/exports/partial-research-catalog-current/evidence_manifest.json,$.payload.entries[67],menu_record,RESEARCH_OBSERVED,,,,PRIMARY_RESEARCH_ONLY_NOT_SECOND_VERIFIED,true,false,false,verification:PRIMARY_RESEARCH_ONLY_NOT_SECOND_VERIFIED,
CF27_XBOXUNKNOWN_RTG_HEAD_006,data/research/cf27/exports/partial-research-catalog-current/evidence_manifest.json,$.payload.entries[68],menu_record,RESEARCH_OBSERVED,,,,PRIMARY_RESEARCH_ONLY_NOT_SECOND_VERIFIED,true,false,false,verification:PRIMARY_RESEARCH_ONLY_NOT_SECOND_VERIFIED,
CF27_XBOXUNKNOWN_RTG_HEAD_006,data/research/cf27/exports/partial-research-catalog-current/evidence_manifest.json,$.payload.entries[69],menu_record,RESEARCH_OBSERVED,,,,PRIMARY_RESEARCH_ONLY_NOT_SECOND_VERIFIED,true,false,false,verification:PRIMARY_RESEARCH_ONLY_NOT_SECOND_VERIFIED,
CF27_XBOXUNKNOWN_RTG_EARSHAPE_004,data/research/cf27/exports/partial-research-catalog-current/evidence_manifest.json,$.payload.entries[7],menu_record,PLACEHOLDER,,,,PRIMARY_RESEARCH_ONLY_NOT_SECOND_VERIFIED,true,false,false,verification:PRIMARY_RESEARCH_ONLY_NOT_SECOND_VERIFIED,placeholderToken
CF27_XBOXUNKNOWN_RTG_HEAD_006,data/research/cf27/exports/partial-research-catalog-current/evidence_manifest.json,$.payload.entries[70],menu_record,RESEARCH_OBSERVED,,,,PRIMARY_RESEARCH_ONLY_NOT_SECOND_VERIFIED,true,false,false,verification:PRIMARY_RESEARCH_ONLY_NOT_SECOND_VERIFIED,
CF27_XBOXUNKNOWN_RTG_HEAD_006,data/research/cf27/exports/partial-research-catalog-current/evidence_manifest.json,$.payload.entries[71],menu_record,RESEARCH_OBSERVED,,,,PRIMARY_RESEARCH_ONLY_NOT_SECOND_VERIFIED,true,false,false,verification:PRIMARY_RESEARCH_ONLY_NOT_SECOND_VERIFIED,
CF27_XBOXUNKNOWN_RTG_HEAD_006,data/research/cf27/exports/partial-research-catalog-current/evidence_manifest.json,$.payload.entries[72],menu_record,RESEARCH_OBSERVED,,,,PRIMARY_RESEARCH_ONLY_NOT_SECOND_VERIFIED,true,false,false,verification:PRIMARY_RESEARCH_ONLY_NOT_SECOND_VERIFIED,
CF27_XBOXUNKNOWN_RTG_HEAD_006,data/research/cf27/exports/partial-research-catalog-current/evidence_manifest.json,$.payload.entries[73],menu_record,RESEARCH_OBSERVED,,,,PRIMARY_RESEARCH_ONLY_NOT_SECOND_VERIFIED,true,false,false,verification:PRIMARY_RESEARCH_ONLY_NOT_SECOND_VERIFIED,
CF27_XBOXUNKNOWN_RTG_HEAD_007,data/research/cf27/exports/partial-research-catalog-current/evidence_manifest.json,$.payload.entries[74],menu_record,RESEARCH_OBSERVED,,,,PRIMARY_RESEARCH_ONLY_NOT_SECOND_VERIFIED,true,false,false,verification:PRIMARY_RESEARCH_ONLY_NOT_SECOND_VERIFIED,
CF27_XBOXUNKNOWN_RTG_HEAD_007,data/research/cf27/exports/partial-research-catalog-current/evidence_manifest.json,$.payload.entries[75],menu_record,RESEARCH_OBSERVED,,,,PRIMARY_RESEARCH_ONLY_NOT_SECOND_VERIFIED,true,false,false,verification:PRIMARY_RESEARCH_ONLY_NOT_SECOND_VERIFIED,
CF27_XBOXUNKNOWN_RTG_HEAD_007,data/research/cf27/exports/partial-research-catalog-current/evidence_manifest.json,$.payload.entries[76],menu_record,RESEARCH_OBSERVED,,,,PRIMARY_RESEARCH_ONLY_NOT_SECOND_VERIFIED,true,false,false,verification:PRIMARY_RESEARCH_ONLY_NOT_SECOND_VERIFIED,
CF27_XBOXUNKNOWN_RTG_HEAD_007,data/research/cf27/exports/partial-research-catalog-current/evidence_manifest.json,$.payload.entries[77],menu_record,RESEARCH_OBSERVED,,,,PRIMARY_RESEARCH_ONLY_NOT_SECOND_VERIFIED,true,false,false,verification:PRIMARY_RESEARCH_ONLY_NOT_SECOND_VERIFIED,
CF27_XBOXUNKNOWN_RTG_HEAD_007,data/research/cf27/exports/partial-research-catalog-current/evidence_manifest.json,$.payload.entries[78],menu_record,RESEARCH_OBSERVED,,,,PRIMARY_RESEARCH_ONLY_NOT_SECOND_VERIFIED,true,false,false,verification:PRIMARY_RESEARCH_ONLY_NOT_SECOND_VERIFIED,
CF27_XBOXUNKNOWN_RTG_HEAD_007,data/research/cf27/exports/partial-research-catalog-current/evidence_manifest.json,$.payload.entries[79],menu_record,RESEARCH_OBSERVED,,,,PRIMARY_RESEARCH_ONLY_NOT_SECOND_VERIFIED,true,false,false,verification:PRIMARY_RESEARCH_ONLY_NOT_SECOND_VERIFIED,
CF27_XBOXUNKNOWN_RTG_EYECOLOR_001,data/research/cf27/exports/partial-research-catalog-current/evidence_manifest.json,$.payload.entries[8],menu_record,PLACEHOLDER,,,,PRIMARY_RESEARCH_ONLY_NOT_SECOND_VERIFIED,true,false,false,verification:PRIMARY_RESEARCH_ONLY_NOT_SECOND_VERIFIED,placeholderToken
CF27_XBOXUNKNOWN_RTG_HEAD_007,data/research/cf27/exports/partial-research-catalog-current/evidence_manifest.json,$.payload.entries[80],menu_record,RESEARCH_OBSERVED,,,,PRIMARY_RESEARCH_ONLY_NOT_SECOND_VERIFIED,true,false,false,verification:PRIMARY_RESEARCH_ONLY_NOT_SECOND_VERIFIED,
CF27_XBOXUNKNOWN_RTG_HEAD_008,data/research/cf27/exports/partial-research-catalog-current/evidence_manifest.json,$.payload.entries[81],menu_record,RESEARCH_OBSERVED,,,,PRIMARY_RESEARCH_ONLY_NOT_SECOND_VERIFIED,true,false,false,verification:PRIMARY_RESEARCH_ONLY_NOT_SECOND_VERIFIED,
CF27_XBOXUNKNOWN_RTG_HEAD_008,data/research/cf27/exports/partial-research-catalog-current/evidence_manifest.json,$.payload.entries[82],menu_record,RESEARCH_OBSERVED,,,,PRIMARY_RESEARCH_ONLY_NOT_SECOND_VERIFIED,true,false,false,verification:PRIMARY_RESEARCH_ONLY_NOT_SECOND_VERIFIED,
CF27_XBOXUNKNOWN_RTG_HEAD_008,data/research/cf27/exports/partial-research-catalog-current/evidence_manifest.json,$.payload.entries[83],menu_record,RESEARCH_OBSERVED,,,,PRIMARY_RESEARCH_ONLY_NOT_SECOND_VERIFIED,true,false,false,verification:PRIMARY_RESEARCH_ONLY_NOT_SECOND_VERIFIED,
CF27_XBOXUNKNOWN_RTG_HEAD_008,data/research/cf27/exports/partial-research-catalog-current/evidence_manifest.json,$.payload.entries[84],menu_record,RESEARCH_OBSERVED,,,,PRIMARY_RESEARCH_ONLY_NOT_SECOND_VERIFIED,true,false,false,verification:PRIMARY_RESEARCH_ONLY_NOT_SECOND_VERIFIED,
CF27_XBOXUNKNOWN_RTG_HEAD_008,data/research/cf27/exports/partial-research-catalog-current/evidence_manifest.json,$.payload.entries[85],menu_record,RESEARCH_OBSERVED,,,,PRIMARY_RESEARCH_ONLY_NOT_SECOND_VERIFIED,true,false,false,verification:PRIMARY_RESEARCH_ONLY_NOT_SECOND_VERIFIED,
CF27_XBOXUNKNOWN_RTG_HEAD_008,data/research/cf27/exports/partial-research-catalog-current/evidence_manifest.json,$.payload.entries[86],menu_record,RESEARCH_OBSERVED,,,,PRIMARY_RESEARCH_ONLY_NOT_SECOND_VERIFIED,true,false,false,verification:PRIMARY_RESEARCH_ONLY_NOT_SECOND_VERIFIED,
CF27_XBOXUNKNOWN_RTG_HEAD_008,data/research/cf27/exports/partial-research-catalog-current/evidence_manifest.json,$.payload.entries[87],menu_record,RESEARCH_OBSERVED,,,,PRIMARY_RESEARCH_ONLY_NOT_SECOND_VERIFIED,true,false,false,verification:PRIMARY_RESEARCH_ONLY_NOT_SECOND_VERIFIED,
CF27_XBOXUNKNOWN_RTG_HEAD_009,data/research/cf27/exports/partial-research-catalog-current/evidence_manifest.json,$.payload.entries[88],menu_record,RESEARCH_OBSERVED,,,,PRIMARY_RESEARCH_ONLY_NOT_SECOND_VERIFIED,true,false,false,verification:PRIMARY_RESEARCH_ONLY_NOT_SECOND_VERIFIED,
CF27_XBOXUNKNOWN_RTG_HEAD_009,data/research/cf27/exports/partial-research-catalog-current/evidence_manifest.json,$.payload.entries[89],menu_record,RESEARCH_OBSERVED,,,,PRIMARY_RESEARCH_ONLY_NOT_SECOND_VERIFIED,true,false,false,verification:PRIMARY_RESEARCH_ONLY_NOT_SECOND_VERIFIED,
CF27_XBOXUNKNOWN_RTG_EYECOLOR_001,data/research/cf27/exports/partial-research-catalog-current/evidence_manifest.json,$.payload.entries[9],menu_record,PLACEHOLDER,,,,PRIMARY_RESEARCH_ONLY_NOT_SECOND_VERIFIED,true,false,false,verification:PRIMARY_RESEARCH_ONLY_NOT_SECOND_VERIFIED,placeholderToken
CF27_XBOXUNKNOWN_RTG_HEAD_009,data/research/cf27/exports/partial-research-catalog-current/evidence_manifest.json,$.payload.entries[90],menu_record,RESEARCH_OBSERVED,,,,PRIMARY_RESEARCH_ONLY_NOT_SECOND_VERIFIED,true,false,false,verification:PRIMARY_RESEARCH_ONLY_NOT_SECOND_VERIFIED,
CF27_XBOXUNKNOWN_RTG_HEAD_009,data/research/cf27/exports/partial-research-catalog-current/evidence_manifest.json,$.payload.entries[91],menu_record,RESEARCH_OBSERVED,,,,PRIMARY_RESEARCH_ONLY_NOT_SECOND_VERIFIED,true,false,false,verification:PRIMARY_RESEARCH_ONLY_NOT_SECOND_VERIFIED,
CF27_XBOXUNKNOWN_RTG_HEAD_009,data/research/cf27/exports/partial-research-catalog-current/evidence_manifest.json,$.payload.entries[92],menu_record,RESEARCH_OBSERVED,,,,PRIMARY_RESEARCH_ONLY_NOT_SECOND_VERIFIED,true,false,false,verification:PRIMARY_RESEARCH_ONLY_NOT_SECOND_VERIFIED,
CF27_XBOXUNKNOWN_RTG_HEAD_009,data/research/cf27/exports/partial-research-catalog-current/evidence_manifest.json,$.payload.entries[93],menu_record,RESEARCH_OBSERVED,,,,PRIMARY_RESEARCH_ONLY_NOT_SECOND_VERIFIED,true,false,false,verification:PRIMARY_RESEARCH_ONLY_NOT_SECOND_VERIFIED,
CF27_XBOXUNKNOWN_RTG_HEAD_009,data/research/cf27/exports/partial-research-catalog-current/evidence_manifest.json,$.payload.entries[94],menu_record,RESEARCH_OBSERVED,,,,PRIMARY_RESEARCH_ONLY_NOT_SECOND_VERIFIED,true,false,false,verification:PRIMARY_RESEARCH_ONLY_NOT_SECOND_VERIFIED,
CF27_XBOXUNKNOWN_RTG_HEAD_010,data/research/cf27/exports/partial-research-catalog-current/evidence_manifest.json,$.payload.entries[95],menu_record,RESEARCH_OBSERVED,,,,PRIMARY_RESEARCH_ONLY_NOT_SECOND_VERIFIED,true,false,false,verification:PRIMARY_RESEARCH_ONLY_NOT_SECOND_VERIFIED,
CF27_XBOXUNKNOWN_RTG_HEAD_010,data/research/cf27/exports/partial-research-catalog-current/evidence_manifest.json,$.payload.entries[96],menu_record,RESEARCH_OBSERVED,,,,PRIMARY_RESEARCH_ONLY_NOT_SECOND_VERIFIED,true,false,false,verification:PRIMARY_RESEARCH_ONLY_NOT_SECOND_VERIFIED,
CF27_XBOXUNKNOWN_RTG_HEAD_010,data/research/cf27/exports/partial-research-catalog-current/evidence_manifest.json,$.payload.entries[97],menu_record,RESEARCH_OBSERVED,,,,PRIMARY_RESEARCH_ONLY_NOT_SECOND_VERIFIED,true,false,false,verification:PRIMARY_RESEARCH_ONLY_NOT_SECOND_VERIFIED,
CF27_XBOXUNKNOWN_RTG_HEAD_010,data/research/cf27/exports/partial-research-catalog-current/evidence_manifest.json,$.payload.entries[98],menu_record,RESEARCH_OBSERVED,,,,PRIMARY_RESEARCH_ONLY_NOT_SECOND_VERIFIED,true,false,false,verification:PRIMARY_RESEARCH_ONLY_NOT_SECOND_VERIFIED,
CF27_XBOXUNKNOWN_RTG_HEAD_010,data/research/cf27/exports/partial-research-catalog-current/evidence_manifest.json,$.payload.entries[99],menu_record,RESEARCH_OBSERVED,,,,PRIMARY_RESEARCH_ONLY_NOT_SECOND_VERIFIED,true,false,false,verification:PRIMARY_RESEARCH_ONLY_NOT_SECOND_VERIFIED,
CF27_XBOXUNKNOWN_RTG_EYECOLOR_001,data/research/cf27/exports/partial-research-catalog-current/eye_colors.json,$.payload.records[0],catalog_record,RESEARCH_OBSERVED,,,NOT_PRODUCTION_DATA,NOT_VERIFIED,true,false,false,verification:NOT_VERIFIED;productionStatus:NOT_PRODUCTION_DATA,
CF27_XBOXUNKNOWN_RTG_EYECOLOR_002,data/research/cf27/exports/partial-research-catalog-current/eye_colors.json,$.payload.records[1],catalog_record,RESEARCH_OBSERVED,,,NOT_PRODUCTION_DATA,NOT_VERIFIED,true,false,false,verification:NOT_VERIFIED;productionStatus:NOT_PRODUCTION_DATA,
CF27_XBOXUNKNOWN_RTG_EYECOLOR_003,data/research/cf27/exports/partial-research-catalog-current/eye_colors.json,$.payload.records[2],catalog_record,RESEARCH_OBSERVED,,,NOT_PRODUCTION_DATA,NOT_VERIFIED,true,false,false,verification:NOT_VERIFIED;productionStatus:NOT_PRODUCTION_DATA,
CF27_XBOXUNKNOWN_RTG_EYECOLOR_004,data/research/cf27/exports/partial-research-catalog-current/eye_colors.json,$.payload.records[3],catalog_record,RESEARCH_OBSERVED,,,NOT_PRODUCTION_DATA,NOT_VERIFIED,true,false,false,verification:NOT_VERIFIED;productionStatus:NOT_PRODUCTION_DATA,
CF27_XBOXUNKNOWN_RTG_EYECOLOR_005,data/research/cf27/exports/partial-research-catalog-current/eye_colors.json,$.payload.records[4],catalog_record,RESEARCH_OBSERVED,,,NOT_PRODUCTION_DATA,NOT_VERIFIED,true,false,false,verification:NOT_VERIFIED;productionStatus:NOT_PRODUCTION_DATA,
CF27_XBOXUNKNOWN_RTG_EYECOLOR_006,data/research/cf27/exports/partial-research-catalog-current/eye_colors.json,$.payload.records[5],catalog_record,RESEARCH_OBSERVED,,,NOT_PRODUCTION_DATA,NOT_VERIFIED,true,false,false,verification:NOT_VERIFIED;productionStatus:NOT_PRODUCTION_DATA,
CF27_XBOXUNKNOWN_RTG_EYECOLOR_007,data/research/cf27/exports/partial-research-catalog-current/eye_colors.json,$.payload.records[6],catalog_record,RESEARCH_OBSERVED,,,NOT_PRODUCTION_DATA,NOT_VERIFIED,true,false,false,verification:NOT_VERIFIED;productionStatus:NOT_PRODUCTION_DATA,
CF27_XBOXUNKNOWN_RTG_EYESHAPE_001,data/research/cf27/exports/partial-research-catalog-current/eye_shapes.json,$.payload.records[0],catalog_record,RESEARCH_OBSERVED,,,NOT_PRODUCTION_DATA,NOT_VERIFIED,true,false,false,verification:NOT_VERIFIED;productionStatus:NOT_PRODUCTION_DATA,
CF27_XBOXUNKNOWN_RTG_EYESHAPE_002,data/research/cf27/exports/partial-research-catalog-current/eye_shapes.json,$.payload.records[1],catalog_record,RESEARCH_OBSERVED,,,NOT_PRODUCTION_DATA,NOT_VERIFIED,true,false,false,verification:NOT_VERIFIED;productionStatus:NOT_PRODUCTION_DATA,
CF27_XBOXUNKNOWN_RTG_EYESHAPE_003,data/research/cf27/exports/partial-research-catalog-current/eye_shapes.json,$.payload.records[2],catalog_record,RESEARCH_OBSERVED,,,NOT_PRODUCTION_DATA,NOT_VERIFIED,true,false,false,verification:NOT_VERIFIED;productionStatus:NOT_PRODUCTION_DATA,
CF27_XBOXUNKNOWN_RTG_EYESHAPE_004,data/research/cf27/exports/partial-research-catalog-current/eye_shapes.json,$.payload.records[3],catalog_record,RESEARCH_OBSERVED,,,NOT_PRODUCTION_DATA,NOT_VERIFIED,true,false,false,verification:NOT_VERIFIED;productionStatus:NOT_PRODUCTION_DATA,
CF27_XBOXUNKNOWN_RTG_EYESHAPE_005,data/research/cf27/exports/partial-research-catalog-current/eye_shapes.json,$.payload.records[4],catalog_record,RESEARCH_OBSERVED,,,NOT_PRODUCTION_DATA,NOT_VERIFIED,true,false,false,verification:NOT_VERIFIED;productionStatus:NOT_PRODUCTION_DATA,
CF27_XBOXUNKNOWN_RTG_HEAD_001,data/research/cf27/exports/partial-research-catalog-current/heads.json,$.payload.records[0],catalog_record,RESEARCH_OBSERVED,,,NOT_PRODUCTION_DATA,NOT_VERIFIED,true,false,false,verification:NOT_VERIFIED;productionStatus:NOT_PRODUCTION_DATA,
CF27_XBOXUNKNOWN_RTG_HEAD_002,data/research/cf27/exports/partial-research-catalog-current/heads.json,$.payload.records[1],catalog_record,RESEARCH_OBSERVED,,,NOT_PRODUCTION_DATA,NOT_VERIFIED,true,false,false,verification:NOT_VERIFIED;productionStatus:NOT_PRODUCTION_DATA,
CF27_XBOXUNKNOWN_RTG_HEAD_011,data/research/cf27/exports/partial-research-catalog-current/heads.json,$.payload.records[10],catalog_record,RESEARCH_OBSERVED,,,NOT_PRODUCTION_DATA,NOT_VERIFIED,true,false,false,verification:NOT_VERIFIED;productionStatus:NOT_PRODUCTION_DATA,
CF27_XBOXUNKNOWN_RTG_HEAD_012,data/research/cf27/exports/partial-research-catalog-current/heads.json,$.payload.records[11],catalog_record,RESEARCH_OBSERVED,,,NOT_PRODUCTION_DATA,NOT_VERIFIED,true,false,false,verification:NOT_VERIFIED;productionStatus:NOT_PRODUCTION_DATA,
CF27_XBOXUNKNOWN_RTG_HEAD_013,data/research/cf27/exports/partial-research-catalog-current/heads.json,$.payload.records[12],catalog_record,RESEARCH_OBSERVED,,,NOT_PRODUCTION_DATA,NOT_VERIFIED,true,false,false,verification:NOT_VERIFIED;productionStatus:NOT_PRODUCTION_DATA,
CF27_XBOXUNKNOWN_RTG_HEAD_014,data/research/cf27/exports/partial-research-catalog-current/heads.json,$.payload.records[13],catalog_record,RESEARCH_OBSERVED,,,NOT_PRODUCTION_DATA,NOT_VERIFIED,true,false,false,verification:NOT_VERIFIED;productionStatus:NOT_PRODUCTION_DATA,
CF27_XBOXUNKNOWN_RTG_HEAD_015,data/research/cf27/exports/partial-research-catalog-current/heads.json,$.payload.records[14],catalog_record,RESEARCH_OBSERVED,,,NOT_PRODUCTION_DATA,NOT_VERIFIED,true,false,false,verification:NOT_VERIFIED;productionStatus:NOT_PRODUCTION_DATA,
CF27_XBOXUNKNOWN_RTG_HEAD_016,data/research/cf27/exports/partial-research-catalog-current/heads.json,$.payload.records[15],catalog_record,RESEARCH_OBSERVED,,,NOT_PRODUCTION_DATA,NOT_VERIFIED,true,false,false,verification:NOT_VERIFIED;productionStatus:NOT_PRODUCTION_DATA,
CF27_XBOXUNKNOWN_RTG_HEAD_017,data/research/cf27/exports/partial-research-catalog-current/heads.json,$.payload.records[16],catalog_record,RESEARCH_OBSERVED,,,NOT_PRODUCTION_DATA,NOT_VERIFIED,true,false,false,verification:NOT_VERIFIED;productionStatus:NOT_PRODUCTION_DATA,
CF27_XBOXUNKNOWN_RTG_HEAD_018,data/research/cf27/exports/partial-research-catalog-current/heads.json,$.payload.records[17],catalog_record,RESEARCH_OBSERVED,,,NOT_PRODUCTION_DATA,NOT_VERIFIED,true,false,false,verification:NOT_VERIFIED;productionStatus:NOT_PRODUCTION_DATA,
CF27_XBOXUNKNOWN_RTG_HEAD_019,data/research/cf27/exports/partial-research-catalog-current/heads.json,$.payload.records[18],catalog_record,RESEARCH_OBSERVED,,,NOT_PRODUCTION_DATA,NOT_VERIFIED,true,false,false,verification:NOT_VERIFIED;productionStatus:NOT_PRODUCTION_DATA,
CF27_XBOXUNKNOWN_RTG_HEAD_020,data/research/cf27/exports/partial-research-catalog-current/heads.json,$.payload.records[19],catalog_record,RESEARCH_OBSERVED,,,NOT_PRODUCTION_DATA,NOT_VERIFIED,true,false,false,verification:NOT_VERIFIED;productionStatus:NOT_PRODUCTION_DATA,
CF27_XBOXUNKNOWN_RTG_HEAD_003,data/research/cf27/exports/partial-research-catalog-current/heads.json,$.payload.records[2],catalog_record,RESEARCH_OBSERVED,,,NOT_PRODUCTION_DATA,NOT_VERIFIED,true,false,false,verification:NOT_VERIFIED;productionStatus:NOT_PRODUCTION_DATA,
CF27_XBOXUNKNOWN_RTG_HEAD_021,data/research/cf27/exports/partial-research-catalog-current/heads.json,$.payload.records[20],catalog_record,RESEARCH_OBSERVED,,,NOT_PRODUCTION_DATA,NOT_VERIFIED,true,false,false,verification:NOT_VERIFIED;productionStatus:NOT_PRODUCTION_DATA,
CF27_XBOXUNKNOWN_RTG_HEAD_022,data/research/cf27/exports/partial-research-catalog-current/heads.json,$.payload.records[21],catalog_record,RESEARCH_OBSERVED,,,NOT_PRODUCTION_DATA,NOT_VERIFIED,true,false,false,verification:NOT_VERIFIED;productionStatus:NOT_PRODUCTION_DATA,
CF27_XBOXUNKNOWN_RTG_HEAD_023,data/research/cf27/exports/partial-research-catalog-current/heads.json,$.payload.records[22],catalog_record,RESEARCH_OBSERVED,,,NOT_PRODUCTION_DATA,NOT_VERIFIED,true,false,false,verification:NOT_VERIFIED;productionStatus:NOT_PRODUCTION_DATA,
CF27_XBOXUNKNOWN_RTG_HEAD_024,data/research/cf27/exports/partial-research-catalog-current/heads.json,$.payload.records[23],catalog_record,RESEARCH_OBSERVED,,,NOT_PRODUCTION_DATA,NOT_VERIFIED,true,false,false,verification:NOT_VERIFIED;productionStatus:NOT_PRODUCTION_DATA,
CF27_XBOXUNKNOWN_RTG_HEAD_025,data/research/cf27/exports/partial-research-catalog-current/heads.json,$.payload.records[24],catalog_record,RESEARCH_OBSERVED,,,NOT_PRODUCTION_DATA,NOT_VERIFIED,true,false,false,verification:NOT_VERIFIED;productionStatus:NOT_PRODUCTION_DATA,
CF27_XBOXUNKNOWN_RTG_HEAD_026,data/research/cf27/exports/partial-research-catalog-current/heads.json,$.payload.records[25],catalog_record,RESEARCH_OBSERVED,,,NOT_PRODUCTION_DATA,NOT_VERIFIED,true,false,false,verification:NOT_VERIFIED;productionStatus:NOT_PRODUCTION_DATA,
CF27_XBOXUNKNOWN_RTG_HEAD_027,data/research/cf27/exports/partial-research-catalog-current/heads.json,$.payload.records[26],catalog_record,RESEARCH_OBSERVED,,,NOT_PRODUCTION_DATA,NOT_VERIFIED,true,false,false,verification:NOT_VERIFIED;productionStatus:NOT_PRODUCTION_DATA,
CF27_XBOXUNKNOWN_RTG_HEAD_028,data/research/cf27/exports/partial-research-catalog-current/heads.json,$.payload.records[27],catalog_record,RESEARCH_OBSERVED,,,NOT_PRODUCTION_DATA,NOT_VERIFIED,true,false,false,verification:NOT_VERIFIED;productionStatus:NOT_PRODUCTION_DATA,
CF27_XBOXUNKNOWN_RTG_HEAD_029,data/research/cf27/exports/partial-research-catalog-current/heads.json,$.payload.records[28],catalog_record,RESEARCH_OBSERVED,,,NOT_PRODUCTION_DATA,NOT_VERIFIED,true,false,false,verification:NOT_VERIFIED;productionStatus:NOT_PRODUCTION_DATA,
CF27_XBOXUNKNOWN_RTG_HEAD_004,data/research/cf27/exports/partial-research-catalog-current/heads.json,$.payload.records[3],catalog_record,RESEARCH_OBSERVED,,,NOT_PRODUCTION_DATA,NOT_VERIFIED,true,false,false,verification:NOT_VERIFIED;productionStatus:NOT_PRODUCTION_DATA,
CF27_XBOXUNKNOWN_RTG_HEAD_005,data/research/cf27/exports/partial-research-catalog-current/heads.json,$.payload.records[4],catalog_record,RESEARCH_OBSERVED,,,NOT_PRODUCTION_DATA,NOT_VERIFIED,true,false,false,verification:NOT_VERIFIED;productionStatus:NOT_PRODUCTION_DATA,
CF27_XBOXUNKNOWN_RTG_HEAD_006,data/research/cf27/exports/partial-research-catalog-current/heads.json,$.payload.records[5],catalog_record,RESEARCH_OBSERVED,,,NOT_PRODUCTION_DATA,NOT_VERIFIED,true,false,false,verification:NOT_VERIFIED;productionStatus:NOT_PRODUCTION_DATA,
CF27_XBOXUNKNOWN_RTG_HEAD_007,data/research/cf27/exports/partial-research-catalog-current/heads.json,$.payload.records[6],catalog_record,RESEARCH_OBSERVED,,,NOT_PRODUCTION_DATA,NOT_VERIFIED,true,false,false,verification:NOT_VERIFIED;productionStatus:NOT_PRODUCTION_DATA,
CF27_XBOXUNKNOWN_RTG_HEAD_008,data/research/cf27/exports/partial-research-catalog-current/heads.json,$.payload.records[7],catalog_record,RESEARCH_OBSERVED,,,NOT_PRODUCTION_DATA,NOT_VERIFIED,true,false,false,verification:NOT_VERIFIED;productionStatus:NOT_PRODUCTION_DATA,
CF27_XBOXUNKNOWN_RTG_HEAD_009,data/research/cf27/exports/partial-research-catalog-current/heads.json,$.payload.records[8],catalog_record,RESEARCH_OBSERVED,,,NOT_PRODUCTION_DATA,NOT_VERIFIED,true,false,false,verification:NOT_VERIFIED;productionStatus:NOT_PRODUCTION_DATA,
CF27_XBOXUNKNOWN_RTG_HEAD_010,data/research/cf27/exports/partial-research-catalog-current/heads.json,$.payload.records[9],catalog_record,RESEARCH_OBSERVED,,,NOT_PRODUCTION_DATA,NOT_VERIFIED,true,false,false,verification:NOT_VERIFIED;productionStatus:NOT_PRODUCTION_DATA,
creation-path-cf27-rtg-qb-create-player-hair-video-001,data/research/cf27/exports/partial-research-catalog-current/menu_map.json,$.payload,creation_path_record,UNKNOWN_ORIGIN,,,,,false,false,false,,
env-cf27-research-video-001-rtg-path,data/research/cf27/exports/partial-research-catalog-current/menu_map.json,$.payload.items[0],environment_record,UNKNOWN_ORIGIN,,,,draft,true,false,false,verification:draft,
env-cf27-research-video-001-rtg-path,data/research/cf27/exports/partial-research-catalog-current/menu_map.json,$.payload.items[1],environment_record,UNKNOWN_ORIGIN,,,,draft,true,false,false,verification:draft,
env-cf27-research-video-001-rtg-path,data/research/cf27/exports/partial-research-catalog-current/menu_map.json,$.payload.items[10],environment_record,UNKNOWN_ORIGIN,,,,draft,true,false,false,verification:draft,
env-cf27-research-video-001-rtg-path,data/research/cf27/exports/partial-research-catalog-current/menu_map.json,$.payload.items[11],environment_record,UNKNOWN_ORIGIN,,,,draft,true,false,false,verification:draft,
env-cf27-research-video-001-rtg-path,data/research/cf27/exports/partial-research-catalog-current/menu_map.json,$.payload.items[12],environment_record,UNKNOWN_ORIGIN,,,,draft,true,false,false,verification:draft,
env-cf27-research-video-001-rtg-path,data/research/cf27/exports/partial-research-catalog-current/menu_map.json,$.payload.items[2],environment_record,UNKNOWN_ORIGIN,,,,draft,true,false,false,verification:draft,
env-cf27-research-video-001-rtg-path,data/research/cf27/exports/partial-research-catalog-current/menu_map.json,$.payload.items[3],environment_record,UNKNOWN_ORIGIN,,,,draft,true,false,false,verification:draft,
env-cf27-research-video-001-rtg-path,data/research/cf27/exports/partial-research-catalog-current/menu_map.json,$.payload.items[4],environment_record,UNKNOWN_ORIGIN,,,,draft,true,false,false,verification:draft,
env-cf27-research-video-001-rtg-path,data/research/cf27/exports/partial-research-catalog-current/menu_map.json,$.payload.items[5],environment_record,UNKNOWN_ORIGIN,,,,draft,true,false,false,verification:draft,
env-cf27-research-video-001-rtg-path,data/research/cf27/exports/partial-research-catalog-current/menu_map.json,$.payload.items[6],environment_record,UNKNOWN_ORIGIN,,,,draft,true,false,false,verification:draft,
env-cf27-research-video-001-rtg-path,data/research/cf27/exports/partial-research-catalog-current/menu_map.json,$.payload.items[7],environment_record,UNKNOWN_ORIGIN,,,,draft,true,false,false,verification:draft,
env-cf27-research-video-001-rtg-path,data/research/cf27/exports/partial-research-catalog-current/menu_map.json,$.payload.items[8],environment_record,UNKNOWN_ORIGIN,,,,draft,true,false,false,verification:draft,
env-cf27-research-video-001-rtg-path,data/research/cf27/exports/partial-research-catalog-current/menu_map.json,$.payload.items[9],environment_record,UNKNOWN_ORIGIN,,,,draft,true,false,false,verification:draft,
CF27_XBOXUNKNOWN_RTG_NOSE_001,data/research/cf27/exports/partial-research-catalog-current/noses.json,$.payload.records[0],catalog_record,RESEARCH_OBSERVED,,,NOT_PRODUCTION_DATA,NOT_VERIFIED,true,false,false,verification:NOT_VERIFIED;productionStatus:NOT_PRODUCTION_DATA,
CF27_XBOXUNKNOWN_RTG_NOSE_002,data/research/cf27/exports/partial-research-catalog-current/noses.json,$.payload.records[1],catalog_record,RESEARCH_OBSERVED,,,NOT_PRODUCTION_DATA,NOT_VERIFIED,true,false,false,verification:NOT_VERIFIED;productionStatus:NOT_PRODUCTION_DATA,
CF27_XBOXUNKNOWN_RTG_NOSE_003,data/research/cf27/exports/partial-research-catalog-current/noses.json,$.payload.records[2],catalog_record,RESEARCH_OBSERVED,,,NOT_PRODUCTION_DATA,NOT_VERIFIED,true,false,false,verification:NOT_VERIFIED;productionStatus:NOT_PRODUCTION_DATA,
CF27_XBOXUNKNOWN_RTG_NOSE_004,data/research/cf27/exports/partial-research-catalog-current/noses.json,$.payload.records[3],catalog_record,RESEARCH_OBSERVED,,,NOT_PRODUCTION_DATA,NOT_VERIFIED,true,false,false,verification:NOT_VERIFIED;productionStatus:NOT_PRODUCTION_DATA,
CF27_XBOXUNKNOWN_RTG_NOSE_005,data/research/cf27/exports/partial-research-catalog-current/noses.json,$.payload.records[4],catalog_record,RESEARCH_OBSERVED,,,NOT_PRODUCTION_DATA,NOT_VERIFIED,true,false,false,verification:NOT_VERIFIED;productionStatus:NOT_PRODUCTION_DATA,
CF27_XBOXUNKNOWN_RTG_NOSE_006,data/research/cf27/exports/partial-research-catalog-current/noses.json,$.payload.records[5],catalog_record,RESEARCH_OBSERVED,,,NOT_PRODUCTION_DATA,NOT_VERIFIED,true,false,false,verification:NOT_VERIFIED;productionStatus:NOT_PRODUCTION_DATA,
CF27_XBOXUNKNOWN_RTG_NOSE_007,data/research/cf27/exports/partial-research-catalog-current/noses.json,$.payload.records[6],catalog_record,RESEARCH_OBSERVED,,,NOT_PRODUCTION_DATA,NOT_VERIFIED,true,false,false,verification:NOT_VERIFIED;productionStatus:NOT_PRODUCTION_DATA,
CF27_XBOXUNKNOWN_RTG_SKINDETAILS_001,data/research/cf27/exports/partial-research-catalog-current/skin_details.json,$.payload.records[0],catalog_record,RESEARCH_OBSERVED,,,NOT_PRODUCTION_DATA,NOT_VERIFIED,true,false,false,verification:NOT_VERIFIED;productionStatus:NOT_PRODUCTION_DATA,
CF27_XBOXUNKNOWN_RTG_SKINDETAILS_002,data/research/cf27/exports/partial-research-catalog-current/skin_details.json,$.payload.records[1],catalog_record,RESEARCH_OBSERVED,,,NOT_PRODUCTION_DATA,NOT_VERIFIED,true,false,false,verification:NOT_VERIFIED;productionStatus:NOT_PRODUCTION_DATA,
CF27_XBOXUNKNOWN_RTG_SKINDETAILS_003,data/research/cf27/exports/partial-research-catalog-current/skin_details.json,$.payload.records[2],catalog_record,RESEARCH_OBSERVED,,,NOT_PRODUCTION_DATA,NOT_VERIFIED,true,false,false,verification:NOT_VERIFIED;productionStatus:NOT_PRODUCTION_DATA,
CF27_XBOXUNKNOWN_RTG_SKINDETAILS_004,data/research/cf27/exports/partial-research-catalog-current/skin_details.json,$.payload.records[3],catalog_record,RESEARCH_OBSERVED,,,NOT_PRODUCTION_DATA,NOT_VERIFIED,true,false,false,verification:NOT_VERIFIED;productionStatus:NOT_PRODUCTION_DATA,
CF27_XBOXUNKNOWN_RTG_SKINDETAILS_005,data/research/cf27/exports/partial-research-catalog-current/skin_details.json,$.payload.records[4],catalog_record,RESEARCH_OBSERVED,,,NOT_PRODUCTION_DATA,NOT_VERIFIED,true,false,false,verification:NOT_VERIFIED;productionStatus:NOT_PRODUCTION_DATA,
CF27_XBOXUNKNOWN_RTG_SKINDETAILS_006,data/research/cf27/exports/partial-research-catalog-current/skin_details.json,$.payload.records[5],catalog_record,RESEARCH_OBSERVED,,,NOT_PRODUCTION_DATA,NOT_VERIFIED,true,false,false,verification:NOT_VERIFIED;productionStatus:NOT_PRODUCTION_DATA,
CF27_XBOXUNKNOWN_RTG_SKINDETAILS_007,data/research/cf27/exports/partial-research-catalog-current/skin_details.json,$.payload.records[6],catalog_record,RESEARCH_OBSERVED,,,NOT_PRODUCTION_DATA,NOT_VERIFIED,true,false,false,verification:NOT_VERIFIED;productionStatus:NOT_PRODUCTION_DATA,
CF27_XBOXUNKNOWN_RTG_SKINDETAILS_008,data/research/cf27/exports/partial-research-catalog-current/skin_details.json,$.payload.records[7],catalog_record,RESEARCH_OBSERVED,,,NOT_PRODUCTION_DATA,NOT_VERIFIED,true,false,false,verification:NOT_VERIFIED;productionStatus:NOT_PRODUCTION_DATA,
CF27_XBOXUNKNOWN_RTG_SKINDETAILS_009,data/research/cf27/exports/partial-research-catalog-current/skin_details.json,$.payload.records[8],catalog_record,RESEARCH_OBSERVED,,,NOT_PRODUCTION_DATA,NOT_VERIFIED,true,false,false,verification:NOT_VERIFIED;productionStatus:NOT_PRODUCTION_DATA,
CF27_XBOXUNKNOWN_RTG_SKINDETAILS_010,data/research/cf27/exports/partial-research-catalog-current/skin_details.json,$.payload.records[9],catalog_record,RESEARCH_OBSERVED,,,NOT_PRODUCTION_DATA,NOT_VERIFIED,true,false,false,verification:NOT_VERIFIED;productionStatus:NOT_PRODUCTION_DATA,
CF27_XBOXUNKNOWN_RTG_SKINTONE_001,data/research/cf27/exports/partial-research-catalog-current/skin_tones.json,$.payload.records[0],catalog_record,RESEARCH_OBSERVED,,,NOT_PRODUCTION_DATA,NOT_VERIFIED,true,false,false,verification:NOT_VERIFIED;productionStatus:NOT_PRODUCTION_DATA,
CF27_XBOXUNKNOWN_RTG_SKINTONE_002,data/research/cf27/exports/partial-research-catalog-current/skin_tones.json,$.payload.records[1],catalog_record,RESEARCH_OBSERVED,,,NOT_PRODUCTION_DATA,NOT_VERIFIED,true,false,false,verification:NOT_VERIFIED;productionStatus:NOT_PRODUCTION_DATA,
CF27_XBOXUNKNOWN_RTG_SKINTONE_011,data/research/cf27/exports/partial-research-catalog-current/skin_tones.json,$.payload.records[10],catalog_record,RESEARCH_OBSERVED,,,NOT_PRODUCTION_DATA,NOT_VERIFIED,true,false,false,verification:NOT_VERIFIED;productionStatus:NOT_PRODUCTION_DATA,
CF27_XBOXUNKNOWN_RTG_SKINTONE_012,data/research/cf27/exports/partial-research-catalog-current/skin_tones.json,$.payload.records[11],catalog_record,RESEARCH_OBSERVED,,,NOT_PRODUCTION_DATA,NOT_VERIFIED,true,false,false,verification:NOT_VERIFIED;productionStatus:NOT_PRODUCTION_DATA,
CF27_XBOXUNKNOWN_RTG_SKINTONE_013,data/research/cf27/exports/partial-research-catalog-current/skin_tones.json,$.payload.records[12],catalog_record,RESEARCH_OBSERVED,,,NOT_PRODUCTION_DATA,NOT_VERIFIED,true,false,false,verification:NOT_VERIFIED;productionStatus:NOT_PRODUCTION_DATA,
CF27_XBOXUNKNOWN_RTG_SKINTONE_014,data/research/cf27/exports/partial-research-catalog-current/skin_tones.json,$.payload.records[13],catalog_record,RESEARCH_OBSERVED,,,NOT_PRODUCTION_DATA,NOT_VERIFIED,true,false,false,verification:NOT_VERIFIED;productionStatus:NOT_PRODUCTION_DATA,
CF27_XBOXUNKNOWN_RTG_SKINTONE_015,data/research/cf27/exports/partial-research-catalog-current/skin_tones.json,$.payload.records[14],catalog_record,RESEARCH_OBSERVED,,,NOT_PRODUCTION_DATA,NOT_VERIFIED,true,false,false,verification:NOT_VERIFIED;productionStatus:NOT_PRODUCTION_DATA,
CF27_XBOXUNKNOWN_RTG_SKINTONE_016,data/research/cf27/exports/partial-research-catalog-current/skin_tones.json,$.payload.records[15],catalog_record,RESEARCH_OBSERVED,,,NOT_PRODUCTION_DATA,NOT_VERIFIED,true,false,false,verification:NOT_VERIFIED;productionStatus:NOT_PRODUCTION_DATA,
CF27_XBOXUNKNOWN_RTG_SKINTONE_017,data/research/cf27/exports/partial-research-catalog-current/skin_tones.json,$.payload.records[16],catalog_record,RESEARCH_OBSERVED,,,NOT_PRODUCTION_DATA,NOT_VERIFIED,true,false,false,verification:NOT_VERIFIED;productionStatus:NOT_PRODUCTION_DATA,
CF27_XBOXUNKNOWN_RTG_SKINTONE_018,data/research/cf27/exports/partial-research-catalog-current/skin_tones.json,$.payload.records[17],catalog_record,RESEARCH_OBSERVED,,,NOT_PRODUCTION_DATA,NOT_VERIFIED,true,false,false,verification:NOT_VERIFIED;productionStatus:NOT_PRODUCTION_DATA,
CF27_XBOXUNKNOWN_RTG_SKINTONE_019,data/research/cf27/exports/partial-research-catalog-current/skin_tones.json,$.payload.records[18],catalog_record,RESEARCH_OBSERVED,,,NOT_PRODUCTION_DATA,NOT_VERIFIED,true,false,false,verification:NOT_VERIFIED;productionStatus:NOT_PRODUCTION_DATA,
CF27_XBOXUNKNOWN_RTG_SKINTONE_020,data/research/cf27/exports/partial-research-catalog-current/skin_tones.json,$.payload.records[19],catalog_record,RESEARCH_OBSERVED,,,NOT_PRODUCTION_DATA,NOT_VERIFIED,true,false,false,verification:NOT_VERIFIED;productionStatus:NOT_PRODUCTION_DATA,
CF27_XBOXUNKNOWN_RTG_SKINTONE_003,data/research/cf27/exports/partial-research-catalog-current/skin_tones.json,$.payload.records[2],catalog_record,RESEARCH_OBSERVED,,,NOT_PRODUCTION_DATA,NOT_VERIFIED,true,false,false,verification:NOT_VERIFIED;productionStatus:NOT_PRODUCTION_DATA,
CF27_XBOXUNKNOWN_RTG_SKINTONE_021,data/research/cf27/exports/partial-research-catalog-current/skin_tones.json,$.payload.records[20],catalog_record,RESEARCH_OBSERVED,,,NOT_PRODUCTION_DATA,NOT_VERIFIED,true,false,false,verification:NOT_VERIFIED;productionStatus:NOT_PRODUCTION_DATA,
CF27_XBOXUNKNOWN_RTG_SKINTONE_022,data/research/cf27/exports/partial-research-catalog-current/skin_tones.json,$.payload.records[21],catalog_record,RESEARCH_OBSERVED,,,NOT_PRODUCTION_DATA,NOT_VERIFIED,true,false,false,verification:NOT_VERIFIED;productionStatus:NOT_PRODUCTION_DATA,
CF27_XBOXUNKNOWN_RTG_SKINTONE_023,data/research/cf27/exports/partial-research-catalog-current/skin_tones.json,$.payload.records[22],catalog_record,RESEARCH_OBSERVED,,,NOT_PRODUCTION_DATA,NOT_VERIFIED,true,false,false,verification:NOT_VERIFIED;productionStatus:NOT_PRODUCTION_DATA,
CF27_XBOXUNKNOWN_RTG_SKINTONE_024,data/research/cf27/exports/partial-research-catalog-current/skin_tones.json,$.payload.records[23],catalog_record,RESEARCH_OBSERVED,,,NOT_PRODUCTION_DATA,NOT_VERIFIED,true,false,false,verification:NOT_VERIFIED;productionStatus:NOT_PRODUCTION_DATA,
CF27_XBOXUNKNOWN_RTG_SKINTONE_004,data/research/cf27/exports/partial-research-catalog-current/skin_tones.json,$.payload.records[3],catalog_record,RESEARCH_OBSERVED,,,NOT_PRODUCTION_DATA,NOT_VERIFIED,true,false,false,verification:NOT_VERIFIED;productionStatus:NOT_PRODUCTION_DATA,
CF27_XBOXUNKNOWN_RTG_SKINTONE_005,data/research/cf27/exports/partial-research-catalog-current/skin_tones.json,$.payload.records[4],catalog_record,RESEARCH_OBSERVED,,,NOT_PRODUCTION_DATA,NOT_VERIFIED,true,false,false,verification:NOT_VERIFIED;productionStatus:NOT_PRODUCTION_DATA,
CF27_XBOXUNKNOWN_RTG_SKINTONE_006,data/research/cf27/exports/partial-research-catalog-current/skin_tones.json,$.payload.records[5],catalog_record,RESEARCH_OBSERVED,,,NOT_PRODUCTION_DATA,NOT_VERIFIED,true,false,false,verification:NOT_VERIFIED;productionStatus:NOT_PRODUCTION_DATA,
CF27_XBOXUNKNOWN_RTG_SKINTONE_007,data/research/cf27/exports/partial-research-catalog-current/skin_tones.json,$.payload.records[6],catalog_record,RESEARCH_OBSERVED,,,NOT_PRODUCTION_DATA,NOT_VERIFIED,true,false,false,verification:NOT_VERIFIED;productionStatus:NOT_PRODUCTION_DATA,
CF27_XBOXUNKNOWN_RTG_SKINTONE_008,data/research/cf27/exports/partial-research-catalog-current/skin_tones.json,$.payload.records[7],catalog_record,RESEARCH_OBSERVED,,,NOT_PRODUCTION_DATA,NOT_VERIFIED,true,false,false,verification:NOT_VERIFIED;productionStatus:NOT_PRODUCTION_DATA,
CF27_XBOXUNKNOWN_RTG_SKINTONE_009,data/research/cf27/exports/partial-research-catalog-current/skin_tones.json,$.payload.records[8],catalog_record,RESEARCH_OBSERVED,,,NOT_PRODUCTION_DATA,NOT_VERIFIED,true,false,false,verification:NOT_VERIFIED;productionStatus:NOT_PRODUCTION_DATA,
CF27_XBOXUNKNOWN_RTG_SKINTONE_010,data/research/cf27/exports/partial-research-catalog-current/skin_tones.json,$.payload.records[9],catalog_record,RESEARCH_OBSERVED,,,NOT_PRODUCTION_DATA,NOT_VERIFIED,true,false,false,verification:NOT_VERIFIED;productionStatus:NOT_PRODUCTION_DATA,
CF27_XBOXUNKNOWN_RTG_EARSHAPE_001,data/research/cf27/manifests/current-evidence/current_evidence_manifest.json,$.entries[0],menu_record,PLACEHOLDER,,,,PRIMARY_RESEARCH_ONLY_NOT_SECOND_VERIFIED,true,false,false,verification:PRIMARY_RESEARCH_ONLY_NOT_SECOND_VERIFIED,placeholderToken
CF27_XBOXUNKNOWN_RTG_EARSHAPE_001,data/research/cf27/manifests/current-evidence/current_evidence_manifest.json,$.entries[1],menu_record,PLACEHOLDER,,,,PRIMARY_RESEARCH_ONLY_NOT_SECOND_VERIFIED,true,false,false,verification:PRIMARY_RESEARCH_ONLY_NOT_SECOND_VERIFIED,placeholderToken
CF27_XBOXUNKNOWN_RTG_EYECOLOR_002,data/research/cf27/manifests/current-evidence/current_evidence_manifest.json,$.entries[10],menu_record,PLACEHOLDER,,,,PRIMARY_RESEARCH_ONLY_NOT_SECOND_VERIFIED,true,false,false,verification:PRIMARY_RESEARCH_ONLY_NOT_SECOND_VERIFIED,placeholderToken
CF27_XBOXUNKNOWN_RTG_HEAD_010,data/research/cf27/manifests/current-evidence/current_evidence_manifest.json,$.entries[100],menu_record,RESEARCH_OBSERVED,,,,PRIMARY_RESEARCH_ONLY_NOT_SECOND_VERIFIED,true,false,false,verification:PRIMARY_RESEARCH_ONLY_NOT_SECOND_VERIFIED,
CF27_XBOXUNKNOWN_RTG_HEAD_010,data/research/cf27/manifests/current-evidence/current_evidence_manifest.json,$.entries[101],menu_record,RESEARCH_OBSERVED,,,,PRIMARY_RESEARCH_ONLY_NOT_SECOND_VERIFIED,true,false,false,verification:PRIMARY_RESEARCH_ONLY_NOT_SECOND_VERIFIED,
CF27_XBOXUNKNOWN_RTG_HEAD_011,data/research/cf27/manifests/current-evidence/current_evidence_manifest.json,$.entries[102],menu_record,RESEARCH_OBSERVED,,,,PRIMARY_RESEARCH_ONLY_NOT_SECOND_VERIFIED,true,false,false,verification:PRIMARY_RESEARCH_ONLY_NOT_SECOND_VERIFIED,
CF27_XBOXUNKNOWN_RTG_HEAD_011,data/research/cf27/manifests/current-evidence/current_evidence_manifest.json,$.entries[103],menu_record,RESEARCH_OBSERVED,,,,PRIMARY_RESEARCH_ONLY_NOT_SECOND_VERIFIED,true,false,false,verification:PRIMARY_RESEARCH_ONLY_NOT_SECOND_VERIFIED,
CF27_XBOXUNKNOWN_RTG_HEAD_011,data/research/cf27/manifests/current-evidence/current_evidence_manifest.json,$.entries[104],menu_record,RESEARCH_OBSERVED,,,,PRIMARY_RESEARCH_ONLY_NOT_SECOND_VERIFIED,true,false,false,verification:PRIMARY_RESEARCH_ONLY_NOT_SECOND_VERIFIED,
CF27_XBOXUNKNOWN_RTG_HEAD_011,data/research/cf27/manifests/current-evidence/current_evidence_manifest.json,$.entries[105],menu_record,RESEARCH_OBSERVED,,,,PRIMARY_RESEARCH_ONLY_NOT_SECOND_VERIFIED,true,false,false,verification:PRIMARY_RESEARCH_ONLY_NOT_SECOND_VERIFIED,
CF27_XBOXUNKNOWN_RTG_HEAD_011,data/research/cf27/manifests/current-evidence/current_evidence_manifest.json,$.entries[106],menu_record,RESEARCH_OBSERVED,,,,PRIMARY_RESEARCH_ONLY_NOT_SECOND_VERIFIED,true,false,false,verification:PRIMARY_RESEARCH_ONLY_NOT_SECOND_VERIFIED,
CF27_XBOXUNKNOWN_RTG_HEAD_011,data/research/cf27/manifests/current-evidence/current_evidence_manifest.json,$.entries[107],menu_record,RESEARCH_OBSERVED,,,,PRIMARY_RESEARCH_ONLY_NOT_SECOND_VERIFIED,true,false,false,verification:PRIMARY_RESEARCH_ONLY_NOT_SECOND_VERIFIED,
CF27_XBOXUNKNOWN_RTG_HEAD_011,data/research/cf27/manifests/current-evidence/current_evidence_manifest.json,$.entries[108],menu_record,RESEARCH_OBSERVED,,,,PRIMARY_RESEARCH_ONLY_NOT_SECOND_VERIFIED,true,false,false,verification:PRIMARY_RESEARCH_ONLY_NOT_SECOND_VERIFIED,
CF27_XBOXUNKNOWN_RTG_HEAD_012,data/research/cf27/manifests/current-evidence/current_evidence_manifest.json,$.entries[109],menu_record,RESEARCH_OBSERVED,,,,PRIMARY_RESEARCH_ONLY_NOT_SECOND_VERIFIED,true,false,false,verification:PRIMARY_RESEARCH_ONLY_NOT_SECOND_VERIFIED,
CF27_XBOXUNKNOWN_RTG_EYECOLOR_002,data/research/cf27/manifests/current-evidence/current_evidence_manifest.json,$.entries[11],menu_record,PLACEHOLDER,,,,PRIMARY_RESEARCH_ONLY_NOT_SECOND_VERIFIED,true,false,false,verification:PRIMARY_RESEARCH_ONLY_NOT_SECOND_VERIFIED,placeholderToken
CF27_XBOXUNKNOWN_RTG_HEAD_012,data/research/cf27/manifests/current-evidence/current_evidence_manifest.json,$.entries[110],menu_record,RESEARCH_OBSERVED,,,,PRIMARY_RESEARCH_ONLY_NOT_SECOND_VERIFIED,true,false,false,verification:PRIMARY_RESEARCH_ONLY_NOT_SECOND_VERIFIED,
CF27_XBOXUNKNOWN_RTG_HEAD_012,data/research/cf27/manifests/current-evidence/current_evidence_manifest.json,$.entries[111],menu_record,RESEARCH_OBSERVED,,,,PRIMARY_RESEARCH_ONLY_NOT_SECOND_VERIFIED,true,false,false,verification:PRIMARY_RESEARCH_ONLY_NOT_SECOND_VERIFIED,
CF27_XBOXUNKNOWN_RTG_HEAD_012,data/research/cf27/manifests/current-evidence/current_evidence_manifest.json,$.entries[112],menu_record,RESEARCH_OBSERVED,,,,PRIMARY_RESEARCH_ONLY_NOT_SECOND_VERIFIED,true,false,false,verification:PRIMARY_RESEARCH_ONLY_NOT_SECOND_VERIFIED,
CF27_XBOXUNKNOWN_RTG_HEAD_012,data/research/cf27/manifests/current-evidence/current_evidence_manifest.json,$.entries[113],menu_record,RESEARCH_OBSERVED,,,,PRIMARY_RESEARCH_ONLY_NOT_SECOND_VERIFIED,true,false,false,verification:PRIMARY_RESEARCH_ONLY_NOT_SECOND_VERIFIED,
CF27_XBOXUNKNOWN_RTG_HEAD_012,data/research/cf27/manifests/current-evidence/current_evidence_manifest.json,$.entries[114],menu_record,RESEARCH_OBSERVED,,,,PRIMARY_RESEARCH_ONLY_NOT_SECOND_VERIFIED,true,false,false,verification:PRIMARY_RESEARCH_ONLY_NOT_SECOND_VERIFIED,
CF27_XBOXUNKNOWN_RTG_HEAD_012,data/research/cf27/manifests/current-evidence/current_evidence_manifest.json,$.entries[115],menu_record,RESEARCH_OBSERVED,,,,PRIMARY_RESEARCH_ONLY_NOT_SECOND_VERIFIED,true,false,false,verification:PRIMARY_RESEARCH_ONLY_NOT_SECOND_VERIFIED,
CF27_XBOXUNKNOWN_RTG_HEAD_013,data/research/cf27/manifests/current-evidence/current_evidence_manifest.json,$.entries[116],menu_record,RESEARCH_OBSERVED,,,,PRIMARY_RESEARCH_ONLY_NOT_SECOND_VERIFIED,true,false,false,verification:PRIMARY_RESEARCH_ONLY_NOT_SECOND_VERIFIED,
CF27_XBOXUNKNOWN_RTG_HEAD_013,data/research/cf27/manifests/current-evidence/current_evidence_manifest.json,$.entries[117],menu_record,RESEARCH_OBSERVED,,,,PRIMARY_RESEARCH_ONLY_NOT_SECOND_VERIFIED,true,false,false,verification:PRIMARY_RESEARCH_ONLY_NOT_SECOND_VERIFIED,
CF27_XBOXUNKNOWN_RTG_HEAD_013,data/research/cf27/manifests/current-evidence/current_evidence_manifest.json,$.entries[118],menu_record,RESEARCH_OBSERVED,,,,PRIMARY_RESEARCH_ONLY_NOT_SECOND_VERIFIED,true,false,false,verification:PRIMARY_RESEARCH_ONLY_NOT_SECOND_VERIFIED,
CF27_XBOXUNKNOWN_RTG_HEAD_013,data/research/cf27/manifests/current-evidence/current_evidence_manifest.json,$.entries[119],menu_record,RESEARCH_OBSERVED,,,,PRIMARY_RESEARCH_ONLY_NOT_SECOND_VERIFIED,true,false,false,verification:PRIMARY_RESEARCH_ONLY_NOT_SECOND_VERIFIED,
CF27_XBOXUNKNOWN_RTG_EYECOLOR_003,data/research/cf27/manifests/current-evidence/current_evidence_manifest.json,$.entries[12],menu_record,PLACEHOLDER,,,,PRIMARY_RESEARCH_ONLY_NOT_SECOND_VERIFIED,true,false,false,verification:PRIMARY_RESEARCH_ONLY_NOT_SECOND_VERIFIED,placeholderToken
CF27_XBOXUNKNOWN_RTG_HEAD_013,data/research/cf27/manifests/current-evidence/current_evidence_manifest.json,$.entries[120],menu_record,RESEARCH_OBSERVED,,,,PRIMARY_RESEARCH_ONLY_NOT_SECOND_VERIFIED,true,false,false,verification:PRIMARY_RESEARCH_ONLY_NOT_SECOND_VERIFIED,
CF27_XBOXUNKNOWN_RTG_HEAD_013,data/research/cf27/manifests/current-evidence/current_evidence_manifest.json,$.entries[121],menu_record,RESEARCH_OBSERVED,,,,PRIMARY_RESEARCH_ONLY_NOT_SECOND_VERIFIED,true,false,false,verification:PRIMARY_RESEARCH_ONLY_NOT_SECOND_VERIFIED,
CF27_XBOXUNKNOWN_RTG_HEAD_013,data/research/cf27/manifests/current-evidence/current_evidence_manifest.json,$.entries[122],menu_record,RESEARCH_OBSERVED,,,,PRIMARY_RESEARCH_ONLY_NOT_SECOND_VERIFIED,true,false,false,verification:PRIMARY_RESEARCH_ONLY_NOT_SECOND_VERIFIED,
CF27_XBOXUNKNOWN_RTG_HEAD_014,data/research/cf27/manifests/current-evidence/current_evidence_manifest.json,$.entries[123],menu_record,RESEARCH_OBSERVED,,,,PRIMARY_RESEARCH_ONLY_NOT_SECOND_VERIFIED,true,false,false,verification:PRIMARY_RESEARCH_ONLY_NOT_SECOND_VERIFIED,
CF27_XBOXUNKNOWN_RTG_HEAD_014,data/research/cf27/manifests/current-evidence/current_evidence_manifest.json,$.entries[124],menu_record,RESEARCH_OBSERVED,,,,PRIMARY_RESEARCH_ONLY_NOT_SECOND_VERIFIED,true,false,false,verification:PRIMARY_RESEARCH_ONLY_NOT_SECOND_VERIFIED,
CF27_XBOXUNKNOWN_RTG_HEAD_014,data/research/cf27/manifests/current-evidence/current_evidence_manifest.json,$.entries[125],menu_record,RESEARCH_OBSERVED,,,,PRIMARY_RESEARCH_ONLY_NOT_SECOND_VERIFIED,true,false,false,verification:PRIMARY_RESEARCH_ONLY_NOT_SECOND_VERIFIED,
CF27_XBOXUNKNOWN_RTG_HEAD_014,data/research/cf27/manifests/current-evidence/current_evidence_manifest.json,$.entries[126],menu_record,RESEARCH_OBSERVED,,,,PRIMARY_RESEARCH_ONLY_NOT_SECOND_VERIFIED,true,false,false,verification:PRIMARY_RESEARCH_ONLY_NOT_SECOND_VERIFIED,
CF27_XBOXUNKNOWN_RTG_HEAD_014,data/research/cf27/manifests/current-evidence/current_evidence_manifest.json,$.entries[127],menu_record,RESEARCH_OBSERVED,,,,PRIMARY_RESEARCH_ONLY_NOT_SECOND_VERIFIED,true,false,false,verification:PRIMARY_RESEARCH_ONLY_NOT_SECOND_VERIFIED,
CF27_XBOXUNKNOWN_RTG_HEAD_014,data/research/cf27/manifests/current-evidence/current_evidence_manifest.json,$.entries[128],menu_record,RESEARCH_OBSERVED,,,,PRIMARY_RESEARCH_ONLY_NOT_SECOND_VERIFIED,true,false,false,verification:PRIMARY_RESEARCH_ONLY_NOT_SECOND_VERIFIED,
CF27_XBOXUNKNOWN_RTG_HEAD_014,data/research/cf27/manifests/current-evidence/current_evidence_manifest.json,$.entries[129],menu_record,RESEARCH_OBSERVED,,,,PRIMARY_RESEARCH_ONLY_NOT_SECOND_VERIFIED,true,false,false,verification:PRIMARY_RESEARCH_ONLY_NOT_SECOND_VERIFIED,
CF27_XBOXUNKNOWN_RTG_EYECOLOR_003,data/research/cf27/manifests/current-evidence/current_evidence_manifest.json,$.entries[13],menu_record,PLACEHOLDER,,,,PRIMARY_RESEARCH_ONLY_NOT_SECOND_VERIFIED,true,false,false,verification:PRIMARY_RESEARCH_ONLY_NOT_SECOND_VERIFIED,placeholderToken
CF27_XBOXUNKNOWN_RTG_HEAD_015,data/research/cf27/manifests/current-evidence/current_evidence_manifest.json,$.entries[130],menu_record,RESEARCH_OBSERVED,,,,PRIMARY_RESEARCH_ONLY_NOT_SECOND_VERIFIED,true,false,false,verification:PRIMARY_RESEARCH_ONLY_NOT_SECOND_VERIFIED,
CF27_XBOXUNKNOWN_RTG_HEAD_015,data/research/cf27/manifests/current-evidence/current_evidence_manifest.json,$.entries[131],menu_record,RESEARCH_OBSERVED,,,,PRIMARY_RESEARCH_ONLY_NOT_SECOND_VERIFIED,true,false,false,verification:PRIMARY_RESEARCH_ONLY_NOT_SECOND_VERIFIED,
CF27_XBOXUNKNOWN_RTG_HEAD_015,data/research/cf27/manifests/current-evidence/current_evidence_manifest.json,$.entries[132],menu_record,RESEARCH_OBSERVED,,,,PRIMARY_RESEARCH_ONLY_NOT_SECOND_VERIFIED,true,false,false,verification:PRIMARY_RESEARCH_ONLY_NOT_SECOND_VERIFIED,
CF27_XBOXUNKNOWN_RTG_HEAD_015,data/research/cf27/manifests/current-evidence/current_evidence_manifest.json,$.entries[133],menu_record,RESEARCH_OBSERVED,,,,PRIMARY_RESEARCH_ONLY_NOT_SECOND_VERIFIED,true,false,false,verification:PRIMARY_RESEARCH_ONLY_NOT_SECOND_VERIFIED,
CF27_XBOXUNKNOWN_RTG_HEAD_015,data/research/cf27/manifests/current-evidence/current_evidence_manifest.json,$.entries[134],menu_record,RESEARCH_OBSERVED,,,,PRIMARY_RESEARCH_ONLY_NOT_SECOND_VERIFIED,true,false,false,verification:PRIMARY_RESEARCH_ONLY_NOT_SECOND_VERIFIED,
CF27_XBOXUNKNOWN_RTG_HEAD_015,data/research/cf27/manifests/current-evidence/current_evidence_manifest.json,$.entries[135],menu_record,RESEARCH_OBSERVED,,,,PRIMARY_RESEARCH_ONLY_NOT_SECOND_VERIFIED,true,false,false,verification:PRIMARY_RESEARCH_ONLY_NOT_SECOND_VERIFIED,
CF27_XBOXUNKNOWN_RTG_HEAD_015,data/research/cf27/manifests/current-evidence/current_evidence_manifest.json,$.entries[136],menu_record,RESEARCH_OBSERVED,,,,PRIMARY_RESEARCH_ONLY_NOT_SECOND_VERIFIED,true,false,false,verification:PRIMARY_RESEARCH_ONLY_NOT_SECOND_VERIFIED,
CF27_XBOXUNKNOWN_RTG_HEAD_016,data/research/cf27/manifests/current-evidence/current_evidence_manifest.json,$.entries[137],menu_record,RESEARCH_OBSERVED,,,,PRIMARY_RESEARCH_ONLY_NOT_SECOND_VERIFIED,true,false,false,verification:PRIMARY_RESEARCH_ONLY_NOT_SECOND_VERIFIED,
CF27_XBOXUNKNOWN_RTG_HEAD_016,data/research/cf27/manifests/current-evidence/current_evidence_manifest.json,$.entries[138],menu_record,RESEARCH_OBSERVED,,,,PRIMARY_RESEARCH_ONLY_NOT_SECOND_VERIFIED,true,false,false,verification:PRIMARY_RESEARCH_ONLY_NOT_SECOND_VERIFIED,
CF27_XBOXUNKNOWN_RTG_HEAD_016,data/research/cf27/manifests/current-evidence/current_evidence_manifest.json,$.entries[139],menu_record,RESEARCH_OBSERVED,,,,PRIMARY_RESEARCH_ONLY_NOT_SECOND_VERIFIED,true,false,false,verification:PRIMARY_RESEARCH_ONLY_NOT_SECOND_VERIFIED,
CF27_XBOXUNKNOWN_RTG_EYECOLOR_004,data/research/cf27/manifests/current-evidence/current_evidence_manifest.json,$.entries[14],menu_record,PLACEHOLDER,,,,PRIMARY_RESEARCH_ONLY_NOT_SECOND_VERIFIED,true,false,false,verification:PRIMARY_RESEARCH_ONLY_NOT_SECOND_VERIFIED,placeholderToken
CF27_XBOXUNKNOWN_RTG_HEAD_016,data/research/cf27/manifests/current-evidence/current_evidence_manifest.json,$.entries[140],menu_record,RESEARCH_OBSERVED,,,,PRIMARY_RESEARCH_ONLY_NOT_SECOND_VERIFIED,true,false,false,verification:PRIMARY_RESEARCH_ONLY_NOT_SECOND_VERIFIED,
CF27_XBOXUNKNOWN_RTG_HEAD_016,data/research/cf27/manifests/current-evidence/current_evidence_manifest.json,$.entries[141],menu_record,RESEARCH_OBSERVED,,,,PRIMARY_RESEARCH_ONLY_NOT_SECOND_VERIFIED,true,false,false,verification:PRIMARY_RESEARCH_ONLY_NOT_SECOND_VERIFIED,
CF27_XBOXUNKNOWN_RTG_HEAD_016,data/research/cf27/manifests/current-evidence/current_evidence_manifest.json,$.entries[142],menu_record,RESEARCH_OBSERVED,,,,PRIMARY_RESEARCH_ONLY_NOT_SECOND_VERIFIED,true,false,false,verification:PRIMARY_RESEARCH_ONLY_NOT_SECOND_VERIFIED,
CF27_XBOXUNKNOWN_RTG_HEAD_016,data/research/cf27/manifests/current-evidence/current_evidence_manifest.json,$.entries[143],menu_record,RESEARCH_OBSERVED,,,,PRIMARY_RESEARCH_ONLY_NOT_SECOND_VERIFIED,true,false,false,verification:PRIMARY_RESEARCH_ONLY_NOT_SECOND_VERIFIED,
CF27_XBOXUNKNOWN_RTG_HEAD_017,data/research/cf27/manifests/current-evidence/current_evidence_manifest.json,$.entries[144],menu_record,RESEARCH_OBSERVED,,,,PRIMARY_RESEARCH_ONLY_NOT_SECOND_VERIFIED,true,false,false,verification:PRIMARY_RESEARCH_ONLY_NOT_SECOND_VERIFIED,
CF27_XBOXUNKNOWN_RTG_HEAD_017,data/research/cf27/manifests/current-evidence/current_evidence_manifest.json,$.entries[145],menu_record,RESEARCH_OBSERVED,,,,PRIMARY_RESEARCH_ONLY_NOT_SECOND_VERIFIED,true,false,false,verification:PRIMARY_RESEARCH_ONLY_NOT_SECOND_VERIFIED,
CF27_XBOXUNKNOWN_RTG_HEAD_017,data/research/cf27/manifests/current-evidence/current_evidence_manifest.json,$.entries[146],menu_record,RESEARCH_OBSERVED,,,,PRIMARY_RESEARCH_ONLY_NOT_SECOND_VERIFIED,true,false,false,verification:PRIMARY_RESEARCH_ONLY_NOT_SECOND_VERIFIED,
CF27_XBOXUNKNOWN_RTG_HEAD_017,data/research/cf27/manifests/current-evidence/current_evidence_manifest.json,$.entries[147],menu_record,RESEARCH_OBSERVED,,,,PRIMARY_RESEARCH_ONLY_NOT_SECOND_VERIFIED,true,false,false,verification:PRIMARY_RESEARCH_ONLY_NOT_SECOND_VERIFIED,
CF27_XBOXUNKNOWN_RTG_HEAD_017,data/research/cf27/manifests/current-evidence/current_evidence_manifest.json,$.entries[148],menu_record,RESEARCH_OBSERVED,,,,PRIMARY_RESEARCH_ONLY_NOT_SECOND_VERIFIED,true,false,false,verification:PRIMARY_RESEARCH_ONLY_NOT_SECOND_VERIFIED,
CF27_XBOXUNKNOWN_RTG_HEAD_017,data/research/cf27/manifests/current-evidence/current_evidence_manifest.json,$.entries[149],menu_record,RESEARCH_OBSERVED,,,,PRIMARY_RESEARCH_ONLY_NOT_SECOND_VERIFIED,true,false,false,verification:PRIMARY_RESEARCH_ONLY_NOT_SECOND_VERIFIED,
CF27_XBOXUNKNOWN_RTG_EYECOLOR_004,data/research/cf27/manifests/current-evidence/current_evidence_manifest.json,$.entries[15],menu_record,PLACEHOLDER,,,,PRIMARY_RESEARCH_ONLY_NOT_SECOND_VERIFIED,true,false,false,verification:PRIMARY_RESEARCH_ONLY_NOT_SECOND_VERIFIED,placeholderToken
CF27_XBOXUNKNOWN_RTG_HEAD_017,data/research/cf27/manifests/current-evidence/current_evidence_manifest.json,$.entries[150],menu_record,RESEARCH_OBSERVED,,,,PRIMARY_RESEARCH_ONLY_NOT_SECOND_VERIFIED,true,false,false,verification:PRIMARY_RESEARCH_ONLY_NOT_SECOND_VERIFIED,
CF27_XBOXUNKNOWN_RTG_HEAD_018,data/research/cf27/manifests/current-evidence/current_evidence_manifest.json,$.entries[151],menu_record,RESEARCH_OBSERVED,,,,PRIMARY_RESEARCH_ONLY_NOT_SECOND_VERIFIED,true,false,false,verification:PRIMARY_RESEARCH_ONLY_NOT_SECOND_VERIFIED,
CF27_XBOXUNKNOWN_RTG_HEAD_018,data/research/cf27/manifests/current-evidence/current_evidence_manifest.json,$.entries[152],menu_record,RESEARCH_OBSERVED,,,,PRIMARY_RESEARCH_ONLY_NOT_SECOND_VERIFIED,true,false,false,verification:PRIMARY_RESEARCH_ONLY_NOT_SECOND_VERIFIED,
CF27_XBOXUNKNOWN_RTG_HEAD_018,data/research/cf27/manifests/current-evidence/current_evidence_manifest.json,$.entries[153],menu_record,RESEARCH_OBSERVED,,,,PRIMARY_RESEARCH_ONLY_NOT_SECOND_VERIFIED,true,false,false,verification:PRIMARY_RESEARCH_ONLY_NOT_SECOND_VERIFIED,
CF27_XBOXUNKNOWN_RTG_HEAD_018,data/research/cf27/manifests/current-evidence/current_evidence_manifest.json,$.entries[154],menu_record,RESEARCH_OBSERVED,,,,PRIMARY_RESEARCH_ONLY_NOT_SECOND_VERIFIED,true,false,false,verification:PRIMARY_RESEARCH_ONLY_NOT_SECOND_VERIFIED,
CF27_XBOXUNKNOWN_RTG_HEAD_018,data/research/cf27/manifests/current-evidence/current_evidence_manifest.json,$.entries[155],menu_record,RESEARCH_OBSERVED,,,,PRIMARY_RESEARCH_ONLY_NOT_SECOND_VERIFIED,true,false,false,verification:PRIMARY_RESEARCH_ONLY_NOT_SECOND_VERIFIED,
CF27_XBOXUNKNOWN_RTG_HEAD_018,data/research/cf27/manifests/current-evidence/current_evidence_manifest.json,$.entries[156],menu_record,RESEARCH_OBSERVED,,,,PRIMARY_RESEARCH_ONLY_NOT_SECOND_VERIFIED,true,false,false,verification:PRIMARY_RESEARCH_ONLY_NOT_SECOND_VERIFIED,
CF27_XBOXUNKNOWN_RTG_HEAD_018,data/research/cf27/manifests/current-evidence/current_evidence_manifest.json,$.entries[157],menu_record,RESEARCH_OBSERVED,,,,PRIMARY_RESEARCH_ONLY_NOT_SECOND_VERIFIED,true,false,false,verification:PRIMARY_RESEARCH_ONLY_NOT_SECOND_VERIFIED,
CF27_XBOXUNKNOWN_RTG_HEAD_019,data/research/cf27/manifests/current-evidence/current_evidence_manifest.json,$.entries[158],menu_record,RESEARCH_OBSERVED,,,,PRIMARY_RESEARCH_ONLY_NOT_SECOND_VERIFIED,true,false,false,verification:PRIMARY_RESEARCH_ONLY_NOT_SECOND_VERIFIED,
CF27_XBOXUNKNOWN_RTG_HEAD_019,data/research/cf27/manifests/current-evidence/current_evidence_manifest.json,$.entries[159],menu_record,RESEARCH_OBSERVED,,,,PRIMARY_RESEARCH_ONLY_NOT_SECOND_VERIFIED,true,false,false,verification:PRIMARY_RESEARCH_ONLY_NOT_SECOND_VERIFIED,
CF27_XBOXUNKNOWN_RTG_EYECOLOR_005,data/research/cf27/manifests/current-evidence/current_evidence_manifest.json,$.entries[16],menu_record,PLACEHOLDER,,,,PRIMARY_RESEARCH_ONLY_NOT_SECOND_VERIFIED,true,false,false,verification:PRIMARY_RESEARCH_ONLY_NOT_SECOND_VERIFIED,placeholderToken
CF27_XBOXUNKNOWN_RTG_HEAD_019,data/research/cf27/manifests/current-evidence/current_evidence_manifest.json,$.entries[160],menu_record,RESEARCH_OBSERVED,,,,PRIMARY_RESEARCH_ONLY_NOT_SECOND_VERIFIED,true,false,false,verification:PRIMARY_RESEARCH_ONLY_NOT_SECOND_VERIFIED,
CF27_XBOXUNKNOWN_RTG_HEAD_019,data/research/cf27/manifests/current-evidence/current_evidence_manifest.json,$.entries[161],menu_record,RESEARCH_OBSERVED,,,,PRIMARY_RESEARCH_ONLY_NOT_SECOND_VERIFIED,true,false,false,verification:PRIMARY_RESEARCH_ONLY_NOT_SECOND_VERIFIED,
CF27_XBOXUNKNOWN_RTG_HEAD_019,data/research/cf27/manifests/current-evidence/current_evidence_manifest.json,$.entries[162],menu_record,RESEARCH_OBSERVED,,,,PRIMARY_RESEARCH_ONLY_NOT_SECOND_VERIFIED,true,false,false,verification:PRIMARY_RESEARCH_ONLY_NOT_SECOND_VERIFIED,
CF27_XBOXUNKNOWN_RTG_HEAD_019,data/research/cf27/manifests/current-evidence/current_evidence_manifest.json,$.entries[163],menu_record,RESEARCH_OBSERVED,,,,PRIMARY_RESEARCH_ONLY_NOT_SECOND_VERIFIED,true,false,false,verification:PRIMARY_RESEARCH_ONLY_NOT_SECOND_VERIFIED,
CF27_XBOXUNKNOWN_RTG_HEAD_019,data/research/cf27/manifests/current-evidence/current_evidence_manifest.json,$.entries[164],menu_record,RESEARCH_OBSERVED,,,,PRIMARY_RESEARCH_ONLY_NOT_SECOND_VERIFIED,true,false,false,verification:PRIMARY_RESEARCH_ONLY_NOT_SECOND_VERIFIED,
CF27_XBOXUNKNOWN_RTG_HEAD_020,data/research/cf27/manifests/current-evidence/current_evidence_manifest.json,$.entries[165],menu_record,RESEARCH_OBSERVED,,,,PRIMARY_RESEARCH_ONLY_NOT_SECOND_VERIFIED,true,false,false,verification:PRIMARY_RESEARCH_ONLY_NOT_SECOND_VERIFIED,
CF27_XBOXUNKNOWN_RTG_HEAD_020,data/research/cf27/manifests/current-evidence/current_evidence_manifest.json,$.entries[166],menu_record,RESEARCH_OBSERVED,,,,PRIMARY_RESEARCH_ONLY_NOT_SECOND_VERIFIED,true,false,false,verification:PRIMARY_RESEARCH_ONLY_NOT_SECOND_VERIFIED,
CF27_XBOXUNKNOWN_RTG_HEAD_020,data/research/cf27/manifests/current-evidence/current_evidence_manifest.json,$.entries[167],menu_record,RESEARCH_OBSERVED,,,,PRIMARY_RESEARCH_ONLY_NOT_SECOND_VERIFIED,true,false,false,verification:PRIMARY_RESEARCH_ONLY_NOT_SECOND_VERIFIED,
CF27_XBOXUNKNOWN_RTG_HEAD_020,data/research/cf27/manifests/current-evidence/current_evidence_manifest.json,$.entries[168],menu_record,RESEARCH_OBSERVED,,,,PRIMARY_RESEARCH_ONLY_NOT_SECOND_VERIFIED,true,false,false,verification:PRIMARY_RESEARCH_ONLY_NOT_SECOND_VERIFIED,
CF27_XBOXUNKNOWN_RTG_HEAD_020,data/research/cf27/manifests/current-evidence/current_evidence_manifest.json,$.entries[169],menu_record,RESEARCH_OBSERVED,,,,PRIMARY_RESEARCH_ONLY_NOT_SECOND_VERIFIED,true,false,false,verification:PRIMARY_RESEARCH_ONLY_NOT_SECOND_VERIFIED,
CF27_XBOXUNKNOWN_RTG_EYECOLOR_005,data/research/cf27/manifests/current-evidence/current_evidence_manifest.json,$.entries[17],menu_record,PLACEHOLDER,,,,PRIMARY_RESEARCH_ONLY_NOT_SECOND_VERIFIED,true,false,false,verification:PRIMARY_RESEARCH_ONLY_NOT_SECOND_VERIFIED,placeholderToken
CF27_XBOXUNKNOWN_RTG_HEAD_020,data/research/cf27/manifests/current-evidence/current_evidence_manifest.json,$.entries[170],menu_record,RESEARCH_OBSERVED,,,,PRIMARY_RESEARCH_ONLY_NOT_SECOND_VERIFIED,true,false,false,verification:PRIMARY_RESEARCH_ONLY_NOT_SECOND_VERIFIED,
CF27_XBOXUNKNOWN_RTG_HEAD_020,data/research/cf27/manifests/current-evidence/current_evidence_manifest.json,$.entries[171],menu_record,RESEARCH_OBSERVED,,,,PRIMARY_RESEARCH_ONLY_NOT_SECOND_VERIFIED,true,false,false,verification:PRIMARY_RESEARCH_ONLY_NOT_SECOND_VERIFIED,
CF27_XBOXUNKNOWN_RTG_HEAD_021,data/research/cf27/manifests/current-evidence/current_evidence_manifest.json,$.entries[172],menu_record,RESEARCH_OBSERVED,,,,PRIMARY_RESEARCH_ONLY_NOT_SECOND_VERIFIED,true,false,false,verification:PRIMARY_RESEARCH_ONLY_NOT_SECOND_VERIFIED,
CF27_XBOXUNKNOWN_RTG_HEAD_021,data/research/cf27/manifests/current-evidence/current_evidence_manifest.json,$.entries[173],menu_record,RESEARCH_OBSERVED,,,,PRIMARY_RESEARCH_ONLY_NOT_SECOND_VERIFIED,true,false,false,verification:PRIMARY_RESEARCH_ONLY_NOT_SECOND_VERIFIED,
CF27_XBOXUNKNOWN_RTG_HEAD_021,data/research/cf27/manifests/current-evidence/current_evidence_manifest.json,$.entries[174],menu_record,RESEARCH_OBSERVED,,,,PRIMARY_RESEARCH_ONLY_NOT_SECOND_VERIFIED,true,false,false,verification:PRIMARY_RESEARCH_ONLY_NOT_SECOND_VERIFIED,
CF27_XBOXUNKNOWN_RTG_HEAD_021,data/research/cf27/manifests/current-evidence/current_evidence_manifest.json,$.entries[175],menu_record,RESEARCH_OBSERVED,,,,PRIMARY_RESEARCH_ONLY_NOT_SECOND_VERIFIED,true,false,false,verification:PRIMARY_RESEARCH_ONLY_NOT_SECOND_VERIFIED,
CF27_XBOXUNKNOWN_RTG_HEAD_021,data/research/cf27/manifests/current-evidence/current_evidence_manifest.json,$.entries[176],menu_record,RESEARCH_OBSERVED,,,,PRIMARY_RESEARCH_ONLY_NOT_SECOND_VERIFIED,true,false,false,verification:PRIMARY_RESEARCH_ONLY_NOT_SECOND_VERIFIED,
CF27_XBOXUNKNOWN_RTG_HEAD_021,data/research/cf27/manifests/current-evidence/current_evidence_manifest.json,$.entries[177],menu_record,RESEARCH_OBSERVED,,,,PRIMARY_RESEARCH_ONLY_NOT_SECOND_VERIFIED,true,false,false,verification:PRIMARY_RESEARCH_ONLY_NOT_SECOND_VERIFIED,
CF27_XBOXUNKNOWN_RTG_HEAD_021,data/research/cf27/manifests/current-evidence/current_evidence_manifest.json,$.entries[178],menu_record,RESEARCH_OBSERVED,,,,PRIMARY_RESEARCH_ONLY_NOT_SECOND_VERIFIED,true,false,false,verification:PRIMARY_RESEARCH_ONLY_NOT_SECOND_VERIFIED,
CF27_XBOXUNKNOWN_RTG_HEAD_022,data/research/cf27/manifests/current-evidence/current_evidence_manifest.json,$.entries[179],menu_record,RESEARCH_OBSERVED,,,,PRIMARY_RESEARCH_ONLY_NOT_SECOND_VERIFIED,true,false,false,verification:PRIMARY_RESEARCH_ONLY_NOT_SECOND_VERIFIED,
CF27_XBOXUNKNOWN_RTG_EYECOLOR_006,data/research/cf27/manifests/current-evidence/current_evidence_manifest.json,$.entries[18],menu_record,PLACEHOLDER,,,,PRIMARY_RESEARCH_ONLY_NOT_SECOND_VERIFIED,true,false,false,verification:PRIMARY_RESEARCH_ONLY_NOT_SECOND_VERIFIED,placeholderToken
CF27_XBOXUNKNOWN_RTG_HEAD_022,data/research/cf27/manifests/current-evidence/current_evidence_manifest.json,$.entries[180],menu_record,RESEARCH_OBSERVED,,,,PRIMARY_RESEARCH_ONLY_NOT_SECOND_VERIFIED,true,false,false,verification:PRIMARY_RESEARCH_ONLY_NOT_SECOND_VERIFIED,
CF27_XBOXUNKNOWN_RTG_HEAD_022,data/research/cf27/manifests/current-evidence/current_evidence_manifest.json,$.entries[181],menu_record,RESEARCH_OBSERVED,,,,PRIMARY_RESEARCH_ONLY_NOT_SECOND_VERIFIED,true,false,false,verification:PRIMARY_RESEARCH_ONLY_NOT_SECOND_VERIFIED,
CF27_XBOXUNKNOWN_RTG_HEAD_022,data/research/cf27/manifests/current-evidence/current_evidence_manifest.json,$.entries[182],menu_record,RESEARCH_OBSERVED,,,,PRIMARY_RESEARCH_ONLY_NOT_SECOND_VERIFIED,true,false,false,verification:PRIMARY_RESEARCH_ONLY_NOT_SECOND_VERIFIED,
CF27_XBOXUNKNOWN_RTG_HEAD_022,data/research/cf27/manifests/current-evidence/current_evidence_manifest.json,$.entries[183],menu_record,RESEARCH_OBSERVED,,,,PRIMARY_RESEARCH_ONLY_NOT_SECOND_VERIFIED,true,false,false,verification:PRIMARY_RESEARCH_ONLY_NOT_SECOND_VERIFIED,
CF27_XBOXUNKNOWN_RTG_HEAD_022,data/research/cf27/manifests/current-evidence/current_evidence_manifest.json,$.entries[184],menu_record,RESEARCH_OBSERVED,,,,PRIMARY_RESEARCH_ONLY_NOT_SECOND_VERIFIED,true,false,false,verification:PRIMARY_RESEARCH_ONLY_NOT_SECOND_VERIFIED,
CF27_XBOXUNKNOWN_RTG_HEAD_022,data/research/cf27/manifests/current-evidence/current_evidence_manifest.json,$.entries[185],menu_record,RESEARCH_OBSERVED,,,,PRIMARY_RESEARCH_ONLY_NOT_SECOND_VERIFIED,true,false,false,verification:PRIMARY_RESEARCH_ONLY_NOT_SECOND_VERIFIED,
CF27_XBOXUNKNOWN_RTG_HEAD_023,data/research/cf27/manifests/current-evidence/current_evidence_manifest.json,$.entries[186],menu_record,RESEARCH_OBSERVED,,,,PRIMARY_RESEARCH_ONLY_NOT_SECOND_VERIFIED,true,false,false,verification:PRIMARY_RESEARCH_ONLY_NOT_SECOND_VERIFIED,
CF27_XBOXUNKNOWN_RTG_HEAD_023,data/research/cf27/manifests/current-evidence/current_evidence_manifest.json,$.entries[187],menu_record,RESEARCH_OBSERVED,,,,PRIMARY_RESEARCH_ONLY_NOT_SECOND_VERIFIED,true,false,false,verification:PRIMARY_RESEARCH_ONLY_NOT_SECOND_VERIFIED,
CF27_XBOXUNKNOWN_RTG_HEAD_023,data/research/cf27/manifests/current-evidence/current_evidence_manifest.json,$.entries[188],menu_record,RESEARCH_OBSERVED,,,,PRIMARY_RESEARCH_ONLY_NOT_SECOND_VERIFIED,true,false,false,verification:PRIMARY_RESEARCH_ONLY_NOT_SECOND_VERIFIED,
CF27_XBOXUNKNOWN_RTG_HEAD_023,data/research/cf27/manifests/current-evidence/current_evidence_manifest.json,$.entries[189],menu_record,RESEARCH_OBSERVED,,,,PRIMARY_RESEARCH_ONLY_NOT_SECOND_VERIFIED,true,false,false,verification:PRIMARY_RESEARCH_ONLY_NOT_SECOND_VERIFIED,
CF27_XBOXUNKNOWN_RTG_EYECOLOR_006,data/research/cf27/manifests/current-evidence/current_evidence_manifest.json,$.entries[19],menu_record,PLACEHOLDER,,,,PRIMARY_RESEARCH_ONLY_NOT_SECOND_VERIFIED,true,false,false,verification:PRIMARY_RESEARCH_ONLY_NOT_SECOND_VERIFIED,placeholderToken
CF27_XBOXUNKNOWN_RTG_HEAD_023,data/research/cf27/manifests/current-evidence/current_evidence_manifest.json,$.entries[190],menu_record,RESEARCH_OBSERVED,,,,PRIMARY_RESEARCH_ONLY_NOT_SECOND_VERIFIED,true,false,false,verification:PRIMARY_RESEARCH_ONLY_NOT_SECOND_VERIFIED,
CF27_XBOXUNKNOWN_RTG_HEAD_023,data/research/cf27/manifests/current-evidence/current_evidence_manifest.json,$.entries[191],menu_record,RESEARCH_OBSERVED,,,,PRIMARY_RESEARCH_ONLY_NOT_SECOND_VERIFIED,true,false,false,verification:PRIMARY_RESEARCH_ONLY_NOT_SECOND_VERIFIED,
CF27_XBOXUNKNOWN_RTG_HEAD_023,data/research/cf27/manifests/current-evidence/current_evidence_manifest.json,$.entries[192],menu_record,RESEARCH_OBSERVED,,,,PRIMARY_RESEARCH_ONLY_NOT_SECOND_VERIFIED,true,false,false,verification:PRIMARY_RESEARCH_ONLY_NOT_SECOND_VERIFIED,
CF27_XBOXUNKNOWN_RTG_HEAD_024,data/research/cf27/manifests/current-evidence/current_evidence_manifest.json,$.entries[193],menu_record,RESEARCH_OBSERVED,,,,PRIMARY_RESEARCH_ONLY_NOT_SECOND_VERIFIED,true,false,false,verification:PRIMARY_RESEARCH_ONLY_NOT_SECOND_VERIFIED,
CF27_XBOXUNKNOWN_RTG_HEAD_024,data/research/cf27/manifests/current-evidence/current_evidence_manifest.json,$.entries[194],menu_record,RESEARCH_OBSERVED,,,,PRIMARY_RESEARCH_ONLY_NOT_SECOND_VERIFIED,true,false,false,verification:PRIMARY_RESEARCH_ONLY_NOT_SECOND_VERIFIED,
CF27_XBOXUNKNOWN_RTG_HEAD_024,data/research/cf27/manifests/current-evidence/current_evidence_manifest.json,$.entries[195],menu_record,RESEARCH_OBSERVED,,,,PRIMARY_RESEARCH_ONLY_NOT_SECOND_VERIFIED,true,false,false,verification:PRIMARY_RESEARCH_ONLY_NOT_SECOND_VERIFIED,
CF27_XBOXUNKNOWN_RTG_HEAD_024,data/research/cf27/manifests/current-evidence/current_evidence_manifest.json,$.entries[196],menu_record,RESEARCH_OBSERVED,,,,PRIMARY_RESEARCH_ONLY_NOT_SECOND_VERIFIED,true,false,false,verification:PRIMARY_RESEARCH_ONLY_NOT_SECOND_VERIFIED,
CF27_XBOXUNKNOWN_RTG_HEAD_024,data/research/cf27/manifests/current-evidence/current_evidence_manifest.json,$.entries[197],menu_record,RESEARCH_OBSERVED,,,,PRIMARY_RESEARCH_ONLY_NOT_SECOND_VERIFIED,true,false,false,verification:PRIMARY_RESEARCH_ONLY_NOT_SECOND_VERIFIED,
CF27_XBOXUNKNOWN_RTG_HEAD_024,data/research/cf27/manifests/current-evidence/current_evidence_manifest.json,$.entries[198],menu_record,RESEARCH_OBSERVED,,,,PRIMARY_RESEARCH_ONLY_NOT_SECOND_VERIFIED,true,false,false,verification:PRIMARY_RESEARCH_ONLY_NOT_SECOND_VERIFIED,
CF27_XBOXUNKNOWN_RTG_HEAD_024,data/research/cf27/manifests/current-evidence/current_evidence_manifest.json,$.entries[199],menu_record,RESEARCH_OBSERVED,,,,PRIMARY_RESEARCH_ONLY_NOT_SECOND_VERIFIED,true,false,false,verification:PRIMARY_RESEARCH_ONLY_NOT_SECOND_VERIFIED,
CF27_XBOXUNKNOWN_RTG_EARSHAPE_002,data/research/cf27/manifests/current-evidence/current_evidence_manifest.json,$.entries[2],menu_record,PLACEHOLDER,,,,PRIMARY_RESEARCH_ONLY_NOT_SECOND_VERIFIED,true,false,false,verification:PRIMARY_RESEARCH_ONLY_NOT_SECOND_VERIFIED,placeholderToken
CF27_XBOXUNKNOWN_RTG_EYECOLOR_007,data/research/cf27/manifests/current-evidence/current_evidence_manifest.json,$.entries[20],menu_record,PLACEHOLDER,,,,PRIMARY_RESEARCH_ONLY_NOT_SECOND_VERIFIED,true,false,false,verification:PRIMARY_RESEARCH_ONLY_NOT_SECOND_VERIFIED,placeholderToken
CF27_XBOXUNKNOWN_RTG_HEAD_025,data/research/cf27/manifests/current-evidence/current_evidence_manifest.json,$.entries[200],menu_record,RESEARCH_OBSERVED,,,,PRIMARY_RESEARCH_ONLY_NOT_SECOND_VERIFIED,true,false,false,verification:PRIMARY_RESEARCH_ONLY_NOT_SECOND_VERIFIED,
CF27_XBOXUNKNOWN_RTG_HEAD_025,data/research/cf27/manifests/current-evidence/current_evidence_manifest.json,$.entries[201],menu_record,RESEARCH_OBSERVED,,,,PRIMARY_RESEARCH_ONLY_NOT_SECOND_VERIFIED,true,false,false,verification:PRIMARY_RESEARCH_ONLY_NOT_SECOND_VERIFIED,
CF27_XBOXUNKNOWN_RTG_HEAD_025,data/research/cf27/manifests/current-evidence/current_evidence_manifest.json,$.entries[202],menu_record,RESEARCH_OBSERVED,,,,PRIMARY_RESEARCH_ONLY_NOT_SECOND_VERIFIED,true,false,false,verification:PRIMARY_RESEARCH_ONLY_NOT_SECOND_VERIFIED,
CF27_XBOXUNKNOWN_RTG_HEAD_025,data/research/cf27/manifests/current-evidence/current_evidence_manifest.json,$.entries[203],menu_record,RESEARCH_OBSERVED,,,,PRIMARY_RESEARCH_ONLY_NOT_SECOND_VERIFIED,true,false,false,verification:PRIMARY_RESEARCH_ONLY_NOT_SECOND_VERIFIED,
CF27_XBOXUNKNOWN_RTG_HEAD_025,data/research/cf27/manifests/current-evidence/current_evidence_manifest.json,$.entries[204],menu_record,RESEARCH_OBSERVED,,,,PRIMARY_RESEARCH_ONLY_NOT_SECOND_VERIFIED,true,false,false,verification:PRIMARY_RESEARCH_ONLY_NOT_SECOND_VERIFIED,
CF27_XBOXUNKNOWN_RTG_HEAD_025,data/research/cf27/manifests/current-evidence/current_evidence_manifest.json,$.entries[205],menu_record,RESEARCH_OBSERVED,,,,PRIMARY_RESEARCH_ONLY_NOT_SECOND_VERIFIED,true,false,false,verification:PRIMARY_RESEARCH_ONLY_NOT_SECOND_VERIFIED,
CF27_XBOXUNKNOWN_RTG_HEAD_025,data/research/cf27/manifests/current-evidence/current_evidence_manifest.json,$.entries[206],menu_record,RESEARCH_OBSERVED,,,,PRIMARY_RESEARCH_ONLY_NOT_SECOND_VERIFIED,true,false,false,verification:PRIMARY_RESEARCH_ONLY_NOT_SECOND_VERIFIED,
CF27_XBOXUNKNOWN_RTG_HEAD_026,data/research/cf27/manifests/current-evidence/current_evidence_manifest.json,$.entries[207],menu_record,RESEARCH_OBSERVED,,,,PRIMARY_RESEARCH_ONLY_NOT_SECOND_VERIFIED,true,false,false,verification:PRIMARY_RESEARCH_ONLY_NOT_SECOND_VERIFIED,
CF27_XBOXUNKNOWN_RTG_HEAD_026,data/research/cf27/manifests/current-evidence/current_evidence_manifest.json,$.entries[208],menu_record,RESEARCH_OBSERVED,,,,PRIMARY_RESEARCH_ONLY_NOT_SECOND_VERIFIED,true,false,false,verification:PRIMARY_RESEARCH_ONLY_NOT_SECOND_VERIFIED,
CF27_XBOXUNKNOWN_RTG_HEAD_026,data/research/cf27/manifests/current-evidence/current_evidence_manifest.json,$.entries[209],menu_record,RESEARCH_OBSERVED,,,,PRIMARY_RESEARCH_ONLY_NOT_SECOND_VERIFIED,true,false,false,verification:PRIMARY_RESEARCH_ONLY_NOT_SECOND_VERIFIED,
CF27_XBOXUNKNOWN_RTG_EYECOLOR_007,data/research/cf27/manifests/current-evidence/current_evidence_manifest.json,$.entries[21],menu_record,PLACEHOLDER,,,,PRIMARY_RESEARCH_ONLY_NOT_SECOND_VERIFIED,true,false,false,verification:PRIMARY_RESEARCH_ONLY_NOT_SECOND_VERIFIED,placeholderToken
CF27_XBOXUNKNOWN_RTG_HEAD_026,data/research/cf27/manifests/current-evidence/current_evidence_manifest.json,$.entries[210],menu_record,RESEARCH_OBSERVED,,,,PRIMARY_RESEARCH_ONLY_NOT_SECOND_VERIFIED,true,false,false,verification:PRIMARY_RESEARCH_ONLY_NOT_SECOND_VERIFIED,
CF27_XBOXUNKNOWN_RTG_HEAD_026,data/research/cf27/manifests/current-evidence/current_evidence_manifest.json,$.entries[211],menu_record,RESEARCH_OBSERVED,,,,PRIMARY_RESEARCH_ONLY_NOT_SECOND_VERIFIED,true,false,false,verification:PRIMARY_RESEARCH_ONLY_NOT_SECOND_VERIFIED,
CF27_XBOXUNKNOWN_RTG_HEAD_026,data/research/cf27/manifests/current-evidence/current_evidence_manifest.json,$.entries[212],menu_record,RESEARCH_OBSERVED,,,,PRIMARY_RESEARCH_ONLY_NOT_SECOND_VERIFIED,true,false,false,verification:PRIMARY_RESEARCH_ONLY_NOT_SECOND_VERIFIED,
CF27_XBOXUNKNOWN_RTG_HEAD_026,data/research/cf27/manifests/current-evidence/current_evidence_manifest.json,$.entries[213],menu_record,RESEARCH_OBSERVED,,,,PRIMARY_RESEARCH_ONLY_NOT_SECOND_VERIFIED,true,false,false,verification:PRIMARY_RESEARCH_ONLY_NOT_SECOND_VERIFIED,
CF27_XBOXUNKNOWN_RTG_HEAD_027,data/research/cf27/manifests/current-evidence/current_evidence_manifest.json,$.entries[214],menu_record,RESEARCH_OBSERVED,,,,PRIMARY_RESEARCH_ONLY_NOT_SECOND_VERIFIED,true,false,false,verification:PRIMARY_RESEARCH_ONLY_NOT_SECOND_VERIFIED,
CF27_XBOXUNKNOWN_RTG_HEAD_027,data/research/cf27/manifests/current-evidence/current_evidence_manifest.json,$.entries[215],menu_record,RESEARCH_OBSERVED,,,,PRIMARY_RESEARCH_ONLY_NOT_SECOND_VERIFIED,true,false,false,verification:PRIMARY_RESEARCH_ONLY_NOT_SECOND_VERIFIED,
CF27_XBOXUNKNOWN_RTG_HEAD_027,data/research/cf27/manifests/current-evidence/current_evidence_manifest.json,$.entries[216],menu_record,RESEARCH_OBSERVED,,,,PRIMARY_RESEARCH_ONLY_NOT_SECOND_VERIFIED,true,false,false,verification:PRIMARY_RESEARCH_ONLY_NOT_SECOND_VERIFIED,
CF27_XBOXUNKNOWN_RTG_HEAD_027,data/research/cf27/manifests/current-evidence/current_evidence_manifest.json,$.entries[217],menu_record,RESEARCH_OBSERVED,,,,PRIMARY_RESEARCH_ONLY_NOT_SECOND_VERIFIED,true,false,false,verification:PRIMARY_RESEARCH_ONLY_NOT_SECOND_VERIFIED,
CF27_XBOXUNKNOWN_RTG_HEAD_027,data/research/cf27/manifests/current-evidence/current_evidence_manifest.json,$.entries[218],menu_record,RESEARCH_OBSERVED,,,,PRIMARY_RESEARCH_ONLY_NOT_SECOND_VERIFIED,true,false,false,verification:PRIMARY_RESEARCH_ONLY_NOT_SECOND_VERIFIED,
CF27_XBOXUNKNOWN_RTG_HEAD_027,data/research/cf27/manifests/current-evidence/current_evidence_manifest.json,$.entries[219],menu_record,RESEARCH_OBSERVED,,,,PRIMARY_RESEARCH_ONLY_NOT_SECOND_VERIFIED,true,false,false,verification:PRIMARY_RESEARCH_ONLY_NOT_SECOND_VERIFIED,
CF27_XBOXUNKNOWN_RTG_EYESHAPE_001,data/research/cf27/manifests/current-evidence/current_evidence_manifest.json,$.entries[22],menu_record,PLACEHOLDER,,,,PRIMARY_RESEARCH_ONLY_NOT_SECOND_VERIFIED,true,false,false,verification:PRIMARY_RESEARCH_ONLY_NOT_SECOND_VERIFIED,placeholderToken
CF27_XBOXUNKNOWN_RTG_HEAD_027,data/research/cf27/manifests/current-evidence/current_evidence_manifest.json,$.entries[220],menu_record,RESEARCH_OBSERVED,,,,PRIMARY_RESEARCH_ONLY_NOT_SECOND_VERIFIED,true,false,false,verification:PRIMARY_RESEARCH_ONLY_NOT_SECOND_VERIFIED,
CF27_XBOXUNKNOWN_RTG_HEAD_028,data/research/cf27/manifests/current-evidence/current_evidence_manifest.json,$.entries[221],menu_record,RESEARCH_OBSERVED,,,,PRIMARY_RESEARCH_ONLY_NOT_SECOND_VERIFIED,true,false,false,verification:PRIMARY_RESEARCH_ONLY_NOT_SECOND_VERIFIED,
CF27_XBOXUNKNOWN_RTG_HEAD_028,data/research/cf27/manifests/current-evidence/current_evidence_manifest.json,$.entries[222],menu_record,RESEARCH_OBSERVED,,,,PRIMARY_RESEARCH_ONLY_NOT_SECOND_VERIFIED,true,false,false,verification:PRIMARY_RESEARCH_ONLY_NOT_SECOND_VERIFIED,
CF27_XBOXUNKNOWN_RTG_HEAD_028,data/research/cf27/manifests/current-evidence/current_evidence_manifest.json,$.entries[223],menu_record,RESEARCH_OBSERVED,,,,PRIMARY_RESEARCH_ONLY_NOT_SECOND_VERIFIED,true,false,false,verification:PRIMARY_RESEARCH_ONLY_NOT_SECOND_VERIFIED,
CF27_XBOXUNKNOWN_RTG_HEAD_028,data/research/cf27/manifests/current-evidence/current_evidence_manifest.json,$.entries[224],menu_record,RESEARCH_OBSERVED,,,,PRIMARY_RESEARCH_ONLY_NOT_SECOND_VERIFIED,true,false,false,verification:PRIMARY_RESEARCH_ONLY_NOT_SECOND_VERIFIED,
CF27_XBOXUNKNOWN_RTG_HEAD_028,data/research/cf27/manifests/current-evidence/current_evidence_manifest.json,$.entries[225],menu_record,RESEARCH_OBSERVED,,,,PRIMARY_RESEARCH_ONLY_NOT_SECOND_VERIFIED,true,false,false,verification:PRIMARY_RESEARCH_ONLY_NOT_SECOND_VERIFIED,
CF27_XBOXUNKNOWN_RTG_HEAD_028,data/research/cf27/manifests/current-evidence/current_evidence_manifest.json,$.entries[226],menu_record,RESEARCH_OBSERVED,,,,PRIMARY_RESEARCH_ONLY_NOT_SECOND_VERIFIED,true,false,false,verification:PRIMARY_RESEARCH_ONLY_NOT_SECOND_VERIFIED,
CF27_XBOXUNKNOWN_RTG_HEAD_028,data/research/cf27/manifests/current-evidence/current_evidence_manifest.json,$.entries[227],menu_record,RESEARCH_OBSERVED,,,,PRIMARY_RESEARCH_ONLY_NOT_SECOND_VERIFIED,true,false,false,verification:PRIMARY_RESEARCH_ONLY_NOT_SECOND_VERIFIED,
CF27_XBOXUNKNOWN_RTG_HEAD_029,data/research/cf27/manifests/current-evidence/current_evidence_manifest.json,$.entries[228],menu_record,RESEARCH_OBSERVED,,,,PRIMARY_RESEARCH_ONLY_NOT_SECOND_VERIFIED,true,false,false,verification:PRIMARY_RESEARCH_ONLY_NOT_SECOND_VERIFIED,
CF27_XBOXUNKNOWN_RTG_HEAD_029,data/research/cf27/manifests/current-evidence/current_evidence_manifest.json,$.entries[229],menu_record,RESEARCH_OBSERVED,,,,PRIMARY_RESEARCH_ONLY_NOT_SECOND_VERIFIED,true,false,false,verification:PRIMARY_RESEARCH_ONLY_NOT_SECOND_VERIFIED,
CF27_XBOXUNKNOWN_RTG_EYESHAPE_001,data/research/cf27/manifests/current-evidence/current_evidence_manifest.json,$.entries[23],menu_record,PLACEHOLDER,,,,PRIMARY_RESEARCH_ONLY_NOT_SECOND_VERIFIED,true,false,false,verification:PRIMARY_RESEARCH_ONLY_NOT_SECOND_VERIFIED,placeholderToken
CF27_XBOXUNKNOWN_RTG_HEAD_029,data/research/cf27/manifests/current-evidence/current_evidence_manifest.json,$.entries[230],menu_record,RESEARCH_OBSERVED,,,,PRIMARY_RESEARCH_ONLY_NOT_SECOND_VERIFIED,true,false,false,verification:PRIMARY_RESEARCH_ONLY_NOT_SECOND_VERIFIED,
CF27_XBOXUNKNOWN_RTG_HEAD_029,data/research/cf27/manifests/current-evidence/current_evidence_manifest.json,$.entries[231],menu_record,RESEARCH_OBSERVED,,,,PRIMARY_RESEARCH_ONLY_NOT_SECOND_VERIFIED,true,false,false,verification:PRIMARY_RESEARCH_ONLY_NOT_SECOND_VERIFIED,
CF27_XBOXUNKNOWN_RTG_HEAD_029,data/research/cf27/manifests/current-evidence/current_evidence_manifest.json,$.entries[232],menu_record,RESEARCH_OBSERVED,,,,PRIMARY_RESEARCH_ONLY_NOT_SECOND_VERIFIED,true,false,false,verification:PRIMARY_RESEARCH_ONLY_NOT_SECOND_VERIFIED,
CF27_XBOXUNKNOWN_RTG_HEAD_029,data/research/cf27/manifests/current-evidence/current_evidence_manifest.json,$.entries[233],menu_record,RESEARCH_OBSERVED,,,,PRIMARY_RESEARCH_ONLY_NOT_SECOND_VERIFIED,true,false,false,verification:PRIMARY_RESEARCH_ONLY_NOT_SECOND_VERIFIED,
CF27_XBOXUNKNOWN_RTG_HEAD_029,data/research/cf27/manifests/current-evidence/current_evidence_manifest.json,$.entries[234],menu_record,RESEARCH_OBSERVED,,,,PRIMARY_RESEARCH_ONLY_NOT_SECOND_VERIFIED,true,false,false,verification:PRIMARY_RESEARCH_ONLY_NOT_SECOND_VERIFIED,
CF27_XBOXUNKNOWN_RTG_NOSE_001,data/research/cf27/manifests/current-evidence/current_evidence_manifest.json,$.entries[235],menu_record,PLACEHOLDER,,,,PRIMARY_RESEARCH_ONLY_NOT_SECOND_VERIFIED,true,false,false,verification:PRIMARY_RESEARCH_ONLY_NOT_SECOND_VERIFIED,placeholderToken
CF27_XBOXUNKNOWN_RTG_NOSE_001,data/research/cf27/manifests/current-evidence/current_evidence_manifest.json,$.entries[236],menu_record,PLACEHOLDER,,,,PRIMARY_RESEARCH_ONLY_NOT_SECOND_VERIFIED,true,false,false,verification:PRIMARY_RESEARCH_ONLY_NOT_SECOND_VERIFIED,placeholderToken
CF27_XBOXUNKNOWN_RTG_NOSE_001,data/research/cf27/manifests/current-evidence/current_evidence_manifest.json,$.entries[237],menu_record,PLACEHOLDER,,,,PRIMARY_RESEARCH_ONLY_NOT_SECOND_VERIFIED,true,false,false,verification:PRIMARY_RESEARCH_ONLY_NOT_SECOND_VERIFIED,placeholderToken
CF27_XBOXUNKNOWN_RTG_NOSE_002,data/research/cf27/manifests/current-evidence/current_evidence_manifest.json,$.entries[238],menu_record,PLACEHOLDER,,,,PRIMARY_RESEARCH_ONLY_NOT_SECOND_VERIFIED,true,false,false,verification:PRIMARY_RESEARCH_ONLY_NOT_SECOND_VERIFIED,placeholderToken
CF27_XBOXUNKNOWN_RTG_NOSE_002,data/research/cf27/manifests/current-evidence/current_evidence_manifest.json,$.entries[239],menu_record,PLACEHOLDER,,,,PRIMARY_RESEARCH_ONLY_NOT_SECOND_VERIFIED,true,false,false,verification:PRIMARY_RESEARCH_ONLY_NOT_SECOND_VERIFIED,placeholderToken
CF27_XBOXUNKNOWN_RTG_EYESHAPE_002,data/research/cf27/manifests/current-evidence/current_evidence_manifest.json,$.entries[24],menu_record,PLACEHOLDER,,,,PRIMARY_RESEARCH_ONLY_NOT_SECOND_VERIFIED,true,false,false,verification:PRIMARY_RESEARCH_ONLY_NOT_SECOND_VERIFIED,placeholderToken
CF27_XBOXUNKNOWN_RTG_NOSE_002,data/research/cf27/manifests/current-evidence/current_evidence_manifest.json,$.entries[240],menu_record,PLACEHOLDER,,,,PRIMARY_RESEARCH_ONLY_NOT_SECOND_VERIFIED,true,false,false,verification:PRIMARY_RESEARCH_ONLY_NOT_SECOND_VERIFIED,placeholderToken
CF27_XBOXUNKNOWN_RTG_NOSE_003,data/research/cf27/manifests/current-evidence/current_evidence_manifest.json,$.entries[241],menu_record,PLACEHOLDER,,,,PRIMARY_RESEARCH_ONLY_NOT_SECOND_VERIFIED,true,false,false,verification:PRIMARY_RESEARCH_ONLY_NOT_SECOND_VERIFIED,placeholderToken
CF27_XBOXUNKNOWN_RTG_NOSE_003,data/research/cf27/manifests/current-evidence/current_evidence_manifest.json,$.entries[242],menu_record,PLACEHOLDER,,,,PRIMARY_RESEARCH_ONLY_NOT_SECOND_VERIFIED,true,false,false,verification:PRIMARY_RESEARCH_ONLY_NOT_SECOND_VERIFIED,placeholderToken
CF27_XBOXUNKNOWN_RTG_NOSE_003,data/research/cf27/manifests/current-evidence/current_evidence_manifest.json,$.entries[243],menu_record,PLACEHOLDER,,,,PRIMARY_RESEARCH_ONLY_NOT_SECOND_VERIFIED,true,false,false,verification:PRIMARY_RESEARCH_ONLY_NOT_SECOND_VERIFIED,placeholderToken
CF27_XBOXUNKNOWN_RTG_NOSE_004,data/research/cf27/manifests/current-evidence/current_evidence_manifest.json,$.entries[244],menu_record,PLACEHOLDER,,,,PRIMARY_RESEARCH_ONLY_NOT_SECOND_VERIFIED,true,false,false,verification:PRIMARY_RESEARCH_ONLY_NOT_SECOND_VERIFIED,placeholderToken
CF27_XBOXUNKNOWN_RTG_NOSE_004,data/research/cf27/manifests/current-evidence/current_evidence_manifest.json,$.entries[245],menu_record,PLACEHOLDER,,,,PRIMARY_RESEARCH_ONLY_NOT_SECOND_VERIFIED,true,false,false,verification:PRIMARY_RESEARCH_ONLY_NOT_SECOND_VERIFIED,placeholderToken
CF27_XBOXUNKNOWN_RTG_NOSE_004,data/research/cf27/manifests/current-evidence/current_evidence_manifest.json,$.entries[246],menu_record,PLACEHOLDER,,,,PRIMARY_RESEARCH_ONLY_NOT_SECOND_VERIFIED,true,false,false,verification:PRIMARY_RESEARCH_ONLY_NOT_SECOND_VERIFIED,placeholderToken
CF27_XBOXUNKNOWN_RTG_NOSE_005,data/research/cf27/manifests/current-evidence/current_evidence_manifest.json,$.entries[247],menu_record,PLACEHOLDER,,,,PRIMARY_RESEARCH_ONLY_NOT_SECOND_VERIFIED,true,false,false,verification:PRIMARY_RESEARCH_ONLY_NOT_SECOND_VERIFIED,placeholderToken
CF27_XBOXUNKNOWN_RTG_NOSE_005,data/research/cf27/manifests/current-evidence/current_evidence_manifest.json,$.entries[248],menu_record,PLACEHOLDER,,,,PRIMARY_RESEARCH_ONLY_NOT_SECOND_VERIFIED,true,false,false,verification:PRIMARY_RESEARCH_ONLY_NOT_SECOND_VERIFIED,placeholderToken
CF27_XBOXUNKNOWN_RTG_NOSE_005,data/research/cf27/manifests/current-evidence/current_evidence_manifest.json,$.entries[249],menu_record,PLACEHOLDER,,,,PRIMARY_RESEARCH_ONLY_NOT_SECOND_VERIFIED,true,false,false,verification:PRIMARY_RESEARCH_ONLY_NOT_SECOND_VERIFIED,placeholderToken
CF27_XBOXUNKNOWN_RTG_EYESHAPE_002,data/research/cf27/manifests/current-evidence/current_evidence_manifest.json,$.entries[25],menu_record,PLACEHOLDER,,,,PRIMARY_RESEARCH_ONLY_NOT_SECOND_VERIFIED,true,false,false,verification:PRIMARY_RESEARCH_ONLY_NOT_SECOND_VERIFIED,placeholderToken
CF27_XBOXUNKNOWN_RTG_NOSE_006,data/research/cf27/manifests/current-evidence/current_evidence_manifest.json,$.entries[250],menu_record,PLACEHOLDER,,,,PRIMARY_RESEARCH_ONLY_NOT_SECOND_VERIFIED,true,false,false,verification:PRIMARY_RESEARCH_ONLY_NOT_SECOND_VERIFIED,placeholderToken
CF27_XBOXUNKNOWN_RTG_NOSE_006,data/research/cf27/manifests/current-evidence/current_evidence_manifest.json,$.entries[251],menu_record,PLACEHOLDER,,,,PRIMARY_RESEARCH_ONLY_NOT_SECOND_VERIFIED,true,false,false,verification:PRIMARY_RESEARCH_ONLY_NOT_SECOND_VERIFIED,placeholderToken
CF27_XBOXUNKNOWN_RTG_NOSE_006,data/research/cf27/manifests/current-evidence/current_evidence_manifest.json,$.entries[252],menu_record,PLACEHOLDER,,,,PRIMARY_RESEARCH_ONLY_NOT_SECOND_VERIFIED,true,false,false,verification:PRIMARY_RESEARCH_ONLY_NOT_SECOND_VERIFIED,placeholderToken
CF27_XBOXUNKNOWN_RTG_NOSE_007,data/research/cf27/manifests/current-evidence/current_evidence_manifest.json,$.entries[253],menu_record,PLACEHOLDER,,,,PRIMARY_RESEARCH_ONLY_NOT_SECOND_VERIFIED,true,false,false,verification:PRIMARY_RESEARCH_ONLY_NOT_SECOND_VERIFIED,placeholderToken
CF27_XBOXUNKNOWN_RTG_NOSE_007,data/research/cf27/manifests/current-evidence/current_evidence_manifest.json,$.entries[254],menu_record,PLACEHOLDER,,,,PRIMARY_RESEARCH_ONLY_NOT_SECOND_VERIFIED,true,false,false,verification:PRIMARY_RESEARCH_ONLY_NOT_SECOND_VERIFIED,placeholderToken
CF27_XBOXUNKNOWN_RTG_NOSE_007,data/research/cf27/manifests/current-evidence/current_evidence_manifest.json,$.entries[255],menu_record,PLACEHOLDER,,,,PRIMARY_RESEARCH_ONLY_NOT_SECOND_VERIFIED,true,false,false,verification:PRIMARY_RESEARCH_ONLY_NOT_SECOND_VERIFIED,placeholderToken
CF27_XBOXUNKNOWN_RTG_SKINDETAILS_001,data/research/cf27/manifests/current-evidence/current_evidence_manifest.json,$.entries[256],menu_record,PLACEHOLDER,,,,PRIMARY_RESEARCH_ONLY_NOT_SECOND_VERIFIED,true,false,false,verification:PRIMARY_RESEARCH_ONLY_NOT_SECOND_VERIFIED,placeholderToken
CF27_XBOXUNKNOWN_RTG_SKINDETAILS_001,data/research/cf27/manifests/current-evidence/current_evidence_manifest.json,$.entries[257],menu_record,PLACEHOLDER,,,,PRIMARY_RESEARCH_ONLY_NOT_SECOND_VERIFIED,true,false,false,verification:PRIMARY_RESEARCH_ONLY_NOT_SECOND_VERIFIED,placeholderToken
CF27_XBOXUNKNOWN_RTG_SKINDETAILS_002,data/research/cf27/manifests/current-evidence/current_evidence_manifest.json,$.entries[258],menu_record,PLACEHOLDER,,,,PRIMARY_RESEARCH_ONLY_NOT_SECOND_VERIFIED,true,false,false,verification:PRIMARY_RESEARCH_ONLY_NOT_SECOND_VERIFIED,placeholderToken
CF27_XBOXUNKNOWN_RTG_SKINDETAILS_002,data/research/cf27/manifests/current-evidence/current_evidence_manifest.json,$.entries[259],menu_record,PLACEHOLDER,,,,PRIMARY_RESEARCH_ONLY_NOT_SECOND_VERIFIED,true,false,false,verification:PRIMARY_RESEARCH_ONLY_NOT_SECOND_VERIFIED,placeholderToken
CF27_XBOXUNKNOWN_RTG_EYESHAPE_003,data/research/cf27/manifests/current-evidence/current_evidence_manifest.json,$.entries[26],menu_record,PLACEHOLDER,,,,PRIMARY_RESEARCH_ONLY_NOT_SECOND_VERIFIED,true,false,false,verification:PRIMARY_RESEARCH_ONLY_NOT_SECOND_VERIFIED,placeholderToken
CF27_XBOXUNKNOWN_RTG_SKINDETAILS_003,data/research/cf27/manifests/current-evidence/current_evidence_manifest.json,$.entries[260],menu_record,PLACEHOLDER,,,,PRIMARY_RESEARCH_ONLY_NOT_SECOND_VERIFIED,true,false,false,verification:PRIMARY_RESEARCH_ONLY_NOT_SECOND_VERIFIED,placeholderToken
CF27_XBOXUNKNOWN_RTG_SKINDETAILS_003,data/research/cf27/manifests/current-evidence/current_evidence_manifest.json,$.entries[261],menu_record,PLACEHOLDER,,,,PRIMARY_RESEARCH_ONLY_NOT_SECOND_VERIFIED,true,false,false,verification:PRIMARY_RESEARCH_ONLY_NOT_SECOND_VERIFIED,placeholderToken
CF27_XBOXUNKNOWN_RTG_SKINDETAILS_004,data/research/cf27/manifests/current-evidence/current_evidence_manifest.json,$.entries[262],menu_record,PLACEHOLDER,,,,PRIMARY_RESEARCH_ONLY_NOT_SECOND_VERIFIED,true,false,false,verification:PRIMARY_RESEARCH_ONLY_NOT_SECOND_VERIFIED,placeholderToken
CF27_XBOXUNKNOWN_RTG_SKINDETAILS_004,data/research/cf27/manifests/current-evidence/current_evidence_manifest.json,$.entries[263],menu_record,PLACEHOLDER,,,,PRIMARY_RESEARCH_ONLY_NOT_SECOND_VERIFIED,true,false,false,verification:PRIMARY_RESEARCH_ONLY_NOT_SECOND_VERIFIED,placeholderToken
CF27_XBOXUNKNOWN_RTG_SKINDETAILS_005,data/research/cf27/manifests/current-evidence/current_evidence_manifest.json,$.entries[264],menu_record,PLACEHOLDER,,,,PRIMARY_RESEARCH_ONLY_NOT_SECOND_VERIFIED,true,false,false,verification:PRIMARY_RESEARCH_ONLY_NOT_SECOND_VERIFIED,placeholderToken
CF27_XBOXUNKNOWN_RTG_SKINDETAILS_005,data/research/cf27/manifests/current-evidence/current_evidence_manifest.json,$.entries[265],menu_record,PLACEHOLDER,,,,PRIMARY_RESEARCH_ONLY_NOT_SECOND_VERIFIED,true,false,false,verification:PRIMARY_RESEARCH_ONLY_NOT_SECOND_VERIFIED,placeholderToken
CF27_XBOXUNKNOWN_RTG_SKINDETAILS_006,data/research/cf27/manifests/current-evidence/current_evidence_manifest.json,$.entries[266],menu_record,PLACEHOLDER,,,,PRIMARY_RESEARCH_ONLY_NOT_SECOND_VERIFIED,true,false,false,verification:PRIMARY_RESEARCH_ONLY_NOT_SECOND_VERIFIED,placeholderToken
CF27_XBOXUNKNOWN_RTG_SKINDETAILS_006,data/research/cf27/manifests/current-evidence/current_evidence_manifest.json,$.entries[267],menu_record,PLACEHOLDER,,,,PRIMARY_RESEARCH_ONLY_NOT_SECOND_VERIFIED,true,false,false,verification:PRIMARY_RESEARCH_ONLY_NOT_SECOND_VERIFIED,placeholderToken
CF27_XBOXUNKNOWN_RTG_SKINDETAILS_007,data/research/cf27/manifests/current-evidence/current_evidence_manifest.json,$.entries[268],menu_record,PLACEHOLDER,,,,PRIMARY_RESEARCH_ONLY_NOT_SECOND_VERIFIED,true,false,false,verification:PRIMARY_RESEARCH_ONLY_NOT_SECOND_VERIFIED,placeholderToken
CF27_XBOXUNKNOWN_RTG_SKINDETAILS_007,data/research/cf27/manifests/current-evidence/current_evidence_manifest.json,$.entries[269],menu_record,PLACEHOLDER,,,,PRIMARY_RESEARCH_ONLY_NOT_SECOND_VERIFIED,true,false,false,verification:PRIMARY_RESEARCH_ONLY_NOT_SECOND_VERIFIED,placeholderToken
CF27_XBOXUNKNOWN_RTG_EYESHAPE_003,data/research/cf27/manifests/current-evidence/current_evidence_manifest.json,$.entries[27],menu_record,PLACEHOLDER,,,,PRIMARY_RESEARCH_ONLY_NOT_SECOND_VERIFIED,true,false,false,verification:PRIMARY_RESEARCH_ONLY_NOT_SECOND_VERIFIED,placeholderToken
CF27_XBOXUNKNOWN_RTG_SKINDETAILS_008,data/research/cf27/manifests/current-evidence/current_evidence_manifest.json,$.entries[270],menu_record,PLACEHOLDER,,,,PRIMARY_RESEARCH_ONLY_NOT_SECOND_VERIFIED,true,false,false,verification:PRIMARY_RESEARCH_ONLY_NOT_SECOND_VERIFIED,placeholderToken
CF27_XBOXUNKNOWN_RTG_SKINDETAILS_008,data/research/cf27/manifests/current-evidence/current_evidence_manifest.json,$.entries[271],menu_record,PLACEHOLDER,,,,PRIMARY_RESEARCH_ONLY_NOT_SECOND_VERIFIED,true,false,false,verification:PRIMARY_RESEARCH_ONLY_NOT_SECOND_VERIFIED,placeholderToken
CF27_XBOXUNKNOWN_RTG_SKINDETAILS_009,data/research/cf27/manifests/current-evidence/current_evidence_manifest.json,$.entries[272],menu_record,PLACEHOLDER,,,,PRIMARY_RESEARCH_ONLY_NOT_SECOND_VERIFIED,true,false,false,verification:PRIMARY_RESEARCH_ONLY_NOT_SECOND_VERIFIED,placeholderToken
CF27_XBOXUNKNOWN_RTG_SKINDETAILS_009,data/research/cf27/manifests/current-evidence/current_evidence_manifest.json,$.entries[273],menu_record,PLACEHOLDER,,,,PRIMARY_RESEARCH_ONLY_NOT_SECOND_VERIFIED,true,false,false,verification:PRIMARY_RESEARCH_ONLY_NOT_SECOND_VERIFIED,placeholderToken
CF27_XBOXUNKNOWN_RTG_SKINDETAILS_010,data/research/cf27/manifests/current-evidence/current_evidence_manifest.json,$.entries[274],menu_record,PLACEHOLDER,,,,PRIMARY_RESEARCH_ONLY_NOT_SECOND_VERIFIED,true,false,false,verification:PRIMARY_RESEARCH_ONLY_NOT_SECOND_VERIFIED,placeholderToken
CF27_XBOXUNKNOWN_RTG_SKINDETAILS_010,data/research/cf27/manifests/current-evidence/current_evidence_manifest.json,$.entries[275],menu_record,PLACEHOLDER,,,,PRIMARY_RESEARCH_ONLY_NOT_SECOND_VERIFIED,true,false,false,verification:PRIMARY_RESEARCH_ONLY_NOT_SECOND_VERIFIED,placeholderToken
CF27_XBOXUNKNOWN_RTG_SKINTONE_001,data/research/cf27/manifests/current-evidence/current_evidence_manifest.json,$.entries[276],menu_record,PLACEHOLDER,,,,PRIMARY_RESEARCH_ONLY_NOT_SECOND_VERIFIED,true,false,false,verification:PRIMARY_RESEARCH_ONLY_NOT_SECOND_VERIFIED,placeholderToken
CF27_XBOXUNKNOWN_RTG_SKINTONE_001,data/research/cf27/manifests/current-evidence/current_evidence_manifest.json,$.entries[277],menu_record,PLACEHOLDER,,,,PRIMARY_RESEARCH_ONLY_NOT_SECOND_VERIFIED,true,false,false,verification:PRIMARY_RESEARCH_ONLY_NOT_SECOND_VERIFIED,placeholderToken
CF27_XBOXUNKNOWN_RTG_SKINTONE_002,data/research/cf27/manifests/current-evidence/current_evidence_manifest.json,$.entries[278],menu_record,PLACEHOLDER,,,,PRIMARY_RESEARCH_ONLY_NOT_SECOND_VERIFIED,true,false,false,verification:PRIMARY_RESEARCH_ONLY_NOT_SECOND_VERIFIED,placeholderToken
CF27_XBOXUNKNOWN_RTG_SKINTONE_002,data/research/cf27/manifests/current-evidence/current_evidence_manifest.json,$.entries[279],menu_record,PLACEHOLDER,,,,PRIMARY_RESEARCH_ONLY_NOT_SECOND_VERIFIED,true,false,false,verification:PRIMARY_RESEARCH_ONLY_NOT_SECOND_VERIFIED,placeholderToken
CF27_XBOXUNKNOWN_RTG_EYESHAPE_004,data/research/cf27/manifests/current-evidence/current_evidence_manifest.json,$.entries[28],menu_record,PLACEHOLDER,,,,PRIMARY_RESEARCH_ONLY_NOT_SECOND_VERIFIED,true,false,false,verification:PRIMARY_RESEARCH_ONLY_NOT_SECOND_VERIFIED,placeholderToken
CF27_XBOXUNKNOWN_RTG_SKINTONE_003,data/research/cf27/manifests/current-evidence/current_evidence_manifest.json,$.entries[280],menu_record,PLACEHOLDER,,,,PRIMARY_RESEARCH_ONLY_NOT_SECOND_VERIFIED,true,false,false,verification:PRIMARY_RESEARCH_ONLY_NOT_SECOND_VERIFIED,placeholderToken
CF27_XBOXUNKNOWN_RTG_SKINTONE_003,data/research/cf27/manifests/current-evidence/current_evidence_manifest.json,$.entries[281],menu_record,PLACEHOLDER,,,,PRIMARY_RESEARCH_ONLY_NOT_SECOND_VERIFIED,true,false,false,verification:PRIMARY_RESEARCH_ONLY_NOT_SECOND_VERIFIED,placeholderToken
CF27_XBOXUNKNOWN_RTG_SKINTONE_004,data/research/cf27/manifests/current-evidence/current_evidence_manifest.json,$.entries[282],menu_record,PLACEHOLDER,,,,PRIMARY_RESEARCH_ONLY_NOT_SECOND_VERIFIED,true,false,false,verification:PRIMARY_RESEARCH_ONLY_NOT_SECOND_VERIFIED,placeholderToken
CF27_XBOXUNKNOWN_RTG_SKINTONE_004,data/research/cf27/manifests/current-evidence/current_evidence_manifest.json,$.entries[283],menu_record,PLACEHOLDER,,,,PRIMARY_RESEARCH_ONLY_NOT_SECOND_VERIFIED,true,false,false,verification:PRIMARY_RESEARCH_ONLY_NOT_SECOND_VERIFIED,placeholderToken
CF27_XBOXUNKNOWN_RTG_SKINTONE_005,data/research/cf27/manifests/current-evidence/current_evidence_manifest.json,$.entries[284],menu_record,PLACEHOLDER,,,,PRIMARY_RESEARCH_ONLY_NOT_SECOND_VERIFIED,true,false,false,verification:PRIMARY_RESEARCH_ONLY_NOT_SECOND_VERIFIED,placeholderToken
CF27_XBOXUNKNOWN_RTG_SKINTONE_005,data/research/cf27/manifests/current-evidence/current_evidence_manifest.json,$.entries[285],menu_record,PLACEHOLDER,,,,PRIMARY_RESEARCH_ONLY_NOT_SECOND_VERIFIED,true,false,false,verification:PRIMARY_RESEARCH_ONLY_NOT_SECOND_VERIFIED,placeholderToken
CF27_XBOXUNKNOWN_RTG_SKINTONE_006,data/research/cf27/manifests/current-evidence/current_evidence_manifest.json,$.entries[286],menu_record,PLACEHOLDER,,,,PRIMARY_RESEARCH_ONLY_NOT_SECOND_VERIFIED,true,false,false,verification:PRIMARY_RESEARCH_ONLY_NOT_SECOND_VERIFIED,placeholderToken
CF27_XBOXUNKNOWN_RTG_SKINTONE_006,data/research/cf27/manifests/current-evidence/current_evidence_manifest.json,$.entries[287],menu_record,PLACEHOLDER,,,,PRIMARY_RESEARCH_ONLY_NOT_SECOND_VERIFIED,true,false,false,verification:PRIMARY_RESEARCH_ONLY_NOT_SECOND_VERIFIED,placeholderToken
CF27_XBOXUNKNOWN_RTG_SKINTONE_007,data/research/cf27/manifests/current-evidence/current_evidence_manifest.json,$.entries[288],menu_record,PLACEHOLDER,,,,PRIMARY_RESEARCH_ONLY_NOT_SECOND_VERIFIED,true,false,false,verification:PRIMARY_RESEARCH_ONLY_NOT_SECOND_VERIFIED,placeholderToken
CF27_XBOXUNKNOWN_RTG_SKINTONE_007,data/research/cf27/manifests/current-evidence/current_evidence_manifest.json,$.entries[289],menu_record,PLACEHOLDER,,,,PRIMARY_RESEARCH_ONLY_NOT_SECOND_VERIFIED,true,false,false,verification:PRIMARY_RESEARCH_ONLY_NOT_SECOND_VERIFIED,placeholderToken
CF27_XBOXUNKNOWN_RTG_EYESHAPE_004,data/research/cf27/manifests/current-evidence/current_evidence_manifest.json,$.entries[29],menu_record,PLACEHOLDER,,,,PRIMARY_RESEARCH_ONLY_NOT_SECOND_VERIFIED,true,false,false,verification:PRIMARY_RESEARCH_ONLY_NOT_SECOND_VERIFIED,placeholderToken
CF27_XBOXUNKNOWN_RTG_SKINTONE_008,data/research/cf27/manifests/current-evidence/current_evidence_manifest.json,$.entries[290],menu_record,PLACEHOLDER,,,,PRIMARY_RESEARCH_ONLY_NOT_SECOND_VERIFIED,true,false,false,verification:PRIMARY_RESEARCH_ONLY_NOT_SECOND_VERIFIED,placeholderToken
CF27_XBOXUNKNOWN_RTG_SKINTONE_008,data/research/cf27/manifests/current-evidence/current_evidence_manifest.json,$.entries[291],menu_record,PLACEHOLDER,,,,PRIMARY_RESEARCH_ONLY_NOT_SECOND_VERIFIED,true,false,false,verification:PRIMARY_RESEARCH_ONLY_NOT_SECOND_VERIFIED,placeholderToken
CF27_XBOXUNKNOWN_RTG_SKINTONE_009,data/research/cf27/manifests/current-evidence/current_evidence_manifest.json,$.entries[292],menu_record,PLACEHOLDER,,,,PRIMARY_RESEARCH_ONLY_NOT_SECOND_VERIFIED,true,false,false,verification:PRIMARY_RESEARCH_ONLY_NOT_SECOND_VERIFIED,placeholderToken
CF27_XBOXUNKNOWN_RTG_SKINTONE_009,data/research/cf27/manifests/current-evidence/current_evidence_manifest.json,$.entries[293],menu_record,PLACEHOLDER,,,,PRIMARY_RESEARCH_ONLY_NOT_SECOND_VERIFIED,true,false,false,verification:PRIMARY_RESEARCH_ONLY_NOT_SECOND_VERIFIED,placeholderToken
CF27_XBOXUNKNOWN_RTG_SKINTONE_010,data/research/cf27/manifests/current-evidence/current_evidence_manifest.json,$.entries[294],menu_record,PLACEHOLDER,,,,PRIMARY_RESEARCH_ONLY_NOT_SECOND_VERIFIED,true,false,false,verification:PRIMARY_RESEARCH_ONLY_NOT_SECOND_VERIFIED,placeholderToken
CF27_XBOXUNKNOWN_RTG_SKINTONE_010,data/research/cf27/manifests/current-evidence/current_evidence_manifest.json,$.entries[295],menu_record,PLACEHOLDER,,,,PRIMARY_RESEARCH_ONLY_NOT_SECOND_VERIFIED,true,false,false,verification:PRIMARY_RESEARCH_ONLY_NOT_SECOND_VERIFIED,placeholderToken
CF27_XBOXUNKNOWN_RTG_SKINTONE_011,data/research/cf27/manifests/current-evidence/current_evidence_manifest.json,$.entries[296],menu_record,PLACEHOLDER,,,,PRIMARY_RESEARCH_ONLY_NOT_SECOND_VERIFIED,true,false,false,verification:PRIMARY_RESEARCH_ONLY_NOT_SECOND_VERIFIED,placeholderToken
CF27_XBOXUNKNOWN_RTG_SKINTONE_011,data/research/cf27/manifests/current-evidence/current_evidence_manifest.json,$.entries[297],menu_record,PLACEHOLDER,,,,PRIMARY_RESEARCH_ONLY_NOT_SECOND_VERIFIED,true,false,false,verification:PRIMARY_RESEARCH_ONLY_NOT_SECOND_VERIFIED,placeholderToken
CF27_XBOXUNKNOWN_RTG_SKINTONE_012,data/research/cf27/manifests/current-evidence/current_evidence_manifest.json,$.entries[298],menu_record,PLACEHOLDER,,,,PRIMARY_RESEARCH_ONLY_NOT_SECOND_VERIFIED,true,false,false,verification:PRIMARY_RESEARCH_ONLY_NOT_SECOND_VERIFIED,placeholderToken
CF27_XBOXUNKNOWN_RTG_SKINTONE_012,data/research/cf27/manifests/current-evidence/current_evidence_manifest.json,$.entries[299],menu_record,PLACEHOLDER,,,,PRIMARY_RESEARCH_ONLY_NOT_SECOND_VERIFIED,true,false,false,verification:PRIMARY_RESEARCH_ONLY_NOT_SECOND_VERIFIED,placeholderToken
CF27_XBOXUNKNOWN_RTG_EARSHAPE_002,data/research/cf27/manifests/current-evidence/current_evidence_manifest.json,$.entries[3],menu_record,PLACEHOLDER,,,,PRIMARY_RESEARCH_ONLY_NOT_SECOND_VERIFIED,true,false,false,verification:PRIMARY_RESEARCH_ONLY_NOT_SECOND_VERIFIED,placeholderToken
CF27_XBOXUNKNOWN_RTG_EYESHAPE_005,data/research/cf27/manifests/current-evidence/current_evidence_manifest.json,$.entries[30],menu_record,PLACEHOLDER,,,,PRIMARY_RESEARCH_ONLY_NOT_SECOND_VERIFIED,true,false,false,verification:PRIMARY_RESEARCH_ONLY_NOT_SECOND_VERIFIED,placeholderToken
CF27_XBOXUNKNOWN_RTG_SKINTONE_013,data/research/cf27/manifests/current-evidence/current_evidence_manifest.json,$.entries[300],menu_record,PLACEHOLDER,,,,PRIMARY_RESEARCH_ONLY_NOT_SECOND_VERIFIED,true,false,false,verification:PRIMARY_RESEARCH_ONLY_NOT_SECOND_VERIFIED,placeholderToken
CF27_XBOXUNKNOWN_RTG_SKINTONE_013,data/research/cf27/manifests/current-evidence/current_evidence_manifest.json,$.entries[301],menu_record,PLACEHOLDER,,,,PRIMARY_RESEARCH_ONLY_NOT_SECOND_VERIFIED,true,false,false,verification:PRIMARY_RESEARCH_ONLY_NOT_SECOND_VERIFIED,placeholderToken
CF27_XBOXUNKNOWN_RTG_SKINTONE_014,data/research/cf27/manifests/current-evidence/current_evidence_manifest.json,$.entries[302],menu_record,PLACEHOLDER,,,,PRIMARY_RESEARCH_ONLY_NOT_SECOND_VERIFIED,true,false,false,verification:PRIMARY_RESEARCH_ONLY_NOT_SECOND_VERIFIED,placeholderToken
CF27_XBOXUNKNOWN_RTG_SKINTONE_014,data/research/cf27/manifests/current-evidence/current_evidence_manifest.json,$.entries[303],menu_record,PLACEHOLDER,,,,PRIMARY_RESEARCH_ONLY_NOT_SECOND_VERIFIED,true,false,false,verification:PRIMARY_RESEARCH_ONLY_NOT_SECOND_VERIFIED,placeholderToken
CF27_XBOXUNKNOWN_RTG_SKINTONE_015,data/research/cf27/manifests/current-evidence/current_evidence_manifest.json,$.entries[304],menu_record,PLACEHOLDER,,,,PRIMARY_RESEARCH_ONLY_NOT_SECOND_VERIFIED,true,false,false,verification:PRIMARY_RESEARCH_ONLY_NOT_SECOND_VERIFIED,placeholderToken
CF27_XBOXUNKNOWN_RTG_SKINTONE_015,data/research/cf27/manifests/current-evidence/current_evidence_manifest.json,$.entries[305],menu_record,PLACEHOLDER,,,,PRIMARY_RESEARCH_ONLY_NOT_SECOND_VERIFIED,true,false,false,verification:PRIMARY_RESEARCH_ONLY_NOT_SECOND_VERIFIED,placeholderToken
CF27_XBOXUNKNOWN_RTG_SKINTONE_016,data/research/cf27/manifests/current-evidence/current_evidence_manifest.json,$.entries[306],menu_record,PLACEHOLDER,,,,PRIMARY_RESEARCH_ONLY_NOT_SECOND_VERIFIED,true,false,false,verification:PRIMARY_RESEARCH_ONLY_NOT_SECOND_VERIFIED,placeholderToken
CF27_XBOXUNKNOWN_RTG_SKINTONE_016,data/research/cf27/manifests/current-evidence/current_evidence_manifest.json,$.entries[307],menu_record,PLACEHOLDER,,,,PRIMARY_RESEARCH_ONLY_NOT_SECOND_VERIFIED,true,false,false,verification:PRIMARY_RESEARCH_ONLY_NOT_SECOND_VERIFIED,placeholderToken
CF27_XBOXUNKNOWN_RTG_SKINTONE_017,data/research/cf27/manifests/current-evidence/current_evidence_manifest.json,$.entries[308],menu_record,PLACEHOLDER,,,,PRIMARY_RESEARCH_ONLY_NOT_SECOND_VERIFIED,true,false,false,verification:PRIMARY_RESEARCH_ONLY_NOT_SECOND_VERIFIED,placeholderToken
CF27_XBOXUNKNOWN_RTG_SKINTONE_017,data/research/cf27/manifests/current-evidence/current_evidence_manifest.json,$.entries[309],menu_record,PLACEHOLDER,,,,PRIMARY_RESEARCH_ONLY_NOT_SECOND_VERIFIED,true,false,false,verification:PRIMARY_RESEARCH_ONLY_NOT_SECOND_VERIFIED,placeholderToken
CF27_XBOXUNKNOWN_RTG_EYESHAPE_005,data/research/cf27/manifests/current-evidence/current_evidence_manifest.json,$.entries[31],menu_record,PLACEHOLDER,,,,PRIMARY_RESEARCH_ONLY_NOT_SECOND_VERIFIED,true,false,false,verification:PRIMARY_RESEARCH_ONLY_NOT_SECOND_VERIFIED,placeholderToken
CF27_XBOXUNKNOWN_RTG_SKINTONE_018,data/research/cf27/manifests/current-evidence/current_evidence_manifest.json,$.entries[310],menu_record,PLACEHOLDER,,,,PRIMARY_RESEARCH_ONLY_NOT_SECOND_VERIFIED,true,false,false,verification:PRIMARY_RESEARCH_ONLY_NOT_SECOND_VERIFIED,placeholderToken
CF27_XBOXUNKNOWN_RTG_SKINTONE_018,data/research/cf27/manifests/current-evidence/current_evidence_manifest.json,$.entries[311],menu_record,PLACEHOLDER,,,,PRIMARY_RESEARCH_ONLY_NOT_SECOND_VERIFIED,true,false,false,verification:PRIMARY_RESEARCH_ONLY_NOT_SECOND_VERIFIED,placeholderToken
CF27_XBOXUNKNOWN_RTG_SKINTONE_019,data/research/cf27/manifests/current-evidence/current_evidence_manifest.json,$.entries[312],menu_record,PLACEHOLDER,,,,PRIMARY_RESEARCH_ONLY_NOT_SECOND_VERIFIED,true,false,false,verification:PRIMARY_RESEARCH_ONLY_NOT_SECOND_VERIFIED,placeholderToken
CF27_XBOXUNKNOWN_RTG_SKINTONE_019,data/research/cf27/manifests/current-evidence/current_evidence_manifest.json,$.entries[313],menu_record,PLACEHOLDER,,,,PRIMARY_RESEARCH_ONLY_NOT_SECOND_VERIFIED,true,false,false,verification:PRIMARY_RESEARCH_ONLY_NOT_SECOND_VERIFIED,placeholderToken
CF27_XBOXUNKNOWN_RTG_SKINTONE_020,data/research/cf27/manifests/current-evidence/current_evidence_manifest.json,$.entries[314],menu_record,PLACEHOLDER,,,,PRIMARY_RESEARCH_ONLY_NOT_SECOND_VERIFIED,true,false,false,verification:PRIMARY_RESEARCH_ONLY_NOT_SECOND_VERIFIED,placeholderToken
CF27_XBOXUNKNOWN_RTG_SKINTONE_020,data/research/cf27/manifests/current-evidence/current_evidence_manifest.json,$.entries[315],menu_record,PLACEHOLDER,,,,PRIMARY_RESEARCH_ONLY_NOT_SECOND_VERIFIED,true,false,false,verification:PRIMARY_RESEARCH_ONLY_NOT_SECOND_VERIFIED,placeholderToken
CF27_XBOXUNKNOWN_RTG_SKINTONE_021,data/research/cf27/manifests/current-evidence/current_evidence_manifest.json,$.entries[316],menu_record,PLACEHOLDER,,,,PRIMARY_RESEARCH_ONLY_NOT_SECOND_VERIFIED,true,false,false,verification:PRIMARY_RESEARCH_ONLY_NOT_SECOND_VERIFIED,placeholderToken
CF27_XBOXUNKNOWN_RTG_SKINTONE_021,data/research/cf27/manifests/current-evidence/current_evidence_manifest.json,$.entries[317],menu_record,PLACEHOLDER,,,,PRIMARY_RESEARCH_ONLY_NOT_SECOND_VERIFIED,true,false,false,verification:PRIMARY_RESEARCH_ONLY_NOT_SECOND_VERIFIED,placeholderToken
CF27_XBOXUNKNOWN_RTG_SKINTONE_022,data/research/cf27/manifests/current-evidence/current_evidence_manifest.json,$.entries[318],menu_record,PLACEHOLDER,,,,PRIMARY_RESEARCH_ONLY_NOT_SECOND_VERIFIED,true,false,false,verification:PRIMARY_RESEARCH_ONLY_NOT_SECOND_VERIFIED,placeholderToken
CF27_XBOXUNKNOWN_RTG_SKINTONE_022,data/research/cf27/manifests/current-evidence/current_evidence_manifest.json,$.entries[319],menu_record,PLACEHOLDER,,,,PRIMARY_RESEARCH_ONLY_NOT_SECOND_VERIFIED,true,false,false,verification:PRIMARY_RESEARCH_ONLY_NOT_SECOND_VERIFIED,placeholderToken
CF27_XBOXUNKNOWN_RTG_HEAD_001,data/research/cf27/manifests/current-evidence/current_evidence_manifest.json,$.entries[32],menu_record,RESEARCH_OBSERVED,,,,PRIMARY_RESEARCH_ONLY_NOT_SECOND_VERIFIED,true,false,false,verification:PRIMARY_RESEARCH_ONLY_NOT_SECOND_VERIFIED,
CF27_XBOXUNKNOWN_RTG_SKINTONE_023,data/research/cf27/manifests/current-evidence/current_evidence_manifest.json,$.entries[320],menu_record,PLACEHOLDER,,,,PRIMARY_RESEARCH_ONLY_NOT_SECOND_VERIFIED,true,false,false,verification:PRIMARY_RESEARCH_ONLY_NOT_SECOND_VERIFIED,placeholderToken
CF27_XBOXUNKNOWN_RTG_SKINTONE_023,data/research/cf27/manifests/current-evidence/current_evidence_manifest.json,$.entries[321],menu_record,PLACEHOLDER,,,,PRIMARY_RESEARCH_ONLY_NOT_SECOND_VERIFIED,true,false,false,verification:PRIMARY_RESEARCH_ONLY_NOT_SECOND_VERIFIED,placeholderToken
CF27_XBOXUNKNOWN_RTG_SKINTONE_024,data/research/cf27/manifests/current-evidence/current_evidence_manifest.json,$.entries[322],menu_record,PLACEHOLDER,,,,PRIMARY_RESEARCH_ONLY_NOT_SECOND_VERIFIED,true,false,false,verification:PRIMARY_RESEARCH_ONLY_NOT_SECOND_VERIFIED,placeholderToken
CF27_XBOXUNKNOWN_RTG_SKINTONE_024,data/research/cf27/manifests/current-evidence/current_evidence_manifest.json,$.entries[323],menu_record,PLACEHOLDER,,,,PRIMARY_RESEARCH_ONLY_NOT_SECOND_VERIFIED,true,false,false,verification:PRIMARY_RESEARCH_ONLY_NOT_SECOND_VERIFIED,placeholderToken
evidence-video-001-source-master,data/research/cf27/manifests/current-evidence/current_evidence_manifest.json,$.entries[324],evidence_record,RESEARCH_OBSERVED,,,,PRIMARY_RESEARCH_ONLY_NOT_SECOND_VERIFIED,true,false,false,verification:PRIMARY_RESEARCH_ONLY_NOT_SECOND_VERIFIED,
cf27-menu-head-skin-head-template,data/research/cf27/manifests/current-evidence/current_evidence_manifest.json,$.entries[325],menu_record,RESEARCH_OBSERVED,,,,PRIMARY_RESEARCH_ONLY_NOT_SECOND_VERIFIED,true,false,false,verification:PRIMARY_RESEARCH_ONLY_NOT_SECOND_VERIFIED,
cf27-menu-head-skin-head-template,data/research/cf27/manifests/current-evidence/current_evidence_manifest.json,$.entries[326],menu_record,RESEARCH_OBSERVED,,,,PRIMARY_RESEARCH_ONLY_NOT_SECOND_VERIFIED,true,false,false,verification:PRIMARY_RESEARCH_ONLY_NOT_SECOND_VERIFIED,
cf27-menu-head-skin-skin-tone,data/research/cf27/manifests/current-evidence/current_evidence_manifest.json,$.entries[327],menu_record,RESEARCH_OBSERVED,,,,PRIMARY_RESEARCH_ONLY_NOT_SECOND_VERIFIED,true,false,false,verification:PRIMARY_RESEARCH_ONLY_NOT_SECOND_VERIFIED,
cf27-menu-head-skin-skin-details,data/research/cf27/manifests/current-evidence/current_evidence_manifest.json,$.entries[328],menu_record,RESEARCH_OBSERVED,,,,PRIMARY_RESEARCH_ONLY_NOT_SECOND_VERIFIED,true,false,false,verification:PRIMARY_RESEARCH_ONLY_NOT_SECOND_VERIFIED,
cf27-menu-head-skin-eye-shape,data/research/cf27/manifests/current-evidence/current_evidence_manifest.json,$.entries[329],menu_record,RESEARCH_OBSERVED,,,,PRIMARY_RESEARCH_ONLY_NOT_SECOND_VERIFIED,true,false,false,verification:PRIMARY_RESEARCH_ONLY_NOT_SECOND_VERIFIED,
CF27_XBOXUNKNOWN_RTG_HEAD_001,data/research/cf27/manifests/current-evidence/current_evidence_manifest.json,$.entries[33],menu_record,RESEARCH_OBSERVED,,,,PRIMARY_RESEARCH_ONLY_NOT_SECOND_VERIFIED,true,false,false,verification:PRIMARY_RESEARCH_ONLY_NOT_SECOND_VERIFIED,
cf27-menu-head-skin-eye-color,data/research/cf27/manifests/current-evidence/current_evidence_manifest.json,$.entries[330],menu_record,RESEARCH_OBSERVED,,,,PRIMARY_RESEARCH_ONLY_NOT_SECOND_VERIFIED,true,false,false,verification:PRIMARY_RESEARCH_ONLY_NOT_SECOND_VERIFIED,
cf27-menu-head-skin-nose,data/research/cf27/manifests/current-evidence/current_evidence_manifest.json,$.entries[331],menu_record,RESEARCH_OBSERVED,,,,PRIMARY_RESEARCH_ONLY_NOT_SECOND_VERIFIED,true,false,false,verification:PRIMARY_RESEARCH_ONLY_NOT_SECOND_VERIFIED,
cf27-menu-head-skin-ear-shape,data/research/cf27/manifests/current-evidence/current_evidence_manifest.json,$.entries[332],menu_record,RESEARCH_OBSERVED,,,,PRIMARY_RESEARCH_ONLY_NOT_SECOND_VERIFIED,true,false,false,verification:PRIMARY_RESEARCH_ONLY_NOT_SECOND_VERIFIED,
cf27-menu-head-skin-skin-tone,data/research/cf27/manifests/current-evidence/current_evidence_manifest.json,$.entries[333],menu_record,RESEARCH_OBSERVED,,,,PRIMARY_RESEARCH_ONLY_NOT_SECOND_VERIFIED,true,false,false,verification:PRIMARY_RESEARCH_ONLY_NOT_SECOND_VERIFIED,
cf27-menu-head-skin-skin-details,data/research/cf27/manifests/current-evidence/current_evidence_manifest.json,$.entries[334],menu_record,RESEARCH_OBSERVED,,,,PRIMARY_RESEARCH_ONLY_NOT_SECOND_VERIFIED,true,false,false,verification:PRIMARY_RESEARCH_ONLY_NOT_SECOND_VERIFIED,
CF27_XBOXUNKNOWN_RTG_HEAD_001,data/research/cf27/manifests/current-evidence/current_evidence_manifest.json,$.entries[34],menu_record,RESEARCH_OBSERVED,,,,PRIMARY_RESEARCH_ONLY_NOT_SECOND_VERIFIED,true,false,false,verification:PRIMARY_RESEARCH_ONLY_NOT_SECOND_VERIFIED,
CF27_XBOXUNKNOWN_RTG_HEAD_001,data/research/cf27/manifests/current-evidence/current_evidence_manifest.json,$.entries[35],menu_record,RESEARCH_OBSERVED,,,,PRIMARY_RESEARCH_ONLY_NOT_SECOND_VERIFIED,true,false,false,verification:PRIMARY_RESEARCH_ONLY_NOT_SECOND_VERIFIED,
CF27_XBOXUNKNOWN_RTG_HEAD_001,data/research/cf27/manifests/current-evidence/current_evidence_manifest.json,$.entries[36],menu_record,RESEARCH_OBSERVED,,,,PRIMARY_RESEARCH_ONLY_NOT_SECOND_VERIFIED,true,false,false,verification:PRIMARY_RESEARCH_ONLY_NOT_SECOND_VERIFIED,
CF27_XBOXUNKNOWN_RTG_HEAD_001,data/research/cf27/manifests/current-evidence/current_evidence_manifest.json,$.entries[37],menu_record,RESEARCH_OBSERVED,,,,PRIMARY_RESEARCH_ONLY_NOT_SECOND_VERIFIED,true,false,false,verification:PRIMARY_RESEARCH_ONLY_NOT_SECOND_VERIFIED,
CF27_XBOXUNKNOWN_RTG_HEAD_001,data/research/cf27/manifests/current-evidence/current_evidence_manifest.json,$.entries[38],menu_record,RESEARCH_OBSERVED,,,,PRIMARY_RESEARCH_ONLY_NOT_SECOND_VERIFIED,true,false,false,verification:PRIMARY_RESEARCH_ONLY_NOT_SECOND_VERIFIED,
CF27_XBOXUNKNOWN_RTG_HEAD_002,data/research/cf27/manifests/current-evidence/current_evidence_manifest.json,$.entries[39],menu_record,RESEARCH_OBSERVED,,,,PRIMARY_RESEARCH_ONLY_NOT_SECOND_VERIFIED,true,false,false,verification:PRIMARY_RESEARCH_ONLY_NOT_SECOND_VERIFIED,
CF27_XBOXUNKNOWN_RTG_EARSHAPE_003,data/research/cf27/manifests/current-evidence/current_evidence_manifest.json,$.entries[4],menu_record,PLACEHOLDER,,,,PRIMARY_RESEARCH_ONLY_NOT_SECOND_VERIFIED,true,false,false,verification:PRIMARY_RESEARCH_ONLY_NOT_SECOND_VERIFIED,placeholderToken
CF27_XBOXUNKNOWN_RTG_HEAD_002,data/research/cf27/manifests/current-evidence/current_evidence_manifest.json,$.entries[40],menu_record,RESEARCH_OBSERVED,,,,PRIMARY_RESEARCH_ONLY_NOT_SECOND_VERIFIED,true,false,false,verification:PRIMARY_RESEARCH_ONLY_NOT_SECOND_VERIFIED,
CF27_XBOXUNKNOWN_RTG_HEAD_002,data/research/cf27/manifests/current-evidence/current_evidence_manifest.json,$.entries[41],menu_record,RESEARCH_OBSERVED,,,,PRIMARY_RESEARCH_ONLY_NOT_SECOND_VERIFIED,true,false,false,verification:PRIMARY_RESEARCH_ONLY_NOT_SECOND_VERIFIED,
CF27_XBOXUNKNOWN_RTG_HEAD_002,data/research/cf27/manifests/current-evidence/current_evidence_manifest.json,$.entries[42],menu_record,RESEARCH_OBSERVED,,,,PRIMARY_RESEARCH_ONLY_NOT_SECOND_VERIFIED,true,false,false,verification:PRIMARY_RESEARCH_ONLY_NOT_SECOND_VERIFIED,
CF27_XBOXUNKNOWN_RTG_HEAD_002,data/research/cf27/manifests/current-evidence/current_evidence_manifest.json,$.entries[43],menu_record,RESEARCH_OBSERVED,,,,PRIMARY_RESEARCH_ONLY_NOT_SECOND_VERIFIED,true,false,false,verification:PRIMARY_RESEARCH_ONLY_NOT_SECOND_VERIFIED,
CF27_XBOXUNKNOWN_RTG_HEAD_002,data/research/cf27/manifests/current-evidence/current_evidence_manifest.json,$.entries[44],menu_record,RESEARCH_OBSERVED,,,,PRIMARY_RESEARCH_ONLY_NOT_SECOND_VERIFIED,true,false,false,verification:PRIMARY_RESEARCH_ONLY_NOT_SECOND_VERIFIED,
CF27_XBOXUNKNOWN_RTG_HEAD_002,data/research/cf27/manifests/current-evidence/current_evidence_manifest.json,$.entries[45],menu_record,RESEARCH_OBSERVED,,,,PRIMARY_RESEARCH_ONLY_NOT_SECOND_VERIFIED,true,false,false,verification:PRIMARY_RESEARCH_ONLY_NOT_SECOND_VERIFIED,
CF27_XBOXUNKNOWN_RTG_HEAD_003,data/research/cf27/manifests/current-evidence/current_evidence_manifest.json,$.entries[46],menu_record,RESEARCH_OBSERVED,,,,PRIMARY_RESEARCH_ONLY_NOT_SECOND_VERIFIED,true,false,false,verification:PRIMARY_RESEARCH_ONLY_NOT_SECOND_VERIFIED,
CF27_XBOXUNKNOWN_RTG_HEAD_003,data/research/cf27/manifests/current-evidence/current_evidence_manifest.json,$.entries[47],menu_record,RESEARCH_OBSERVED,,,,PRIMARY_RESEARCH_ONLY_NOT_SECOND_VERIFIED,true,false,false,verification:PRIMARY_RESEARCH_ONLY_NOT_SECOND_VERIFIED,
CF27_XBOXUNKNOWN_RTG_HEAD_003,data/research/cf27/manifests/current-evidence/current_evidence_manifest.json,$.entries[48],menu_record,RESEARCH_OBSERVED,,,,PRIMARY_RESEARCH_ONLY_NOT_SECOND_VERIFIED,true,false,false,verification:PRIMARY_RESEARCH_ONLY_NOT_SECOND_VERIFIED,
CF27_XBOXUNKNOWN_RTG_HEAD_003,data/research/cf27/manifests/current-evidence/current_evidence_manifest.json,$.entries[49],menu_record,RESEARCH_OBSERVED,,,,PRIMARY_RESEARCH_ONLY_NOT_SECOND_VERIFIED,true,false,false,verification:PRIMARY_RESEARCH_ONLY_NOT_SECOND_VERIFIED,
CF27_XBOXUNKNOWN_RTG_EARSHAPE_003,data/research/cf27/manifests/current-evidence/current_evidence_manifest.json,$.entries[5],menu_record,PLACEHOLDER,,,,PRIMARY_RESEARCH_ONLY_NOT_SECOND_VERIFIED,true,false,false,verification:PRIMARY_RESEARCH_ONLY_NOT_SECOND_VERIFIED,placeholderToken
CF27_XBOXUNKNOWN_RTG_HEAD_003,data/research/cf27/manifests/current-evidence/current_evidence_manifest.json,$.entries[50],menu_record,RESEARCH_OBSERVED,,,,PRIMARY_RESEARCH_ONLY_NOT_SECOND_VERIFIED,true,false,false,verification:PRIMARY_RESEARCH_ONLY_NOT_SECOND_VERIFIED,
CF27_XBOXUNKNOWN_RTG_HEAD_003,data/research/cf27/manifests/current-evidence/current_evidence_manifest.json,$.entries[51],menu_record,RESEARCH_OBSERVED,,,,PRIMARY_RESEARCH_ONLY_NOT_SECOND_VERIFIED,true,false,false,verification:PRIMARY_RESEARCH_ONLY_NOT_SECOND_VERIFIED,
CF27_XBOXUNKNOWN_RTG_HEAD_003,data/research/cf27/manifests/current-evidence/current_evidence_manifest.json,$.entries[52],menu_record,RESEARCH_OBSERVED,,,,PRIMARY_RESEARCH_ONLY_NOT_SECOND_VERIFIED,true,false,false,verification:PRIMARY_RESEARCH_ONLY_NOT_SECOND_VERIFIED,
CF27_XBOXUNKNOWN_RTG_HEAD_004,data/research/cf27/manifests/current-evidence/current_evidence_manifest.json,$.entries[53],menu_record,RESEARCH_OBSERVED,,,,PRIMARY_RESEARCH_ONLY_NOT_SECOND_VERIFIED,true,false,false,verification:PRIMARY_RESEARCH_ONLY_NOT_SECOND_VERIFIED,
CF27_XBOXUNKNOWN_RTG_HEAD_004,data/research/cf27/manifests/current-evidence/current_evidence_manifest.json,$.entries[54],menu_record,RESEARCH_OBSERVED,,,,PRIMARY_RESEARCH_ONLY_NOT_SECOND_VERIFIED,true,false,false,verification:PRIMARY_RESEARCH_ONLY_NOT_SECOND_VERIFIED,
CF27_XBOXUNKNOWN_RTG_HEAD_004,data/research/cf27/manifests/current-evidence/current_evidence_manifest.json,$.entries[55],menu_record,RESEARCH_OBSERVED,,,,PRIMARY_RESEARCH_ONLY_NOT_SECOND_VERIFIED,true,false,false,verification:PRIMARY_RESEARCH_ONLY_NOT_SECOND_VERIFIED,
CF27_XBOXUNKNOWN_RTG_HEAD_004,data/research/cf27/manifests/current-evidence/current_evidence_manifest.json,$.entries[56],menu_record,RESEARCH_OBSERVED,,,,PRIMARY_RESEARCH_ONLY_NOT_SECOND_VERIFIED,true,false,false,verification:PRIMARY_RESEARCH_ONLY_NOT_SECOND_VERIFIED,
CF27_XBOXUNKNOWN_RTG_HEAD_004,data/research/cf27/manifests/current-evidence/current_evidence_manifest.json,$.entries[57],menu_record,RESEARCH_OBSERVED,,,,PRIMARY_RESEARCH_ONLY_NOT_SECOND_VERIFIED,true,false,false,verification:PRIMARY_RESEARCH_ONLY_NOT_SECOND_VERIFIED,
CF27_XBOXUNKNOWN_RTG_HEAD_004,data/research/cf27/manifests/current-evidence/current_evidence_manifest.json,$.entries[58],menu_record,RESEARCH_OBSERVED,,,,PRIMARY_RESEARCH_ONLY_NOT_SECOND_VERIFIED,true,false,false,verification:PRIMARY_RESEARCH_ONLY_NOT_SECOND_VERIFIED,
CF27_XBOXUNKNOWN_RTG_HEAD_004,data/research/cf27/manifests/current-evidence/current_evidence_manifest.json,$.entries[59],menu_record,RESEARCH_OBSERVED,,,,PRIMARY_RESEARCH_ONLY_NOT_SECOND_VERIFIED,true,false,false,verification:PRIMARY_RESEARCH_ONLY_NOT_SECOND_VERIFIED,
CF27_XBOXUNKNOWN_RTG_EARSHAPE_004,data/research/cf27/manifests/current-evidence/current_evidence_manifest.json,$.entries[6],menu_record,PLACEHOLDER,,,,PRIMARY_RESEARCH_ONLY_NOT_SECOND_VERIFIED,true,false,false,verification:PRIMARY_RESEARCH_ONLY_NOT_SECOND_VERIFIED,placeholderToken
CF27_XBOXUNKNOWN_RTG_HEAD_005,data/research/cf27/manifests/current-evidence/current_evidence_manifest.json,$.entries[60],menu_record,RESEARCH_OBSERVED,,,,PRIMARY_RESEARCH_ONLY_NOT_SECOND_VERIFIED,true,false,false,verification:PRIMARY_RESEARCH_ONLY_NOT_SECOND_VERIFIED,
CF27_XBOXUNKNOWN_RTG_HEAD_005,data/research/cf27/manifests/current-evidence/current_evidence_manifest.json,$.entries[61],menu_record,RESEARCH_OBSERVED,,,,PRIMARY_RESEARCH_ONLY_NOT_SECOND_VERIFIED,true,false,false,verification:PRIMARY_RESEARCH_ONLY_NOT_SECOND_VERIFIED,
CF27_XBOXUNKNOWN_RTG_HEAD_005,data/research/cf27/manifests/current-evidence/current_evidence_manifest.json,$.entries[62],menu_record,RESEARCH_OBSERVED,,,,PRIMARY_RESEARCH_ONLY_NOT_SECOND_VERIFIED,true,false,false,verification:PRIMARY_RESEARCH_ONLY_NOT_SECOND_VERIFIED,
CF27_XBOXUNKNOWN_RTG_HEAD_005,data/research/cf27/manifests/current-evidence/current_evidence_manifest.json,$.entries[63],menu_record,RESEARCH_OBSERVED,,,,PRIMARY_RESEARCH_ONLY_NOT_SECOND_VERIFIED,true,false,false,verification:PRIMARY_RESEARCH_ONLY_NOT_SECOND_VERIFIED,
CF27_XBOXUNKNOWN_RTG_HEAD_005,data/research/cf27/manifests/current-evidence/current_evidence_manifest.json,$.entries[64],menu_record,RESEARCH_OBSERVED,,,,PRIMARY_RESEARCH_ONLY_NOT_SECOND_VERIFIED,true,false,false,verification:PRIMARY_RESEARCH_ONLY_NOT_SECOND_VERIFIED,
CF27_XBOXUNKNOWN_RTG_HEAD_005,data/research/cf27/manifests/current-evidence/current_evidence_manifest.json,$.entries[65],menu_record,RESEARCH_OBSERVED,,,,PRIMARY_RESEARCH_ONLY_NOT_SECOND_VERIFIED,true,false,false,verification:PRIMARY_RESEARCH_ONLY_NOT_SECOND_VERIFIED,
CF27_XBOXUNKNOWN_RTG_HEAD_005,data/research/cf27/manifests/current-evidence/current_evidence_manifest.json,$.entries[66],menu_record,RESEARCH_OBSERVED,,,,PRIMARY_RESEARCH_ONLY_NOT_SECOND_VERIFIED,true,false,false,verification:PRIMARY_RESEARCH_ONLY_NOT_SECOND_VERIFIED,
CF27_XBOXUNKNOWN_RTG_HEAD_006,data/research/cf27/manifests/current-evidence/current_evidence_manifest.json,$.entries[67],menu_record,RESEARCH_OBSERVED,,,,PRIMARY_RESEARCH_ONLY_NOT_SECOND_VERIFIED,true,false,false,verification:PRIMARY_RESEARCH_ONLY_NOT_SECOND_VERIFIED,
CF27_XBOXUNKNOWN_RTG_HEAD_006,data/research/cf27/manifests/current-evidence/current_evidence_manifest.json,$.entries[68],menu_record,RESEARCH_OBSERVED,,,,PRIMARY_RESEARCH_ONLY_NOT_SECOND_VERIFIED,true,false,false,verification:PRIMARY_RESEARCH_ONLY_NOT_SECOND_VERIFIED,
CF27_XBOXUNKNOWN_RTG_HEAD_006,data/research/cf27/manifests/current-evidence/current_evidence_manifest.json,$.entries[69],menu_record,RESEARCH_OBSERVED,,,,PRIMARY_RESEARCH_ONLY_NOT_SECOND_VERIFIED,true,false,false,verification:PRIMARY_RESEARCH_ONLY_NOT_SECOND_VERIFIED,
CF27_XBOXUNKNOWN_RTG_EARSHAPE_004,data/research/cf27/manifests/current-evidence/current_evidence_manifest.json,$.entries[7],menu_record,PLACEHOLDER,,,,PRIMARY_RESEARCH_ONLY_NOT_SECOND_VERIFIED,true,false,false,verification:PRIMARY_RESEARCH_ONLY_NOT_SECOND_VERIFIED,placeholderToken
CF27_XBOXUNKNOWN_RTG_HEAD_006,data/research/cf27/manifests/current-evidence/current_evidence_manifest.json,$.entries[70],menu_record,RESEARCH_OBSERVED,,,,PRIMARY_RESEARCH_ONLY_NOT_SECOND_VERIFIED,true,false,false,verification:PRIMARY_RESEARCH_ONLY_NOT_SECOND_VERIFIED,
CF27_XBOXUNKNOWN_RTG_HEAD_006,data/research/cf27/manifests/current-evidence/current_evidence_manifest.json,$.entries[71],menu_record,RESEARCH_OBSERVED,,,,PRIMARY_RESEARCH_ONLY_NOT_SECOND_VERIFIED,true,false,false,verification:PRIMARY_RESEARCH_ONLY_NOT_SECOND_VERIFIED,
CF27_XBOXUNKNOWN_RTG_HEAD_006,data/research/cf27/manifests/current-evidence/current_evidence_manifest.json,$.entries[72],menu_record,RESEARCH_OBSERVED,,,,PRIMARY_RESEARCH_ONLY_NOT_SECOND_VERIFIED,true,false,false,verification:PRIMARY_RESEARCH_ONLY_NOT_SECOND_VERIFIED,
CF27_XBOXUNKNOWN_RTG_HEAD_006,data/research/cf27/manifests/current-evidence/current_evidence_manifest.json,$.entries[73],menu_record,RESEARCH_OBSERVED,,,,PRIMARY_RESEARCH_ONLY_NOT_SECOND_VERIFIED,true,false,false,verification:PRIMARY_RESEARCH_ONLY_NOT_SECOND_VERIFIED,
CF27_XBOXUNKNOWN_RTG_HEAD_007,data/research/cf27/manifests/current-evidence/current_evidence_manifest.json,$.entries[74],menu_record,RESEARCH_OBSERVED,,,,PRIMARY_RESEARCH_ONLY_NOT_SECOND_VERIFIED,true,false,false,verification:PRIMARY_RESEARCH_ONLY_NOT_SECOND_VERIFIED,
CF27_XBOXUNKNOWN_RTG_HEAD_007,data/research/cf27/manifests/current-evidence/current_evidence_manifest.json,$.entries[75],menu_record,RESEARCH_OBSERVED,,,,PRIMARY_RESEARCH_ONLY_NOT_SECOND_VERIFIED,true,false,false,verification:PRIMARY_RESEARCH_ONLY_NOT_SECOND_VERIFIED,
CF27_XBOXUNKNOWN_RTG_HEAD_007,data/research/cf27/manifests/current-evidence/current_evidence_manifest.json,$.entries[76],menu_record,RESEARCH_OBSERVED,,,,PRIMARY_RESEARCH_ONLY_NOT_SECOND_VERIFIED,true,false,false,verification:PRIMARY_RESEARCH_ONLY_NOT_SECOND_VERIFIED,
CF27_XBOXUNKNOWN_RTG_HEAD_007,data/research/cf27/manifests/current-evidence/current_evidence_manifest.json,$.entries[77],menu_record,RESEARCH_OBSERVED,,,,PRIMARY_RESEARCH_ONLY_NOT_SECOND_VERIFIED,true,false,false,verification:PRIMARY_RESEARCH_ONLY_NOT_SECOND_VERIFIED,
CF27_XBOXUNKNOWN_RTG_HEAD_007,data/research/cf27/manifests/current-evidence/current_evidence_manifest.json,$.entries[78],menu_record,RESEARCH_OBSERVED,,,,PRIMARY_RESEARCH_ONLY_NOT_SECOND_VERIFIED,true,false,false,verification:PRIMARY_RESEARCH_ONLY_NOT_SECOND_VERIFIED,
CF27_XBOXUNKNOWN_RTG_HEAD_007,data/research/cf27/manifests/current-evidence/current_evidence_manifest.json,$.entries[79],menu_record,RESEARCH_OBSERVED,,,,PRIMARY_RESEARCH_ONLY_NOT_SECOND_VERIFIED,true,false,false,verification:PRIMARY_RESEARCH_ONLY_NOT_SECOND_VERIFIED,
CF27_XBOXUNKNOWN_RTG_EYECOLOR_001,data/research/cf27/manifests/current-evidence/current_evidence_manifest.json,$.entries[8],menu_record,PLACEHOLDER,,,,PRIMARY_RESEARCH_ONLY_NOT_SECOND_VERIFIED,true,false,false,verification:PRIMARY_RESEARCH_ONLY_NOT_SECOND_VERIFIED,placeholderToken
CF27_XBOXUNKNOWN_RTG_HEAD_007,data/research/cf27/manifests/current-evidence/current_evidence_manifest.json,$.entries[80],menu_record,RESEARCH_OBSERVED,,,,PRIMARY_RESEARCH_ONLY_NOT_SECOND_VERIFIED,true,false,false,verification:PRIMARY_RESEARCH_ONLY_NOT_SECOND_VERIFIED,
CF27_XBOXUNKNOWN_RTG_HEAD_008,data/research/cf27/manifests/current-evidence/current_evidence_manifest.json,$.entries[81],menu_record,RESEARCH_OBSERVED,,,,PRIMARY_RESEARCH_ONLY_NOT_SECOND_VERIFIED,true,false,false,verification:PRIMARY_RESEARCH_ONLY_NOT_SECOND_VERIFIED,
CF27_XBOXUNKNOWN_RTG_HEAD_008,data/research/cf27/manifests/current-evidence/current_evidence_manifest.json,$.entries[82],menu_record,RESEARCH_OBSERVED,,,,PRIMARY_RESEARCH_ONLY_NOT_SECOND_VERIFIED,true,false,false,verification:PRIMARY_RESEARCH_ONLY_NOT_SECOND_VERIFIED,
CF27_XBOXUNKNOWN_RTG_HEAD_008,data/research/cf27/manifests/current-evidence/current_evidence_manifest.json,$.entries[83],menu_record,RESEARCH_OBSERVED,,,,PRIMARY_RESEARCH_ONLY_NOT_SECOND_VERIFIED,true,false,false,verification:PRIMARY_RESEARCH_ONLY_NOT_SECOND_VERIFIED,
CF27_XBOXUNKNOWN_RTG_HEAD_008,data/research/cf27/manifests/current-evidence/current_evidence_manifest.json,$.entries[84],menu_record,RESEARCH_OBSERVED,,,,PRIMARY_RESEARCH_ONLY_NOT_SECOND_VERIFIED,true,false,false,verification:PRIMARY_RESEARCH_ONLY_NOT_SECOND_VERIFIED,
CF27_XBOXUNKNOWN_RTG_HEAD_008,data/research/cf27/manifests/current-evidence/current_evidence_manifest.json,$.entries[85],menu_record,RESEARCH_OBSERVED,,,,PRIMARY_RESEARCH_ONLY_NOT_SECOND_VERIFIED,true,false,false,verification:PRIMARY_RESEARCH_ONLY_NOT_SECOND_VERIFIED,
CF27_XBOXUNKNOWN_RTG_HEAD_008,data/research/cf27/manifests/current-evidence/current_evidence_manifest.json,$.entries[86],menu_record,RESEARCH_OBSERVED,,,,PRIMARY_RESEARCH_ONLY_NOT_SECOND_VERIFIED,true,false,false,verification:PRIMARY_RESEARCH_ONLY_NOT_SECOND_VERIFIED,
CF27_XBOXUNKNOWN_RTG_HEAD_008,data/research/cf27/manifests/current-evidence/current_evidence_manifest.json,$.entries[87],menu_record,RESEARCH_OBSERVED,,,,PRIMARY_RESEARCH_ONLY_NOT_SECOND_VERIFIED,true,false,false,verification:PRIMARY_RESEARCH_ONLY_NOT_SECOND_VERIFIED,
CF27_XBOXUNKNOWN_RTG_HEAD_009,data/research/cf27/manifests/current-evidence/current_evidence_manifest.json,$.entries[88],menu_record,RESEARCH_OBSERVED,,,,PRIMARY_RESEARCH_ONLY_NOT_SECOND_VERIFIED,true,false,false,verification:PRIMARY_RESEARCH_ONLY_NOT_SECOND_VERIFIED,
CF27_XBOXUNKNOWN_RTG_HEAD_009,data/research/cf27/manifests/current-evidence/current_evidence_manifest.json,$.entries[89],menu_record,RESEARCH_OBSERVED,,,,PRIMARY_RESEARCH_ONLY_NOT_SECOND_VERIFIED,true,false,false,verification:PRIMARY_RESEARCH_ONLY_NOT_SECOND_VERIFIED,
CF27_XBOXUNKNOWN_RTG_EYECOLOR_001,data/research/cf27/manifests/current-evidence/current_evidence_manifest.json,$.entries[9],menu_record,PLACEHOLDER,,,,PRIMARY_RESEARCH_ONLY_NOT_SECOND_VERIFIED,true,false,false,verification:PRIMARY_RESEARCH_ONLY_NOT_SECOND_VERIFIED,placeholderToken
CF27_XBOXUNKNOWN_RTG_HEAD_009,data/research/cf27/manifests/current-evidence/current_evidence_manifest.json,$.entries[90],menu_record,RESEARCH_OBSERVED,,,,PRIMARY_RESEARCH_ONLY_NOT_SECOND_VERIFIED,true,false,false,verification:PRIMARY_RESEARCH_ONLY_NOT_SECOND_VERIFIED,
CF27_XBOXUNKNOWN_RTG_HEAD_009,data/research/cf27/manifests/current-evidence/current_evidence_manifest.json,$.entries[91],menu_record,RESEARCH_OBSERVED,,,,PRIMARY_RESEARCH_ONLY_NOT_SECOND_VERIFIED,true,false,false,verification:PRIMARY_RESEARCH_ONLY_NOT_SECOND_VERIFIED,
CF27_XBOXUNKNOWN_RTG_HEAD_009,data/research/cf27/manifests/current-evidence/current_evidence_manifest.json,$.entries[92],menu_record,RESEARCH_OBSERVED,,,,PRIMARY_RESEARCH_ONLY_NOT_SECOND_VERIFIED,true,false,false,verification:PRIMARY_RESEARCH_ONLY_NOT_SECOND_VERIFIED,
CF27_XBOXUNKNOWN_RTG_HEAD_009,data/research/cf27/manifests/current-evidence/current_evidence_manifest.json,$.entries[93],menu_record,RESEARCH_OBSERVED,,,,PRIMARY_RESEARCH_ONLY_NOT_SECOND_VERIFIED,true,false,false,verification:PRIMARY_RESEARCH_ONLY_NOT_SECOND_VERIFIED,
CF27_XBOXUNKNOWN_RTG_HEAD_009,data/research/cf27/manifests/current-evidence/current_evidence_manifest.json,$.entries[94],menu_record,RESEARCH_OBSERVED,,,,PRIMARY_RESEARCH_ONLY_NOT_SECOND_VERIFIED,true,false,false,verification:PRIMARY_RESEARCH_ONLY_NOT_SECOND_VERIFIED,
CF27_XBOXUNKNOWN_RTG_HEAD_010,data/research/cf27/manifests/current-evidence/current_evidence_manifest.json,$.entries[95],menu_record,RESEARCH_OBSERVED,,,,PRIMARY_RESEARCH_ONLY_NOT_SECOND_VERIFIED,true,false,false,verification:PRIMARY_RESEARCH_ONLY_NOT_SECOND_VERIFIED,
CF27_XBOXUNKNOWN_RTG_HEAD_010,data/research/cf27/manifests/current-evidence/current_evidence_manifest.json,$.entries[96],menu_record,RESEARCH_OBSERVED,,,,PRIMARY_RESEARCH_ONLY_NOT_SECOND_VERIFIED,true,false,false,verification:PRIMARY_RESEARCH_ONLY_NOT_SECOND_VERIFIED,
CF27_XBOXUNKNOWN_RTG_HEAD_010,data/research/cf27/manifests/current-evidence/current_evidence_manifest.json,$.entries[97],menu_record,RESEARCH_OBSERVED,,,,PRIMARY_RESEARCH_ONLY_NOT_SECOND_VERIFIED,true,false,false,verification:PRIMARY_RESEARCH_ONLY_NOT_SECOND_VERIFIED,
CF27_XBOXUNKNOWN_RTG_HEAD_010,data/research/cf27/manifests/current-evidence/current_evidence_manifest.json,$.entries[98],menu_record,RESEARCH_OBSERVED,,,,PRIMARY_RESEARCH_ONLY_NOT_SECOND_VERIFIED,true,false,false,verification:PRIMARY_RESEARCH_ONLY_NOT_SECOND_VERIFIED,
CF27_XBOXUNKNOWN_RTG_HEAD_010,data/research/cf27/manifests/current-evidence/current_evidence_manifest.json,$.entries[99],menu_record,RESEARCH_OBSERVED,,,,PRIMARY_RESEARCH_ONLY_NOT_SECOND_VERIFIED,true,false,false,verification:PRIMARY_RESEARCH_ONLY_NOT_SECOND_VERIFIED,
CF27_XBOXUNKNOWN_RTG_EARSHAPE_001,data/research/cf27/manifests/ear-shape-evidence-frames/ear_shape_evidence_frame_manifest.json,$.frames[0],catalog_record,PLACEHOLDER,,,,,true,false,false,,placeholderToken
CF27_XBOXUNKNOWN_RTG_EARSHAPE_001,data/research/cf27/manifests/ear-shape-evidence-frames/ear_shape_evidence_frame_manifest.json,$.frames[1],catalog_record,PLACEHOLDER,,,,,true,false,false,,placeholderToken
CF27_XBOXUNKNOWN_RTG_EARSHAPE_002,data/research/cf27/manifests/ear-shape-evidence-frames/ear_shape_evidence_frame_manifest.json,$.frames[2],catalog_record,PLACEHOLDER,,,,,true,false,false,,placeholderToken
CF27_XBOXUNKNOWN_RTG_EARSHAPE_002,data/research/cf27/manifests/ear-shape-evidence-frames/ear_shape_evidence_frame_manifest.json,$.frames[3],catalog_record,PLACEHOLDER,,,,,true,false,false,,placeholderToken
CF27_XBOXUNKNOWN_RTG_EARSHAPE_003,data/research/cf27/manifests/ear-shape-evidence-frames/ear_shape_evidence_frame_manifest.json,$.frames[4],catalog_record,PLACEHOLDER,,,,,true,false,false,,placeholderToken
CF27_XBOXUNKNOWN_RTG_EARSHAPE_003,data/research/cf27/manifests/ear-shape-evidence-frames/ear_shape_evidence_frame_manifest.json,$.frames[5],catalog_record,PLACEHOLDER,,,,,true,false,false,,placeholderToken
CF27_XBOXUNKNOWN_RTG_EARSHAPE_004,data/research/cf27/manifests/ear-shape-evidence-frames/ear_shape_evidence_frame_manifest.json,$.frames[6],catalog_record,PLACEHOLDER,,,,,true,false,false,,placeholderToken
CF27_XBOXUNKNOWN_RTG_EARSHAPE_004,data/research/cf27/manifests/ear-shape-evidence-frames/ear_shape_evidence_frame_manifest.json,$.frames[7],catalog_record,PLACEHOLDER,,,,,true,false,false,,placeholderToken
CF27_XBOXUNKNOWN_RTG_EYECOLOR_001,data/research/cf27/manifests/eye-color-evidence-frames/eye_color_evidence_frame_manifest.json,$.frames[0],catalog_record,PLACEHOLDER,,,,,true,false,false,,placeholderToken
CF27_XBOXUNKNOWN_RTG_EYECOLOR_001,data/research/cf27/manifests/eye-color-evidence-frames/eye_color_evidence_frame_manifest.json,$.frames[1],catalog_record,PLACEHOLDER,,,,,true,false,false,,placeholderToken
CF27_XBOXUNKNOWN_RTG_EYECOLOR_006,data/research/cf27/manifests/eye-color-evidence-frames/eye_color_evidence_frame_manifest.json,$.frames[10],catalog_record,PLACEHOLDER,,,,,true,false,false,,placeholderToken
CF27_XBOXUNKNOWN_RTG_EYECOLOR_006,data/research/cf27/manifests/eye-color-evidence-frames/eye_color_evidence_frame_manifest.json,$.frames[11],catalog_record,PLACEHOLDER,,,,,true,false,false,,placeholderToken
CF27_XBOXUNKNOWN_RTG_EYECOLOR_007,data/research/cf27/manifests/eye-color-evidence-frames/eye_color_evidence_frame_manifest.json,$.frames[12],catalog_record,PLACEHOLDER,,,,,true,false,false,,placeholderToken
CF27_XBOXUNKNOWN_RTG_EYECOLOR_007,data/research/cf27/manifests/eye-color-evidence-frames/eye_color_evidence_frame_manifest.json,$.frames[13],catalog_record,PLACEHOLDER,,,,,true,false,false,,placeholderToken
CF27_XBOXUNKNOWN_RTG_EYECOLOR_002,data/research/cf27/manifests/eye-color-evidence-frames/eye_color_evidence_frame_manifest.json,$.frames[2],catalog_record,PLACEHOLDER,,,,,true,false,false,,placeholderToken
CF27_XBOXUNKNOWN_RTG_EYECOLOR_002,data/research/cf27/manifests/eye-color-evidence-frames/eye_color_evidence_frame_manifest.json,$.frames[3],catalog_record,PLACEHOLDER,,,,,true,false,false,,placeholderToken
CF27_XBOXUNKNOWN_RTG_EYECOLOR_003,data/research/cf27/manifests/eye-color-evidence-frames/eye_color_evidence_frame_manifest.json,$.frames[4],catalog_record,PLACEHOLDER,,,,,true,false,false,,placeholderToken
CF27_XBOXUNKNOWN_RTG_EYECOLOR_003,data/research/cf27/manifests/eye-color-evidence-frames/eye_color_evidence_frame_manifest.json,$.frames[5],catalog_record,PLACEHOLDER,,,,,true,false,false,,placeholderToken
CF27_XBOXUNKNOWN_RTG_EYECOLOR_004,data/research/cf27/manifests/eye-color-evidence-frames/eye_color_evidence_frame_manifest.json,$.frames[6],catalog_record,PLACEHOLDER,,,,,true,false,false,,placeholderToken
CF27_XBOXUNKNOWN_RTG_EYECOLOR_004,data/research/cf27/manifests/eye-color-evidence-frames/eye_color_evidence_frame_manifest.json,$.frames[7],catalog_record,PLACEHOLDER,,,,,true,false,false,,placeholderToken
CF27_XBOXUNKNOWN_RTG_EYECOLOR_005,data/research/cf27/manifests/eye-color-evidence-frames/eye_color_evidence_frame_manifest.json,$.frames[8],catalog_record,PLACEHOLDER,,,,,true,false,false,,placeholderToken
CF27_XBOXUNKNOWN_RTG_EYECOLOR_005,data/research/cf27/manifests/eye-color-evidence-frames/eye_color_evidence_frame_manifest.json,$.frames[9],catalog_record,PLACEHOLDER,,,,,true,false,false,,placeholderToken
CF27_XBOXUNKNOWN_RTG_EYESHAPE_001,data/research/cf27/manifests/eye-shape-evidence-frames/eye_shape_evidence_frame_manifest.json,$.frames[0],catalog_record,PLACEHOLDER,,,,,true,false,false,,placeholderToken
CF27_XBOXUNKNOWN_RTG_EYESHAPE_001,data/research/cf27/manifests/eye-shape-evidence-frames/eye_shape_evidence_frame_manifest.json,$.frames[1],catalog_record,PLACEHOLDER,,,,,true,false,false,,placeholderToken
CF27_XBOXUNKNOWN_RTG_EYESHAPE_002,data/research/cf27/manifests/eye-shape-evidence-frames/eye_shape_evidence_frame_manifest.json,$.frames[2],catalog_record,PLACEHOLDER,,,,,true,false,false,,placeholderToken
CF27_XBOXUNKNOWN_RTG_EYESHAPE_002,data/research/cf27/manifests/eye-shape-evidence-frames/eye_shape_evidence_frame_manifest.json,$.frames[3],catalog_record,PLACEHOLDER,,,,,true,false,false,,placeholderToken
CF27_XBOXUNKNOWN_RTG_EYESHAPE_003,data/research/cf27/manifests/eye-shape-evidence-frames/eye_shape_evidence_frame_manifest.json,$.frames[4],catalog_record,PLACEHOLDER,,,,,true,false,false,,placeholderToken
CF27_XBOXUNKNOWN_RTG_EYESHAPE_003,data/research/cf27/manifests/eye-shape-evidence-frames/eye_shape_evidence_frame_manifest.json,$.frames[5],catalog_record,PLACEHOLDER,,,,,true,false,false,,placeholderToken
CF27_XBOXUNKNOWN_RTG_EYESHAPE_004,data/research/cf27/manifests/eye-shape-evidence-frames/eye_shape_evidence_frame_manifest.json,$.frames[6],catalog_record,PLACEHOLDER,,,,,true,false,false,,placeholderToken
CF27_XBOXUNKNOWN_RTG_EYESHAPE_004,data/research/cf27/manifests/eye-shape-evidence-frames/eye_shape_evidence_frame_manifest.json,$.frames[7],catalog_record,PLACEHOLDER,,,,,true,false,false,,placeholderToken
CF27_XBOXUNKNOWN_RTG_EYESHAPE_005,data/research/cf27/manifests/eye-shape-evidence-frames/eye_shape_evidence_frame_manifest.json,$.frames[8],catalog_record,PLACEHOLDER,,,,,true,false,false,,placeholderToken
CF27_XBOXUNKNOWN_RTG_EYESHAPE_005,data/research/cf27/manifests/eye-shape-evidence-frames/eye_shape_evidence_frame_manifest.json,$.frames[9],catalog_record,PLACEHOLDER,,,,,true,false,false,,placeholderToken
CF27_XBOXUNKNOWN_RTG_HEAD_001,data/research/cf27/manifests/head-template-evidence-frames/head_template_evidence_frame_manifest.json,$.frames[0],catalog_record,UNKNOWN_ORIGIN,,,,,true,false,false,,
CF27_XBOXUNKNOWN_RTG_HEAD_001,data/research/cf27/manifests/head-template-evidence-frames/head_template_evidence_frame_manifest.json,$.frames[1],catalog_record,UNKNOWN_ORIGIN,,,,,true,false,false,,
CF27_XBOXUNKNOWN_RTG_HEAD_002,data/research/cf27/manifests/head-template-evidence-frames/head_template_evidence_frame_manifest.json,$.frames[10],catalog_record,UNKNOWN_ORIGIN,,,,,true,false,false,,
CF27_XBOXUNKNOWN_RTG_HEAD_015,data/research/cf27/manifests/head-template-evidence-frames/head_template_evidence_frame_manifest.json,$.frames[100],catalog_record,UNKNOWN_ORIGIN,,,,,true,false,false,,
CF27_XBOXUNKNOWN_RTG_HEAD_015,data/research/cf27/manifests/head-template-evidence-frames/head_template_evidence_frame_manifest.json,$.frames[101],catalog_record,UNKNOWN_ORIGIN,,,,,true,false,false,,
CF27_XBOXUNKNOWN_RTG_HEAD_015,data/research/cf27/manifests/head-template-evidence-frames/head_template_evidence_frame_manifest.json,$.frames[102],catalog_record,UNKNOWN_ORIGIN,,,,,true,false,false,,
CF27_XBOXUNKNOWN_RTG_HEAD_015,data/research/cf27/manifests/head-template-evidence-frames/head_template_evidence_frame_manifest.json,$.frames[103],catalog_record,UNKNOWN_ORIGIN,,,,,true,false,false,,
CF27_XBOXUNKNOWN_RTG_HEAD_015,data/research/cf27/manifests/head-template-evidence-frames/head_template_evidence_frame_manifest.json,$.frames[104],catalog_record,UNKNOWN_ORIGIN,,,,,true,false,false,,
CF27_XBOXUNKNOWN_RTG_HEAD_016,data/research/cf27/manifests/head-template-evidence-frames/head_template_evidence_frame_manifest.json,$.frames[105],catalog_record,UNKNOWN_ORIGIN,,,,,true,false,false,,
CF27_XBOXUNKNOWN_RTG_HEAD_016,data/research/cf27/manifests/head-template-evidence-frames/head_template_evidence_frame_manifest.json,$.frames[106],catalog_record,UNKNOWN_ORIGIN,,,,,true,false,false,,
CF27_XBOXUNKNOWN_RTG_HEAD_016,data/research/cf27/manifests/head-template-evidence-frames/head_template_evidence_frame_manifest.json,$.frames[107],catalog_record,UNKNOWN_ORIGIN,,,,,true,false,false,,
CF27_XBOXUNKNOWN_RTG_HEAD_016,data/research/cf27/manifests/head-template-evidence-frames/head_template_evidence_frame_manifest.json,$.frames[108],catalog_record,UNKNOWN_ORIGIN,,,,,true,false,false,,
CF27_XBOXUNKNOWN_RTG_HEAD_016,data/research/cf27/manifests/head-template-evidence-frames/head_template_evidence_frame_manifest.json,$.frames[109],catalog_record,UNKNOWN_ORIGIN,,,,,true,false,false,,
CF27_XBOXUNKNOWN_RTG_HEAD_002,data/research/cf27/manifests/head-template-evidence-frames/head_template_evidence_frame_manifest.json,$.frames[11],catalog_record,UNKNOWN_ORIGIN,,,,,true,false,false,,
CF27_XBOXUNKNOWN_RTG_HEAD_016,data/research/cf27/manifests/head-template-evidence-frames/head_template_evidence_frame_manifest.json,$.frames[110],catalog_record,UNKNOWN_ORIGIN,,,,,true,false,false,,
CF27_XBOXUNKNOWN_RTG_HEAD_016,data/research/cf27/manifests/head-template-evidence-frames/head_template_evidence_frame_manifest.json,$.frames[111],catalog_record,UNKNOWN_ORIGIN,,,,,true,false,false,,
CF27_XBOXUNKNOWN_RTG_HEAD_017,data/research/cf27/manifests/head-template-evidence-frames/head_template_evidence_frame_manifest.json,$.frames[112],catalog_record,UNKNOWN_ORIGIN,,,,,true,false,false,,
CF27_XBOXUNKNOWN_RTG_HEAD_017,data/research/cf27/manifests/head-template-evidence-frames/head_template_evidence_frame_manifest.json,$.frames[113],catalog_record,UNKNOWN_ORIGIN,,,,,true,false,false,,
CF27_XBOXUNKNOWN_RTG_HEAD_017,data/research/cf27/manifests/head-template-evidence-frames/head_template_evidence_frame_manifest.json,$.frames[114],catalog_record,UNKNOWN_ORIGIN,,,,,true,false,false,,
CF27_XBOXUNKNOWN_RTG_HEAD_017,data/research/cf27/manifests/head-template-evidence-frames/head_template_evidence_frame_manifest.json,$.frames[115],catalog_record,UNKNOWN_ORIGIN,,,,,true,false,false,,
CF27_XBOXUNKNOWN_RTG_HEAD_017,data/research/cf27/manifests/head-template-evidence-frames/head_template_evidence_frame_manifest.json,$.frames[116],catalog_record,UNKNOWN_ORIGIN,,,,,true,false,false,,
CF27_XBOXUNKNOWN_RTG_HEAD_017,data/research/cf27/manifests/head-template-evidence-frames/head_template_evidence_frame_manifest.json,$.frames[117],catalog_record,UNKNOWN_ORIGIN,,,,,true,false,false,,
CF27_XBOXUNKNOWN_RTG_HEAD_017,data/research/cf27/manifests/head-template-evidence-frames/head_template_evidence_frame_manifest.json,$.frames[118],catalog_record,UNKNOWN_ORIGIN,,,,,true,false,false,,
CF27_XBOXUNKNOWN_RTG_HEAD_018,data/research/cf27/manifests/head-template-evidence-frames/head_template_evidence_frame_manifest.json,$.frames[119],catalog_record,UNKNOWN_ORIGIN,,,,,true,false,false,,
CF27_XBOXUNKNOWN_RTG_HEAD_002,data/research/cf27/manifests/head-template-evidence-frames/head_template_evidence_frame_manifest.json,$.frames[12],catalog_record,UNKNOWN_ORIGIN,,,,,true,false,false,,
CF27_XBOXUNKNOWN_RTG_HEAD_018,data/research/cf27/manifests/head-template-evidence-frames/head_template_evidence_frame_manifest.json,$.frames[120],catalog_record,UNKNOWN_ORIGIN,,,,,true,false,false,,
CF27_XBOXUNKNOWN_RTG_HEAD_018,data/research/cf27/manifests/head-template-evidence-frames/head_template_evidence_frame_manifest.json,$.frames[121],catalog_record,UNKNOWN_ORIGIN,,,,,true,false,false,,
CF27_XBOXUNKNOWN_RTG_HEAD_018,data/research/cf27/manifests/head-template-evidence-frames/head_template_evidence_frame_manifest.json,$.frames[122],catalog_record,UNKNOWN_ORIGIN,,,,,true,false,false,,
CF27_XBOXUNKNOWN_RTG_HEAD_018,data/research/cf27/manifests/head-template-evidence-frames/head_template_evidence_frame_manifest.json,$.frames[123],catalog_record,UNKNOWN_ORIGIN,,,,,true,false,false,,
CF27_XBOXUNKNOWN_RTG_HEAD_018,data/research/cf27/manifests/head-template-evidence-frames/head_template_evidence_frame_manifest.json,$.frames[124],catalog_record,UNKNOWN_ORIGIN,,,,,true,false,false,,
CF27_XBOXUNKNOWN_RTG_HEAD_018,data/research/cf27/manifests/head-template-evidence-frames/head_template_evidence_frame_manifest.json,$.frames[125],catalog_record,UNKNOWN_ORIGIN,,,,,true,false,false,,
CF27_XBOXUNKNOWN_RTG_HEAD_019,data/research/cf27/manifests/head-template-evidence-frames/head_template_evidence_frame_manifest.json,$.frames[126],catalog_record,UNKNOWN_ORIGIN,,,,,true,false,false,,
CF27_XBOXUNKNOWN_RTG_HEAD_019,data/research/cf27/manifests/head-template-evidence-frames/head_template_evidence_frame_manifest.json,$.frames[127],catalog_record,UNKNOWN_ORIGIN,,,,,true,false,false,,
CF27_XBOXUNKNOWN_RTG_HEAD_019,data/research/cf27/manifests/head-template-evidence-frames/head_template_evidence_frame_manifest.json,$.frames[128],catalog_record,UNKNOWN_ORIGIN,,,,,true,false,false,,
CF27_XBOXUNKNOWN_RTG_HEAD_019,data/research/cf27/manifests/head-template-evidence-frames/head_template_evidence_frame_manifest.json,$.frames[129],catalog_record,UNKNOWN_ORIGIN,,,,,true,false,false,,
CF27_XBOXUNKNOWN_RTG_HEAD_002,data/research/cf27/manifests/head-template-evidence-frames/head_template_evidence_frame_manifest.json,$.frames[13],catalog_record,UNKNOWN_ORIGIN,,,,,true,false,false,,
CF27_XBOXUNKNOWN_RTG_HEAD_019,data/research/cf27/manifests/head-template-evidence-frames/head_template_evidence_frame_manifest.json,$.frames[130],catalog_record,UNKNOWN_ORIGIN,,,,,true,false,false,,
CF27_XBOXUNKNOWN_RTG_HEAD_019,data/research/cf27/manifests/head-template-evidence-frames/head_template_evidence_frame_manifest.json,$.frames[131],catalog_record,UNKNOWN_ORIGIN,,,,,true,false,false,,
CF27_XBOXUNKNOWN_RTG_HEAD_019,data/research/cf27/manifests/head-template-evidence-frames/head_template_evidence_frame_manifest.json,$.frames[132],catalog_record,UNKNOWN_ORIGIN,,,,,true,false,false,,
CF27_XBOXUNKNOWN_RTG_HEAD_020,data/research/cf27/manifests/head-template-evidence-frames/head_template_evidence_frame_manifest.json,$.frames[133],catalog_record,UNKNOWN_ORIGIN,,,,,true,false,false,,
CF27_XBOXUNKNOWN_RTG_HEAD_020,data/research/cf27/manifests/head-template-evidence-frames/head_template_evidence_frame_manifest.json,$.frames[134],catalog_record,UNKNOWN_ORIGIN,,,,,true,false,false,,
CF27_XBOXUNKNOWN_RTG_HEAD_020,data/research/cf27/manifests/head-template-evidence-frames/head_template_evidence_frame_manifest.json,$.frames[135],catalog_record,UNKNOWN_ORIGIN,,,,,true,false,false,,
CF27_XBOXUNKNOWN_RTG_HEAD_020,data/research/cf27/manifests/head-template-evidence-frames/head_template_evidence_frame_manifest.json,$.frames[136],catalog_record,UNKNOWN_ORIGIN,,,,,true,false,false,,
CF27_XBOXUNKNOWN_RTG_HEAD_020,data/research/cf27/manifests/head-template-evidence-frames/head_template_evidence_frame_manifest.json,$.frames[137],catalog_record,UNKNOWN_ORIGIN,,,,,true,false,false,,
CF27_XBOXUNKNOWN_RTG_HEAD_020,data/research/cf27/manifests/head-template-evidence-frames/head_template_evidence_frame_manifest.json,$.frames[138],catalog_record,UNKNOWN_ORIGIN,,,,,true,false,false,,
CF27_XBOXUNKNOWN_RTG_HEAD_020,data/research/cf27/manifests/head-template-evidence-frames/head_template_evidence_frame_manifest.json,$.frames[139],catalog_record,UNKNOWN_ORIGIN,,,,,true,false,false,,
CF27_XBOXUNKNOWN_RTG_HEAD_003,data/research/cf27/manifests/head-template-evidence-frames/head_template_evidence_frame_manifest.json,$.frames[14],catalog_record,UNKNOWN_ORIGIN,,,,,true,false,false,,
CF27_XBOXUNKNOWN_RTG_HEAD_021,data/research/cf27/manifests/head-template-evidence-frames/head_template_evidence_frame_manifest.json,$.frames[140],catalog_record,UNKNOWN_ORIGIN,,,,,true,false,false,,
CF27_XBOXUNKNOWN_RTG_HEAD_021,data/research/cf27/manifests/head-template-evidence-frames/head_template_evidence_frame_manifest.json,$.frames[141],catalog_record,UNKNOWN_ORIGIN,,,,,true,false,false,,
CF27_XBOXUNKNOWN_RTG_HEAD_021,data/research/cf27/manifests/head-template-evidence-frames/head_template_evidence_frame_manifest.json,$.frames[142],catalog_record,UNKNOWN_ORIGIN,,,,,true,false,false,,
CF27_XBOXUNKNOWN_RTG_HEAD_021,data/research/cf27/manifests/head-template-evidence-frames/head_template_evidence_frame_manifest.json,$.frames[143],catalog_record,UNKNOWN_ORIGIN,,,,,true,false,false,,
CF27_XBOXUNKNOWN_RTG_HEAD_021,data/research/cf27/manifests/head-template-evidence-frames/head_template_evidence_frame_manifest.json,$.frames[144],catalog_record,UNKNOWN_ORIGIN,,,,,true,false,false,,
CF27_XBOXUNKNOWN_RTG_HEAD_021,data/research/cf27/manifests/head-template-evidence-frames/head_template_evidence_frame_manifest.json,$.frames[145],catalog_record,UNKNOWN_ORIGIN,,,,,true,false,false,,
CF27_XBOXUNKNOWN_RTG_HEAD_021,data/research/cf27/manifests/head-template-evidence-frames/head_template_evidence_frame_manifest.json,$.frames[146],catalog_record,UNKNOWN_ORIGIN,,,,,true,false,false,,
CF27_XBOXUNKNOWN_RTG_HEAD_022,data/research/cf27/manifests/head-template-evidence-frames/head_template_evidence_frame_manifest.json,$.frames[147],catalog_record,UNKNOWN_ORIGIN,,,,,true,false,false,,
CF27_XBOXUNKNOWN_RTG_HEAD_022,data/research/cf27/manifests/head-template-evidence-frames/head_template_evidence_frame_manifest.json,$.frames[148],catalog_record,UNKNOWN_ORIGIN,,,,,true,false,false,,
CF27_XBOXUNKNOWN_RTG_HEAD_022,data/research/cf27/manifests/head-template-evidence-frames/head_template_evidence_frame_manifest.json,$.frames[149],catalog_record,UNKNOWN_ORIGIN,,,,,true,false,false,,
CF27_XBOXUNKNOWN_RTG_HEAD_003,data/research/cf27/manifests/head-template-evidence-frames/head_template_evidence_frame_manifest.json,$.frames[15],catalog_record,UNKNOWN_ORIGIN,,,,,true,false,false,,
CF27_XBOXUNKNOWN_RTG_HEAD_022,data/research/cf27/manifests/head-template-evidence-frames/head_template_evidence_frame_manifest.json,$.frames[150],catalog_record,UNKNOWN_ORIGIN,,,,,true,false,false,,
CF27_XBOXUNKNOWN_RTG_HEAD_022,data/research/cf27/manifests/head-template-evidence-frames/head_template_evidence_frame_manifest.json,$.frames[151],catalog_record,UNKNOWN_ORIGIN,,,,,true,false,false,,
CF27_XBOXUNKNOWN_RTG_HEAD_022,data/research/cf27/manifests/head-template-evidence-frames/head_template_evidence_frame_manifest.json,$.frames[152],catalog_record,UNKNOWN_ORIGIN,,,,,true,false,false,,
CF27_XBOXUNKNOWN_RTG_HEAD_022,data/research/cf27/manifests/head-template-evidence-frames/head_template_evidence_frame_manifest.json,$.frames[153],catalog_record,UNKNOWN_ORIGIN,,,,,true,false,false,,
CF27_XBOXUNKNOWN_RTG_HEAD_023,data/research/cf27/manifests/head-template-evidence-frames/head_template_evidence_frame_manifest.json,$.frames[154],catalog_record,UNKNOWN_ORIGIN,,,,,true,false,false,,
CF27_XBOXUNKNOWN_RTG_HEAD_023,data/research/cf27/manifests/head-template-evidence-frames/head_template_evidence_frame_manifest.json,$.frames[155],catalog_record,UNKNOWN_ORIGIN,,,,,true,false,false,,
CF27_XBOXUNKNOWN_RTG_HEAD_023,data/research/cf27/manifests/head-template-evidence-frames/head_template_evidence_frame_manifest.json,$.frames[156],catalog_record,UNKNOWN_ORIGIN,,,,,true,false,false,,
CF27_XBOXUNKNOWN_RTG_HEAD_023,data/research/cf27/manifests/head-template-evidence-frames/head_template_evidence_frame_manifest.json,$.frames[157],catalog_record,UNKNOWN_ORIGIN,,,,,true,false,false,,
CF27_XBOXUNKNOWN_RTG_HEAD_023,data/research/cf27/manifests/head-template-evidence-frames/head_template_evidence_frame_manifest.json,$.frames[158],catalog_record,UNKNOWN_ORIGIN,,,,,true,false,false,,
CF27_XBOXUNKNOWN_RTG_HEAD_023,data/research/cf27/manifests/head-template-evidence-frames/head_template_evidence_frame_manifest.json,$.frames[159],catalog_record,UNKNOWN_ORIGIN,,,,,true,false,false,,
CF27_XBOXUNKNOWN_RTG_HEAD_003,data/research/cf27/manifests/head-template-evidence-frames/head_template_evidence_frame_manifest.json,$.frames[16],catalog_record,UNKNOWN_ORIGIN,,,,,true,false,false,,
CF27_XBOXUNKNOWN_RTG_HEAD_023,data/research/cf27/manifests/head-template-evidence-frames/head_template_evidence_frame_manifest.json,$.frames[160],catalog_record,UNKNOWN_ORIGIN,,,,,true,false,false,,
CF27_XBOXUNKNOWN_RTG_HEAD_024,data/research/cf27/manifests/head-template-evidence-frames/head_template_evidence_frame_manifest.json,$.frames[161],catalog_record,UNKNOWN_ORIGIN,,,,,true,false,false,,
CF27_XBOXUNKNOWN_RTG_HEAD_024,data/research/cf27/manifests/head-template-evidence-frames/head_template_evidence_frame_manifest.json,$.frames[162],catalog_record,UNKNOWN_ORIGIN,,,,,true,false,false,,
CF27_XBOXUNKNOWN_RTG_HEAD_024,data/research/cf27/manifests/head-template-evidence-frames/head_template_evidence_frame_manifest.json,$.frames[163],catalog_record,UNKNOWN_ORIGIN,,,,,true,false,false,,
CF27_XBOXUNKNOWN_RTG_HEAD_024,data/research/cf27/manifests/head-template-evidence-frames/head_template_evidence_frame_manifest.json,$.frames[164],catalog_record,UNKNOWN_ORIGIN,,,,,true,false,false,,
CF27_XBOXUNKNOWN_RTG_HEAD_024,data/research/cf27/manifests/head-template-evidence-frames/head_template_evidence_frame_manifest.json,$.frames[165],catalog_record,UNKNOWN_ORIGIN,,,,,true,false,false,,
CF27_XBOXUNKNOWN_RTG_HEAD_024,data/research/cf27/manifests/head-template-evidence-frames/head_template_evidence_frame_manifest.json,$.frames[166],catalog_record,UNKNOWN_ORIGIN,,,,,true,false,false,,
CF27_XBOXUNKNOWN_RTG_HEAD_024,data/research/cf27/manifests/head-template-evidence-frames/head_template_evidence_frame_manifest.json,$.frames[167],catalog_record,UNKNOWN_ORIGIN,,,,,true,false,false,,
CF27_XBOXUNKNOWN_RTG_HEAD_025,data/research/cf27/manifests/head-template-evidence-frames/head_template_evidence_frame_manifest.json,$.frames[168],catalog_record,UNKNOWN_ORIGIN,,,,,true,false,false,,
CF27_XBOXUNKNOWN_RTG_HEAD_025,data/research/cf27/manifests/head-template-evidence-frames/head_template_evidence_frame_manifest.json,$.frames[169],catalog_record,UNKNOWN_ORIGIN,,,,,true,false,false,,
CF27_XBOXUNKNOWN_RTG_HEAD_003,data/research/cf27/manifests/head-template-evidence-frames/head_template_evidence_frame_manifest.json,$.frames[17],catalog_record,UNKNOWN_ORIGIN,,,,,true,false,false,,
CF27_XBOXUNKNOWN_RTG_HEAD_025,data/research/cf27/manifests/head-template-evidence-frames/head_template_evidence_frame_manifest.json,$.frames[170],catalog_record,UNKNOWN_ORIGIN,,,,,true,false,false,,
CF27_XBOXUNKNOWN_RTG_HEAD_025,data/research/cf27/manifests/head-template-evidence-frames/head_template_evidence_frame_manifest.json,$.frames[171],catalog_record,UNKNOWN_ORIGIN,,,,,true,false,false,,
CF27_XBOXUNKNOWN_RTG_HEAD_025,data/research/cf27/manifests/head-template-evidence-frames/head_template_evidence_frame_manifest.json,$.frames[172],catalog_record,UNKNOWN_ORIGIN,,,,,true,false,false,,
CF27_XBOXUNKNOWN_RTG_HEAD_025,data/research/cf27/manifests/head-template-evidence-frames/head_template_evidence_frame_manifest.json,$.frames[173],catalog_record,UNKNOWN_ORIGIN,,,,,true,false,false,,
CF27_XBOXUNKNOWN_RTG_HEAD_025,data/research/cf27/manifests/head-template-evidence-frames/head_template_evidence_frame_manifest.json,$.frames[174],catalog_record,UNKNOWN_ORIGIN,,,,,true,false,false,,
CF27_XBOXUNKNOWN_RTG_HEAD_026,data/research/cf27/manifests/head-template-evidence-frames/head_template_evidence_frame_manifest.json,$.frames[175],catalog_record,UNKNOWN_ORIGIN,,,,,true,false,false,,
CF27_XBOXUNKNOWN_RTG_HEAD_026,data/research/cf27/manifests/head-template-evidence-frames/head_template_evidence_frame_manifest.json,$.frames[176],catalog_record,UNKNOWN_ORIGIN,,,,,true,false,false,,
CF27_XBOXUNKNOWN_RTG_HEAD_026,data/research/cf27/manifests/head-template-evidence-frames/head_template_evidence_frame_manifest.json,$.frames[177],catalog_record,UNKNOWN_ORIGIN,,,,,true,false,false,,
CF27_XBOXUNKNOWN_RTG_HEAD_026,data/research/cf27/manifests/head-template-evidence-frames/head_template_evidence_frame_manifest.json,$.frames[178],catalog_record,UNKNOWN_ORIGIN,,,,,true,false,false,,
CF27_XBOXUNKNOWN_RTG_HEAD_026,data/research/cf27/manifests/head-template-evidence-frames/head_template_evidence_frame_manifest.json,$.frames[179],catalog_record,UNKNOWN_ORIGIN,,,,,true,false,false,,
CF27_XBOXUNKNOWN_RTG_HEAD_003,data/research/cf27/manifests/head-template-evidence-frames/head_template_evidence_frame_manifest.json,$.frames[18],catalog_record,UNKNOWN_ORIGIN,,,,,true,false,false,,
CF27_XBOXUNKNOWN_RTG_HEAD_026,data/research/cf27/manifests/head-template-evidence-frames/head_template_evidence_frame_manifest.json,$.frames[180],catalog_record,UNKNOWN_ORIGIN,,,,,true,false,false,,
CF27_XBOXUNKNOWN_RTG_HEAD_026,data/research/cf27/manifests/head-template-evidence-frames/head_template_evidence_frame_manifest.json,$.frames[181],catalog_record,UNKNOWN_ORIGIN,,,,,true,false,false,,
CF27_XBOXUNKNOWN_RTG_HEAD_027,data/research/cf27/manifests/head-template-evidence-frames/head_template_evidence_frame_manifest.json,$.frames[182],catalog_record,UNKNOWN_ORIGIN,,,,,true,false,false,,
CF27_XBOXUNKNOWN_RTG_HEAD_027,data/research/cf27/manifests/head-template-evidence-frames/head_template_evidence_frame_manifest.json,$.frames[183],catalog_record,UNKNOWN_ORIGIN,,,,,true,false,false,,
CF27_XBOXUNKNOWN_RTG_HEAD_027,data/research/cf27/manifests/head-template-evidence-frames/head_template_evidence_frame_manifest.json,$.frames[184],catalog_record,UNKNOWN_ORIGIN,,,,,true,false,false,,
CF27_XBOXUNKNOWN_RTG_HEAD_027,data/research/cf27/manifests/head-template-evidence-frames/head_template_evidence_frame_manifest.json,$.frames[185],catalog_record,UNKNOWN_ORIGIN,,,,,true,false,false,,
CF27_XBOXUNKNOWN_RTG_HEAD_027,data/research/cf27/manifests/head-template-evidence-frames/head_template_evidence_frame_manifest.json,$.frames[186],catalog_record,UNKNOWN_ORIGIN,,,,,true,false,false,,
CF27_XBOXUNKNOWN_RTG_HEAD_027,data/research/cf27/manifests/head-template-evidence-frames/head_template_evidence_frame_manifest.json,$.frames[187],catalog_record,UNKNOWN_ORIGIN,,,,,true,false,false,,
CF27_XBOXUNKNOWN_RTG_HEAD_027,data/research/cf27/manifests/head-template-evidence-frames/head_template_evidence_frame_manifest.json,$.frames[188],catalog_record,UNKNOWN_ORIGIN,,,,,true,false,false,,
CF27_XBOXUNKNOWN_RTG_HEAD_028,data/research/cf27/manifests/head-template-evidence-frames/head_template_evidence_frame_manifest.json,$.frames[189],catalog_record,UNKNOWN_ORIGIN,,,,,true,false,false,,
CF27_XBOXUNKNOWN_RTG_HEAD_003,data/research/cf27/manifests/head-template-evidence-frames/head_template_evidence_frame_manifest.json,$.frames[19],catalog_record,UNKNOWN_ORIGIN,,,,,true,false,false,,
CF27_XBOXUNKNOWN_RTG_HEAD_028,data/research/cf27/manifests/head-template-evidence-frames/head_template_evidence_frame_manifest.json,$.frames[190],catalog_record,UNKNOWN_ORIGIN,,,,,true,false,false,,
CF27_XBOXUNKNOWN_RTG_HEAD_028,data/research/cf27/manifests/head-template-evidence-frames/head_template_evidence_frame_manifest.json,$.frames[191],catalog_record,UNKNOWN_ORIGIN,,,,,true,false,false,,
CF27_XBOXUNKNOWN_RTG_HEAD_028,data/research/cf27/manifests/head-template-evidence-frames/head_template_evidence_frame_manifest.json,$.frames[192],catalog_record,UNKNOWN_ORIGIN,,,,,true,false,false,,
CF27_XBOXUNKNOWN_RTG_HEAD_028,data/research/cf27/manifests/head-template-evidence-frames/head_template_evidence_frame_manifest.json,$.frames[193],catalog_record,UNKNOWN_ORIGIN,,,,,true,false,false,,
CF27_XBOXUNKNOWN_RTG_HEAD_028,data/research/cf27/manifests/head-template-evidence-frames/head_template_evidence_frame_manifest.json,$.frames[194],catalog_record,UNKNOWN_ORIGIN,,,,,true,false,false,,
CF27_XBOXUNKNOWN_RTG_HEAD_028,data/research/cf27/manifests/head-template-evidence-frames/head_template_evidence_frame_manifest.json,$.frames[195],catalog_record,UNKNOWN_ORIGIN,,,,,true,false,false,,
CF27_XBOXUNKNOWN_RTG_HEAD_029,data/research/cf27/manifests/head-template-evidence-frames/head_template_evidence_frame_manifest.json,$.frames[196],catalog_record,UNKNOWN_ORIGIN,,,,,true,false,false,,
CF27_XBOXUNKNOWN_RTG_HEAD_029,data/research/cf27/manifests/head-template-evidence-frames/head_template_evidence_frame_manifest.json,$.frames[197],catalog_record,UNKNOWN_ORIGIN,,,,,true,false,false,,
CF27_XBOXUNKNOWN_RTG_HEAD_029,data/research/cf27/manifests/head-template-evidence-frames/head_template_evidence_frame_manifest.json,$.frames[198],catalog_record,UNKNOWN_ORIGIN,,,,,true,false,false,,
CF27_XBOXUNKNOWN_RTG_HEAD_029,data/research/cf27/manifests/head-template-evidence-frames/head_template_evidence_frame_manifest.json,$.frames[199],catalog_record,UNKNOWN_ORIGIN,,,,,true,false,false,,
CF27_XBOXUNKNOWN_RTG_HEAD_001,data/research/cf27/manifests/head-template-evidence-frames/head_template_evidence_frame_manifest.json,$.frames[2],catalog_record,UNKNOWN_ORIGIN,,,,,true,false,false,,
CF27_XBOXUNKNOWN_RTG_HEAD_003,data/research/cf27/manifests/head-template-evidence-frames/head_template_evidence_frame_manifest.json,$.frames[20],catalog_record,UNKNOWN_ORIGIN,,,,,true,false,false,,
CF27_XBOXUNKNOWN_RTG_HEAD_029,data/research/cf27/manifests/head-template-evidence-frames/head_template_evidence_frame_manifest.json,$.frames[200],catalog_record,UNKNOWN_ORIGIN,,,,,true,false,false,,
CF27_XBOXUNKNOWN_RTG_HEAD_029,data/research/cf27/manifests/head-template-evidence-frames/head_template_evidence_frame_manifest.json,$.frames[201],catalog_record,UNKNOWN_ORIGIN,,,,,true,false,false,,
CF27_XBOXUNKNOWN_RTG_HEAD_029,data/research/cf27/manifests/head-template-evidence-frames/head_template_evidence_frame_manifest.json,$.frames[202],catalog_record,UNKNOWN_ORIGIN,,,,,true,false,false,,
CF27_XBOXUNKNOWN_RTG_HEAD_004,data/research/cf27/manifests/head-template-evidence-frames/head_template_evidence_frame_manifest.json,$.frames[21],catalog_record,UNKNOWN_ORIGIN,,,,,true,false,false,,
CF27_XBOXUNKNOWN_RTG_HEAD_004,data/research/cf27/manifests/head-template-evidence-frames/head_template_evidence_frame_manifest.json,$.frames[22],catalog_record,UNKNOWN_ORIGIN,,,,,true,false,false,,
CF27_XBOXUNKNOWN_RTG_HEAD_004,data/research/cf27/manifests/head-template-evidence-frames/head_template_evidence_frame_manifest.json,$.frames[23],catalog_record,UNKNOWN_ORIGIN,,,,,true,false,false,,
CF27_XBOXUNKNOWN_RTG_HEAD_004,data/research/cf27/manifests/head-template-evidence-frames/head_template_evidence_frame_manifest.json,$.frames[24],catalog_record,UNKNOWN_ORIGIN,,,,,true,false,false,,
CF27_XBOXUNKNOWN_RTG_HEAD_004,data/research/cf27/manifests/head-template-evidence-frames/head_template_evidence_frame_manifest.json,$.frames[25],catalog_record,UNKNOWN_ORIGIN,,,,,true,false,false,,
CF27_XBOXUNKNOWN_RTG_HEAD_004,data/research/cf27/manifests/head-template-evidence-frames/head_template_evidence_frame_manifest.json,$.frames[26],catalog_record,UNKNOWN_ORIGIN,,,,,true,false,false,,
CF27_XBOXUNKNOWN_RTG_HEAD_004,data/research/cf27/manifests/head-template-evidence-frames/head_template_evidence_frame_manifest.json,$.frames[27],catalog_record,UNKNOWN_ORIGIN,,,,,true,false,false,,
CF27_XBOXUNKNOWN_RTG_HEAD_005,data/research/cf27/manifests/head-template-evidence-frames/head_template_evidence_frame_manifest.json,$.frames[28],catalog_record,UNKNOWN_ORIGIN,,,,,true,false,false,,
CF27_XBOXUNKNOWN_RTG_HEAD_005,data/research/cf27/manifests/head-template-evidence-frames/head_template_evidence_frame_manifest.json,$.frames[29],catalog_record,UNKNOWN_ORIGIN,,,,,true,false,false,,
CF27_XBOXUNKNOWN_RTG_HEAD_001,data/research/cf27/manifests/head-template-evidence-frames/head_template_evidence_frame_manifest.json,$.frames[3],catalog_record,UNKNOWN_ORIGIN,,,,,true,false,false,,
CF27_XBOXUNKNOWN_RTG_HEAD_005,data/research/cf27/manifests/head-template-evidence-frames/head_template_evidence_frame_manifest.json,$.frames[30],catalog_record,UNKNOWN_ORIGIN,,,,,true,false,false,,
CF27_XBOXUNKNOWN_RTG_HEAD_005,data/research/cf27/manifests/head-template-evidence-frames/head_template_evidence_frame_manifest.json,$.frames[31],catalog_record,UNKNOWN_ORIGIN,,,,,true,false,false,,
CF27_XBOXUNKNOWN_RTG_HEAD_005,data/research/cf27/manifests/head-template-evidence-frames/head_template_evidence_frame_manifest.json,$.frames[32],catalog_record,UNKNOWN_ORIGIN,,,,,true,false,false,,
CF27_XBOXUNKNOWN_RTG_HEAD_005,data/research/cf27/manifests/head-template-evidence-frames/head_template_evidence_frame_manifest.json,$.frames[33],catalog_record,UNKNOWN_ORIGIN,,,,,true,false,false,,
CF27_XBOXUNKNOWN_RTG_HEAD_005,data/research/cf27/manifests/head-template-evidence-frames/head_template_evidence_frame_manifest.json,$.frames[34],catalog_record,UNKNOWN_ORIGIN,,,,,true,false,false,,
CF27_XBOXUNKNOWN_RTG_HEAD_006,data/research/cf27/manifests/head-template-evidence-frames/head_template_evidence_frame_manifest.json,$.frames[35],catalog_record,UNKNOWN_ORIGIN,,,,,true,false,false,,
CF27_XBOXUNKNOWN_RTG_HEAD_006,data/research/cf27/manifests/head-template-evidence-frames/head_template_evidence_frame_manifest.json,$.frames[36],catalog_record,UNKNOWN_ORIGIN,,,,,true,false,false,,
CF27_XBOXUNKNOWN_RTG_HEAD_006,data/research/cf27/manifests/head-template-evidence-frames/head_template_evidence_frame_manifest.json,$.frames[37],catalog_record,UNKNOWN_ORIGIN,,,,,true,false,false,,
CF27_XBOXUNKNOWN_RTG_HEAD_006,data/research/cf27/manifests/head-template-evidence-frames/head_template_evidence_frame_manifest.json,$.frames[38],catalog_record,UNKNOWN_ORIGIN,,,,,true,false,false,,
CF27_XBOXUNKNOWN_RTG_HEAD_006,data/research/cf27/manifests/head-template-evidence-frames/head_template_evidence_frame_manifest.json,$.frames[39],catalog_record,UNKNOWN_ORIGIN,,,,,true,false,false,,
CF27_XBOXUNKNOWN_RTG_HEAD_001,data/research/cf27/manifests/head-template-evidence-frames/head_template_evidence_frame_manifest.json,$.frames[4],catalog_record,UNKNOWN_ORIGIN,,,,,true,false,false,,
CF27_XBOXUNKNOWN_RTG_HEAD_006,data/research/cf27/manifests/head-template-evidence-frames/head_template_evidence_frame_manifest.json,$.frames[40],catalog_record,UNKNOWN_ORIGIN,,,,,true,false,false,,
CF27_XBOXUNKNOWN_RTG_HEAD_006,data/research/cf27/manifests/head-template-evidence-frames/head_template_evidence_frame_manifest.json,$.frames[41],catalog_record,UNKNOWN_ORIGIN,,,,,true,false,false,,
CF27_XBOXUNKNOWN_RTG_HEAD_007,data/research/cf27/manifests/head-template-evidence-frames/head_template_evidence_frame_manifest.json,$.frames[42],catalog_record,UNKNOWN_ORIGIN,,,,,true,false,false,,
CF27_XBOXUNKNOWN_RTG_HEAD_007,data/research/cf27/manifests/head-template-evidence-frames/head_template_evidence_frame_manifest.json,$.frames[43],catalog_record,UNKNOWN_ORIGIN,,,,,true,false,false,,
CF27_XBOXUNKNOWN_RTG_HEAD_007,data/research/cf27/manifests/head-template-evidence-frames/head_template_evidence_frame_manifest.json,$.frames[44],catalog_record,UNKNOWN_ORIGIN,,,,,true,false,false,,
CF27_XBOXUNKNOWN_RTG_HEAD_007,data/research/cf27/manifests/head-template-evidence-frames/head_template_evidence_frame_manifest.json,$.frames[45],catalog_record,UNKNOWN_ORIGIN,,,,,true,false,false,,
CF27_XBOXUNKNOWN_RTG_HEAD_007,data/research/cf27/manifests/head-template-evidence-frames/head_template_evidence_frame_manifest.json,$.frames[46],catalog_record,UNKNOWN_ORIGIN,,,,,true,false,false,,
CF27_XBOXUNKNOWN_RTG_HEAD_007,data/research/cf27/manifests/head-template-evidence-frames/head_template_evidence_frame_manifest.json,$.frames[47],catalog_record,UNKNOWN_ORIGIN,,,,,true,false,false,,
CF27_XBOXUNKNOWN_RTG_HEAD_007,data/research/cf27/manifests/head-template-evidence-frames/head_template_evidence_frame_manifest.json,$.frames[48],catalog_record,UNKNOWN_ORIGIN,,,,,true,false,false,,
CF27_XBOXUNKNOWN_RTG_HEAD_008,data/research/cf27/manifests/head-template-evidence-frames/head_template_evidence_frame_manifest.json,$.frames[49],catalog_record,UNKNOWN_ORIGIN,,,,,true,false,false,,
CF27_XBOXUNKNOWN_RTG_HEAD_001,data/research/cf27/manifests/head-template-evidence-frames/head_template_evidence_frame_manifest.json,$.frames[5],catalog_record,UNKNOWN_ORIGIN,,,,,true,false,false,,
CF27_XBOXUNKNOWN_RTG_HEAD_008,data/research/cf27/manifests/head-template-evidence-frames/head_template_evidence_frame_manifest.json,$.frames[50],catalog_record,UNKNOWN_ORIGIN,,,,,true,false,false,,
CF27_XBOXUNKNOWN_RTG_HEAD_008,data/research/cf27/manifests/head-template-evidence-frames/head_template_evidence_frame_manifest.json,$.frames[51],catalog_record,UNKNOWN_ORIGIN,,,,,true,false,false,,
CF27_XBOXUNKNOWN_RTG_HEAD_008,data/research/cf27/manifests/head-template-evidence-frames/head_template_evidence_frame_manifest.json,$.frames[52],catalog_record,UNKNOWN_ORIGIN,,,,,true,false,false,,
CF27_XBOXUNKNOWN_RTG_HEAD_008,data/research/cf27/manifests/head-template-evidence-frames/head_template_evidence_frame_manifest.json,$.frames[53],catalog_record,UNKNOWN_ORIGIN,,,,,true,false,false,,
CF27_XBOXUNKNOWN_RTG_HEAD_008,data/research/cf27/manifests/head-template-evidence-frames/head_template_evidence_frame_manifest.json,$.frames[54],catalog_record,UNKNOWN_ORIGIN,,,,,true,false,false,,
CF27_XBOXUNKNOWN_RTG_HEAD_008,data/research/cf27/manifests/head-template-evidence-frames/head_template_evidence_frame_manifest.json,$.frames[55],catalog_record,UNKNOWN_ORIGIN,,,,,true,false,false,,
CF27_XBOXUNKNOWN_RTG_HEAD_009,data/research/cf27/manifests/head-template-evidence-frames/head_template_evidence_frame_manifest.json,$.frames[56],catalog_record,UNKNOWN_ORIGIN,,,,,true,false,false,,
CF27_XBOXUNKNOWN_RTG_HEAD_009,data/research/cf27/manifests/head-template-evidence-frames/head_template_evidence_frame_manifest.json,$.frames[57],catalog_record,UNKNOWN_ORIGIN,,,,,true,false,false,,
CF27_XBOXUNKNOWN_RTG_HEAD_009,data/research/cf27/manifests/head-template-evidence-frames/head_template_evidence_frame_manifest.json,$.frames[58],catalog_record,UNKNOWN_ORIGIN,,,,,true,false,false,,
CF27_XBOXUNKNOWN_RTG_HEAD_009,data/research/cf27/manifests/head-template-evidence-frames/head_template_evidence_frame_manifest.json,$.frames[59],catalog_record,UNKNOWN_ORIGIN,,,,,true,false,false,,
CF27_XBOXUNKNOWN_RTG_HEAD_001,data/research/cf27/manifests/head-template-evidence-frames/head_template_evidence_frame_manifest.json,$.frames[6],catalog_record,UNKNOWN_ORIGIN,,,,,true,false,false,,
CF27_XBOXUNKNOWN_RTG_HEAD_009,data/research/cf27/manifests/head-template-evidence-frames/head_template_evidence_frame_manifest.json,$.frames[60],catalog_record,UNKNOWN_ORIGIN,,,,,true,false,false,,
CF27_XBOXUNKNOWN_RTG_HEAD_009,data/research/cf27/manifests/head-template-evidence-frames/head_template_evidence_frame_manifest.json,$.frames[61],catalog_record,UNKNOWN_ORIGIN,,,,,true,false,false,,
CF27_XBOXUNKNOWN_RTG_HEAD_009,data/research/cf27/manifests/head-template-evidence-frames/head_template_evidence_frame_manifest.json,$.frames[62],catalog_record,UNKNOWN_ORIGIN,,,,,true,false,false,,
CF27_XBOXUNKNOWN_RTG_HEAD_010,data/research/cf27/manifests/head-template-evidence-frames/head_template_evidence_frame_manifest.json,$.frames[63],catalog_record,UNKNOWN_ORIGIN,,,,,true,false,false,,
CF27_XBOXUNKNOWN_RTG_HEAD_010,data/research/cf27/manifests/head-template-evidence-frames/head_template_evidence_frame_manifest.json,$.frames[64],catalog_record,UNKNOWN_ORIGIN,,,,,true,false,false,,
CF27_XBOXUNKNOWN_RTG_HEAD_010,data/research/cf27/manifests/head-template-evidence-frames/head_template_evidence_frame_manifest.json,$.frames[65],catalog_record,UNKNOWN_ORIGIN,,,,,true,false,false,,
CF27_XBOXUNKNOWN_RTG_HEAD_010,data/research/cf27/manifests/head-template-evidence-frames/head_template_evidence_frame_manifest.json,$.frames[66],catalog_record,UNKNOWN_ORIGIN,,,,,true,false,false,,
CF27_XBOXUNKNOWN_RTG_HEAD_010,data/research/cf27/manifests/head-template-evidence-frames/head_template_evidence_frame_manifest.json,$.frames[67],catalog_record,UNKNOWN_ORIGIN,,,,,true,false,false,,
CF27_XBOXUNKNOWN_RTG_HEAD_010,data/research/cf27/manifests/head-template-evidence-frames/head_template_evidence_frame_manifest.json,$.frames[68],catalog_record,UNKNOWN_ORIGIN,,,,,true,false,false,,
CF27_XBOXUNKNOWN_RTG_HEAD_010,data/research/cf27/manifests/head-template-evidence-frames/head_template_evidence_frame_manifest.json,$.frames[69],catalog_record,UNKNOWN_ORIGIN,,,,,true,false,false,,
CF27_XBOXUNKNOWN_RTG_HEAD_002,data/research/cf27/manifests/head-template-evidence-frames/head_template_evidence_frame_manifest.json,$.frames[7],catalog_record,UNKNOWN_ORIGIN,,,,,true,false,false,,
CF27_XBOXUNKNOWN_RTG_HEAD_011,data/research/cf27/manifests/head-template-evidence-frames/head_template_evidence_frame_manifest.json,$.frames[70],catalog_record,UNKNOWN_ORIGIN,,,,,true,false,false,,
CF27_XBOXUNKNOWN_RTG_HEAD_011,data/research/cf27/manifests/head-template-evidence-frames/head_template_evidence_frame_manifest.json,$.frames[71],catalog_record,UNKNOWN_ORIGIN,,,,,true,false,false,,
CF27_XBOXUNKNOWN_RTG_HEAD_011,data/research/cf27/manifests/head-template-evidence-frames/head_template_evidence_frame_manifest.json,$.frames[72],catalog_record,UNKNOWN_ORIGIN,,,,,true,false,false,,
CF27_XBOXUNKNOWN_RTG_HEAD_011,data/research/cf27/manifests/head-template-evidence-frames/head_template_evidence_frame_manifest.json,$.frames[73],catalog_record,UNKNOWN_ORIGIN,,,,,true,false,false,,
CF27_XBOXUNKNOWN_RTG_HEAD_011,data/research/cf27/manifests/head-template-evidence-frames/head_template_evidence_frame_manifest.json,$.frames[74],catalog_record,UNKNOWN_ORIGIN,,,,,true,false,false,,
CF27_XBOXUNKNOWN_RTG_HEAD_011,data/research/cf27/manifests/head-template-evidence-frames/head_template_evidence_frame_manifest.json,$.frames[75],catalog_record,UNKNOWN_ORIGIN,,,,,true,false,false,,
CF27_XBOXUNKNOWN_RTG_HEAD_011,data/research/cf27/manifests/head-template-evidence-frames/head_template_evidence_frame_manifest.json,$.frames[76],catalog_record,UNKNOWN_ORIGIN,,,,,true,false,false,,
CF27_XBOXUNKNOWN_RTG_HEAD_012,data/research/cf27/manifests/head-template-evidence-frames/head_template_evidence_frame_manifest.json,$.frames[77],catalog_record,UNKNOWN_ORIGIN,,,,,true,false,false,,
CF27_XBOXUNKNOWN_RTG_HEAD_012,data/research/cf27/manifests/head-template-evidence-frames/head_template_evidence_frame_manifest.json,$.frames[78],catalog_record,UNKNOWN_ORIGIN,,,,,true,false,false,,
CF27_XBOXUNKNOWN_RTG_HEAD_012,data/research/cf27/manifests/head-template-evidence-frames/head_template_evidence_frame_manifest.json,$.frames[79],catalog_record,UNKNOWN_ORIGIN,,,,,true,false,false,,
CF27_XBOXUNKNOWN_RTG_HEAD_002,data/research/cf27/manifests/head-template-evidence-frames/head_template_evidence_frame_manifest.json,$.frames[8],catalog_record,UNKNOWN_ORIGIN,,,,,true,false,false,,
CF27_XBOXUNKNOWN_RTG_HEAD_012,data/research/cf27/manifests/head-template-evidence-frames/head_template_evidence_frame_manifest.json,$.frames[80],catalog_record,UNKNOWN_ORIGIN,,,,,true,false,false,,
CF27_XBOXUNKNOWN_RTG_HEAD_012,data/research/cf27/manifests/head-template-evidence-frames/head_template_evidence_frame_manifest.json,$.frames[81],catalog_record,UNKNOWN_ORIGIN,,,,,true,false,false,,
CF27_XBOXUNKNOWN_RTG_HEAD_012,data/research/cf27/manifests/head-template-evidence-frames/head_template_evidence_frame_manifest.json,$.frames[82],catalog_record,UNKNOWN_ORIGIN,,,,,true,false,false,,
CF27_XBOXUNKNOWN_RTG_HEAD_012,data/research/cf27/manifests/head-template-evidence-frames/head_template_evidence_frame_manifest.json,$.frames[83],catalog_record,UNKNOWN_ORIGIN,,,,,true,false,false,,
CF27_XBOXUNKNOWN_RTG_HEAD_013,data/research/cf27/manifests/head-template-evidence-frames/head_template_evidence_frame_manifest.json,$.frames[84],catalog_record,UNKNOWN_ORIGIN,,,,,true,false,false,,
CF27_XBOXUNKNOWN_RTG_HEAD_013,data/research/cf27/manifests/head-template-evidence-frames/head_template_evidence_frame_manifest.json,$.frames[85],catalog_record,UNKNOWN_ORIGIN,,,,,true,false,false,,
CF27_XBOXUNKNOWN_RTG_HEAD_013,data/research/cf27/manifests/head-template-evidence-frames/head_template_evidence_frame_manifest.json,$.frames[86],catalog_record,UNKNOWN_ORIGIN,,,,,true,false,false,,
CF27_XBOXUNKNOWN_RTG_HEAD_013,data/research/cf27/manifests/head-template-evidence-frames/head_template_evidence_frame_manifest.json,$.frames[87],catalog_record,UNKNOWN_ORIGIN,,,,,true,false,false,,
CF27_XBOXUNKNOWN_RTG_HEAD_013,data/research/cf27/manifests/head-template-evidence-frames/head_template_evidence_frame_manifest.json,$.frames[88],catalog_record,UNKNOWN_ORIGIN,,,,,true,false,false,,
CF27_XBOXUNKNOWN_RTG_HEAD_013,data/research/cf27/manifests/head-template-evidence-frames/head_template_evidence_frame_manifest.json,$.frames[89],catalog_record,UNKNOWN_ORIGIN,,,,,true,false,false,,
CF27_XBOXUNKNOWN_RTG_HEAD_002,data/research/cf27/manifests/head-template-evidence-frames/head_template_evidence_frame_manifest.json,$.frames[9],catalog_record,UNKNOWN_ORIGIN,,,,,true,false,false,,
CF27_XBOXUNKNOWN_RTG_HEAD_013,data/research/cf27/manifests/head-template-evidence-frames/head_template_evidence_frame_manifest.json,$.frames[90],catalog_record,UNKNOWN_ORIGIN,,,,,true,false,false,,
CF27_XBOXUNKNOWN_RTG_HEAD_014,data/research/cf27/manifests/head-template-evidence-frames/head_template_evidence_frame_manifest.json,$.frames[91],catalog_record,UNKNOWN_ORIGIN,,,,,true,false,false,,
CF27_XBOXUNKNOWN_RTG_HEAD_014,data/research/cf27/manifests/head-template-evidence-frames/head_template_evidence_frame_manifest.json,$.frames[92],catalog_record,UNKNOWN_ORIGIN,,,,,true,false,false,,
CF27_XBOXUNKNOWN_RTG_HEAD_014,data/research/cf27/manifests/head-template-evidence-frames/head_template_evidence_frame_manifest.json,$.frames[93],catalog_record,UNKNOWN_ORIGIN,,,,,true,false,false,,
CF27_XBOXUNKNOWN_RTG_HEAD_014,data/research/cf27/manifests/head-template-evidence-frames/head_template_evidence_frame_manifest.json,$.frames[94],catalog_record,UNKNOWN_ORIGIN,,,,,true,false,false,,
CF27_XBOXUNKNOWN_RTG_HEAD_014,data/research/cf27/manifests/head-template-evidence-frames/head_template_evidence_frame_manifest.json,$.frames[95],catalog_record,UNKNOWN_ORIGIN,,,,,true,false,false,,
CF27_XBOXUNKNOWN_RTG_HEAD_014,data/research/cf27/manifests/head-template-evidence-frames/head_template_evidence_frame_manifest.json,$.frames[96],catalog_record,UNKNOWN_ORIGIN,,,,,true,false,false,,
CF27_XBOXUNKNOWN_RTG_HEAD_014,data/research/cf27/manifests/head-template-evidence-frames/head_template_evidence_frame_manifest.json,$.frames[97],catalog_record,UNKNOWN_ORIGIN,,,,,true,false,false,,
CF27_XBOXUNKNOWN_RTG_HEAD_015,data/research/cf27/manifests/head-template-evidence-frames/head_template_evidence_frame_manifest.json,$.frames[98],catalog_record,UNKNOWN_ORIGIN,,,,,true,false,false,,
CF27_XBOXUNKNOWN_RTG_HEAD_015,data/research/cf27/manifests/head-template-evidence-frames/head_template_evidence_frame_manifest.json,$.frames[99],catalog_record,UNKNOWN_ORIGIN,,,,,true,false,false,,
CF27_XBOXUNKNOWN_RTG_NOSE_001,data/research/cf27/manifests/nose-evidence-frames/nose_evidence_frame_manifest.json,$.frames[0],catalog_record,PLACEHOLDER,,,,,true,false,false,,placeholderToken
CF27_XBOXUNKNOWN_RTG_NOSE_001,data/research/cf27/manifests/nose-evidence-frames/nose_evidence_frame_manifest.json,$.frames[1],catalog_record,PLACEHOLDER,,,,,true,false,false,,placeholderToken
CF27_XBOXUNKNOWN_RTG_NOSE_004,data/research/cf27/manifests/nose-evidence-frames/nose_evidence_frame_manifest.json,$.frames[10],catalog_record,PLACEHOLDER,,,,,true,false,false,,placeholderToken
CF27_XBOXUNKNOWN_RTG_NOSE_004,data/research/cf27/manifests/nose-evidence-frames/nose_evidence_frame_manifest.json,$.frames[11],catalog_record,PLACEHOLDER,,,,,true,false,false,,placeholderToken
CF27_XBOXUNKNOWN_RTG_NOSE_005,data/research/cf27/manifests/nose-evidence-frames/nose_evidence_frame_manifest.json,$.frames[12],catalog_record,PLACEHOLDER,,,,,true,false,false,,placeholderToken
CF27_XBOXUNKNOWN_RTG_NOSE_005,data/research/cf27/manifests/nose-evidence-frames/nose_evidence_frame_manifest.json,$.frames[13],catalog_record,PLACEHOLDER,,,,,true,false,false,,placeholderToken
CF27_XBOXUNKNOWN_RTG_NOSE_005,data/research/cf27/manifests/nose-evidence-frames/nose_evidence_frame_manifest.json,$.frames[14],catalog_record,PLACEHOLDER,,,,,true,false,false,,placeholderToken
CF27_XBOXUNKNOWN_RTG_NOSE_006,data/research/cf27/manifests/nose-evidence-frames/nose_evidence_frame_manifest.json,$.frames[15],catalog_record,PLACEHOLDER,,,,,true,false,false,,placeholderToken
CF27_XBOXUNKNOWN_RTG_NOSE_006,data/research/cf27/manifests/nose-evidence-frames/nose_evidence_frame_manifest.json,$.frames[16],catalog_record,PLACEHOLDER,,,,,true,false,false,,placeholderToken
CF27_XBOXUNKNOWN_RTG_NOSE_006,data/research/cf27/manifests/nose-evidence-frames/nose_evidence_frame_manifest.json,$.frames[17],catalog_record,PLACEHOLDER,,,,,true,false,false,,placeholderToken
CF27_XBOXUNKNOWN_RTG_NOSE_007,data/research/cf27/manifests/nose-evidence-frames/nose_evidence_frame_manifest.json,$.frames[18],catalog_record,PLACEHOLDER,,,,,true,false,false,,placeholderToken
CF27_XBOXUNKNOWN_RTG_NOSE_007,data/research/cf27/manifests/nose-evidence-frames/nose_evidence_frame_manifest.json,$.frames[19],catalog_record,PLACEHOLDER,,,,,true,false,false,,placeholderToken
CF27_XBOXUNKNOWN_RTG_NOSE_001,data/research/cf27/manifests/nose-evidence-frames/nose_evidence_frame_manifest.json,$.frames[2],catalog_record,PLACEHOLDER,,,,,true,false,false,,placeholderToken
CF27_XBOXUNKNOWN_RTG_NOSE_007,data/research/cf27/manifests/nose-evidence-frames/nose_evidence_frame_manifest.json,$.frames[20],catalog_record,PLACEHOLDER,,,,,true,false,false,,placeholderToken
CF27_XBOXUNKNOWN_RTG_NOSE_002,data/research/cf27/manifests/nose-evidence-frames/nose_evidence_frame_manifest.json,$.frames[3],catalog_record,PLACEHOLDER,,,,,true,false,false,,placeholderToken
CF27_XBOXUNKNOWN_RTG_NOSE_002,data/research/cf27/manifests/nose-evidence-frames/nose_evidence_frame_manifest.json,$.frames[4],catalog_record,PLACEHOLDER,,,,,true,false,false,,placeholderToken
CF27_XBOXUNKNOWN_RTG_NOSE_002,data/research/cf27/manifests/nose-evidence-frames/nose_evidence_frame_manifest.json,$.frames[5],catalog_record,PLACEHOLDER,,,,,true,false,false,,placeholderToken
CF27_XBOXUNKNOWN_RTG_NOSE_003,data/research/cf27/manifests/nose-evidence-frames/nose_evidence_frame_manifest.json,$.frames[6],catalog_record,PLACEHOLDER,,,,,true,false,false,,placeholderToken
CF27_XBOXUNKNOWN_RTG_NOSE_003,data/research/cf27/manifests/nose-evidence-frames/nose_evidence_frame_manifest.json,$.frames[7],catalog_record,PLACEHOLDER,,,,,true,false,false,,placeholderToken
CF27_XBOXUNKNOWN_RTG_NOSE_003,data/research/cf27/manifests/nose-evidence-frames/nose_evidence_frame_manifest.json,$.frames[8],catalog_record,PLACEHOLDER,,,,,true,false,false,,placeholderToken
CF27_XBOXUNKNOWN_RTG_NOSE_004,data/research/cf27/manifests/nose-evidence-frames/nose_evidence_frame_manifest.json,$.frames[9],catalog_record,PLACEHOLDER,,,,,true,false,false,,placeholderToken
CF27_XBOXUNKNOWN_RTG_SKINDETAILS_001,data/research/cf27/manifests/skin-details-evidence-frames/skin_details_evidence_frame_manifest.json,$.frames[0],catalog_record,PLACEHOLDER,,,,,true,false,false,,placeholderToken
CF27_XBOXUNKNOWN_RTG_SKINDETAILS_001,data/research/cf27/manifests/skin-details-evidence-frames/skin_details_evidence_frame_manifest.json,$.frames[1],catalog_record,PLACEHOLDER,,,,,true,false,false,,placeholderToken
CF27_XBOXUNKNOWN_RTG_SKINDETAILS_006,data/research/cf27/manifests/skin-details-evidence-frames/skin_details_evidence_frame_manifest.json,$.frames[10],catalog_record,PLACEHOLDER,,,,,true,false,false,,placeholderToken
CF27_XBOXUNKNOWN_RTG_SKINDETAILS_006,data/research/cf27/manifests/skin-details-evidence-frames/skin_details_evidence_frame_manifest.json,$.frames[11],catalog_record,PLACEHOLDER,,,,,true,false,false,,placeholderToken
CF27_XBOXUNKNOWN_RTG_SKINDETAILS_007,data/research/cf27/manifests/skin-details-evidence-frames/skin_details_evidence_frame_manifest.json,$.frames[12],catalog_record,PLACEHOLDER,,,,,true,false,false,,placeholderToken
CF27_XBOXUNKNOWN_RTG_SKINDETAILS_007,data/research/cf27/manifests/skin-details-evidence-frames/skin_details_evidence_frame_manifest.json,$.frames[13],catalog_record,PLACEHOLDER,,,,,true,false,false,,placeholderToken
CF27_XBOXUNKNOWN_RTG_SKINDETAILS_008,data/research/cf27/manifests/skin-details-evidence-frames/skin_details_evidence_frame_manifest.json,$.frames[14],catalog_record,PLACEHOLDER,,,,,true,false,false,,placeholderToken
CF27_XBOXUNKNOWN_RTG_SKINDETAILS_008,data/research/cf27/manifests/skin-details-evidence-frames/skin_details_evidence_frame_manifest.json,$.frames[15],catalog_record,PLACEHOLDER,,,,,true,false,false,,placeholderToken
CF27_XBOXUNKNOWN_RTG_SKINDETAILS_009,data/research/cf27/manifests/skin-details-evidence-frames/skin_details_evidence_frame_manifest.json,$.frames[16],catalog_record,PLACEHOLDER,,,,,true,false,false,,placeholderToken
CF27_XBOXUNKNOWN_RTG_SKINDETAILS_009,data/research/cf27/manifests/skin-details-evidence-frames/skin_details_evidence_frame_manifest.json,$.frames[17],catalog_record,PLACEHOLDER,,,,,true,false,false,,placeholderToken
CF27_XBOXUNKNOWN_RTG_SKINDETAILS_010,data/research/cf27/manifests/skin-details-evidence-frames/skin_details_evidence_frame_manifest.json,$.frames[18],catalog_record,PLACEHOLDER,,,,,true,false,false,,placeholderToken
CF27_XBOXUNKNOWN_RTG_SKINDETAILS_010,data/research/cf27/manifests/skin-details-evidence-frames/skin_details_evidence_frame_manifest.json,$.frames[19],catalog_record,PLACEHOLDER,,,,,true,false,false,,placeholderToken
CF27_XBOXUNKNOWN_RTG_SKINDETAILS_002,data/research/cf27/manifests/skin-details-evidence-frames/skin_details_evidence_frame_manifest.json,$.frames[2],catalog_record,PLACEHOLDER,,,,,true,false,false,,placeholderToken
CF27_XBOXUNKNOWN_RTG_SKINDETAILS_002,data/research/cf27/manifests/skin-details-evidence-frames/skin_details_evidence_frame_manifest.json,$.frames[3],catalog_record,PLACEHOLDER,,,,,true,false,false,,placeholderToken
CF27_XBOXUNKNOWN_RTG_SKINDETAILS_003,data/research/cf27/manifests/skin-details-evidence-frames/skin_details_evidence_frame_manifest.json,$.frames[4],catalog_record,PLACEHOLDER,,,,,true,false,false,,placeholderToken
CF27_XBOXUNKNOWN_RTG_SKINDETAILS_003,data/research/cf27/manifests/skin-details-evidence-frames/skin_details_evidence_frame_manifest.json,$.frames[5],catalog_record,PLACEHOLDER,,,,,true,false,false,,placeholderToken
CF27_XBOXUNKNOWN_RTG_SKINDETAILS_004,data/research/cf27/manifests/skin-details-evidence-frames/skin_details_evidence_frame_manifest.json,$.frames[6],catalog_record,PLACEHOLDER,,,,,true,false,false,,placeholderToken
CF27_XBOXUNKNOWN_RTG_SKINDETAILS_004,data/research/cf27/manifests/skin-details-evidence-frames/skin_details_evidence_frame_manifest.json,$.frames[7],catalog_record,PLACEHOLDER,,,,,true,false,false,,placeholderToken
CF27_XBOXUNKNOWN_RTG_SKINDETAILS_005,data/research/cf27/manifests/skin-details-evidence-frames/skin_details_evidence_frame_manifest.json,$.frames[8],catalog_record,PLACEHOLDER,,,,,true,false,false,,placeholderToken
CF27_XBOXUNKNOWN_RTG_SKINDETAILS_005,data/research/cf27/manifests/skin-details-evidence-frames/skin_details_evidence_frame_manifest.json,$.frames[9],catalog_record,PLACEHOLDER,,,,,true,false,false,,placeholderToken
CF27_XBOXUNKNOWN_RTG_SKINTONE_001,data/research/cf27/manifests/skin-tone-evidence-frames/skin_tone_evidence_frame_manifest.json,$.frames[0],catalog_record,PLACEHOLDER,,,,,true,false,false,,placeholderToken
CF27_XBOXUNKNOWN_RTG_SKINTONE_001,data/research/cf27/manifests/skin-tone-evidence-frames/skin_tone_evidence_frame_manifest.json,$.frames[1],catalog_record,PLACEHOLDER,,,,,true,false,false,,placeholderToken
CF27_XBOXUNKNOWN_RTG_SKINTONE_006,data/research/cf27/manifests/skin-tone-evidence-frames/skin_tone_evidence_frame_manifest.json,$.frames[10],catalog_record,PLACEHOLDER,,,,,true,false,false,,placeholderToken
CF27_XBOXUNKNOWN_RTG_SKINTONE_006,data/research/cf27/manifests/skin-tone-evidence-frames/skin_tone_evidence_frame_manifest.json,$.frames[11],catalog_record,PLACEHOLDER,,,,,true,false,false,,placeholderToken
CF27_XBOXUNKNOWN_RTG_SKINTONE_007,data/research/cf27/manifests/skin-tone-evidence-frames/skin_tone_evidence_frame_manifest.json,$.frames[12],catalog_record,PLACEHOLDER,,,,,true,false,false,,placeholderToken
CF27_XBOXUNKNOWN_RTG_SKINTONE_007,data/research/cf27/manifests/skin-tone-evidence-frames/skin_tone_evidence_frame_manifest.json,$.frames[13],catalog_record,PLACEHOLDER,,,,,true,false,false,,placeholderToken
CF27_XBOXUNKNOWN_RTG_SKINTONE_008,data/research/cf27/manifests/skin-tone-evidence-frames/skin_tone_evidence_frame_manifest.json,$.frames[14],catalog_record,PLACEHOLDER,,,,,true,false,false,,placeholderToken
CF27_XBOXUNKNOWN_RTG_SKINTONE_008,data/research/cf27/manifests/skin-tone-evidence-frames/skin_tone_evidence_frame_manifest.json,$.frames[15],catalog_record,PLACEHOLDER,,,,,true,false,false,,placeholderToken
CF27_XBOXUNKNOWN_RTG_SKINTONE_009,data/research/cf27/manifests/skin-tone-evidence-frames/skin_tone_evidence_frame_manifest.json,$.frames[16],catalog_record,PLACEHOLDER,,,,,true,false,false,,placeholderToken
CF27_XBOXUNKNOWN_RTG_SKINTONE_009,data/research/cf27/manifests/skin-tone-evidence-frames/skin_tone_evidence_frame_manifest.json,$.frames[17],catalog_record,PLACEHOLDER,,,,,true,false,false,,placeholderToken
CF27_XBOXUNKNOWN_RTG_SKINTONE_010,data/research/cf27/manifests/skin-tone-evidence-frames/skin_tone_evidence_frame_manifest.json,$.frames[18],catalog_record,PLACEHOLDER,,,,,true,false,false,,placeholderToken
CF27_XBOXUNKNOWN_RTG_SKINTONE_010,data/research/cf27/manifests/skin-tone-evidence-frames/skin_tone_evidence_frame_manifest.json,$.frames[19],catalog_record,PLACEHOLDER,,,,,true,false,false,,placeholderToken
CF27_XBOXUNKNOWN_RTG_SKINTONE_002,data/research/cf27/manifests/skin-tone-evidence-frames/skin_tone_evidence_frame_manifest.json,$.frames[2],catalog_record,PLACEHOLDER,,,,,true,false,false,,placeholderToken
CF27_XBOXUNKNOWN_RTG_SKINTONE_011,data/research/cf27/manifests/skin-tone-evidence-frames/skin_tone_evidence_frame_manifest.json,$.frames[20],catalog_record,PLACEHOLDER,,,,,true,false,false,,placeholderToken
CF27_XBOXUNKNOWN_RTG_SKINTONE_011,data/research/cf27/manifests/skin-tone-evidence-frames/skin_tone_evidence_frame_manifest.json,$.frames[21],catalog_record,PLACEHOLDER,,,,,true,false,false,,placeholderToken
CF27_XBOXUNKNOWN_RTG_SKINTONE_012,data/research/cf27/manifests/skin-tone-evidence-frames/skin_tone_evidence_frame_manifest.json,$.frames[22],catalog_record,PLACEHOLDER,,,,,true,false,false,,placeholderToken
CF27_XBOXUNKNOWN_RTG_SKINTONE_012,data/research/cf27/manifests/skin-tone-evidence-frames/skin_tone_evidence_frame_manifest.json,$.frames[23],catalog_record,PLACEHOLDER,,,,,true,false,false,,placeholderToken
CF27_XBOXUNKNOWN_RTG_SKINTONE_013,data/research/cf27/manifests/skin-tone-evidence-frames/skin_tone_evidence_frame_manifest.json,$.frames[24],catalog_record,PLACEHOLDER,,,,,true,false,false,,placeholderToken
CF27_XBOXUNKNOWN_RTG_SKINTONE_013,data/research/cf27/manifests/skin-tone-evidence-frames/skin_tone_evidence_frame_manifest.json,$.frames[25],catalog_record,PLACEHOLDER,,,,,true,false,false,,placeholderToken
CF27_XBOXUNKNOWN_RTG_SKINTONE_014,data/research/cf27/manifests/skin-tone-evidence-frames/skin_tone_evidence_frame_manifest.json,$.frames[26],catalog_record,PLACEHOLDER,,,,,true,false,false,,placeholderToken
CF27_XBOXUNKNOWN_RTG_SKINTONE_014,data/research/cf27/manifests/skin-tone-evidence-frames/skin_tone_evidence_frame_manifest.json,$.frames[27],catalog_record,PLACEHOLDER,,,,,true,false,false,,placeholderToken
CF27_XBOXUNKNOWN_RTG_SKINTONE_015,data/research/cf27/manifests/skin-tone-evidence-frames/skin_tone_evidence_frame_manifest.json,$.frames[28],catalog_record,PLACEHOLDER,,,,,true,false,false,,placeholderToken
CF27_XBOXUNKNOWN_RTG_SKINTONE_015,data/research/cf27/manifests/skin-tone-evidence-frames/skin_tone_evidence_frame_manifest.json,$.frames[29],catalog_record,PLACEHOLDER,,,,,true,false,false,,placeholderToken
CF27_XBOXUNKNOWN_RTG_SKINTONE_002,data/research/cf27/manifests/skin-tone-evidence-frames/skin_tone_evidence_frame_manifest.json,$.frames[3],catalog_record,PLACEHOLDER,,,,,true,false,false,,placeholderToken
CF27_XBOXUNKNOWN_RTG_SKINTONE_016,data/research/cf27/manifests/skin-tone-evidence-frames/skin_tone_evidence_frame_manifest.json,$.frames[30],catalog_record,PLACEHOLDER,,,,,true,false,false,,placeholderToken
CF27_XBOXUNKNOWN_RTG_SKINTONE_016,data/research/cf27/manifests/skin-tone-evidence-frames/skin_tone_evidence_frame_manifest.json,$.frames[31],catalog_record,PLACEHOLDER,,,,,true,false,false,,placeholderToken
CF27_XBOXUNKNOWN_RTG_SKINTONE_017,data/research/cf27/manifests/skin-tone-evidence-frames/skin_tone_evidence_frame_manifest.json,$.frames[32],catalog_record,PLACEHOLDER,,,,,true,false,false,,placeholderToken
CF27_XBOXUNKNOWN_RTG_SKINTONE_017,data/research/cf27/manifests/skin-tone-evidence-frames/skin_tone_evidence_frame_manifest.json,$.frames[33],catalog_record,PLACEHOLDER,,,,,true,false,false,,placeholderToken
CF27_XBOXUNKNOWN_RTG_SKINTONE_018,data/research/cf27/manifests/skin-tone-evidence-frames/skin_tone_evidence_frame_manifest.json,$.frames[34],catalog_record,PLACEHOLDER,,,,,true,false,false,,placeholderToken
CF27_XBOXUNKNOWN_RTG_SKINTONE_018,data/research/cf27/manifests/skin-tone-evidence-frames/skin_tone_evidence_frame_manifest.json,$.frames[35],catalog_record,PLACEHOLDER,,,,,true,false,false,,placeholderToken
CF27_XBOXUNKNOWN_RTG_SKINTONE_019,data/research/cf27/manifests/skin-tone-evidence-frames/skin_tone_evidence_frame_manifest.json,$.frames[36],catalog_record,PLACEHOLDER,,,,,true,false,false,,placeholderToken
CF27_XBOXUNKNOWN_RTG_SKINTONE_019,data/research/cf27/manifests/skin-tone-evidence-frames/skin_tone_evidence_frame_manifest.json,$.frames[37],catalog_record,PLACEHOLDER,,,,,true,false,false,,placeholderToken
CF27_XBOXUNKNOWN_RTG_SKINTONE_020,data/research/cf27/manifests/skin-tone-evidence-frames/skin_tone_evidence_frame_manifest.json,$.frames[38],catalog_record,PLACEHOLDER,,,,,true,false,false,,placeholderToken
CF27_XBOXUNKNOWN_RTG_SKINTONE_020,data/research/cf27/manifests/skin-tone-evidence-frames/skin_tone_evidence_frame_manifest.json,$.frames[39],catalog_record,PLACEHOLDER,,,,,true,false,false,,placeholderToken
CF27_XBOXUNKNOWN_RTG_SKINTONE_003,data/research/cf27/manifests/skin-tone-evidence-frames/skin_tone_evidence_frame_manifest.json,$.frames[4],catalog_record,PLACEHOLDER,,,,,true,false,false,,placeholderToken
CF27_XBOXUNKNOWN_RTG_SKINTONE_021,data/research/cf27/manifests/skin-tone-evidence-frames/skin_tone_evidence_frame_manifest.json,$.frames[40],catalog_record,PLACEHOLDER,,,,,true,false,false,,placeholderToken
CF27_XBOXUNKNOWN_RTG_SKINTONE_021,data/research/cf27/manifests/skin-tone-evidence-frames/skin_tone_evidence_frame_manifest.json,$.frames[41],catalog_record,PLACEHOLDER,,,,,true,false,false,,placeholderToken
CF27_XBOXUNKNOWN_RTG_SKINTONE_022,data/research/cf27/manifests/skin-tone-evidence-frames/skin_tone_evidence_frame_manifest.json,$.frames[42],catalog_record,PLACEHOLDER,,,,,true,false,false,,placeholderToken
CF27_XBOXUNKNOWN_RTG_SKINTONE_022,data/research/cf27/manifests/skin-tone-evidence-frames/skin_tone_evidence_frame_manifest.json,$.frames[43],catalog_record,PLACEHOLDER,,,,,true,false,false,,placeholderToken
CF27_XBOXUNKNOWN_RTG_SKINTONE_023,data/research/cf27/manifests/skin-tone-evidence-frames/skin_tone_evidence_frame_manifest.json,$.frames[44],catalog_record,PLACEHOLDER,,,,,true,false,false,,placeholderToken
CF27_XBOXUNKNOWN_RTG_SKINTONE_023,data/research/cf27/manifests/skin-tone-evidence-frames/skin_tone_evidence_frame_manifest.json,$.frames[45],catalog_record,PLACEHOLDER,,,,,true,false,false,,placeholderToken
CF27_XBOXUNKNOWN_RTG_SKINTONE_024,data/research/cf27/manifests/skin-tone-evidence-frames/skin_tone_evidence_frame_manifest.json,$.frames[46],catalog_record,PLACEHOLDER,,,,,true,false,false,,placeholderToken
CF27_XBOXUNKNOWN_RTG_SKINTONE_024,data/research/cf27/manifests/skin-tone-evidence-frames/skin_tone_evidence_frame_manifest.json,$.frames[47],catalog_record,PLACEHOLDER,,,,,true,false,false,,placeholderToken
CF27_XBOXUNKNOWN_RTG_SKINTONE_003,data/research/cf27/manifests/skin-tone-evidence-frames/skin_tone_evidence_frame_manifest.json,$.frames[5],catalog_record,PLACEHOLDER,,,,,true,false,false,,placeholderToken
CF27_XBOXUNKNOWN_RTG_SKINTONE_004,data/research/cf27/manifests/skin-tone-evidence-frames/skin_tone_evidence_frame_manifest.json,$.frames[6],catalog_record,PLACEHOLDER,,,,,true,false,false,,placeholderToken
CF27_XBOXUNKNOWN_RTG_SKINTONE_004,data/research/cf27/manifests/skin-tone-evidence-frames/skin_tone_evidence_frame_manifest.json,$.frames[7],catalog_record,PLACEHOLDER,,,,,true,false,false,,placeholderToken
CF27_XBOXUNKNOWN_RTG_SKINTONE_005,data/research/cf27/manifests/skin-tone-evidence-frames/skin_tone_evidence_frame_manifest.json,$.frames[8],catalog_record,PLACEHOLDER,,,,,true,false,false,,placeholderToken
CF27_XBOXUNKNOWN_RTG_SKINTONE_005,data/research/cf27/manifests/skin-tone-evidence-frames/skin_tone_evidence_frame_manifest.json,$.frames[9],catalog_record,PLACEHOLDER,,,,,true,false,false,,placeholderToken
