audit_row_id,row_type,candidate_or_requirement_id,category,native_label_index_order,native_order,existing_source_video,start_timestamp,end_timestamp,existing_derivative_frame_references,clearly_visible,not_visible,required_views,available_views,missing_views,menu_label_visible,native_order_visible,environment_metadata_available,framing_quality,lighting_consistency,obstruction_notes,hairstyle_consistency,facial_hair_consistency,eye_black_or_accessory_obstruction,motion_or_compression_issue,primary_classification,confidence_in_classification,can_frame_reextraction_solve_it,can_second_verifier_review_solve_it,requires_new_recording,exact_reason,exact_next_action,production_eligibility,blocking_reason
video-CF27_XBOX_SOURCE_2026_08_02_001,VIDEO_FILE,CF27_XBOX_SOURCE_2026_08_02_001,Source-video inventory,,,CF27_XBOX_SOURCE_2026_08_02_001,0,240.24,phase0-frame-CF27_XBOX_SOURCE_2026_08_02_001-tl-001; phase0-frame-CF27_XBOX_SOURCE_2026_08_02_001-tl-002; phase0-frame-CF27_XBOX_SOURCE_2026_08_02_001-tl-003; phase0-frame-CF27_XBOX_SOURCE_2026_08_02_001-tl-004; phase0-frame-CF27_XBOX_SOURCE_2026_08_02_001-tl-005; phase0-frame-CF27_XBOX_SOURCE_2026_08_02_001-tl-006; phase0-frame-CF27_XBOX_SOURCE_2026_08_02_001-tl-007; phase0-frame-CF27_XBOX_SOURCE_2026_08_02_001-tl-008; phase0-frame-CF27_XBOX_SOURCE_2026_08_02_001-tl-009; phase0-frame-CF27_XBOX_SOURCE_2026_08_02_001-tl-010; phase0-frame-CF27_XBOX_SOURCE_2026_08_02_001-tl-011; phase0-frame-reextract-req-views-mouth-shape-front; phase0-source-CF27_XBOX_SOURCE_2026_08_02_001,"EA SPORTS™ College Football 27-2026_08_02-21_13_02.mp4 inventory row records 240.24s, 1920x1080, h264 (Main) (avc1 / 0x31637661), SHA-256 bdd75f0ce953aaf9fda0cb187658b9314ae7f6c21f5ab30d7e474549841037d5.",,SOURCE_MASTER,SOURCE_MASTER_REFERENCE,,not_applicable,not_applicable,partial,VIDEO_FILE_LEVEL,VIDEO_FILE_LEVEL,,VIDEO_FILE_LEVEL,VIDEO_FILE_LEVEL,,OPENS_WITH_FFMPEG,CLEAR_EXISTING_EVIDENCE,high,yes,yes,no,The local master opens with ffmpeg and has manifest metadata/hash coverage.,Use this source for timestamp-level review and frame re-extraction where needed.,NOT_ELIGIBLE,Source-video inventory alone does not production-approve catalog records.
video-CF27_XBOX_SOURCE_2026_08_02_002,VIDEO_FILE,CF27_XBOX_SOURCE_2026_08_02_002,Source-video inventory,,,CF27_XBOX_SOURCE_2026_08_02_002,0,235.35,phase0-frame-CF27_XBOX_SOURCE_2026_08_02_002-tl-002; phase0-frame-CF27_XBOX_SOURCE_2026_08_02_002-tl-003; phase0-frame-CF27_XBOX_SOURCE_2026_08_02_002-tl-004; phase0-frame-CF27_XBOX_SOURCE_2026_08_02_002-tl-005; phase0-frame-reextract-req-views-facial-hair-colors-front; phase0-frame-reextract-req-views-hair-colors-front; phase0-source-CF27_XBOX_SOURCE_2026_08_02_002,"EA SPORTS™ College Football 27-2026_08_02-21_18_14.mp4 inventory row records 235.35s, 1920x1080, h264 (Main) (avc1 / 0x31637661), SHA-256 60f68a5c1af4f96f9f18c453440a7f8d6296aa661068b0092f3e41827e553d50.",,SOURCE_MASTER,SOURCE_MASTER_REFERENCE,,not_applicable,not_applicable,partial,VIDEO_FILE_LEVEL,VIDEO_FILE_LEVEL,,VIDEO_FILE_LEVEL,VIDEO_FILE_LEVEL,,OPENS_WITH_FFMPEG,CLEAR_EXISTING_EVIDENCE,high,yes,yes,no,The local master opens with ffmpeg and has manifest metadata/hash coverage.,Use this source for timestamp-level review and frame re-extraction where needed.,NOT_ELIGIBLE,Source-video inventory alone does not production-approve catalog records.
video-CF27_XBOX_SOURCE_2026_08_02_003,VIDEO_FILE,CF27_XBOX_SOURCE_2026_08_02_003,Source-video inventory,,,CF27_XBOX_SOURCE_2026_08_02_003,0,163.8,phase0-frame-CF27_XBOX_SOURCE_2026_08_02_003-tl-002; phase0-frame-CF27_XBOX_SOURCE_2026_08_02_003-tl-003; phase0-frame-CF27_XBOX_SOURCE_2026_08_02_003-tl-004; phase0-frame-CF27_XBOX_SOURCE_2026_08_02_003-tl-005; phase0-source-CF27_XBOX_SOURCE_2026_08_02_003,"EA SPORTS™ College Football 27-2026_08_02-21_21_15.mp4 inventory row records 163.8s, 1920x1080, h264 (Main) (avc1 / 0x31637661), SHA-256 90a29684f972dff7f41c33fb6457ee545a65c94292647ff9d91be1f1bc168586.",,SOURCE_MASTER,SOURCE_MASTER_REFERENCE,,not_applicable,not_applicable,partial,VIDEO_FILE_LEVEL,VIDEO_FILE_LEVEL,,VIDEO_FILE_LEVEL,VIDEO_FILE_LEVEL,,OPENS_WITH_FFMPEG,CLEAR_EXISTING_EVIDENCE,high,yes,yes,no,The local master opens with ffmpeg and has manifest metadata/hash coverage.,Use this source for timestamp-level review and frame re-extraction where needed.,NOT_ELIGIBLE,Source-video inventory alone does not production-approve catalog records.
video-phase0-video-001,VIDEO_FILE,phase0-video-001,Source-video inventory,,,phase0-video-001,0,73.57,phase0-frame-video-001-tl-011; phase0-frame-video-001-tl-012; phase0-source-phase0-video-001,"01_Environment_and_Creation_Path.MP4 inventory row records 73.57s, 1920x1080, h264 (Main) (avc1 / 0x31637661), SHA-256 6f42d3ef2572810fc09ac5138970dee5f325c539925f084a130d3fdcf7c2a0b2.",Source master is a portable OWNER_DOWNLOADS reference and is not locally present in this checkout.,SOURCE_MASTER,SOURCE_MASTER_REFERENCE,,not_applicable,not_applicable,partial,VIDEO_FILE_LEVEL,VIDEO_FILE_LEVEL,,VIDEO_FILE_LEVEL,VIDEO_FILE_LEVEL,,PORTABLE_EXTERNAL_MASTER_NOT_LOCAL,CLEAR_EXISTING_EVIDENCE_WITH_NOTES,high,no,yes,no,"The manifest preserves metadata/hash coverage, but the master is not local in this checkout.","If available, re-add the original master through intake; otherwise review existing derivatives only.",NOT_ELIGIBLE,Source-video inventory alone does not production-approve catalog records.
video-phase0-video-002,VIDEO_FILE,phase0-video-002,Source-video inventory,,,phase0-video-002,0,108.8,phase0-frame-video-002-tl-004; phase0-frame-video-002-tl-005; phase0-frame-video-002-tl-006; phase0-frame-video-002-tl-007; phase0-frame-video-002-tl-008; phase0-frame-video-002-tl-009; phase0-frame-video-002-tl-010; phase0-frame-video-002-tl-011; phase0-frame-video-002-tl-012; phase0-frame-video-002-tl-013; phase0-frame-video-002-tl-014; phase0-frame-video-002-tl-015; phase0-frame-video-002-tl-016; phase0-source-phase0-video-002,"02_Appearance_Menu_Part_1.mp4.MOV inventory row records 108.8s, 1920x1080, h264 (Main) (avc1 / 0x31637661), SHA-256 b016660e24dd24e63b9f1b2412ef08e3e21a905ccc71e8b59adb406d10228a53.",Source master is a portable OWNER_DOWNLOADS reference and is not locally present in this checkout.,SOURCE_MASTER,SOURCE_MASTER_REFERENCE,,not_applicable,not_applicable,partial,VIDEO_FILE_LEVEL,VIDEO_FILE_LEVEL,,VIDEO_FILE_LEVEL,VIDEO_FILE_LEVEL,,PORTABLE_EXTERNAL_MASTER_NOT_LOCAL,CLEAR_EXISTING_EVIDENCE_WITH_NOTES,high,no,yes,no,"The manifest preserves metadata/hash coverage, but the master is not local in this checkout.","If available, re-add the original master through intake; otherwise review existing derivatives only.",NOT_ELIGIBLE,Source-video inventory alone does not production-approve catalog records.
video-phase0-video-003,VIDEO_FILE,phase0-video-003,Source-video inventory,,,phase0-video-003,0,133.02,phase0-frame-video-003-tl-001; phase0-frame-video-003-tl-002; phase0-frame-video-003-tl-003; phase0-frame-video-003-tl-004; phase0-frame-video-003-tl-005; phase0-frame-video-003-tl-006; phase0-frame-video-003-tl-007; phase0-frame-video-003-tl-008; phase0-frame-video-003-tl-009; phase0-frame-video-003-tl-010; phase0-frame-video-003-tl-011; phase0-frame-video-003-tl-012; phase0-frame-video-003-tl-013; phase0-frame-video-003-tl-014; phase0-frame-video-003-tl-015; phase0-source-phase0-video-003,"02_Appearance_Menu_Part_2.mp4.MOV inventory row records 133.02s, 1920x1080, h264 (Main) (avc1 / 0x31637661), SHA-256 c348b96b1414927fca5ab12f8a65cc7668a6fdb22a2622c99e11a984d819a302.",Source master is a portable OWNER_DOWNLOADS reference and is not locally present in this checkout.,SOURCE_MASTER,SOURCE_MASTER_REFERENCE,,not_applicable,not_applicable,partial,VIDEO_FILE_LEVEL,VIDEO_FILE_LEVEL,,VIDEO_FILE_LEVEL,VIDEO_FILE_LEVEL,,PORTABLE_EXTERNAL_MASTER_NOT_LOCAL,CLEAR_EXISTING_EVIDENCE_WITH_NOTES,high,no,yes,no,"The manifest preserves metadata/hash coverage, but the master is not local in this checkout.","If available, re-add the original master through intake; otherwise review existing derivatives only.",NOT_ELIGIBLE,Source-video inventory alone does not production-approve catalog records.
video-phase0-video-004,VIDEO_FILE,phase0-video-004,Source-video inventory,,,phase0-video-004,0,53.82,phase0-frame-reextract-req-views-skin-tone-front; phase0-frame-video-004-tl-002; phase0-frame-video-004-tl-003; phase0-frame-video-004-tl-004; phase0-frame-video-004-tl-005; phase0-frame-video-004-tl-006; phase0-frame-video-004-tl-007; phase0-frame-video-004-tl-008; phase0-frame-video-004-tl-009; phase0-frame-video-004-tl-010; phase0-frame-video-004-tl-011; phase0-frame-video-004-tl-012; phase0-frame-video-004-tl-013; phase0-frame-video-004-tl-014; phase0-frame-video-004-tl-015; phase0-frame-video-004-tl-016; phase0-frame-video-004-tl-017; phase0-frame-video-004-tl-018; phase0-frame-video-004-tl-019; phase0-frame-video-004-tl-020; phase0-frame-video-004-tl-021; phase0-frame-video-004-tl-022; phase0-frame-video-004-tl-023; phase0-source-phase0-video-004,"03_Appearance_Skin_Tone.MP4 inventory row records 53.82s, 1920x1080, h264 (Main) (avc1 / 0x31637661), SHA-256 a65e57da173c1221c9e6472d3cc17ff645871d22ffd2b37fca4f57f83bd75146.",Source master is a portable OWNER_DOWNLOADS reference and is not locally present in this checkout.,SOURCE_MASTER,SOURCE_MASTER_REFERENCE,,not_applicable,not_applicable,partial,VIDEO_FILE_LEVEL,VIDEO_FILE_LEVEL,,VIDEO_FILE_LEVEL,VIDEO_FILE_LEVEL,,PORTABLE_EXTERNAL_MASTER_NOT_LOCAL,CLEAR_EXISTING_EVIDENCE_WITH_NOTES,high,no,yes,no,"The manifest preserves metadata/hash coverage, but the master is not local in this checkout.","If available, re-add the original master through intake; otherwise review existing derivatives only.",NOT_ELIGIBLE,Source-video inventory alone does not production-approve catalog records.
video-phase0-video-005,VIDEO_FILE,phase0-video-005,Source-video inventory,,,phase0-video-005,0,31.72,phase0-frame-reextract-req-views-skin-details-front; phase0-frame-video-005-tl-002; phase0-frame-video-005-tl-003; phase0-frame-video-005-tl-004; phase0-frame-video-005-tl-005; phase0-frame-video-005-tl-006; phase0-frame-video-005-tl-007; phase0-frame-video-005-tl-008; phase0-frame-video-005-tl-009; phase0-frame-video-005-tl-010; phase0-frame-video-005-tl-011; phase0-source-phase0-video-005,"04_Appearance_Skin_Details.MP4 inventory row records 31.72s, 1920x1080, h264 (Main) (avc1 / 0x31637661), SHA-256 a86993245c6762c40ba1e66d4cf3961ba69462eeb6636b20ca0be63e3246b32b.",Source master is a portable OWNER_DOWNLOADS reference and is not locally present in this checkout.,SOURCE_MASTER,SOURCE_MASTER_REFERENCE,,not_applicable,not_applicable,partial,VIDEO_FILE_LEVEL,VIDEO_FILE_LEVEL,,VIDEO_FILE_LEVEL,VIDEO_FILE_LEVEL,,PORTABLE_EXTERNAL_MASTER_NOT_LOCAL,CLEAR_EXISTING_EVIDENCE_WITH_NOTES,high,no,yes,no,"The manifest preserves metadata/hash coverage, but the master is not local in this checkout.","If available, re-add the original master through intake; otherwise review existing derivatives only.",NOT_ELIGIBLE,Source-video inventory alone does not production-approve catalog records.
video-phase0-video-006,VIDEO_FILE,phase0-video-006,Source-video inventory,,,phase0-video-006,0,24.93,phase0-frame-reextract-req-views-eye-shape-front; phase0-frame-video-006-tl-002; phase0-frame-video-006-tl-003; phase0-frame-video-006-tl-004; phase0-frame-video-006-tl-005; phase0-frame-video-006-tl-006; phase0-source-phase0-video-006,"45926e39-7553-43b1-803a-6ddc787c63dd.MP4 inventory row records 24.93s, 1920x1080, h264 (Main) (avc1 / 0x31637661), SHA-256 84bdb04ca232a662a8add3ceef92f021ad6c96d241e536b12c0af968f3d92ca2.",Source master is a portable OWNER_DOWNLOADS reference and is not locally present in this checkout.,SOURCE_MASTER,SOURCE_MASTER_REFERENCE,,not_applicable,not_applicable,partial,VIDEO_FILE_LEVEL,VIDEO_FILE_LEVEL,,VIDEO_FILE_LEVEL,VIDEO_FILE_LEVEL,,PORTABLE_EXTERNAL_MASTER_NOT_LOCAL,CLEAR_EXISTING_EVIDENCE_WITH_NOTES,high,no,yes,no,"The manifest preserves metadata/hash coverage, but the master is not local in this checkout.","If available, re-add the original master through intake; otherwise review existing derivatives only.",NOT_ELIGIBLE,Source-video inventory alone does not production-approve catalog records.
video-phase0-video-007,VIDEO_FILE,phase0-video-007,Source-video inventory,,,phase0-video-007,0,29.33,phase0-frame-reextract-req-views-eye-color-front; phase0-frame-video-007-tl-002; phase0-frame-video-007-tl-003; phase0-frame-video-007-tl-004; phase0-frame-video-007-tl-005; phase0-frame-video-007-tl-006; phase0-frame-video-007-tl-007; phase0-frame-video-007-tl-008; phase0-source-phase0-video-007,"352535 inventory row records 29.33s, 1920x1080, h264 (Main) (avc1 / 0x31637661), SHA-256 c07fdab8d65b19859ae5985dc4fb06bb9919aecf597996ab74463bc6020acfd3.",Source master is a portable OWNER_DOWNLOADS reference and is not locally present in this checkout.,SOURCE_MASTER,SOURCE_MASTER_REFERENCE,,not_applicable,not_applicable,partial,VIDEO_FILE_LEVEL,VIDEO_FILE_LEVEL,,VIDEO_FILE_LEVEL,VIDEO_FILE_LEVEL,,PORTABLE_EXTERNAL_MASTER_NOT_LOCAL,CLEAR_EXISTING_EVIDENCE_WITH_NOTES,high,no,yes,no,"The manifest preserves metadata/hash coverage, but the master is not local in this checkout.","If available, re-add the original master through intake; otherwise review existing derivatives only.",NOT_ELIGIBLE,Source-video inventory alone does not production-approve catalog records.
video-phase0-video-008,VIDEO_FILE,phase0-video-008,Source-video inventory,,,phase0-video-008,0,32.45,phase0-frame-video-008-tl-002; phase0-frame-video-008-tl-003; phase0-frame-video-008-tl-004; phase0-frame-video-008-tl-005; phase0-frame-video-008-tl-006; phase0-frame-video-008-tl-007; phase0-frame-video-008-tl-008; phase0-frame-video-008-tl-009; phase0-source-phase0-video-008,"352537 inventory row records 32.45s, 1920x1080, h264 (Main) (avc1 / 0x31637661), SHA-256 301b6c7ba55233503e54296e55366cdd0468f0c23b5117be6ca5ff0363d5e5b7.",Source master is a portable OWNER_DOWNLOADS reference and is not locally present in this checkout.,SOURCE_MASTER,SOURCE_MASTER_REFERENCE,,not_applicable,not_applicable,partial,VIDEO_FILE_LEVEL,VIDEO_FILE_LEVEL,,VIDEO_FILE_LEVEL,VIDEO_FILE_LEVEL,,PORTABLE_EXTERNAL_MASTER_NOT_LOCAL,CLEAR_EXISTING_EVIDENCE_WITH_NOTES,high,no,yes,no,"The manifest preserves metadata/hash coverage, but the master is not local in this checkout.","If available, re-add the original master through intake; otherwise review existing derivatives only.",NOT_ELIGIBLE,Source-video inventory alone does not production-approve catalog records.
video-phase0-video-009,VIDEO_FILE,phase0-video-009,Source-video inventory,,,phase0-video-009,0,30.21,phase0-frame-video-009-tl-002; phase0-frame-video-009-tl-003; phase0-frame-video-009-tl-004; phase0-frame-video-009-tl-005; phase0-frame-video-009-tl-006; phase0-source-phase0-video-009,"352531 inventory row records 30.21s, 1920x1080, h264 (Main) (avc1 / 0x31637661), SHA-256 e615e0919ebc50da7cdb1ec27ea302e28ac632b01728a88ca28ab0bb1f5902a1.",Source master is a portable OWNER_DOWNLOADS reference and is not locally present in this checkout.,SOURCE_MASTER,SOURCE_MASTER_REFERENCE,,not_applicable,not_applicable,partial,VIDEO_FILE_LEVEL,VIDEO_FILE_LEVEL,,VIDEO_FILE_LEVEL,VIDEO_FILE_LEVEL,,PORTABLE_EXTERNAL_MASTER_NOT_LOCAL,CLEAR_EXISTING_EVIDENCE_WITH_NOTES,high,no,yes,no,"The manifest preserves metadata/hash coverage, but the master is not local in this checkout.","If available, re-add the original master through intake; otherwise review existing derivatives only.",NOT_ELIGIBLE,Source-video inventory alone does not production-approve catalog records.
video-phase0-video-010,VIDEO_FILE,phase0-video-010,Source-video inventory,,,phase0-video-010,0,31.72,,Exact duplicate upload of phase0-video-005; no new coverage.,Source master is a portable OWNER_DOWNLOADS reference and is not locally present in this checkout.,SOURCE_MASTER,SOURCE_MASTER_REFERENCE,,not_applicable,not_applicable,partial,VIDEO_FILE_LEVEL,VIDEO_FILE_LEVEL,,VIDEO_FILE_LEVEL,VIDEO_FILE_LEVEL,,PORTABLE_EXTERNAL_MASTER_NOT_LOCAL,DUPLICATE_UPLOAD_NO_NEW_COVERAGE,high,no,no,no,This upload has the same hash/identity as phase0-video-005 and should not be counted as additional evidence coverage.,Preserve duplicate documentation; do not delete or count as new coverage.,NOT_ELIGIBLE,Source-video inventory alone does not production-approve catalog records.
video-phase0-video-011,VIDEO_FILE,phase0-video-011,Source-video inventory,,,phase0-video-011,0,53.82,,Exact duplicate upload of phase0-video-004; no new coverage.,Source master is a portable OWNER_DOWNLOADS reference and is not locally present in this checkout.,SOURCE_MASTER,SOURCE_MASTER_REFERENCE,,not_applicable,not_applicable,partial,VIDEO_FILE_LEVEL,VIDEO_FILE_LEVEL,,VIDEO_FILE_LEVEL,VIDEO_FILE_LEVEL,,PORTABLE_EXTERNAL_MASTER_NOT_LOCAL,DUPLICATE_UPLOAD_NO_NEW_COVERAGE,high,no,no,no,This upload has the same hash/identity as phase0-video-004 and should not be counted as additional evidence coverage.,Preserve duplicate documentation; do not delete or count as new coverage.,NOT_ELIGIBLE,Source-video inventory alone does not production-approve catalog records.
requirement-REQ-EYEBROWS,EVIDENCE_REQUIREMENT,REQ-EYEBROWS,Additional visible face-matching controls,,,CF27_XBOX_SOURCE_2026_08_02_001; phase0-video-002; phase0-video-003; phase0-video-006; phase0-video-007,0,240.24,,"Existing Head & Skin menu sweeps show Head Template, Skin Tone, Skin Details, Eye Shape, Eye Color, Nose, Ear Shape, Mouth Shape, Jaw Shape, and Chin. No standalone eyebrow, brow shape, or brow color row appears in those inspected menu sweeps.",A standalone eyebrow/brow control is not visible in the directly inspected CF27 Head & Skin menu footage.,MENU,,MENU,yes,partial,partial,REQUIREMENT_LEVEL,REQUIREMENT_LEVEL,,REQUIREMENT_LEVEL,REQUIREMENT_LEVEL,,,NOT_APPLICABLE,medium,no,yes,no,A standalone eyebrow/brow control is not visible in the directly inspected CF27 Head & Skin menu footage.,Do not request a dedicated eyebrow recapture unless future menu evidence reveals a brow-specific row. The second verifier should confirm absence while independently mapping Head & Skin.,NOT_ELIGIBLE,Production remains blocked until verification and production gates pass.
requirement-REQ-APPEARANCE-MENU-MAP,EVIDENCE_REQUIREMENT,REQ-APPEARANCE-MENU-MAP,Appearance menu map,,,CF27_XBOX_SOURCE_2026_08_02_001; CF27_XBOX_SOURCE_2026_08_02_002; CF27_XBOX_SOURCE_2026_08_02_003; phase0-video-001; phase0-video-002; phase0-video-003; phase0-video-004; phase0-video-005; phase0-video-006; phase0-video-007; phase0-video-008; phase0-video-009,,,,Visible menu/category labels include: Appearance menu / Head & Skin row; Head Template; Skin Tone; Skin Details; Eye Shape; Eye Color; Nose; Ear Shape; Mouth Shape; Jaw Shape; Chin; Appearance menu / Hair row; Hair Style; Hair Color; Facial Hair Style; Facial Hair Color; Player body / Styles entry; QB Throw Style; Run Style; QB Under Center Stance; 2-Point Stance rows; College Football hub / Road to Glory navigation; Road to Glory transition/loading; Road to Glory menu/start area; Archetype / prospect selection cards; Player setup / position path; Transition into player creation; Create Player appearance path/menu; Create Player menu navigation; Create Player preview / build-equipment area; Exit confirmation modal; Create Player menu after exit cancellation/return; Create Player / Appearance navigation; Head & Skin submenu; Head Template transition/loading; HEAD TEMPLATE; Head & Skin / Head Template navigation; SKIN TONE; Head & Skin / Head Template / Skin Tone navigation; SKIN DETAILS; Head & Skin navigation toward Eye Shape; EYE SHAPE; Head & Skin navigation toward Eye Color; EYE COLOR; Head & Skin navigation toward Nose; NOSE; Head & Skin navigation toward Ear Shape; EAR SHAPE.,A complete proof of every menu row and scroll boundary is not fully established for production.,,,,yes,partial,partial,REQUIREMENT_LEVEL,REQUIREMENT_LEVEL,,REQUIREMENT_LEVEL,REQUIREMENT_LEVEL,,,CLEAR_EXISTING_EVIDENCE_WITH_NOTES,medium,no,yes,no,A complete proof of every menu row and scroll boundary is not fully established for production.,Use current timelines for verifier review; only targeted boundary clips should be requested where count/order audit rows remain incomplete.,NOT_ELIGIBLE,Production remains blocked until verification and production gates pass.
requirement-REQ-ORDER-body-controls-position-context,EVIDENCE_REQUIREMENT,REQ-ORDER-body-controls-position-context,Body or physique controls,,,phase0-video-001,,,,Body Controls / Position Context count/order audit is complete for current research scope.,,,,,yes,partial,partial,REQUIREMENT_LEVEL,REQUIREMENT_LEVEL,,REQUIREMENT_LEVEL,REQUIREMENT_LEVEL,,,CLEAR_EXISTING_EVIDENCE_WITH_NOTES,medium,no,yes,no,Body Controls / Position Context count/order audit is complete for current research scope.,Second verifier confirmation still required before production.,NOT_ELIGIBLE,Production remains blocked until verification and production gates pass.
requirement-REQ-VIEWS-chin,EVIDENCE_REQUIREMENT,REQ-VIEWS-chin,Chin,,,CF27_XBOX_SOURCE_2026_08_02_001,,,phase0-frame-CF27_XBOX_SOURCE_2026_08_02_001-tl-011,Chin has current menu/selected-value evidence for 1 candidate row(s).,"Missing required production view(s): FRONT, LEFT_PROFILE, RIGHT_PROFILE.",FRONT; LEFT_PROFILE; RIGHT_PROFILE,,FRONT; LEFT_PROFILE; RIGHT_PROFILE,yes,partial,partial,REQUIREMENT_LEVEL,REQUIREMENT_LEVEL,,REQUIREMENT_LEVEL,REQUIREMENT_LEVEL,,,GENUINE_RECAPTURE_REQUIRED,high,no,no,yes,"Missing required production view(s): FRONT, LEFT_PROFILE, RIGHT_PROFILE.",Record targeted Chin views with canonical settings; do not rerecord unrelated categories.,NOT_ELIGIBLE,Existing footage was inspected and cannot satisfy this production requirement; frame extraction and verifier review cannot create the missing fact/view/boundary.
requirement-REQ-DEPENDENCY-TESTS,EVIDENCE_REQUIREMENT,REQ-DEPENDENCY-TESTS,Dependency tests,,,,,,,"No current candidate is marked with a dependency flag, and body/style context is visible.","Controlled one-variable dependency tests for position, archetype, head, skin, hairstyle, facial hair, online/offline, patch, and platform.",DEPENDENCY_TEST,,DEPENDENCY_TEST,yes,no,partial,REQUIREMENT_LEVEL,REQUIREMENT_LEVEL,,REQUIREMENT_LEVEL,REQUIREMENT_LEVEL,,,GENUINE_RECAPTURE_REQUIRED,high,no,no,yes,"Controlled one-variable dependency tests for position, archetype, head, skin, hairstyle, facial hair, online/offline, patch, and platform.","After primary category capture is complete, record targeted one-variable dependency tests for the supported environment. Do not mark unexecuted dependencies as passed.",NOT_ELIGIBLE,Existing footage was inspected and cannot satisfy this production requirement; frame extraction and verifier review cannot create the missing fact/view/boundary.
requirement-REQ-ORDER-ear-shape,EVIDENCE_REQUIREMENT,REQ-ORDER-ear-shape,Ear shape,,,phase0-video-009,,,,Ear Shape has observed options with evidence for every claimed option row where present.,"Selector beginning/final boundary, two complete counts, wrap behavior, or native-order continuity is not production-proven: beginningBoundary: NOT_DEMONSTRATED_AS_SELECTOR_BOUNDARY; endingBoundary: NOT_DEMONSTRATED_AS_SELECTOR_BOUNDARY; twoCompleteCounts: Two complete independent counts are not available.; repeatedIndices: Repeated selected indices or labels: 2.; wrappingBehavior: NOT_DEMONSTRATED; countMatchesRecordTotal: No total count is claimed, so count cannot be matched to record total.; unprovenFinalOptionClaims: LAST_OBSERVED_IN_CURRENT_FOOTAGE_NOT_PROVEN_FINAL_AVAILABLE",MENU,,MENU,yes,partial,partial,REQUIREMENT_LEVEL,REQUIREMENT_LEVEL,,REQUIREMENT_LEVEL,REQUIREMENT_LEVEL,,,GENUINE_RECAPTURE_REQUIRED,high,no,no,yes,"Selector beginning/final boundary, two complete counts, wrap behavior, or native-order continuity is not production-proven: beginningBoundary: NOT_DEMONSTRATED_AS_SELECTOR_BOUNDARY; endingBoundary: NOT_DEMONSTRATED_AS_SELECTOR_BOUNDARY; twoCompleteCounts: Two complete independent counts are not available.; repeatedIndices: Repeated selected indices or labels: 2.; wrappingBehavior: NOT_DEMONSTRATED; countMatchesRecordTotal: No total count is claimed, so count cannot be matched to record total.; unprovenFinalOptionClaims: LAST_OBSERVED_IN_CURRENT_FOOTAGE_NOT_PROVEN_FINAL_AVAILABLE","Record the shortest possible Ear Shape boundary/order clip: first value, every selected transition needed for the current gap, final value, and wrap/no-wrap proof.",NOT_ELIGIBLE,Existing footage was inspected and cannot satisfy this production requirement; frame extraction and verifier review cannot create the missing fact/view/boundary.
requirement-REQ-VIEWS-ear-shape,EVIDENCE_REQUIREMENT,REQ-VIEWS-ear-shape,Ear shape,,,phase0-video-009,,,phase0-frame-video-009-tl-003; phase0-frame-video-009-tl-002; phase0-frame-video-009-tl-004; phase0-frame-video-009-tl-005; phase0-frame-video-009-tl-006,Ear Shape has selected-value menu evidence plus profile-oriented preview frames in phase0-video-009 and the August 2026 Head & Skin sweep.,"Current derivatives do not yet isolate the requested LEFT_PROFILE, RIGHT_PROFILE view(s) for every affected ear-shape candidate.",LEFT_PROFILE; RIGHT_PROFILE,MENU; FRONT; PROFILE_ORIENTED_PREVIEW_IN_SOURCE_VIDEO,LEFT_PROFILE; RIGHT_PROFILE,yes,partial,partial,SOURCE_CONTAINS_PREVIEW_BUT_CURRENT_VIEW_TAG_INADEQUATE,REQUIREMENT_LEVEL,,REQUIREMENT_LEVEL,REQUIREMENT_LEVEL,,,FRAME_REEXTRACTION_REQUIRED,high,yes,yes,no,"Current derivatives do not yet isolate the requested LEFT_PROFILE, RIGHT_PROFILE view(s) for every affected ear-shape candidate.",Extract best full-resolution profile evidence frames from existing Ear Shape footage before requesting any new Xbox recording.,NOT_ELIGIBLE,Production remains blocked until verification and production gates pass.
requirement-REQ-ORDER-eye-color,EVIDENCE_REQUIREMENT,REQ-ORDER-eye-color,Eye color,,,phase0-video-007,,,,Eye Color has observed options with evidence for every claimed option row where present.,"Selector beginning/final boundary, two complete counts, wrap behavior, or native-order continuity is not production-proven: beginningBoundary: NOT_DEMONSTRATED_AS_SELECTOR_BOUNDARY; endingBoundary: NOT_DEMONSTRATED_AS_SELECTOR_BOUNDARY; twoCompleteCounts: Two complete independent counts are not available.; wrappingBehavior: NOT_DEMONSTRATED; countMatchesRecordTotal: No total count is claimed, so count cannot be matched to record total.; unprovenFinalOptionClaims: LAST_OBSERVED_IN_CURRENT_FOOTAGE_NOT_PROVEN_FINAL_AVAILABLE",MENU,,MENU,yes,partial,partial,REQUIREMENT_LEVEL,REQUIREMENT_LEVEL,,REQUIREMENT_LEVEL,REQUIREMENT_LEVEL,,,GENUINE_RECAPTURE_REQUIRED,high,no,no,yes,"Selector beginning/final boundary, two complete counts, wrap behavior, or native-order continuity is not production-proven: beginningBoundary: NOT_DEMONSTRATED_AS_SELECTOR_BOUNDARY; endingBoundary: NOT_DEMONSTRATED_AS_SELECTOR_BOUNDARY; twoCompleteCounts: Two complete independent counts are not available.; wrappingBehavior: NOT_DEMONSTRATED; countMatchesRecordTotal: No total count is claimed, so count cannot be matched to record total.; unprovenFinalOptionClaims: LAST_OBSERVED_IN_CURRENT_FOOTAGE_NOT_PROVEN_FINAL_AVAILABLE","Record the shortest possible Eye Color boundary/order clip: first value, every selected transition needed for the current gap, final value, and wrap/no-wrap proof.",NOT_ELIGIBLE,Existing footage was inspected and cannot satisfy this production requirement; frame extraction and verifier review cannot create the missing fact/view/boundary.
requirement-REQ-VIEWS-eye-color,EVIDENCE_REQUIREMENT,REQ-VIEWS-eye-color,Eye color,,,phase0-video-007,,,phase0-frame-video-007-tl-002; phase0-frame-video-007-tl-003; phase0-frame-video-007-tl-004; phase0-frame-video-007-tl-005; phase0-frame-video-007-tl-008; phase0-frame-video-007-tl-007; phase0-frame-video-007-tl-006; phase0-frame-reextract-req-views-eye-color-front,"Eye Color has current menu/selected-value evidence for 7 candidate row(s), and recovered front evidence phase0-frame-reextract-req-views-eye-color-front at phase0-video-007 @ 13s is available for verifier review.",Per-candidate standardized production imagery is still not proven; this frame recovery only removes the need for a new Xbox recording solely for the category-level front-view audit gap.,FRONT,FRONT,,yes,partial,partial,REQUIREMENT_LEVEL,REQUIREMENT_LEVEL,,REQUIREMENT_LEVEL,REQUIREMENT_LEVEL,,,SECOND_VERIFIER_CONFIRMATION_REQUIRED,high,yes,yes,no,Per-candidate standardized production imagery is still not proven; this frame recovery only removes the need for a new Xbox recording solely for the category-level front-view audit gap.,Second verifier should inspect recovered front frame phase0-frame-reextract-req-views-eye-color-front; do not request a new recording solely for this front-view audit gap.,NOT_ELIGIBLE,Production remains blocked until verification and production gates pass.
requirement-REQ-ORDER-eye-shape,EVIDENCE_REQUIREMENT,REQ-ORDER-eye-shape,Eye shape,,,phase0-video-006,,,,Eye Shape has observed options with evidence for every claimed option row where present.,"Selector beginning/final boundary, two complete counts, wrap behavior, or native-order continuity is not production-proven: beginningBoundary: NOT_DEMONSTRATED_AS_SELECTOR_BOUNDARY; endingBoundary: NOT_DEMONSTRATED_AS_SELECTOR_BOUNDARY; twoCompleteCounts: Two complete independent counts are not available.; wrappingBehavior: NOT_DEMONSTRATED; countMatchesRecordTotal: No total count is claimed, so count cannot be matched to record total.; unprovenFinalOptionClaims: LAST_OBSERVED_IN_CURRENT_FOOTAGE_NOT_PROVEN_FINAL_AVAILABLE",MENU,,MENU,yes,partial,partial,REQUIREMENT_LEVEL,REQUIREMENT_LEVEL,,REQUIREMENT_LEVEL,REQUIREMENT_LEVEL,,,GENUINE_RECAPTURE_REQUIRED,high,no,no,yes,"Selector beginning/final boundary, two complete counts, wrap behavior, or native-order continuity is not production-proven: beginningBoundary: NOT_DEMONSTRATED_AS_SELECTOR_BOUNDARY; endingBoundary: NOT_DEMONSTRATED_AS_SELECTOR_BOUNDARY; twoCompleteCounts: Two complete independent counts are not available.; wrappingBehavior: NOT_DEMONSTRATED; countMatchesRecordTotal: No total count is claimed, so count cannot be matched to record total.; unprovenFinalOptionClaims: LAST_OBSERVED_IN_CURRENT_FOOTAGE_NOT_PROVEN_FINAL_AVAILABLE","Record the shortest possible Eye Shape boundary/order clip: first value, every selected transition needed for the current gap, final value, and wrap/no-wrap proof.",NOT_ELIGIBLE,Existing footage was inspected and cannot satisfy this production requirement; frame extraction and verifier review cannot create the missing fact/view/boundary.
requirement-REQ-VIEWS-eye-shape,EVIDENCE_REQUIREMENT,REQ-VIEWS-eye-shape,Eye shape,,,phase0-video-006,,,phase0-frame-video-006-tl-002; phase0-frame-video-006-tl-003; phase0-frame-video-006-tl-004; phase0-frame-video-006-tl-005; phase0-frame-video-006-tl-006; phase0-frame-reextract-req-views-eye-shape-front,"Eye Shape has current menu/selected-value evidence for 5 candidate row(s), and recovered front evidence phase0-frame-reextract-req-views-eye-shape-front at phase0-video-006 @ 14s is available for verifier review.",Per-candidate standardized production imagery is still not proven; this frame recovery only removes the need for a new Xbox recording solely for the category-level front-view audit gap.,FRONT,FRONT,,yes,partial,partial,REQUIREMENT_LEVEL,REQUIREMENT_LEVEL,,REQUIREMENT_LEVEL,REQUIREMENT_LEVEL,,,SECOND_VERIFIER_CONFIRMATION_REQUIRED,high,yes,yes,no,Per-candidate standardized production imagery is still not proven; this frame recovery only removes the need for a new Xbox recording solely for the category-level front-view audit gap.,Second verifier should inspect recovered front frame phase0-frame-reextract-req-views-eye-shape-front; do not request a new recording solely for this front-view audit gap.,NOT_ELIGIBLE,Production remains blocked until verification and production gates pass.
requirement-REQ-ORDER-facial-hair,EVIDENCE_REQUIREMENT,REQ-ORDER-facial-hair,Facial hair,,,CF27_XBOX_SOURCE_2026_08_02_002,,,,Facial Hair has observed options with evidence for every claimed option row where present.,"Selector beginning/final boundary, two complete counts, wrap behavior, or native-order continuity is not production-proven: beginningBoundary: No selected values are captured.; endingBoundary: No selected values are captured.; twoCompleteCounts: Two complete independent counts are not available.; nativeOrderContinuity: No native-order rows are available to audit.; missingIndices: No selected values are captured.; wrappingBehavior: NOT_OBSERVED; countMatchesRecordTotal: No total count is claimed, so count cannot be matched to record total.; evidenceForEveryClaimedOption: No claimed options exist; category is incomplete because no selected values are captured.; unprovenFinalOptionClaims: No final option is proven.",MENU,,MENU,yes,partial,partial,REQUIREMENT_LEVEL,REQUIREMENT_LEVEL,,REQUIREMENT_LEVEL,REQUIREMENT_LEVEL,,,GENUINE_RECAPTURE_REQUIRED,high,no,no,yes,"Selector beginning/final boundary, two complete counts, wrap behavior, or native-order continuity is not production-proven: beginningBoundary: No selected values are captured.; endingBoundary: No selected values are captured.; twoCompleteCounts: Two complete independent counts are not available.; nativeOrderContinuity: No native-order rows are available to audit.; missingIndices: No selected values are captured.; wrappingBehavior: NOT_OBSERVED; countMatchesRecordTotal: No total count is claimed, so count cannot be matched to record total.; evidenceForEveryClaimedOption: No claimed options exist; category is incomplete because no selected values are captured.; unprovenFinalOptionClaims: No final option is proven.","Record the shortest possible Facial Hair boundary/order clip: first value, every selected transition needed for the current gap, final value, and wrap/no-wrap proof.",NOT_ELIGIBLE,Existing footage was inspected and cannot satisfy this production requirement; frame extraction and verifier review cannot create the missing fact/view/boundary.
requirement-REQ-VIEWS-facial-hair,EVIDENCE_REQUIREMENT,REQ-VIEWS-facial-hair,Facial hair,,,CF27_XBOX_SOURCE_2026_08_02_002,,,phase0-frame-CF27_XBOX_SOURCE_2026_08_02_002-tl-004,Facial hair has selected-value menu evidence and rotating facial-hair preview coverage in CF27_XBOX_SOURCE_2026_08_02_002; the source video contains multiple usable angles for the affected facial-hair rows.,"Current derivatives do not yet isolate the requested FRONT, LEFT_3Q, LEFT_PROFILE, RIGHT_3Q, RIGHT_PROFILE view(s) for all 1 affected facial-hair candidate(s).",FRONT; LEFT_3Q; LEFT_PROFILE; RIGHT_3Q; RIGHT_PROFILE,MENU; FRONT; THREE_QUARTER; PROFILE_ORIENTED_PREVIEW_IN_SOURCE_VIDEO,FRONT; LEFT_3Q; LEFT_PROFILE; RIGHT_3Q; RIGHT_PROFILE,yes,partial,partial,SOURCE_CONTAINS_PREVIEW_BUT_CURRENT_VIEW_TAG_INADEQUATE,REQUIREMENT_LEVEL,,REQUIREMENT_LEVEL,REQUIREMENT_LEVEL,,,FRAME_REEXTRACTION_REQUIRED,high,yes,yes,no,"Current derivatives do not yet isolate the requested FRONT, LEFT_3Q, LEFT_PROFILE, RIGHT_3Q, RIGHT_PROFILE view(s) for all 1 affected facial-hair candidate(s).","Extract standardized front, three-quarter, and profile facial-hair frames from the existing Facial Hair Style footage before requesting a new Xbox recording.",NOT_ELIGIBLE,Production remains blocked until verification and production gates pass.
requirement-REQ-ORDER-facial-hair-color,EVIDENCE_REQUIREMENT,REQ-ORDER-facial-hair-color,Facial-hair colors,,,CF27_XBOX_SOURCE_2026_08_02_002,,,,Facial-Hair Color has observed options with evidence for every claimed option row where present.,"Selector beginning/final boundary, two complete counts, wrap behavior, or native-order continuity is not production-proven: beginningBoundary: No selected values are captured.; endingBoundary: No selected values are captured.; twoCompleteCounts: Two complete independent counts are not available.; nativeOrderContinuity: No native-order rows are available to audit.; missingIndices: No selected values are captured.; wrappingBehavior: NOT_OBSERVED; countMatchesRecordTotal: No total count is claimed, so count cannot be matched to record total.; evidenceForEveryClaimedOption: No claimed options exist; category is incomplete because no selected values are captured.; unprovenFinalOptionClaims: No final option is proven.",MENU,,MENU,yes,partial,partial,REQUIREMENT_LEVEL,REQUIREMENT_LEVEL,,REQUIREMENT_LEVEL,REQUIREMENT_LEVEL,,,GENUINE_RECAPTURE_REQUIRED,high,no,no,yes,"Selector beginning/final boundary, two complete counts, wrap behavior, or native-order continuity is not production-proven: beginningBoundary: No selected values are captured.; endingBoundary: No selected values are captured.; twoCompleteCounts: Two complete independent counts are not available.; nativeOrderContinuity: No native-order rows are available to audit.; missingIndices: No selected values are captured.; wrappingBehavior: NOT_OBSERVED; countMatchesRecordTotal: No total count is claimed, so count cannot be matched to record total.; evidenceForEveryClaimedOption: No claimed options exist; category is incomplete because no selected values are captured.; unprovenFinalOptionClaims: No final option is proven.","Record the shortest possible Facial-Hair Color boundary/order clip: first value, every selected transition needed for the current gap, final value, and wrap/no-wrap proof.",NOT_ELIGIBLE,Existing footage was inspected and cannot satisfy this production requirement; frame extraction and verifier review cannot create the missing fact/view/boundary.
requirement-REQ-VIEWS-facial-hair-colors,EVIDENCE_REQUIREMENT,REQ-VIEWS-facial-hair-colors,Facial-hair colors,,,CF27_XBOX_SOURCE_2026_08_02_002,,,phase0-frame-CF27_XBOX_SOURCE_2026_08_02_002-tl-005; phase0-frame-reextract-req-views-facial-hair-colors-front,"Facial-hair colors has current menu/selected-value evidence for 1 candidate row(s), and recovered front evidence phase0-frame-reextract-req-views-facial-hair-colors-front at CF27_XBOX_SOURCE_2026_08_02_002 @ 225.5s is available for verifier review.",Per-candidate standardized production imagery is still not proven; this frame recovery only removes the need for a new Xbox recording solely for the category-level front-view audit gap.,FRONT,FRONT,,yes,partial,partial,REQUIREMENT_LEVEL,REQUIREMENT_LEVEL,,REQUIREMENT_LEVEL,REQUIREMENT_LEVEL,,,SECOND_VERIFIER_CONFIRMATION_REQUIRED,high,yes,yes,no,Per-candidate standardized production imagery is still not proven; this frame recovery only removes the need for a new Xbox recording solely for the category-level front-view audit gap.,Second verifier should inspect recovered front frame phase0-frame-reextract-req-views-facial-hair-colors-front; do not request a new recording solely for this front-view audit gap.,NOT_ELIGIBLE,Production remains blocked until verification and production gates pass.
requirement-REQ-GAME-TITLE,EVIDENCE_REQUIREMENT,REQ-GAME-TITLE,Game title/version/update evidence,,,CF27_XBOX_SOURCE_2026_08_02_001; CF27_XBOX_SOURCE_2026_08_02_002; CF27_XBOX_SOURCE_2026_08_02_003,,,,EA SPORTS College Football 27 is visible in August source-video UI/footer frames.,Executable version and patch/update text are not visible.,,,,yes,no,partial,REQUIREMENT_LEVEL,REQUIREMENT_LEVEL,,REQUIREMENT_LEVEL,REQUIREMENT_LEVEL,,,CLEAR_EXISTING_EVIDENCE_WITH_NOTES,medium,no,yes,no,Executable version and patch/update text are not visible.,Use existing August footage for game-title confirmation; do not rerecord solely for title text.,NOT_ELIGIBLE,Production remains blocked until verification and production gates pass.
requirement-REQ-VERSION-PATCH-PLATFORM,EVIDENCE_REQUIREMENT,REQ-VERSION-PATCH-PLATFORM,Game title/version/update evidence,,,CF27_XBOX_SOURCE_2026_08_02_001; CF27_XBOX_SOURCE_2026_08_02_002; CF27_XBOX_SOURCE_2026_08_02_003,,,,Direct game title is visible; source filenames and owner context indicate Xbox-era recordings but are not production proof.,"Game version, patch/title update, console platform screen, online/account state, and executable metadata.",ENVIRONMENT_SCREEN,,ENVIRONMENT_SCREEN,yes,no,partial,REQUIREMENT_LEVEL,REQUIREMENT_LEVEL,,REQUIREMENT_LEVEL,REQUIREMENT_LEVEL,,,GENUINE_RECAPTURE_REQUIRED,high,no,no,yes,"Game version, patch/title update, console platform screen, online/account state, and executable metadata.",Record a short environment clip showing game information/version/patch/platform without exposing private account data.,NOT_ELIGIBLE,Existing footage was inspected and cannot satisfy this production requirement; frame extraction and verifier review cannot create the missing fact/view/boundary.
requirement-REQ-ORDER-hair-color,EVIDENCE_REQUIREMENT,REQ-ORDER-hair-color,Hair colors,,,CF27_XBOX_SOURCE_2026_08_02_002,,,,Hair Color has observed options with evidence for every claimed option row where present.,"Selector beginning/final boundary, two complete counts, wrap behavior, or native-order continuity is not production-proven: beginningBoundary: No selected values are captured.; endingBoundary: No selected values are captured.; twoCompleteCounts: Two complete independent counts are not available.; nativeOrderContinuity: No native-order rows are available to audit.; missingIndices: No selected values are captured.; wrappingBehavior: NOT_OBSERVED; countMatchesRecordTotal: No total count is claimed, so count cannot be matched to record total.; evidenceForEveryClaimedOption: No claimed options exist; category is incomplete because no selected values are captured.; unprovenFinalOptionClaims: No final option is proven.",MENU,,MENU,yes,partial,partial,REQUIREMENT_LEVEL,REQUIREMENT_LEVEL,,REQUIREMENT_LEVEL,REQUIREMENT_LEVEL,,,GENUINE_RECAPTURE_REQUIRED,high,no,no,yes,"Selector beginning/final boundary, two complete counts, wrap behavior, or native-order continuity is not production-proven: beginningBoundary: No selected values are captured.; endingBoundary: No selected values are captured.; twoCompleteCounts: Two complete independent counts are not available.; nativeOrderContinuity: No native-order rows are available to audit.; missingIndices: No selected values are captured.; wrappingBehavior: NOT_OBSERVED; countMatchesRecordTotal: No total count is claimed, so count cannot be matched to record total.; evidenceForEveryClaimedOption: No claimed options exist; category is incomplete because no selected values are captured.; unprovenFinalOptionClaims: No final option is proven.","Record the shortest possible Hair Color boundary/order clip: first value, every selected transition needed for the current gap, final value, and wrap/no-wrap proof.",NOT_ELIGIBLE,Existing footage was inspected and cannot satisfy this production requirement; frame extraction and verifier review cannot create the missing fact/view/boundary.
requirement-REQ-VIEWS-hair-colors,EVIDENCE_REQUIREMENT,REQ-VIEWS-hair-colors,Hair colors,,,CF27_XBOX_SOURCE_2026_08_02_002,,,phase0-frame-CF27_XBOX_SOURCE_2026_08_02_002-tl-003; phase0-frame-reextract-req-views-hair-colors-front,"Hair colors has current menu/selected-value evidence for 1 candidate row(s), and recovered front evidence phase0-frame-reextract-req-views-hair-colors-front at CF27_XBOX_SOURCE_2026_08_02_002 @ 100.5s is available for verifier review.",Per-candidate standardized production imagery is still not proven; this frame recovery only removes the need for a new Xbox recording solely for the category-level front-view audit gap.,FRONT,FRONT,,yes,partial,partial,REQUIREMENT_LEVEL,REQUIREMENT_LEVEL,,REQUIREMENT_LEVEL,REQUIREMENT_LEVEL,,,SECOND_VERIFIER_CONFIRMATION_REQUIRED,high,yes,yes,no,Per-candidate standardized production imagery is still not proven; this frame recovery only removes the need for a new Xbox recording solely for the category-level front-view audit gap.,Second verifier should inspect recovered front frame phase0-frame-reextract-req-views-hair-colors-front; do not request a new recording solely for this front-view audit gap.,NOT_ELIGIBLE,Production remains blocked until verification and production gates pass.
requirement-REQ-ORDER-hairstyles,EVIDENCE_REQUIREMENT,REQ-ORDER-hairstyles,Hairstyles,,,CF27_XBOX_SOURCE_2026_08_02_002,,,,Hairstyles has observed options with evidence for every claimed option row where present.,"Selector beginning/final boundary, two complete counts, wrap behavior, or native-order continuity is not production-proven: beginningBoundary: No selected values are captured.; endingBoundary: No selected values are captured.; twoCompleteCounts: Two complete independent counts are not available.; nativeOrderContinuity: No native-order rows are available to audit.; missingIndices: No selected values are captured.; wrappingBehavior: Wrapping behavior is not proven.; countMatchesRecordTotal: No total count is claimed, so count cannot be matched to record total.; evidenceForEveryClaimedOption: No claimed options exist; category is incomplete because no selected values are captured.; unprovenFinalOptionClaims: No final option is proven.",MENU,,MENU,yes,partial,partial,REQUIREMENT_LEVEL,REQUIREMENT_LEVEL,,REQUIREMENT_LEVEL,REQUIREMENT_LEVEL,,,GENUINE_RECAPTURE_REQUIRED,high,no,no,yes,"Selector beginning/final boundary, two complete counts, wrap behavior, or native-order continuity is not production-proven: beginningBoundary: No selected values are captured.; endingBoundary: No selected values are captured.; twoCompleteCounts: Two complete independent counts are not available.; nativeOrderContinuity: No native-order rows are available to audit.; missingIndices: No selected values are captured.; wrappingBehavior: Wrapping behavior is not proven.; countMatchesRecordTotal: No total count is claimed, so count cannot be matched to record total.; evidenceForEveryClaimedOption: No claimed options exist; category is incomplete because no selected values are captured.; unprovenFinalOptionClaims: No final option is proven.","Record the shortest possible Hairstyles boundary/order clip: first value, every selected transition needed for the current gap, final value, and wrap/no-wrap proof.",NOT_ELIGIBLE,Existing footage was inspected and cannot satisfy this production requirement; frame extraction and verifier review cannot create the missing fact/view/boundary.
requirement-REQ-VIEWS-hairstyles,EVIDENCE_REQUIREMENT,REQ-VIEWS-hairstyles,Hairstyles,,,CF27_XBOX_SOURCE_2026_08_02_002,,,phase0-frame-CF27_XBOX_SOURCE_2026_08_02_002-tl-002,Hairstyles has selected-value menu evidence and rotating head/hair preview coverage in CF27_XBOX_SOURCE_2026_08_02_002; the source video contains multiple usable angles for the affected hairstyle rows.,"Current derivatives do not yet isolate the requested FRONT, LEFT_3Q, LEFT_PROFILE, REAR, RIGHT_PROFILE, RIGHT_3Q view(s) for all 1 affected hairstyle candidate(s).",FRONT; LEFT_3Q; LEFT_PROFILE; REAR; RIGHT_PROFILE; RIGHT_3Q,MENU; FRONT; THREE_QUARTER; PROFILE_ORIENTED_PREVIEW; REAR_ORIENTED_PREVIEW_IN_SOURCE_VIDEO,FRONT; LEFT_3Q; LEFT_PROFILE; REAR; RIGHT_PROFILE; RIGHT_3Q,yes,partial,partial,SOURCE_CONTAINS_PREVIEW_BUT_CURRENT_VIEW_TAG_INADEQUATE,REQUIREMENT_LEVEL,,REQUIREMENT_LEVEL,REQUIREMENT_LEVEL,,,FRAME_REEXTRACTION_REQUIRED,high,yes,yes,no,"Current derivatives do not yet isolate the requested FRONT, LEFT_3Q, LEFT_PROFILE, REAR, RIGHT_PROFILE, RIGHT_3Q view(s) for all 1 affected hairstyle candidate(s).","Extract standardized front, three-quarter, profile, and rear hairstyle frames from the existing Hair Style footage before requesting a new Xbox recording.",NOT_ELIGIBLE,Production remains blocked until verification and production gates pass.
requirement-REQ-ORDER-head-template,EVIDENCE_REQUIREMENT,REQ-ORDER-head-template,Head templates,,,phase0-video-002; phase0-video-003,,,,Head Template has observed options with evidence for every claimed option row where present.,"Selector beginning/final boundary, two complete counts, wrap behavior, or native-order continuity is not production-proven: endingBoundary: The recording does not demonstrate the final selector boundary or a terminal no-more-options state.; twoCompleteCounts: Two complete independent counts are not available.; nativeOrderContinuity: Missing native indices within observed range: 15, 19, 20, 25, 26.; missingIndices: Missing indices: 15, 19, 20, 25, 26.; repeatedIndices: Repeated selected indices: 12, 16.; wrappingBehavior: No selector wrap from final option back to first option is shown.; countMatchesRecordTotal: No total count is claimed, so count cannot be matched to record total.; unprovenFinalOptionClaims: Face 30 and Face 31 are directly observed before the recording ends on Face 29, and no end or wrap behavior is shown.",MENU,,MENU,yes,partial,partial,REQUIREMENT_LEVEL,REQUIREMENT_LEVEL,,REQUIREMENT_LEVEL,REQUIREMENT_LEVEL,,,GENUINE_RECAPTURE_REQUIRED,high,no,no,yes,"Selector beginning/final boundary, two complete counts, wrap behavior, or native-order continuity is not production-proven: endingBoundary: The recording does not demonstrate the final selector boundary or a terminal no-more-options state.; twoCompleteCounts: Two complete independent counts are not available.; nativeOrderContinuity: Missing native indices within observed range: 15, 19, 20, 25, 26.; missingIndices: Missing indices: 15, 19, 20, 25, 26.; repeatedIndices: Repeated selected indices: 12, 16.; wrappingBehavior: No selector wrap from final option back to first option is shown.; countMatchesRecordTotal: No total count is claimed, so count cannot be matched to record total.; unprovenFinalOptionClaims: Face 30 and Face 31 are directly observed before the recording ends on Face 29, and no end or wrap behavior is shown.","Record the shortest possible Head Template boundary/order clip: first value, every selected transition needed for the current gap, final value, and wrap/no-wrap proof.",NOT_ELIGIBLE,Existing footage was inspected and cannot satisfy this production requirement; frame extraction and verifier review cannot create the missing fact/view/boundary.
requirement-REQ-VIEWS-heads,EVIDENCE_REQUIREMENT,REQ-VIEWS-heads,Head templates,,,phase0-video-002; phase0-video-003,,,phase0-frame-video-002-tl-004; phase0-frame-video-002-tl-005; phase0-frame-video-002-tl-006; phase0-frame-video-002-tl-007; phase0-frame-video-002-tl-011; phase0-frame-video-002-tl-010; phase0-frame-video-002-tl-009; phase0-frame-video-002-tl-008; phase0-frame-video-002-tl-012; phase0-frame-video-002-tl-013; phase0-frame-video-002-tl-014; phase0-frame-video-002-tl-015; phase0-frame-video-003-tl-001; phase0-frame-video-003-tl-004; phase0-frame-video-003-tl-003; phase0-frame-video-003-tl-002; phase0-frame-video-002-tl-016; phase0-frame-video-003-tl-005; phase0-frame-video-003-tl-006; phase0-frame-video-003-tl-010; phase0-frame-video-003-tl-009; phase0-frame-video-003-tl-007; phase0-frame-video-003-tl-008; phase0-frame-video-003-tl-011; phase0-frame-video-003-tl-012; phase0-frame-video-003-tl-015; phase0-frame-video-003-tl-014; phase0-frame-video-003-tl-013,Heads has current menu/selected-value evidence for 26 candidate row(s).,"Missing required production view(s): FRONT, LEFT_3Q, LEFT_PROFILE, RIGHT_3Q, RIGHT_PROFILE, REAR.",FRONT; LEFT_3Q; LEFT_PROFILE; RIGHT_3Q; RIGHT_PROFILE; REAR,,FRONT; LEFT_3Q; LEFT_PROFILE; RIGHT_3Q; RIGHT_PROFILE; REAR,yes,partial,partial,REQUIREMENT_LEVEL,REQUIREMENT_LEVEL,,REQUIREMENT_LEVEL,REQUIREMENT_LEVEL,,,GENUINE_RECAPTURE_REQUIRED,high,no,no,yes,"Missing required production view(s): FRONT, LEFT_3Q, LEFT_PROFILE, RIGHT_3Q, RIGHT_PROFILE, REAR.",Record targeted Heads views with canonical settings; do not rerecord unrelated categories.,NOT_ELIGIBLE,Existing footage was inspected and cannot satisfy this production requirement; frame extraction and verifier review cannot create the missing fact/view/boundary.
requirement-REQ-VIEWS-jaw-shape,EVIDENCE_REQUIREMENT,REQ-VIEWS-jaw-shape,Jaw shape,,,CF27_XBOX_SOURCE_2026_08_02_001,,,phase0-frame-CF27_XBOX_SOURCE_2026_08_02_001-tl-010,Jaw Shape has current menu/selected-value evidence for 1 candidate row(s).,"Missing required production view(s): FRONT, LEFT_PROFILE, RIGHT_PROFILE.",FRONT; LEFT_PROFILE; RIGHT_PROFILE,,FRONT; LEFT_PROFILE; RIGHT_PROFILE,yes,partial,partial,REQUIREMENT_LEVEL,REQUIREMENT_LEVEL,,REQUIREMENT_LEVEL,REQUIREMENT_LEVEL,,,GENUINE_RECAPTURE_REQUIRED,high,no,no,yes,"Missing required production view(s): FRONT, LEFT_PROFILE, RIGHT_PROFILE.",Record targeted Jaw Shape views with canonical settings; do not rerecord unrelated categories.,NOT_ELIGIBLE,Existing footage was inspected and cannot satisfy this production requirement; frame extraction and verifier review cannot create the missing fact/view/boundary.
requirement-REQ-VIEWS-mouth-shape,EVIDENCE_REQUIREMENT,REQ-VIEWS-mouth-shape,Mouth shape,,,CF27_XBOX_SOURCE_2026_08_02_001,,,phase0-frame-CF27_XBOX_SOURCE_2026_08_02_001-tl-009; phase0-frame-reextract-req-views-mouth-shape-front,"Mouth Shape has current menu/selected-value evidence for 1 candidate row(s), and recovered front evidence phase0-frame-reextract-req-views-mouth-shape-front at CF27_XBOX_SOURCE_2026_08_02_001 @ 215.5s is available for verifier review.",Per-candidate standardized production imagery is still not proven; this frame recovery only removes the need for a new Xbox recording solely for the category-level front-view audit gap.,FRONT,FRONT,,yes,partial,partial,REQUIREMENT_LEVEL,REQUIREMENT_LEVEL,,REQUIREMENT_LEVEL,REQUIREMENT_LEVEL,,,SECOND_VERIFIER_CONFIRMATION_REQUIRED,high,yes,yes,no,Per-candidate standardized production imagery is still not proven; this frame recovery only removes the need for a new Xbox recording solely for the category-level front-view audit gap.,Second verifier should inspect recovered front frame phase0-frame-reextract-req-views-mouth-shape-front; do not request a new recording solely for this front-view audit gap.,NOT_ELIGIBLE,Production remains blocked until verification and production gates pass.
requirement-REQ-ORDER-nose,EVIDENCE_REQUIREMENT,REQ-ORDER-nose,Nose,,,phase0-video-008,,,,Nose has observed options with evidence for every claimed option row where present.,"Selector beginning/final boundary, two complete counts, wrap behavior, or native-order continuity is not production-proven: beginningBoundary: NOT_DEMONSTRATED_AS_SELECTOR_BOUNDARY; endingBoundary: NOT_DEMONSTRATED_AS_SELECTOR_BOUNDARY; twoCompleteCounts: Two complete independent counts are not available.; repeatedIndices: Repeated selected indices or labels: 5.; wrappingBehavior: POSSIBLE_WRAP_OBSERVED_UNVERIFIED_REQUIRES_REVIEW; countMatchesRecordTotal: No total count is claimed, so count cannot be matched to record total.; unprovenFinalOptionClaims: LAST_OBSERVED_IN_CURRENT_FOOTAGE_NOT_PROVEN_FINAL_AVAILABLE",MENU,,MENU,yes,partial,partial,REQUIREMENT_LEVEL,REQUIREMENT_LEVEL,,REQUIREMENT_LEVEL,REQUIREMENT_LEVEL,,,GENUINE_RECAPTURE_REQUIRED,high,no,no,yes,"Selector beginning/final boundary, two complete counts, wrap behavior, or native-order continuity is not production-proven: beginningBoundary: NOT_DEMONSTRATED_AS_SELECTOR_BOUNDARY; endingBoundary: NOT_DEMONSTRATED_AS_SELECTOR_BOUNDARY; twoCompleteCounts: Two complete independent counts are not available.; repeatedIndices: Repeated selected indices or labels: 5.; wrappingBehavior: POSSIBLE_WRAP_OBSERVED_UNVERIFIED_REQUIRES_REVIEW; countMatchesRecordTotal: No total count is claimed, so count cannot be matched to record total.; unprovenFinalOptionClaims: LAST_OBSERVED_IN_CURRENT_FOOTAGE_NOT_PROVEN_FINAL_AVAILABLE","Record the shortest possible Nose boundary/order clip: first value, every selected transition needed for the current gap, final value, and wrap/no-wrap proof.",NOT_ELIGIBLE,Existing footage was inspected and cannot satisfy this production requirement; frame extraction and verifier review cannot create the missing fact/view/boundary.
requirement-REQ-VIEWS-nose,EVIDENCE_REQUIREMENT,REQ-VIEWS-nose,Nose,,,phase0-video-008,,,phase0-frame-video-008-tl-003; phase0-frame-video-008-tl-004; phase0-frame-video-008-tl-005; phase0-frame-video-008-tl-006; phase0-frame-video-008-tl-002; phase0-frame-video-008-tl-009; phase0-frame-video-008-tl-008; phase0-frame-video-008-tl-007,Nose has current menu/selected-value evidence for 7 candidate row(s).,"Missing required production view(s): FRONT, LEFT_PROFILE, RIGHT_PROFILE.",FRONT; LEFT_PROFILE; RIGHT_PROFILE,,FRONT; LEFT_PROFILE; RIGHT_PROFILE,yes,partial,partial,REQUIREMENT_LEVEL,REQUIREMENT_LEVEL,,REQUIREMENT_LEVEL,REQUIREMENT_LEVEL,,,GENUINE_RECAPTURE_REQUIRED,high,no,no,yes,"Missing required production view(s): FRONT, LEFT_PROFILE, RIGHT_PROFILE.",Record targeted Nose views with canonical settings; do not rerecord unrelated categories.,NOT_ELIGIBLE,Existing footage was inspected and cannot satisfy this production requirement; frame extraction and verifier review cannot create the missing fact/view/boundary.
requirement-REQ-CREATION-PATH,EVIDENCE_REQUIREMENT,REQ-CREATION-PATH,Road to Glory creation path,,,phase0-video-001,0,72.29,phase0-source-phase0-video-001; phase0-frame-video-001-tl-011; phase0-frame-video-001-tl-012,Existing timeline phase0-video-001 records Road to Glory navigation and Create Player appearance entry; local derivative frames exist.,The older source master is a portable OWNER_DOWNLOADS reference rather than a local master in this checkout.,,,,yes,no,partial,REQUIREMENT_LEVEL,REQUIREMENT_LEVEL,,REQUIREMENT_LEVEL,REQUIREMENT_LEVEL,,,SECOND_VERIFIER_CONFIRMATION_REQUIRED,high,no,yes,no,The older source master is a portable OWNER_DOWNLOADS reference rather than a local master in this checkout.,Second verifier should inspect existing path evidence; owner should re-supply the original master if available before asking for a new recording.,NOT_ELIGIBLE,Production remains blocked until verification and production gates pass.
requirement-REQ-ORDER-skin-details,EVIDENCE_REQUIREMENT,REQ-ORDER-skin-details,Skin details,,,phase0-video-005,,,,Skin Details has observed options with evidence for every claimed option row where present.,"Selector beginning/final boundary, two complete counts, wrap behavior, or native-order continuity is not production-proven: beginningBoundary: NOT_DEMONSTRATED_AS_SELECTOR_BOUNDARY; endingBoundary: NOT_DEMONSTRATED_AS_SELECTOR_BOUNDARY; twoCompleteCounts: Two complete independent counts are not available.; wrappingBehavior: NOT_DEMONSTRATED; countMatchesRecordTotal: No total count is claimed, so count cannot be matched to record total.; unprovenFinalOptionClaims: LAST_OBSERVED_IN_CURRENT_FOOTAGE_NOT_PROVEN_FINAL_AVAILABLE",MENU,,MENU,yes,partial,partial,REQUIREMENT_LEVEL,REQUIREMENT_LEVEL,,REQUIREMENT_LEVEL,REQUIREMENT_LEVEL,,,GENUINE_RECAPTURE_REQUIRED,high,no,no,yes,"Selector beginning/final boundary, two complete counts, wrap behavior, or native-order continuity is not production-proven: beginningBoundary: NOT_DEMONSTRATED_AS_SELECTOR_BOUNDARY; endingBoundary: NOT_DEMONSTRATED_AS_SELECTOR_BOUNDARY; twoCompleteCounts: Two complete independent counts are not available.; wrappingBehavior: NOT_DEMONSTRATED; countMatchesRecordTotal: No total count is claimed, so count cannot be matched to record total.; unprovenFinalOptionClaims: LAST_OBSERVED_IN_CURRENT_FOOTAGE_NOT_PROVEN_FINAL_AVAILABLE","Record the shortest possible Skin Details boundary/order clip: first value, every selected transition needed for the current gap, final value, and wrap/no-wrap proof.",NOT_ELIGIBLE,Existing footage was inspected and cannot satisfy this production requirement; frame extraction and verifier review cannot create the missing fact/view/boundary.
requirement-REQ-VIEWS-skin-details,EVIDENCE_REQUIREMENT,REQ-VIEWS-skin-details,Skin details,,,phase0-video-005,,,phase0-frame-video-005-tl-002; phase0-frame-video-005-tl-003; phase0-frame-video-005-tl-004; phase0-frame-video-005-tl-005; phase0-frame-video-005-tl-009; phase0-frame-video-005-tl-008; phase0-frame-video-005-tl-007; phase0-frame-video-005-tl-006; phase0-frame-video-005-tl-010; phase0-frame-video-005-tl-011; phase0-frame-reextract-req-views-skin-details-front,"Skin Details has current menu/selected-value evidence for 10 candidate row(s), and recovered front evidence phase0-frame-reextract-req-views-skin-details-front at phase0-video-005 @ 8s is available for verifier review.",Per-candidate standardized production imagery is still not proven; this frame recovery only removes the need for a new Xbox recording solely for the category-level front-view audit gap.,FRONT,FRONT,,yes,partial,partial,REQUIREMENT_LEVEL,REQUIREMENT_LEVEL,,REQUIREMENT_LEVEL,REQUIREMENT_LEVEL,,,SECOND_VERIFIER_CONFIRMATION_REQUIRED,high,yes,yes,no,Per-candidate standardized production imagery is still not proven; this frame recovery only removes the need for a new Xbox recording solely for the category-level front-view audit gap.,Second verifier should inspect recovered front frame phase0-frame-reextract-req-views-skin-details-front; do not request a new recording solely for this front-view audit gap.,NOT_ELIGIBLE,Production remains blocked until verification and production gates pass.
requirement-REQ-ORDER-skin-tone,EVIDENCE_REQUIREMENT,REQ-ORDER-skin-tone,Skin tone,,,phase0-video-004,,,,Skin Tone has observed options with evidence for every claimed option row where present.,"Selector beginning/final boundary, two complete counts, wrap behavior, or native-order continuity is not production-proven: beginningBoundary: NOT_DEMONSTRATED_AS_SELECTOR_BOUNDARY; endingBoundary: NOT_DEMONSTRATED_AS_SELECTOR_BOUNDARY; twoCompleteCounts: Two complete independent counts are not available.; nativeOrderContinuity: Missing native-order values inside observed range: 5, 14, 15, 16, 25, 26, 27, 28.; missingIndices: Missing indices: 5, 14, 15, 16, 25, 26, 27, 28.; repeatedIndices: Repeated selected indices or labels: 10.; wrappingBehavior: NOT_DEMONSTRATED; countMatchesRecordTotal: No total count is claimed, so count cannot be matched to record total.; unprovenFinalOptionClaims: LAST_OBSERVED_IN_CURRENT_FOOTAGE_NOT_PROVEN_FINAL_AVAILABLE",MENU,,MENU,yes,partial,partial,REQUIREMENT_LEVEL,REQUIREMENT_LEVEL,,REQUIREMENT_LEVEL,REQUIREMENT_LEVEL,,,GENUINE_RECAPTURE_REQUIRED,high,no,no,yes,"Selector beginning/final boundary, two complete counts, wrap behavior, or native-order continuity is not production-proven: beginningBoundary: NOT_DEMONSTRATED_AS_SELECTOR_BOUNDARY; endingBoundary: NOT_DEMONSTRATED_AS_SELECTOR_BOUNDARY; twoCompleteCounts: Two complete independent counts are not available.; nativeOrderContinuity: Missing native-order values inside observed range: 5, 14, 15, 16, 25, 26, 27, 28.; missingIndices: Missing indices: 5, 14, 15, 16, 25, 26, 27, 28.; repeatedIndices: Repeated selected indices or labels: 10.; wrappingBehavior: NOT_DEMONSTRATED; countMatchesRecordTotal: No total count is claimed, so count cannot be matched to record total.; unprovenFinalOptionClaims: LAST_OBSERVED_IN_CURRENT_FOOTAGE_NOT_PROVEN_FINAL_AVAILABLE","Record the shortest possible Skin Tone boundary/order clip: first value, every selected transition needed for the current gap, final value, and wrap/no-wrap proof.",NOT_ELIGIBLE,Existing footage was inspected and cannot satisfy this production requirement; frame extraction and verifier review cannot create the missing fact/view/boundary.
requirement-REQ-VIEWS-skin-tone,EVIDENCE_REQUIREMENT,REQ-VIEWS-skin-tone,Skin tone,,,phase0-video-004,,,phase0-frame-video-004-tl-019; phase0-frame-video-004-tl-020; phase0-frame-video-004-tl-021; phase0-frame-video-004-tl-003; phase0-frame-video-004-tl-011; phase0-frame-video-004-tl-010; phase0-frame-video-004-tl-009; phase0-frame-video-004-tl-002; phase0-frame-video-004-tl-017; phase0-frame-video-004-tl-004; phase0-frame-video-004-tl-022; phase0-frame-video-004-tl-018; phase0-frame-video-004-tl-016; phase0-frame-video-004-tl-015; phase0-frame-video-004-tl-007; phase0-frame-video-004-tl-006; phase0-frame-video-004-tl-005; phase0-frame-video-004-tl-008; phase0-frame-video-004-tl-014; phase0-frame-video-004-tl-023; phase0-frame-video-004-tl-013; phase0-frame-video-004-tl-012; phase0-frame-reextract-req-views-skin-tone-front,"Skin Tone has current menu/selected-value evidence for 21 candidate row(s), and recovered front evidence phase0-frame-reextract-req-views-skin-tone-front at phase0-video-004 @ 45.5s is available for verifier review.",Per-candidate standardized production imagery is still not proven; this frame recovery only removes the need for a new Xbox recording solely for the category-level front-view audit gap.,FRONT,FRONT,,yes,partial,partial,REQUIREMENT_LEVEL,REQUIREMENT_LEVEL,,REQUIREMENT_LEVEL,REQUIREMENT_LEVEL,,,SECOND_VERIFIER_CONFIRMATION_REQUIRED,high,yes,yes,no,Per-candidate standardized production imagery is still not proven; this frame recovery only removes the need for a new Xbox recording solely for the category-level front-view audit gap.,Second verifier should inspect recovered front frame phase0-frame-reextract-req-views-skin-tone-front; do not request a new recording solely for this front-view audit gap.,NOT_ELIGIBLE,Production remains blocked until verification and production gates pass.
candidate-CF27_XBOXUNKNOWN_RTG_JOURNEYTYPE_BLUE_CHIP,CATALOG_CANDIDATE,CF27_XBOXUNKNOWN_RTG_JOURNEYTYPE_BLUE_CHIP,Body-related appearance controls,BLUE CHIP,,phase0-video-001,18-23,7,phase0-source-phase0-video-001,selected value is visible; category/menu is visible; option transition is observable,game version; patch,MENU,MENU,,yes,yes,partial,NOT_APPLICABLE,UNRESOLVED_NOT_CAPTURE_STANDARDIZED,No candidate-specific obstruction note in queue.,FAIL,FAIL,not specifically noted,timeline includes blur/transition contamination,SECOND_VERIFIER_CONFIRMATION_REQUIRED,high,no,yes,no,"Existing source timestamp and derivative evidence can be reviewed by a second human, but Codex cannot assign independent verification.",Send this candidate to the second-verifier workspace; preserve any duplicate/order flags for human review.,NOT_ELIGIBLE,second-person verification has not occurred; game version/patch unresolved
candidate-CF27_XBOXUNKNOWN_RTG_JOURNEYTYPE_CONTRIBUTOR,CATALOG_CANDIDATE,CF27_XBOXUNKNOWN_RTG_JOURNEYTYPE_CONTRIBUTOR,Body-related appearance controls,CONTRIBUTOR,,phase0-video-001,18-23,7,phase0-source-phase0-video-001,selected value is visible; category/menu is visible; option transition is observable,game version; patch,MENU,MENU,,yes,yes,partial,NOT_APPLICABLE,UNRESOLVED_NOT_CAPTURE_STANDARDIZED,No candidate-specific obstruction note in queue.,FAIL,FAIL,not specifically noted,timeline includes blur/transition contamination,SECOND_VERIFIER_CONFIRMATION_REQUIRED,high,no,yes,no,"Existing source timestamp and derivative evidence can be reviewed by a second human, but Codex cannot assign independent verification.",Send this candidate to the second-verifier workspace; preserve any duplicate/order flags for human review.,NOT_ELIGIBLE,second-person verification has not occurred; game version/patch unresolved
candidate-CF27_XBOXUNKNOWN_RTG_JOURNEYTYPE_ELITE,CATALOG_CANDIDATE,CF27_XBOXUNKNOWN_RTG_JOURNEYTYPE_ELITE,Body-related appearance controls,ELITE,,phase0-video-001,18-23,7,phase0-source-phase0-video-001,selected value is visible; category/menu is visible; option transition is observable,game version; patch,MENU,MENU,,yes,yes,partial,NOT_APPLICABLE,UNRESOLVED_NOT_CAPTURE_STANDARDIZED,No candidate-specific obstruction note in queue.,FAIL,FAIL,not specifically noted,timeline includes blur/transition contamination,SECOND_VERIFIER_CONFIRMATION_REQUIRED,high,no,yes,no,"Existing source timestamp and derivative evidence can be reviewed by a second human, but Codex cannot assign independent verification.",Send this candidate to the second-verifier workspace; preserve any duplicate/order flags for human review.,NOT_ELIGIBLE,second-person verification has not occurred; game version/patch unresolved
candidate-CF27_XBOXUNKNOWN_RTG_JOURNEYTYPE_UNDERDOG,CATALOG_CANDIDATE,CF27_XBOXUNKNOWN_RTG_JOURNEYTYPE_UNDERDOG,Body-related appearance controls,UNDERDOG,,phase0-video-001,18-23,7,phase0-source-phase0-video-001,selected value is visible; category/menu is visible; option transition is observable,game version; patch,MENU,MENU,,yes,yes,partial,NOT_APPLICABLE,UNRESOLVED_NOT_CAPTURE_STANDARDIZED,No candidate-specific obstruction note in queue.,FAIL,FAIL,not specifically noted,timeline includes blur/transition contamination,SECOND_VERIFIER_CONFIRMATION_REQUIRED,high,no,yes,no,"Existing source timestamp and derivative evidence can be reviewed by a second human, but Codex cannot assign independent verification.",Send this candidate to the second-verifier workspace; preserve any duplicate/order flags for human review.,NOT_ELIGIBLE,second-person verification has not occurred; game version/patch unresolved
candidate-CF27_XBOXUNKNOWN_RTG_POSITION_QB,CATALOG_CANDIDATE,CF27_XBOXUNKNOWN_RTG_POSITION_QB,Body-related appearance controls,QB,,phase0-video-001,24-29,7,phase0-source-phase0-video-001,selected value is visible; category/menu is visible; option transition is observable,game version; patch,MENU,MENU,,yes,yes,partial,NOT_APPLICABLE,UNRESOLVED_NOT_CAPTURE_STANDARDIZED,No candidate-specific obstruction note in queue.,FAIL,FAIL,not specifically noted,timeline includes blur/transition contamination,SECOND_VERIFIER_CONFIRMATION_REQUIRED,high,no,yes,no,"Existing source timestamp and derivative evidence can be reviewed by a second human, but Codex cannot assign independent verification.",Send this candidate to the second-verifier workspace; preserve any duplicate/order flags for human review.,NOT_ELIGIBLE,second-person verification has not occurred; game version/patch unresolved
candidate-CF27_XBOXUNKNOWN_RTG_CHIN_SQUARE,CATALOG_CANDIDATE,CF27_XBOXUNKNOWN_RTG_CHIN_SQUARE,Chin,Square,2,CF27_XBOX_SOURCE_2026_08_02_001,230-240.24,4,phase0-frame-CF27_XBOX_SOURCE_2026_08_02_001-tl-011,selected value is visible; category/menu is visible; option transition is observable,"required production view(s): FRONT, LEFT_PROFILE, RIGHT_PROFILE; game version; patch",MENU; FRONT; LEFT_PROFILE; RIGHT_PROFILE,MENU,FRONT; LEFT_PROFILE; RIGHT_PROFILE,yes,yes,partial,FAIL,UNRESOLVED_NOT_CAPTURE_STANDARDIZED,No candidate-specific obstruction note in queue.,FAIL,FAIL,not specifically noted,timeline includes blur/transition contamination,SECOND_VERIFIER_CONFIRMATION_REQUIRED,high,no,yes,no,"Existing source timestamp and derivative evidence can be reviewed by a second human, but Codex cannot assign independent verification.",Send this candidate to the second-verifier workspace; preserve any duplicate/order flags for human review.,NOT_ELIGIBLE,second-person verification has not occurred; game version/patch unresolved; required production views incomplete
candidate-CF27_XBOXUNKNOWN_RTG_EARSHAPE_001,CATALOG_CANDIDATE,CF27_XBOXUNKNOWN_RTG_EARSHAPE_001,Ear Shape,Attached Lobe,1,phase0-video-009,18-20,15,phase0-frame-video-009-tl-003,selected value is visible; category/menu is visible; option transition is observable,"required production view(s): LEFT_PROFILE, RIGHT_PROFILE; game version; patch",MENU; LEFT_PROFILE; RIGHT_PROFILE,MENU,LEFT_PROFILE; RIGHT_PROFILE,yes,yes,partial,PASS,UNRESOLVED_NOT_CAPTURE_STANDARDIZED,No candidate-specific obstruction note in queue.,FAIL,FAIL,not specifically noted,timeline includes blur/transition contamination,SECOND_VERIFIER_CONFIRMATION_REQUIRED,high,no,yes,no,"Existing source timestamp and derivative evidence can be reviewed by a second human, but Codex cannot assign independent verification.",Send this candidate to the second-verifier workspace; preserve any duplicate/order flags for human review.,NOT_ELIGIBLE,second-person verification has not occurred; game version/patch unresolved; required production views incomplete
candidate-CF27_XBOXUNKNOWN_RTG_EARSHAPE_002,CATALOG_CANDIDATE,CF27_XBOXUNKNOWN_RTG_EARSHAPE_002,Ear Shape,None,2,phase0-video-009,16-17,15,phase0-frame-video-009-tl-002; phase0-frame-video-009-tl-004,selected value is visible; category/menu is visible; option transition is observable,"required production view(s): LEFT_PROFILE, RIGHT_PROFILE; game version; patch; duplicate resolution",MENU; LEFT_PROFILE; RIGHT_PROFILE,MENU,LEFT_PROFILE; RIGHT_PROFILE,yes,yes,partial,FAIL,UNRESOLVED_NOT_CAPTURE_STANDARDIZED,No candidate-specific obstruction note in queue.,FAIL,FAIL,not specifically noted,timeline includes blur/transition contamination,SECOND_VERIFIER_CONFIRMATION_REQUIRED,high,no,yes,no,"Existing source timestamp and derivative evidence can be reviewed by a second human, but Codex cannot assign independent verification.",Send this candidate to the second-verifier workspace; preserve any duplicate/order flags for human review.,NOT_ELIGIBLE,second-person verification has not occurred; game version/patch unresolved; required production views incomplete; duplicate review required
candidate-CF27_XBOXUNKNOWN_RTG_EARSHAPE_003,CATALOG_CANDIDATE,CF27_XBOXUNKNOWN_RTG_EARSHAPE_003,Ear Shape,Round Free Lobe,3,phase0-video-009,23-25,15,phase0-frame-video-009-tl-005,selected value is visible; category/menu is visible; option transition is observable,"required production view(s): LEFT_PROFILE, RIGHT_PROFILE; game version; patch",MENU; LEFT_PROFILE; RIGHT_PROFILE,MENU,LEFT_PROFILE; RIGHT_PROFILE,yes,yes,partial,FAIL,UNRESOLVED_NOT_CAPTURE_STANDARDIZED,No candidate-specific obstruction note in queue.,FAIL,FAIL,not specifically noted,timeline includes blur/transition contamination,SECOND_VERIFIER_CONFIRMATION_REQUIRED,high,no,yes,no,"Existing source timestamp and derivative evidence can be reviewed by a second human, but Codex cannot assign independent verification.",Send this candidate to the second-verifier workspace; preserve any duplicate/order flags for human review.,NOT_ELIGIBLE,second-person verification has not occurred; game version/patch unresolved; required production views incomplete
candidate-CF27_XBOXUNKNOWN_RTG_EARSHAPE_004,CATALOG_CANDIDATE,CF27_XBOXUNKNOWN_RTG_EARSHAPE_004,Ear Shape,Pointed,4,phase0-video-009,26-30.21,15,phase0-frame-video-009-tl-006,selected value is visible; category/menu is visible; option transition is observable,"required production view(s): LEFT_PROFILE, RIGHT_PROFILE; game version; patch",MENU; LEFT_PROFILE; RIGHT_PROFILE,MENU,LEFT_PROFILE; RIGHT_PROFILE,yes,yes,partial,PASS,UNRESOLVED_NOT_CAPTURE_STANDARDIZED,No candidate-specific obstruction note in queue.,FAIL,FAIL,not specifically noted,timeline includes blur/transition contamination,SECOND_VERIFIER_CONFIRMATION_REQUIRED,high,no,yes,no,"Existing source timestamp and derivative evidence can be reviewed by a second human, but Codex cannot assign independent verification.",Send this candidate to the second-verifier workspace; preserve any duplicate/order flags for human review.,NOT_ELIGIBLE,second-person verification has not occurred; game version/patch unresolved; required production views incomplete
candidate-CF27_XBOXUNKNOWN_RTG_EYECOLOR_001,CATALOG_CANDIDATE,CF27_XBOXUNKNOWN_RTG_EYECOLOR_001,Eye Color,Light Blue,1,phase0-video-007,12-12,11,phase0-frame-video-007-tl-002,selected value is visible; category/menu is visible; option transition is observable,required production view(s): FRONT; game version; patch,MENU; FRONT,MENU,FRONT,yes,yes,partial,FAIL,UNRESOLVED_NOT_CAPTURE_STANDARDIZED,No candidate-specific obstruction note in queue.,FAIL,FAIL,not specifically noted,timeline includes blur/transition contamination,SECOND_VERIFIER_CONFIRMATION_REQUIRED,high,yes,yes,no,"Existing source timestamp and derivative evidence can be reviewed by a second human, but Codex cannot assign independent verification.",Send this candidate to the second-verifier workspace; preserve any duplicate/order flags for human review.,NOT_ELIGIBLE,second-person verification has not occurred; game version/patch unresolved; required production views incomplete
candidate-CF27_XBOXUNKNOWN_RTG_EYECOLOR_002,CATALOG_CANDIDATE,CF27_XBOXUNKNOWN_RTG_EYECOLOR_002,Eye Color,Light Brown,2,phase0-video-007,13-15,11,phase0-frame-video-007-tl-003,selected value is visible; category/menu is visible; option transition is observable,required production view(s): FRONT; game version; patch,MENU; FRONT,MENU,FRONT,yes,yes,partial,FAIL,UNRESOLVED_NOT_CAPTURE_STANDARDIZED,No candidate-specific obstruction note in queue.,FAIL,FAIL,not specifically noted,timeline includes blur/transition contamination,SECOND_VERIFIER_CONFIRMATION_REQUIRED,high,yes,yes,no,"Existing source timestamp and derivative evidence can be reviewed by a second human, but Codex cannot assign independent verification.",Send this candidate to the second-verifier workspace; preserve any duplicate/order flags for human review.,NOT_ELIGIBLE,second-person verification has not occurred; game version/patch unresolved; required production views incomplete
candidate-CF27_XBOXUNKNOWN_RTG_EYECOLOR_003,CATALOG_CANDIDATE,CF27_XBOXUNKNOWN_RTG_EYECOLOR_003,Eye Color,Brown,3,phase0-video-007,16-17,11,phase0-frame-video-007-tl-004,selected value is visible; category/menu is visible; option transition is observable,required production view(s): FRONT; game version; patch,MENU; FRONT,MENU,FRONT,yes,yes,partial,PASS,UNRESOLVED_NOT_CAPTURE_STANDARDIZED,No candidate-specific obstruction note in queue.,FAIL,FAIL,not specifically noted,timeline includes blur/transition contamination,SECOND_VERIFIER_CONFIRMATION_REQUIRED,high,yes,yes,no,"Existing source timestamp and derivative evidence can be reviewed by a second human, but Codex cannot assign independent verification.",Send this candidate to the second-verifier workspace; preserve any duplicate/order flags for human review.,NOT_ELIGIBLE,second-person verification has not occurred; game version/patch unresolved; required production views incomplete
candidate-CF27_XBOXUNKNOWN_RTG_EYECOLOR_004,CATALOG_CANDIDATE,CF27_XBOXUNKNOWN_RTG_EYECOLOR_004,Eye Color,Blue,4,phase0-video-007,18-20,11,phase0-frame-video-007-tl-005,selected value is visible; category/menu is visible; option transition is observable,required production view(s): FRONT; game version; patch,MENU; FRONT,MENU,FRONT,yes,yes,partial,PASS,UNRESOLVED_NOT_CAPTURE_STANDARDIZED,No candidate-specific obstruction note in queue.,FAIL,FAIL,not specifically noted,timeline includes blur/transition contamination,SECOND_VERIFIER_CONFIRMATION_REQUIRED,high,yes,yes,no,"Existing source timestamp and derivative evidence can be reviewed by a second human, but Codex cannot assign independent verification.",Send this candidate to the second-verifier workspace; preserve any duplicate/order flags for human review.,NOT_ELIGIBLE,second-person verification has not occurred; game version/patch unresolved; required production views incomplete
candidate-CF27_XBOXUNKNOWN_RTG_EYECOLOR_005,CATALOG_CANDIDATE,CF27_XBOXUNKNOWN_RTG_EYECOLOR_005,Eye Color,Light Green,5,phase0-video-007,25-29.33,11,phase0-frame-video-007-tl-008,selected value is visible; category/menu is visible; option transition is observable,required production view(s): FRONT; game version; patch,MENU; FRONT,MENU,FRONT,yes,yes,partial,PASS,UNRESOLVED_NOT_CAPTURE_STANDARDIZED,No candidate-specific obstruction note in queue.,FAIL,FAIL,not specifically noted,timeline includes blur/transition contamination,SECOND_VERIFIER_CONFIRMATION_REQUIRED,high,yes,yes,no,"Existing source timestamp and derivative evidence can be reviewed by a second human, but Codex cannot assign independent verification.",Send this candidate to the second-verifier workspace; preserve any duplicate/order flags for human review.,NOT_ELIGIBLE,second-person verification has not occurred; game version/patch unresolved; required production views incomplete
candidate-CF27_XBOXUNKNOWN_RTG_EYECOLOR_006,CATALOG_CANDIDATE,CF27_XBOXUNKNOWN_RTG_EYECOLOR_006,Eye Color,Grey,6,phase0-video-007,23-24,11,phase0-frame-video-007-tl-007,selected value is visible; category/menu is visible; option transition is observable,required production view(s): FRONT; game version; patch,MENU; FRONT,MENU,FRONT,yes,yes,partial,PASS,UNRESOLVED_NOT_CAPTURE_STANDARDIZED,No candidate-specific obstruction note in queue.,FAIL,FAIL,not specifically noted,timeline includes blur/transition contamination,SECOND_VERIFIER_CONFIRMATION_REQUIRED,high,yes,yes,no,"Existing source timestamp and derivative evidence can be reviewed by a second human, but Codex cannot assign independent verification.",Send this candidate to the second-verifier workspace; preserve any duplicate/order flags for human review.,NOT_ELIGIBLE,second-person verification has not occurred; game version/patch unresolved; required production views incomplete
candidate-CF27_XBOXUNKNOWN_RTG_EYECOLOR_007,CATALOG_CANDIDATE,CF27_XBOXUNKNOWN_RTG_EYECOLOR_007,Eye Color,Hazel,7,phase0-video-007,21-22,11,phase0-frame-video-007-tl-006,selected value is visible; category/menu is visible; option transition is observable,required production view(s): FRONT; game version; patch,MENU; FRONT,MENU,FRONT,yes,yes,partial,PASS,UNRESOLVED_NOT_CAPTURE_STANDARDIZED,No candidate-specific obstruction note in queue.,FAIL,FAIL,not specifically noted,timeline includes blur/transition contamination,SECOND_VERIFIER_CONFIRMATION_REQUIRED,high,yes,yes,no,"Existing source timestamp and derivative evidence can be reviewed by a second human, but Codex cannot assign independent verification.",Send this candidate to the second-verifier workspace; preserve any duplicate/order flags for human review.,NOT_ELIGIBLE,second-person verification has not occurred; game version/patch unresolved; required production views incomplete
candidate-CF27_XBOXUNKNOWN_RTG_EYESHAPE_001,CATALOG_CANDIDATE,CF27_XBOXUNKNOWN_RTG_EYESHAPE_001,Eye Shape,Almond,1,phase0-video-006,14-14,13,phase0-frame-video-006-tl-002,selected value is visible; category/menu is visible; option transition is observable,required production view(s): FRONT; game version; patch,MENU; FRONT,MENU,FRONT,yes,yes,partial,PASS,UNRESOLVED_NOT_CAPTURE_STANDARDIZED,No candidate-specific obstruction note in queue.,FAIL,FAIL,not specifically noted,timeline includes blur/transition contamination,SECOND_VERIFIER_CONFIRMATION_REQUIRED,high,yes,yes,no,"Existing source timestamp and derivative evidence can be reviewed by a second human, but Codex cannot assign independent verification.",Send this candidate to the second-verifier workspace; preserve any duplicate/order flags for human review.,NOT_ELIGIBLE,second-person verification has not occurred; game version/patch unresolved; required production views incomplete
candidate-CF27_XBOXUNKNOWN_RTG_EYESHAPE_002,CATALOG_CANDIDATE,CF27_XBOXUNKNOWN_RTG_EYESHAPE_002,Eye Shape,None,2,phase0-video-006,15-16,13,phase0-frame-video-006-tl-003,selected value is visible; category/menu is visible; option transition is observable,required production view(s): FRONT; game version; patch,MENU; FRONT,MENU,FRONT,yes,yes,partial,PASS,UNRESOLVED_NOT_CAPTURE_STANDARDIZED,No candidate-specific obstruction note in queue.,FAIL,FAIL,not specifically noted,timeline includes blur/transition contamination,SECOND_VERIFIER_CONFIRMATION_REQUIRED,high,yes,yes,no,"Existing source timestamp and derivative evidence can be reviewed by a second human, but Codex cannot assign independent verification.",Send this candidate to the second-verifier workspace; preserve any duplicate/order flags for human review.,NOT_ELIGIBLE,second-person verification has not occurred; game version/patch unresolved; required production views incomplete
candidate-CF27_XBOXUNKNOWN_RTG_EYESHAPE_003,CATALOG_CANDIDATE,CF27_XBOXUNKNOWN_RTG_EYESHAPE_003,Eye Shape,Prominent,3,phase0-video-006,17-18,13,phase0-frame-video-006-tl-004,selected value is visible; category/menu is visible; option transition is observable,required production view(s): FRONT; game version; patch,MENU; FRONT,MENU,FRONT,yes,yes,partial,PASS,UNRESOLVED_NOT_CAPTURE_STANDARDIZED,No candidate-specific obstruction note in queue.,FAIL,FAIL,not specifically noted,timeline includes blur/transition contamination,SECOND_VERIFIER_CONFIRMATION_REQUIRED,high,yes,yes,no,"Existing source timestamp and derivative evidence can be reviewed by a second human, but Codex cannot assign independent verification.",Send this candidate to the second-verifier workspace; preserve any duplicate/order flags for human review.,NOT_ELIGIBLE,second-person verification has not occurred; game version/patch unresolved; required production views incomplete
candidate-CF27_XBOXUNKNOWN_RTG_EYESHAPE_004,CATALOG_CANDIDATE,CF27_XBOXUNKNOWN_RTG_EYESHAPE_004,Eye Shape,Monolid,4,phase0-video-006,19-19,13,phase0-frame-video-006-tl-005,selected value is visible; category/menu is visible; option transition is observable,required production view(s): FRONT; game version; patch,MENU; FRONT,MENU,FRONT,yes,yes,partial,PASS,UNRESOLVED_NOT_CAPTURE_STANDARDIZED,No candidate-specific obstruction note in queue.,FAIL,FAIL,not specifically noted,timeline includes blur/transition contamination,SECOND_VERIFIER_CONFIRMATION_REQUIRED,high,yes,yes,no,"Existing source timestamp and derivative evidence can be reviewed by a second human, but Codex cannot assign independent verification.",Send this candidate to the second-verifier workspace; preserve any duplicate/order flags for human review.,NOT_ELIGIBLE,second-person verification has not occurred; game version/patch unresolved; required production views incomplete
candidate-CF27_XBOXUNKNOWN_RTG_EYESHAPE_005,CATALOG_CANDIDATE,CF27_XBOXUNKNOWN_RTG_EYESHAPE_005,Eye Shape,Hooded,5,phase0-video-006,20-24.93,13,phase0-frame-video-006-tl-006,selected value is visible; category/menu is visible; option transition is observable,required production view(s): FRONT; game version; patch,MENU; FRONT,MENU,FRONT,yes,yes,partial,PASS,UNRESOLVED_NOT_CAPTURE_STANDARDIZED,No candidate-specific obstruction note in queue.,FAIL,FAIL,not specifically noted,timeline includes blur/transition contamination,SECOND_VERIFIER_CONFIRMATION_REQUIRED,high,yes,yes,no,"Existing source timestamp and derivative evidence can be reviewed by a second human, but Codex cannot assign independent verification.",Send this candidate to the second-verifier workspace; preserve any duplicate/order flags for human review.,NOT_ELIGIBLE,second-person verification has not occurred; game version/patch unresolved; required production views incomplete
candidate-CF27_XBOXUNKNOWN_RTG_FACIALHAIR_MUTTON_CHOPS,CATALOG_CANDIDATE,CF27_XBOXUNKNOWN_RTG_FACIALHAIR_MUTTON_CHOPS,Facial hair,Mutton Chops,,CF27_XBOX_SOURCE_2026_08_02_002,175-224,4,phase0-frame-CF27_XBOX_SOURCE_2026_08_02_002-tl-004,selected value is visible; category/menu is visible; option transition is observable,"required production view(s): FRONT, LEFT_3Q, LEFT_PROFILE, RIGHT_3Q, RIGHT_PROFILE; game version; patch; complete native order",MENU; FRONT; LEFT_3Q; LEFT_PROFILE; RIGHT_3Q; RIGHT_PROFILE,MENU,FRONT; LEFT_3Q; LEFT_PROFILE; RIGHT_3Q; RIGHT_PROFILE,yes,yes,partial,FAIL,UNRESOLVED_NOT_CAPTURE_STANDARDIZED,No candidate-specific obstruction note in queue.,FAIL,FAIL,not specifically noted,timeline includes blur/transition contamination,SECOND_VERIFIER_CONFIRMATION_REQUIRED,high,no,yes,no,"Existing source timestamp and derivative evidence can be reviewed by a second human, but Codex cannot assign independent verification.",Send this candidate to the second-verifier workspace; preserve any duplicate/order flags for human review.,NOT_ELIGIBLE,second-person verification has not occurred; game version/patch unresolved; required production views incomplete; native order unresolved
candidate-CF27_XBOXUNKNOWN_RTG_FACIALHAIRCOLOR_PURPLE,CATALOG_CANDIDATE,CF27_XBOXUNKNOWN_RTG_FACIALHAIRCOLOR_PURPLE,Facial-hair colors,Purple,,CF27_XBOX_SOURCE_2026_08_02_002,225-235.35,4,phase0-frame-CF27_XBOX_SOURCE_2026_08_02_002-tl-005,selected value is visible; category/menu is visible; option transition is observable,required production view(s): FRONT; game version; patch; complete native order,MENU; FRONT,MENU,FRONT,yes,yes,partial,FAIL,UNRESOLVED_NOT_CAPTURE_STANDARDIZED,No candidate-specific obstruction note in queue.,FAIL,FAIL,not specifically noted,timeline includes blur/transition contamination,SECOND_VERIFIER_CONFIRMATION_REQUIRED,high,yes,yes,no,"Existing source timestamp and derivative evidence can be reviewed by a second human, but Codex cannot assign independent verification.",Send this candidate to the second-verifier workspace; preserve any duplicate/order flags for human review.,NOT_ELIGIBLE,second-person verification has not occurred; game version/patch unresolved; required production views incomplete; native order unresolved
candidate-CF27_XBOXUNKNOWN_RTG_HAIRCOLOR_LIGHT_BROWN,CATALOG_CANDIDATE,CF27_XBOXUNKNOWN_RTG_HAIRCOLOR_LIGHT_BROWN,Hair colors,Light Brown,,CF27_XBOX_SOURCE_2026_08_02_002,100-174,4,phase0-frame-CF27_XBOX_SOURCE_2026_08_02_002-tl-003,selected value is visible; category/menu is visible; option transition is observable,required production view(s): FRONT; game version; patch; complete native order,MENU; FRONT,MENU,FRONT,yes,yes,partial,FAIL,UNRESOLVED_NOT_CAPTURE_STANDARDIZED,No candidate-specific obstruction note in queue.,FAIL,FAIL,not specifically noted,timeline includes blur/transition contamination,SECOND_VERIFIER_CONFIRMATION_REQUIRED,high,yes,yes,no,"Existing source timestamp and derivative evidence can be reviewed by a second human, but Codex cannot assign independent verification.",Send this candidate to the second-verifier workspace; preserve any duplicate/order flags for human review.,NOT_ELIGIBLE,second-person verification has not occurred; game version/patch unresolved; required production views incomplete; native order unresolved
candidate-CF27_XBOXUNKNOWN_RTG_HAIRSTYLE_SHORT_CURLY,CATALOG_CANDIDATE,CF27_XBOXUNKNOWN_RTG_HAIRSTYLE_SHORT_CURLY,Hairstyles,Short Curly,1,CF27_XBOX_SOURCE_2026_08_02_002,5-99,4,phase0-frame-CF27_XBOX_SOURCE_2026_08_02_002-tl-002,selected value is visible; category/menu is visible; option transition is observable,"required production view(s): FRONT, LEFT_3Q, LEFT_PROFILE, REAR, RIGHT_PROFILE, RIGHT_3Q; game version; patch",MENU; FRONT; LEFT_3Q; LEFT_PROFILE; REAR; RIGHT_PROFILE; RIGHT_3Q,MENU,FRONT; LEFT_3Q; LEFT_PROFILE; REAR; RIGHT_PROFILE; RIGHT_3Q,yes,yes,partial,FAIL,UNRESOLVED_NOT_CAPTURE_STANDARDIZED,No candidate-specific obstruction note in queue.,FAIL,FAIL,not specifically noted,timeline includes blur/transition contamination,SECOND_VERIFIER_CONFIRMATION_REQUIRED,high,no,yes,no,"Existing source timestamp and derivative evidence can be reviewed by a second human, but Codex cannot assign independent verification.",Send this candidate to the second-verifier workspace; preserve any duplicate/order flags for human review.,NOT_ELIGIBLE,second-person verification has not occurred; game version/patch unresolved; required production views incomplete
candidate-CF27_XBOXUNKNOWN_RTG_HEAD_001,CATALOG_CANDIDATE,CF27_XBOXUNKNOWN_RTG_HEAD_001,Heads,Face 1,1,phase0-video-002,10-19,5,phase0-frame-video-002-tl-004,selected value is visible; category/menu is visible; option transition is observable,"required production view(s): FRONT, LEFT_3Q, LEFT_PROFILE, RIGHT_3Q, RIGHT_PROFILE, REAR; game version; patch",MENU; FRONT; LEFT_3Q; LEFT_PROFILE; RIGHT_3Q; RIGHT_PROFILE; REAR,MENU,FRONT; LEFT_3Q; LEFT_PROFILE; RIGHT_3Q; RIGHT_PROFILE; REAR,yes,yes,partial,FAIL,UNRESOLVED_NOT_CAPTURE_STANDARDIZED,eye black/accessory may affect visual comparison,FAIL,FAIL,eye black/accessory noted,timeline includes blur/transition contamination,SECOND_VERIFIER_CONFIRMATION_REQUIRED,high,no,yes,no,"Existing source timestamp and derivative evidence can be reviewed by a second human, but Codex cannot assign independent verification.",Send this candidate to the second-verifier workspace; preserve any duplicate/order flags for human review.,NOT_ELIGIBLE,second-person verification has not occurred; game version/patch unresolved; required production views incomplete
candidate-CF27_XBOXUNKNOWN_RTG_HEAD_002,CATALOG_CANDIDATE,CF27_XBOXUNKNOWN_RTG_HEAD_002,Heads,Face 2,2,phase0-video-002,20-28,5,phase0-frame-video-002-tl-005,selected value is visible; category/menu is visible; option transition is observable,"required production view(s): FRONT, LEFT_3Q, LEFT_PROFILE, RIGHT_3Q, RIGHT_PROFILE, REAR; game version; patch",MENU; FRONT; LEFT_3Q; LEFT_PROFILE; RIGHT_3Q; RIGHT_PROFILE; REAR,MENU,FRONT; LEFT_3Q; LEFT_PROFILE; RIGHT_3Q; RIGHT_PROFILE; REAR,yes,yes,partial,FAIL,UNRESOLVED_NOT_CAPTURE_STANDARDIZED,eye black/accessory may affect visual comparison,FAIL,FAIL,eye black/accessory noted,timeline includes blur/transition contamination,SECOND_VERIFIER_CONFIRMATION_REQUIRED,high,no,yes,no,"Existing source timestamp and derivative evidence can be reviewed by a second human, but Codex cannot assign independent verification.",Send this candidate to the second-verifier workspace; preserve any duplicate/order flags for human review.,NOT_ELIGIBLE,second-person verification has not occurred; game version/patch unresolved; required production views incomplete
candidate-CF27_XBOXUNKNOWN_RTG_HEAD_003,CATALOG_CANDIDATE,CF27_XBOXUNKNOWN_RTG_HEAD_003,Heads,Face 3,3,phase0-video-002,29-38,5,phase0-frame-video-002-tl-006,selected value is visible; category/menu is visible; option transition is observable,"required production view(s): FRONT, LEFT_3Q, LEFT_PROFILE, RIGHT_3Q, RIGHT_PROFILE, REAR; game version; patch",MENU; FRONT; LEFT_3Q; LEFT_PROFILE; RIGHT_3Q; RIGHT_PROFILE; REAR,MENU,FRONT; LEFT_3Q; LEFT_PROFILE; RIGHT_3Q; RIGHT_PROFILE; REAR,yes,yes,partial,FAIL,UNRESOLVED_NOT_CAPTURE_STANDARDIZED,eye black/accessory may affect visual comparison,FAIL,FAIL,eye black/accessory noted,timeline includes blur/transition contamination,SECOND_VERIFIER_CONFIRMATION_REQUIRED,high,no,yes,no,"Existing source timestamp and derivative evidence can be reviewed by a second human, but Codex cannot assign independent verification.",Send this candidate to the second-verifier workspace; preserve any duplicate/order flags for human review.,NOT_ELIGIBLE,second-person verification has not occurred; game version/patch unresolved; required production views incomplete
candidate-CF27_XBOXUNKNOWN_RTG_HEAD_004,CATALOG_CANDIDATE,CF27_XBOXUNKNOWN_RTG_HEAD_004,Heads,Face 4,4,phase0-video-002,39-48,5,phase0-frame-video-002-tl-007,selected value is visible; category/menu is visible; option transition is observable,"required production view(s): FRONT, LEFT_3Q, LEFT_PROFILE, RIGHT_3Q, RIGHT_PROFILE, REAR; game version; patch",MENU; FRONT; LEFT_3Q; LEFT_PROFILE; RIGHT_3Q; RIGHT_PROFILE; REAR,MENU,FRONT; LEFT_3Q; LEFT_PROFILE; RIGHT_3Q; RIGHT_PROFILE; REAR,yes,yes,partial,FAIL,UNRESOLVED_NOT_CAPTURE_STANDARDIZED,eye black/accessory may affect visual comparison,FAIL,FAIL,eye black/accessory noted,timeline includes blur/transition contamination,SECOND_VERIFIER_CONFIRMATION_REQUIRED,high,no,yes,no,"Existing source timestamp and derivative evidence can be reviewed by a second human, but Codex cannot assign independent verification.",Send this candidate to the second-verifier workspace; preserve any duplicate/order flags for human review.,NOT_ELIGIBLE,second-person verification has not occurred; game version/patch unresolved; required production views incomplete
candidate-CF27_XBOXUNKNOWN_RTG_HEAD_005,CATALOG_CANDIDATE,CF27_XBOXUNKNOWN_RTG_HEAD_005,Heads,Face 5,5,phase0-video-002,69-74,5,phase0-frame-video-002-tl-011,selected value is visible; category/menu is visible; option transition is observable,"required production view(s): FRONT, LEFT_3Q, LEFT_PROFILE, RIGHT_3Q, RIGHT_PROFILE, REAR; game version; patch",MENU; FRONT; LEFT_3Q; LEFT_PROFILE; RIGHT_3Q; RIGHT_PROFILE; REAR,MENU,FRONT; LEFT_3Q; LEFT_PROFILE; RIGHT_3Q; RIGHT_PROFILE; REAR,yes,yes,partial,FAIL,UNRESOLVED_NOT_CAPTURE_STANDARDIZED,eye black/accessory may affect visual comparison,FAIL,FAIL,eye black/accessory noted,timeline includes blur/transition contamination,SECOND_VERIFIER_CONFIRMATION_REQUIRED,high,no,yes,no,"Existing source timestamp and derivative evidence can be reviewed by a second human, but Codex cannot assign independent verification.",Send this candidate to the second-verifier workspace; preserve any duplicate/order flags for human review.,NOT_ELIGIBLE,second-person verification has not occurred; game version/patch unresolved; required production views incomplete
candidate-CF27_XBOXUNKNOWN_RTG_HEAD_006,CATALOG_CANDIDATE,CF27_XBOXUNKNOWN_RTG_HEAD_006,Heads,Face 6,6,phase0-video-002,60-68,5,phase0-frame-video-002-tl-010,selected value is visible; category/menu is visible; option transition is observable,"required production view(s): FRONT, LEFT_3Q, LEFT_PROFILE, RIGHT_3Q, RIGHT_PROFILE, REAR; game version; patch",MENU; FRONT; LEFT_3Q; LEFT_PROFILE; RIGHT_3Q; RIGHT_PROFILE; REAR,MENU,FRONT; LEFT_3Q; LEFT_PROFILE; RIGHT_3Q; RIGHT_PROFILE; REAR,yes,yes,partial,FAIL,UNRESOLVED_NOT_CAPTURE_STANDARDIZED,eye black/accessory may affect visual comparison,FAIL,FAIL,eye black/accessory noted,timeline includes blur/transition contamination,SECOND_VERIFIER_CONFIRMATION_REQUIRED,high,no,yes,no,"Existing source timestamp and derivative evidence can be reviewed by a second human, but Codex cannot assign independent verification.",Send this candidate to the second-verifier workspace; preserve any duplicate/order flags for human review.,NOT_ELIGIBLE,second-person verification has not occurred; game version/patch unresolved; required production views incomplete
candidate-CF27_XBOXUNKNOWN_RTG_HEAD_007,CATALOG_CANDIDATE,CF27_XBOXUNKNOWN_RTG_HEAD_007,Heads,Face 7,7,phase0-video-002,54-59,5,phase0-frame-video-002-tl-009,selected value is visible; category/menu is visible; option transition is observable,"required production view(s): FRONT, LEFT_3Q, LEFT_PROFILE, RIGHT_3Q, RIGHT_PROFILE, REAR; game version; patch",MENU; FRONT; LEFT_3Q; LEFT_PROFILE; RIGHT_3Q; RIGHT_PROFILE; REAR,MENU,FRONT; LEFT_3Q; LEFT_PROFILE; RIGHT_3Q; RIGHT_PROFILE; REAR,yes,yes,partial,FAIL,UNRESOLVED_NOT_CAPTURE_STANDARDIZED,eye black/accessory may affect visual comparison,FAIL,FAIL,eye black/accessory noted,timeline includes blur/transition contamination,SECOND_VERIFIER_CONFIRMATION_REQUIRED,high,no,yes,no,"Existing source timestamp and derivative evidence can be reviewed by a second human, but Codex cannot assign independent verification.",Send this candidate to the second-verifier workspace; preserve any duplicate/order flags for human review.,NOT_ELIGIBLE,second-person verification has not occurred; game version/patch unresolved; required production views incomplete
candidate-CF27_XBOXUNKNOWN_RTG_HEAD_008,CATALOG_CANDIDATE,CF27_XBOXUNKNOWN_RTG_HEAD_008,Heads,Face 8,8,phase0-video-002,49-53,5,phase0-frame-video-002-tl-008,selected value is visible; category/menu is visible; option transition is observable,"required production view(s): FRONT, LEFT_3Q, LEFT_PROFILE, RIGHT_3Q, RIGHT_PROFILE, REAR; game version; patch",MENU; FRONT; LEFT_3Q; LEFT_PROFILE; RIGHT_3Q; RIGHT_PROFILE; REAR,MENU,FRONT; LEFT_3Q; LEFT_PROFILE; RIGHT_3Q; RIGHT_PROFILE; REAR,yes,yes,partial,FAIL,UNRESOLVED_NOT_CAPTURE_STANDARDIZED,eye black/accessory may affect visual comparison,FAIL,FAIL,eye black/accessory noted,timeline includes blur/transition contamination,SECOND_VERIFIER_CONFIRMATION_REQUIRED,high,no,yes,no,"Existing source timestamp and derivative evidence can be reviewed by a second human, but Codex cannot assign independent verification.",Send this candidate to the second-verifier workspace; preserve any duplicate/order flags for human review.,NOT_ELIGIBLE,second-person verification has not occurred; game version/patch unresolved; required production views incomplete
candidate-CF27_XBOXUNKNOWN_RTG_HEAD_009,CATALOG_CANDIDATE,CF27_XBOXUNKNOWN_RTG_HEAD_009,Heads,Face 9,9,phase0-video-002,75-79,5,phase0-frame-video-002-tl-012,selected value is visible; category/menu is visible; option transition is observable,"required production view(s): FRONT, LEFT_3Q, LEFT_PROFILE, RIGHT_3Q, RIGHT_PROFILE, REAR; game version; patch",MENU; FRONT; LEFT_3Q; LEFT_PROFILE; RIGHT_3Q; RIGHT_PROFILE; REAR,MENU,FRONT; LEFT_3Q; LEFT_PROFILE; RIGHT_3Q; RIGHT_PROFILE; REAR,yes,yes,partial,FAIL,UNRESOLVED_NOT_CAPTURE_STANDARDIZED,eye black/accessory may affect visual comparison,FAIL,FAIL,eye black/accessory noted,timeline includes blur/transition contamination,SECOND_VERIFIER_CONFIRMATION_REQUIRED,high,no,yes,no,"Existing source timestamp and derivative evidence can be reviewed by a second human, but Codex cannot assign independent verification.",Send this candidate to the second-verifier workspace; preserve any duplicate/order flags for human review.,NOT_ELIGIBLE,second-person verification has not occurred; game version/patch unresolved; required production views incomplete
candidate-CF27_XBOXUNKNOWN_RTG_HEAD_010,CATALOG_CANDIDATE,CF27_XBOXUNKNOWN_RTG_HEAD_010,Heads,Face 10,10,phase0-video-002,80-88,5,phase0-frame-video-002-tl-013,selected value is visible; category/menu is visible; option transition is observable,"required production view(s): FRONT, LEFT_3Q, LEFT_PROFILE, RIGHT_3Q, RIGHT_PROFILE, REAR; game version; patch",MENU; FRONT; LEFT_3Q; LEFT_PROFILE; RIGHT_3Q; RIGHT_PROFILE; REAR,MENU,FRONT; LEFT_3Q; LEFT_PROFILE; RIGHT_3Q; RIGHT_PROFILE; REAR,yes,yes,partial,FAIL,UNRESOLVED_NOT_CAPTURE_STANDARDIZED,eye black/accessory may affect visual comparison,FAIL,FAIL,eye black/accessory noted,timeline includes blur/transition contamination,SECOND_VERIFIER_CONFIRMATION_REQUIRED,high,no,yes,no,"Existing source timestamp and derivative evidence can be reviewed by a second human, but Codex cannot assign independent verification.",Send this candidate to the second-verifier workspace; preserve any duplicate/order flags for human review.,NOT_ELIGIBLE,second-person verification has not occurred; game version/patch unresolved; required production views incomplete
candidate-CF27_XBOXUNKNOWN_RTG_HEAD_011,CATALOG_CANDIDATE,CF27_XBOXUNKNOWN_RTG_HEAD_011,Heads,Face 11,11,phase0-video-002,89-94,5,phase0-frame-video-002-tl-014,selected value is visible; category/menu is visible; option transition is observable,"required production view(s): FRONT, LEFT_3Q, LEFT_PROFILE, RIGHT_3Q, RIGHT_PROFILE, REAR; game version; patch",MENU; FRONT; LEFT_3Q; LEFT_PROFILE; RIGHT_3Q; RIGHT_PROFILE; REAR,MENU,FRONT; LEFT_3Q; LEFT_PROFILE; RIGHT_3Q; RIGHT_PROFILE; REAR,yes,yes,partial,FAIL,UNRESOLVED_NOT_CAPTURE_STANDARDIZED,eye black/accessory may affect visual comparison,FAIL,FAIL,eye black/accessory noted,timeline includes blur/transition contamination,SECOND_VERIFIER_CONFIRMATION_REQUIRED,high,no,yes,no,"Existing source timestamp and derivative evidence can be reviewed by a second human, but Codex cannot assign independent verification.",Send this candidate to the second-verifier workspace; preserve any duplicate/order flags for human review.,NOT_ELIGIBLE,second-person verification has not occurred; game version/patch unresolved; required production views incomplete
candidate-CF27_XBOXUNKNOWN_RTG_HEAD_012,CATALOG_CANDIDATE,CF27_XBOXUNKNOWN_RTG_HEAD_012,Heads,Face 12,12,phase0-video-003,0-4,4,phase0-frame-video-002-tl-015; phase0-frame-video-003-tl-001,selected value is visible; category/menu is visible; option transition is observable,"required production view(s): FRONT, LEFT_3Q, LEFT_PROFILE, RIGHT_3Q, RIGHT_PROFILE, REAR; game version; patch; duplicate resolution",MENU; FRONT; LEFT_3Q; LEFT_PROFILE; RIGHT_3Q; RIGHT_PROFILE; REAR,MENU,FRONT; LEFT_3Q; LEFT_PROFILE; RIGHT_3Q; RIGHT_PROFILE; REAR,yes,yes,partial,FAIL,UNRESOLVED_NOT_CAPTURE_STANDARDIZED,eye black/accessory may affect visual comparison,FAIL,FAIL,eye black/accessory noted,timeline includes blur/transition contamination,SECOND_VERIFIER_CONFIRMATION_REQUIRED,high,no,yes,no,"Existing source timestamp and derivative evidence can be reviewed by a second human, but Codex cannot assign independent verification.",Send this candidate to the second-verifier workspace; preserve any duplicate/order flags for human review.,NOT_ELIGIBLE,second-person verification has not occurred; game version/patch unresolved; required production views incomplete; duplicate review required
candidate-CF27_XBOXUNKNOWN_RTG_HEAD_013,CATALOG_CANDIDATE,CF27_XBOXUNKNOWN_RTG_HEAD_013,Heads,Face 13,13,phase0-video-003,21-29,4,phase0-frame-video-003-tl-004,selected value is visible; category/menu is visible; option transition is observable,"required production view(s): FRONT, LEFT_3Q, LEFT_PROFILE, RIGHT_3Q, RIGHT_PROFILE, REAR; game version; patch",MENU; FRONT; LEFT_3Q; LEFT_PROFILE; RIGHT_3Q; RIGHT_PROFILE; REAR,MENU,FRONT; LEFT_3Q; LEFT_PROFILE; RIGHT_3Q; RIGHT_PROFILE; REAR,yes,yes,partial,FAIL,UNRESOLVED_NOT_CAPTURE_STANDARDIZED,eye black/accessory may affect visual comparison,FAIL,FAIL,eye black/accessory noted,timeline includes blur/transition contamination,SECOND_VERIFIER_CONFIRMATION_REQUIRED,high,no,yes,no,"Existing source timestamp and derivative evidence can be reviewed by a second human, but Codex cannot assign independent verification.",Send this candidate to the second-verifier workspace; preserve any duplicate/order flags for human review.,NOT_ELIGIBLE,second-person verification has not occurred; game version/patch unresolved; required production views incomplete
candidate-CF27_XBOXUNKNOWN_RTG_HEAD_014,CATALOG_CANDIDATE,CF27_XBOXUNKNOWN_RTG_HEAD_014,Heads,Face 14,14,phase0-video-003,14-20,4,phase0-frame-video-003-tl-003,selected value is visible; category/menu is visible; option transition is observable,"required production view(s): FRONT, LEFT_3Q, LEFT_PROFILE, RIGHT_3Q, RIGHT_PROFILE, REAR; game version; patch",MENU; FRONT; LEFT_3Q; LEFT_PROFILE; RIGHT_3Q; RIGHT_PROFILE; REAR,MENU,FRONT; LEFT_3Q; LEFT_PROFILE; RIGHT_3Q; RIGHT_PROFILE; REAR,yes,yes,partial,FAIL,UNRESOLVED_NOT_CAPTURE_STANDARDIZED,eye black/accessory may affect visual comparison,FAIL,FAIL,eye black/accessory noted,timeline includes blur/transition contamination,SECOND_VERIFIER_CONFIRMATION_REQUIRED,high,no,yes,no,"Existing source timestamp and derivative evidence can be reviewed by a second human, but Codex cannot assign independent verification.",Send this candidate to the second-verifier workspace; preserve any duplicate/order flags for human review.,NOT_ELIGIBLE,second-person verification has not occurred; game version/patch unresolved; required production views incomplete
candidate-CF27_XBOXUNKNOWN_RTG_HEAD_016,CATALOG_CANDIDATE,CF27_XBOXUNKNOWN_RTG_HEAD_016,Heads,Face 16,16,phase0-video-003,5-13,4,phase0-frame-video-003-tl-002; phase0-frame-video-002-tl-016,selected value is visible; category/menu is visible; option transition is observable,"required production view(s): FRONT, LEFT_3Q, LEFT_PROFILE, RIGHT_3Q, RIGHT_PROFILE, REAR; game version; patch; duplicate resolution",MENU; FRONT; LEFT_3Q; LEFT_PROFILE; RIGHT_3Q; RIGHT_PROFILE; REAR,MENU,FRONT; LEFT_3Q; LEFT_PROFILE; RIGHT_3Q; RIGHT_PROFILE; REAR,yes,yes,partial,FAIL,UNRESOLVED_NOT_CAPTURE_STANDARDIZED,eye black/accessory may affect visual comparison,FAIL,FAIL,eye black/accessory noted,timeline includes blur/transition contamination,SECOND_VERIFIER_CONFIRMATION_REQUIRED,high,no,yes,no,"Existing source timestamp and derivative evidence can be reviewed by a second human, but Codex cannot assign independent verification.",Send this candidate to the second-verifier workspace; preserve any duplicate/order flags for human review.,NOT_ELIGIBLE,second-person verification has not occurred; game version/patch unresolved; required production views incomplete; duplicate review required
candidate-CF27_XBOXUNKNOWN_RTG_HEAD_017,CATALOG_CANDIDATE,CF27_XBOXUNKNOWN_RTG_HEAD_017,Heads,Face 17,17,phase0-video-003,30-39,4,phase0-frame-video-003-tl-005,selected value is visible; category/menu is visible; option transition is observable,"required production view(s): FRONT, LEFT_3Q, LEFT_PROFILE, RIGHT_3Q, RIGHT_PROFILE, REAR; game version; patch",MENU; FRONT; LEFT_3Q; LEFT_PROFILE; RIGHT_3Q; RIGHT_PROFILE; REAR,MENU,FRONT; LEFT_3Q; LEFT_PROFILE; RIGHT_3Q; RIGHT_PROFILE; REAR,yes,yes,partial,FAIL,UNRESOLVED_NOT_CAPTURE_STANDARDIZED,eye black/accessory may affect visual comparison,FAIL,FAIL,eye black/accessory noted,timeline includes blur/transition contamination,SECOND_VERIFIER_CONFIRMATION_REQUIRED,high,no,yes,no,"Existing source timestamp and derivative evidence can be reviewed by a second human, but Codex cannot assign independent verification.",Send this candidate to the second-verifier workspace; preserve any duplicate/order flags for human review.,NOT_ELIGIBLE,second-person verification has not occurred; game version/patch unresolved; required production views incomplete
candidate-CF27_XBOXUNKNOWN_RTG_HEAD_018,CATALOG_CANDIDATE,CF27_XBOXUNKNOWN_RTG_HEAD_018,Heads,Face 18,18,phase0-video-003,40-49,4,phase0-frame-video-003-tl-006,selected value is visible; category/menu is visible; option transition is observable,"required production view(s): FRONT, LEFT_3Q, LEFT_PROFILE, RIGHT_3Q, RIGHT_PROFILE, REAR; game version; patch",MENU; FRONT; LEFT_3Q; LEFT_PROFILE; RIGHT_3Q; RIGHT_PROFILE; REAR,MENU,FRONT; LEFT_3Q; LEFT_PROFILE; RIGHT_3Q; RIGHT_PROFILE; REAR,yes,yes,partial,FAIL,UNRESOLVED_NOT_CAPTURE_STANDARDIZED,eye black/accessory may affect visual comparison,FAIL,FAIL,eye black/accessory noted,timeline includes blur/transition contamination,SECOND_VERIFIER_CONFIRMATION_REQUIRED,high,no,yes,no,"Existing source timestamp and derivative evidence can be reviewed by a second human, but Codex cannot assign independent verification.",Send this candidate to the second-verifier workspace; preserve any duplicate/order flags for human review.,NOT_ELIGIBLE,second-person verification has not occurred; game version/patch unresolved; required production views incomplete
candidate-CF27_XBOXUNKNOWN_RTG_HEAD_021,CATALOG_CANDIDATE,CF27_XBOXUNKNOWN_RTG_HEAD_021,Heads,Face 21,21,phase0-video-003,80-89,4,phase0-frame-video-003-tl-010,selected value is visible; category/menu is visible; option transition is observable,"required production view(s): FRONT, LEFT_3Q, LEFT_PROFILE, RIGHT_3Q, RIGHT_PROFILE, REAR; game version; patch",MENU; FRONT; LEFT_3Q; LEFT_PROFILE; RIGHT_3Q; RIGHT_PROFILE; REAR,MENU,FRONT; LEFT_3Q; LEFT_PROFILE; RIGHT_3Q; RIGHT_PROFILE; REAR,yes,yes,partial,FAIL,UNRESOLVED_NOT_CAPTURE_STANDARDIZED,eye black/accessory may affect visual comparison,FAIL,FAIL,eye black/accessory noted,timeline includes blur/transition contamination,SECOND_VERIFIER_CONFIRMATION_REQUIRED,high,no,yes,no,"Existing source timestamp and derivative evidence can be reviewed by a second human, but Codex cannot assign independent verification.",Send this candidate to the second-verifier workspace; preserve any duplicate/order flags for human review.,NOT_ELIGIBLE,second-person verification has not occurred; game version/patch unresolved; required production views incomplete
candidate-CF27_XBOXUNKNOWN_RTG_HEAD_022,CATALOG_CANDIDATE,CF27_XBOXUNKNOWN_RTG_HEAD_022,Heads,Face 22,22,phase0-video-003,70-79,4,phase0-frame-video-003-tl-009,selected value is visible; category/menu is visible; option transition is observable,"required production view(s): FRONT, LEFT_3Q, LEFT_PROFILE, RIGHT_3Q, RIGHT_PROFILE, REAR; game version; patch",MENU; FRONT; LEFT_3Q; LEFT_PROFILE; RIGHT_3Q; RIGHT_PROFILE; REAR,MENU,FRONT; LEFT_3Q; LEFT_PROFILE; RIGHT_3Q; RIGHT_PROFILE; REAR,yes,yes,partial,FAIL,UNRESOLVED_NOT_CAPTURE_STANDARDIZED,eye black/accessory may affect visual comparison,FAIL,FAIL,eye black/accessory noted,timeline includes blur/transition contamination,SECOND_VERIFIER_CONFIRMATION_REQUIRED,high,no,yes,no,"Existing source timestamp and derivative evidence can be reviewed by a second human, but Codex cannot assign independent verification.",Send this candidate to the second-verifier workspace; preserve any duplicate/order flags for human review.,NOT_ELIGIBLE,second-person verification has not occurred; game version/patch unresolved; required production views incomplete
candidate-CF27_XBOXUNKNOWN_RTG_HEAD_023,CATALOG_CANDIDATE,CF27_XBOXUNKNOWN_RTG_HEAD_023,Heads,Face 23,23,phase0-video-003,50-59,4,phase0-frame-video-003-tl-007,selected value is visible; category/menu is visible; option transition is observable,"required production view(s): FRONT, LEFT_3Q, LEFT_PROFILE, RIGHT_3Q, RIGHT_PROFILE, REAR; game version; patch",MENU; FRONT; LEFT_3Q; LEFT_PROFILE; RIGHT_3Q; RIGHT_PROFILE; REAR,MENU,FRONT; LEFT_3Q; LEFT_PROFILE; RIGHT_3Q; RIGHT_PROFILE; REAR,yes,yes,partial,FAIL,UNRESOLVED_NOT_CAPTURE_STANDARDIZED,eye black/accessory may affect visual comparison,FAIL,FAIL,eye black/accessory noted,timeline includes blur/transition contamination,SECOND_VERIFIER_CONFIRMATION_REQUIRED,high,no,yes,no,"Existing source timestamp and derivative evidence can be reviewed by a second human, but Codex cannot assign independent verification.",Send this candidate to the second-verifier workspace; preserve any duplicate/order flags for human review.,NOT_ELIGIBLE,second-person verification has not occurred; game version/patch unresolved; required production views incomplete
candidate-CF27_XBOXUNKNOWN_RTG_HEAD_024,CATALOG_CANDIDATE,CF27_XBOXUNKNOWN_RTG_HEAD_024,Heads,Face 24,24,phase0-video-003,60-69,4,phase0-frame-video-003-tl-008,selected value is visible; category/menu is visible; option transition is observable,"required production view(s): FRONT, LEFT_3Q, LEFT_PROFILE, RIGHT_3Q, RIGHT_PROFILE, REAR; game version; patch",MENU; FRONT; LEFT_3Q; LEFT_PROFILE; RIGHT_3Q; RIGHT_PROFILE; REAR,MENU,FRONT; LEFT_3Q; LEFT_PROFILE; RIGHT_3Q; RIGHT_PROFILE; REAR,yes,yes,partial,FAIL,UNRESOLVED_NOT_CAPTURE_STANDARDIZED,eye black/accessory may affect visual comparison,FAIL,FAIL,eye black/accessory noted,timeline includes blur/transition contamination,SECOND_VERIFIER_CONFIRMATION_REQUIRED,high,no,yes,no,"Existing source timestamp and derivative evidence can be reviewed by a second human, but Codex cannot assign independent verification.",Send this candidate to the second-verifier workspace; preserve any duplicate/order flags for human review.,NOT_ELIGIBLE,second-person verification has not occurred; game version/patch unresolved; required production views incomplete
candidate-CF27_XBOXUNKNOWN_RTG_HEAD_027,CATALOG_CANDIDATE,CF27_XBOXUNKNOWN_RTG_HEAD_027,Heads,Face 27,27,phase0-video-003,90-99,4,phase0-frame-video-003-tl-011,selected value is visible; category/menu is visible; option transition is observable,"required production view(s): FRONT, LEFT_3Q, LEFT_PROFILE, RIGHT_3Q, RIGHT_PROFILE, REAR; game version; patch",MENU; FRONT; LEFT_3Q; LEFT_PROFILE; RIGHT_3Q; RIGHT_PROFILE; REAR,MENU,FRONT; LEFT_3Q; LEFT_PROFILE; RIGHT_3Q; RIGHT_PROFILE; REAR,yes,yes,partial,FAIL,UNRESOLVED_NOT_CAPTURE_STANDARDIZED,eye black/accessory may affect visual comparison,FAIL,FAIL,eye black/accessory noted,timeline includes blur/transition contamination,SECOND_VERIFIER_CONFIRMATION_REQUIRED,high,no,yes,no,"Existing source timestamp and derivative evidence can be reviewed by a second human, but Codex cannot assign independent verification.",Send this candidate to the second-verifier workspace; preserve any duplicate/order flags for human review.,NOT_ELIGIBLE,second-person verification has not occurred; game version/patch unresolved; required production views incomplete
candidate-CF27_XBOXUNKNOWN_RTG_HEAD_028,CATALOG_CANDIDATE,CF27_XBOXUNKNOWN_RTG_HEAD_028,Heads,Face 28,28,phase0-video-003,100-109,4,phase0-frame-video-003-tl-012,selected value is visible; category/menu is visible; option transition is observable,"required production view(s): FRONT, LEFT_3Q, LEFT_PROFILE, RIGHT_3Q, RIGHT_PROFILE, REAR; game version; patch",MENU; FRONT; LEFT_3Q; LEFT_PROFILE; RIGHT_3Q; RIGHT_PROFILE; REAR,MENU,FRONT; LEFT_3Q; LEFT_PROFILE; RIGHT_3Q; RIGHT_PROFILE; REAR,yes,yes,partial,FAIL,UNRESOLVED_NOT_CAPTURE_STANDARDIZED,eye black/accessory may affect visual comparison,FAIL,FAIL,eye black/accessory noted,timeline includes blur/transition contamination,SECOND_VERIFIER_CONFIRMATION_REQUIRED,high,no,yes,no,"Existing source timestamp and derivative evidence can be reviewed by a second human, but Codex cannot assign independent verification.",Send this candidate to the second-verifier workspace; preserve any duplicate/order flags for human review.,NOT_ELIGIBLE,second-person verification has not occurred; game version/patch unresolved; required production views incomplete
candidate-CF27_XBOXUNKNOWN_RTG_HEAD_029,CATALOG_CANDIDATE,CF27_XBOXUNKNOWN_RTG_HEAD_029,Heads,Face 29,29,phase0-video-003,127-133.02,4,phase0-frame-video-003-tl-015,selected value is visible; category/menu is visible; option transition is observable,"required production view(s): FRONT, LEFT_3Q, LEFT_PROFILE, RIGHT_3Q, RIGHT_PROFILE, REAR; game version; patch",MENU; FRONT; LEFT_3Q; LEFT_PROFILE; RIGHT_3Q; RIGHT_PROFILE; REAR,MENU,FRONT; LEFT_3Q; LEFT_PROFILE; RIGHT_3Q; RIGHT_PROFILE; REAR,yes,yes,partial,FAIL,UNRESOLVED_NOT_CAPTURE_STANDARDIZED,eye black/accessory may affect visual comparison,FAIL,FAIL,eye black/accessory noted,timeline includes blur/transition contamination,SECOND_VERIFIER_CONFIRMATION_REQUIRED,high,no,yes,no,"Existing source timestamp and derivative evidence can be reviewed by a second human, but Codex cannot assign independent verification.",Send this candidate to the second-verifier workspace; preserve any duplicate/order flags for human review.,NOT_ELIGIBLE,second-person verification has not occurred; game version/patch unresolved; required production views incomplete
candidate-CF27_XBOXUNKNOWN_RTG_HEAD_030,CATALOG_CANDIDATE,CF27_XBOXUNKNOWN_RTG_HEAD_030,Heads,Face 30,30,phase0-video-003,120-126,4,phase0-frame-video-003-tl-014,selected value is visible; category/menu is visible; option transition is observable,"required production view(s): FRONT, LEFT_3Q, LEFT_PROFILE, RIGHT_3Q, RIGHT_PROFILE, REAR; game version; patch",MENU; FRONT; LEFT_3Q; LEFT_PROFILE; RIGHT_3Q; RIGHT_PROFILE; REAR,MENU,FRONT; LEFT_3Q; LEFT_PROFILE; RIGHT_3Q; RIGHT_PROFILE; REAR,yes,yes,partial,FAIL,UNRESOLVED_NOT_CAPTURE_STANDARDIZED,eye black/accessory may affect visual comparison,FAIL,FAIL,eye black/accessory noted,timeline includes blur/transition contamination,SECOND_VERIFIER_CONFIRMATION_REQUIRED,high,no,yes,no,"Existing source timestamp and derivative evidence can be reviewed by a second human, but Codex cannot assign independent verification.",Send this candidate to the second-verifier workspace; preserve any duplicate/order flags for human review.,NOT_ELIGIBLE,second-person verification has not occurred; game version/patch unresolved; required production views incomplete
candidate-CF27_XBOXUNKNOWN_RTG_HEAD_031,CATALOG_CANDIDATE,CF27_XBOXUNKNOWN_RTG_HEAD_031,Heads,Face 31,31,phase0-video-003,110-119,4,phase0-frame-video-003-tl-013,selected value is visible; category/menu is visible; option transition is observable,"required production view(s): FRONT, LEFT_3Q, LEFT_PROFILE, RIGHT_3Q, RIGHT_PROFILE, REAR; game version; patch",MENU; FRONT; LEFT_3Q; LEFT_PROFILE; RIGHT_3Q; RIGHT_PROFILE; REAR,MENU,FRONT; LEFT_3Q; LEFT_PROFILE; RIGHT_3Q; RIGHT_PROFILE; REAR,yes,yes,partial,FAIL,UNRESOLVED_NOT_CAPTURE_STANDARDIZED,eye black/accessory may affect visual comparison,FAIL,FAIL,eye black/accessory noted,timeline includes blur/transition contamination,SECOND_VERIFIER_CONFIRMATION_REQUIRED,high,no,yes,no,"Existing source timestamp and derivative evidence can be reviewed by a second human, but Codex cannot assign independent verification.",Send this candidate to the second-verifier workspace; preserve any duplicate/order flags for human review.,NOT_ELIGIBLE,second-person verification has not occurred; game version/patch unresolved; required production views incomplete
candidate-CF27_XBOXUNKNOWN_RTG_JAWSHAPE_SQUARE,CATALOG_CANDIDATE,CF27_XBOXUNKNOWN_RTG_JAWSHAPE_SQUARE,Jaw Shape,Square,2,CF27_XBOX_SOURCE_2026_08_02_001,220-229,4,phase0-frame-CF27_XBOX_SOURCE_2026_08_02_001-tl-010,selected value is visible; category/menu is visible; option transition is observable,"required production view(s): FRONT, LEFT_PROFILE, RIGHT_PROFILE; game version; patch",MENU; FRONT; LEFT_PROFILE; RIGHT_PROFILE,MENU,FRONT; LEFT_PROFILE; RIGHT_PROFILE,yes,yes,partial,FAIL,UNRESOLVED_NOT_CAPTURE_STANDARDIZED,No candidate-specific obstruction note in queue.,FAIL,FAIL,not specifically noted,timeline includes blur/transition contamination,SECOND_VERIFIER_CONFIRMATION_REQUIRED,high,no,yes,no,"Existing source timestamp and derivative evidence can be reviewed by a second human, but Codex cannot assign independent verification.",Send this candidate to the second-verifier workspace; preserve any duplicate/order flags for human review.,NOT_ELIGIBLE,second-person verification has not occurred; game version/patch unresolved; required production views incomplete
candidate-CF27_XBOXUNKNOWN_RTG_MOUTHSHAPE_HEAVY,CATALOG_CANDIDATE,CF27_XBOXUNKNOWN_RTG_MOUTHSHAPE_HEAVY,Mouth Shape,Heavy,7,CF27_XBOX_SOURCE_2026_08_02_001,210-219,4,phase0-frame-CF27_XBOX_SOURCE_2026_08_02_001-tl-009,selected value is visible; category/menu is visible; option transition is observable,required production view(s): FRONT; game version; patch,MENU; FRONT,MENU,FRONT,yes,yes,partial,FAIL,UNRESOLVED_NOT_CAPTURE_STANDARDIZED,No candidate-specific obstruction note in queue.,FAIL,FAIL,not specifically noted,timeline includes blur/transition contamination,SECOND_VERIFIER_CONFIRMATION_REQUIRED,high,yes,yes,no,"Existing source timestamp and derivative evidence can be reviewed by a second human, but Codex cannot assign independent verification.",Send this candidate to the second-verifier workspace; preserve any duplicate/order flags for human review.,NOT_ELIGIBLE,second-person verification has not occurred; game version/patch unresolved; required production views incomplete
candidate-CF27_XBOXUNKNOWN_RTG_NOSE_001,CATALOG_CANDIDATE,CF27_XBOXUNKNOWN_RTG_NOSE_001,Nose,None,1,phase0-video-008,15-15,13,phase0-frame-video-008-tl-003,selected value is visible; category/menu is visible; option transition is observable,"required production view(s): FRONT, LEFT_PROFILE, RIGHT_PROFILE; game version; patch",MENU; FRONT; LEFT_PROFILE; RIGHT_PROFILE,MENU,FRONT; LEFT_PROFILE; RIGHT_PROFILE,yes,yes,partial,PASS,UNRESOLVED_NOT_CAPTURE_STANDARDIZED,No candidate-specific obstruction note in queue.,FAIL,FAIL,not specifically noted,timeline includes blur/transition contamination,SECOND_VERIFIER_CONFIRMATION_REQUIRED,high,no,yes,no,"Existing source timestamp and derivative evidence can be reviewed by a second human, but Codex cannot assign independent verification.",Send this candidate to the second-verifier workspace; preserve any duplicate/order flags for human review.,NOT_ELIGIBLE,second-person verification has not occurred; game version/patch unresolved; required production views incomplete
candidate-CF27_XBOXUNKNOWN_RTG_NOSE_002,CATALOG_CANDIDATE,CF27_XBOXUNKNOWN_RTG_NOSE_002,Nose,Hooked,2,phase0-video-008,16-18,13,phase0-frame-video-008-tl-004,selected value is visible; category/menu is visible; option transition is observable,"required production view(s): FRONT, LEFT_PROFILE, RIGHT_PROFILE; game version; patch",MENU; FRONT; LEFT_PROFILE; RIGHT_PROFILE,MENU,FRONT; LEFT_PROFILE; RIGHT_PROFILE,yes,yes,partial,PASS,UNRESOLVED_NOT_CAPTURE_STANDARDIZED,No candidate-specific obstruction note in queue.,FAIL,FAIL,not specifically noted,timeline includes blur/transition contamination,SECOND_VERIFIER_CONFIRMATION_REQUIRED,high,no,yes,no,"Existing source timestamp and derivative evidence can be reviewed by a second human, but Codex cannot assign independent verification.",Send this candidate to the second-verifier workspace; preserve any duplicate/order flags for human review.,NOT_ELIGIBLE,second-person verification has not occurred; game version/patch unresolved; required production views incomplete
candidate-CF27_XBOXUNKNOWN_RTG_NOSE_003,CATALOG_CANDIDATE,CF27_XBOXUNKNOWN_RTG_NOSE_003,Nose,Button,3,phase0-video-008,19-20,13,phase0-frame-video-008-tl-005,selected value is visible; category/menu is visible; option transition is observable,"required production view(s): FRONT, LEFT_PROFILE, RIGHT_PROFILE; game version; patch",MENU; FRONT; LEFT_PROFILE; RIGHT_PROFILE,MENU,FRONT; LEFT_PROFILE; RIGHT_PROFILE,yes,yes,partial,PASS,UNRESOLVED_NOT_CAPTURE_STANDARDIZED,No candidate-specific obstruction note in queue.,FAIL,FAIL,not specifically noted,timeline includes blur/transition contamination,SECOND_VERIFIER_CONFIRMATION_REQUIRED,high,no,yes,no,"Existing source timestamp and derivative evidence can be reviewed by a second human, but Codex cannot assign independent verification.",Send this candidate to the second-verifier workspace; preserve any duplicate/order flags for human review.,NOT_ELIGIBLE,second-person verification has not occurred; game version/patch unresolved; required production views incomplete
candidate-CF27_XBOXUNKNOWN_RTG_NOSE_004,CATALOG_CANDIDATE,CF27_XBOXUNKNOWN_RTG_NOSE_004,Nose,Nubian,4,phase0-video-008,21-22,13,phase0-frame-video-008-tl-006,selected value is visible; category/menu is visible; option transition is observable,"required production view(s): FRONT, LEFT_PROFILE, RIGHT_PROFILE; game version; patch",MENU; FRONT; LEFT_PROFILE; RIGHT_PROFILE,MENU,FRONT; LEFT_PROFILE; RIGHT_PROFILE,yes,yes,partial,PASS,UNRESOLVED_NOT_CAPTURE_STANDARDIZED,No candidate-specific obstruction note in queue.,FAIL,FAIL,not specifically noted,timeline includes blur/transition contamination,SECOND_VERIFIER_CONFIRMATION_REQUIRED,high,no,yes,no,"Existing source timestamp and derivative evidence can be reviewed by a second human, but Codex cannot assign independent verification.",Send this candidate to the second-verifier workspace; preserve any duplicate/order flags for human review.,NOT_ELIGIBLE,second-person verification has not occurred; game version/patch unresolved; required production views incomplete
candidate-CF27_XBOXUNKNOWN_RTG_NOSE_005,CATALOG_CANDIDATE,CF27_XBOXUNKNOWN_RTG_NOSE_005,Nose,Aquiline,5,phase0-video-008,14-14,13,phase0-frame-video-008-tl-002; phase0-frame-video-008-tl-009,selected value is visible; category/menu is visible; option transition is observable,"required production view(s): FRONT, LEFT_PROFILE, RIGHT_PROFILE; game version; patch; duplicate resolution",MENU; FRONT; LEFT_PROFILE; RIGHT_PROFILE,MENU,FRONT; LEFT_PROFILE; RIGHT_PROFILE,yes,yes,partial,PASS,UNRESOLVED_NOT_CAPTURE_STANDARDIZED,No candidate-specific obstruction note in queue.,FAIL,FAIL,not specifically noted,timeline includes blur/transition contamination,SECOND_VERIFIER_CONFIRMATION_REQUIRED,high,no,yes,no,"Existing source timestamp and derivative evidence can be reviewed by a second human, but Codex cannot assign independent verification.",Send this candidate to the second-verifier workspace; preserve any duplicate/order flags for human review.,NOT_ELIGIBLE,second-person verification has not occurred; game version/patch unresolved; required production views incomplete; duplicate review required
candidate-CF27_XBOXUNKNOWN_RTG_NOSE_006,CATALOG_CANDIDATE,CF27_XBOXUNKNOWN_RTG_NOSE_006,Nose,Roman,6,phase0-video-008,25-27,13,phase0-frame-video-008-tl-008,selected value is visible; category/menu is visible; option transition is observable,"required production view(s): FRONT, LEFT_PROFILE, RIGHT_PROFILE; game version; patch",MENU; FRONT; LEFT_PROFILE; RIGHT_PROFILE,MENU,FRONT; LEFT_PROFILE; RIGHT_PROFILE,yes,yes,partial,PASS,UNRESOLVED_NOT_CAPTURE_STANDARDIZED,No candidate-specific obstruction note in queue.,FAIL,FAIL,not specifically noted,timeline includes blur/transition contamination,SECOND_VERIFIER_CONFIRMATION_REQUIRED,high,no,yes,no,"Existing source timestamp and derivative evidence can be reviewed by a second human, but Codex cannot assign independent verification.",Send this candidate to the second-verifier workspace; preserve any duplicate/order flags for human review.,NOT_ELIGIBLE,second-person verification has not occurred; game version/patch unresolved; required production views incomplete
candidate-CF27_XBOXUNKNOWN_RTG_NOSE_007,CATALOG_CANDIDATE,CF27_XBOXUNKNOWN_RTG_NOSE_007,Nose,Funnel,7,phase0-video-008,23-24,13,phase0-frame-video-008-tl-007,selected value is visible; category/menu is visible; option transition is observable,"required production view(s): FRONT, LEFT_PROFILE, RIGHT_PROFILE; game version; patch",MENU; FRONT; LEFT_PROFILE; RIGHT_PROFILE,MENU,FRONT; LEFT_PROFILE; RIGHT_PROFILE,yes,yes,partial,PASS,UNRESOLVED_NOT_CAPTURE_STANDARDIZED,No candidate-specific obstruction note in queue.,FAIL,FAIL,not specifically noted,timeline includes blur/transition contamination,SECOND_VERIFIER_CONFIRMATION_REQUIRED,high,no,yes,no,"Existing source timestamp and derivative evidence can be reviewed by a second human, but Codex cannot assign independent verification.",Send this candidate to the second-verifier workspace; preserve any duplicate/order flags for human review.,NOT_ELIGIBLE,second-person verification has not occurred; game version/patch unresolved; required production views incomplete
candidate-CF27_XBOXUNKNOWN_RTG_SKINDETAILS_001,CATALOG_CANDIDATE,CF27_XBOXUNKNOWN_RTG_SKINDETAILS_001,Skin Details,None,1,phase0-video-005,8-8,7,phase0-frame-video-005-tl-002,selected value is visible; category/menu is visible; option transition is observable,required production view(s): FRONT; game version; patch,MENU; FRONT,MENU,FRONT,yes,yes,partial,PASS,UNRESOLVED_NOT_CAPTURE_STANDARDIZED,No candidate-specific obstruction note in queue.,FAIL,FAIL,not specifically noted,timeline includes blur/transition contamination,SECOND_VERIFIER_CONFIRMATION_REQUIRED,high,yes,yes,no,"Existing source timestamp and derivative evidence can be reviewed by a second human, but Codex cannot assign independent verification.",Send this candidate to the second-verifier workspace; preserve any duplicate/order flags for human review.,NOT_ELIGIBLE,second-person verification has not occurred; game version/patch unresolved; required production views incomplete
candidate-CF27_XBOXUNKNOWN_RTG_SKINDETAILS_002,CATALOG_CANDIDATE,CF27_XBOXUNKNOWN_RTG_SKINDETAILS_002,Skin Details,Freckles 2,2,phase0-video-005,9-10,7,phase0-frame-video-005-tl-003,selected value is visible; category/menu is visible; option transition is observable,required production view(s): FRONT; game version; patch,MENU; FRONT,MENU,FRONT,yes,yes,partial,PASS,UNRESOLVED_NOT_CAPTURE_STANDARDIZED,No candidate-specific obstruction note in queue.,FAIL,FAIL,not specifically noted,timeline includes blur/transition contamination,SECOND_VERIFIER_CONFIRMATION_REQUIRED,high,yes,yes,no,"Existing source timestamp and derivative evidence can be reviewed by a second human, but Codex cannot assign independent verification.",Send this candidate to the second-verifier workspace; preserve any duplicate/order flags for human review.,NOT_ELIGIBLE,second-person verification has not occurred; game version/patch unresolved; required production views incomplete
candidate-CF27_XBOXUNKNOWN_RTG_SKINDETAILS_003,CATALOG_CANDIDATE,CF27_XBOXUNKNOWN_RTG_SKINDETAILS_003,Skin Details,Scar 3,3,phase0-video-005,11-14,7,phase0-frame-video-005-tl-004,selected value is visible; category/menu is visible; option transition is observable,required production view(s): FRONT; game version; patch,MENU; FRONT,MENU,FRONT,yes,yes,partial,PASS,UNRESOLVED_NOT_CAPTURE_STANDARDIZED,No candidate-specific obstruction note in queue.,FAIL,FAIL,not specifically noted,timeline includes blur/transition contamination,SECOND_VERIFIER_CONFIRMATION_REQUIRED,high,yes,yes,no,"Existing source timestamp and derivative evidence can be reviewed by a second human, but Codex cannot assign independent verification.",Send this candidate to the second-verifier workspace; preserve any duplicate/order flags for human review.,NOT_ELIGIBLE,second-person verification has not occurred; game version/patch unresolved; required production views incomplete
candidate-CF27_XBOXUNKNOWN_RTG_SKINDETAILS_004,CATALOG_CANDIDATE,CF27_XBOXUNKNOWN_RTG_SKINDETAILS_004,Skin Details,Scar 2,4,phase0-video-005,15-16,7,phase0-frame-video-005-tl-005,selected value is visible; category/menu is visible; option transition is observable,required production view(s): FRONT; game version; patch,MENU; FRONT,MENU,FRONT,yes,yes,partial,PASS,UNRESOLVED_NOT_CAPTURE_STANDARDIZED,No candidate-specific obstruction note in queue.,FAIL,FAIL,not specifically noted,timeline includes blur/transition contamination,SECOND_VERIFIER_CONFIRMATION_REQUIRED,high,yes,yes,no,"Existing source timestamp and derivative evidence can be reviewed by a second human, but Codex cannot assign independent verification.",Send this candidate to the second-verifier workspace; preserve any duplicate/order flags for human review.,NOT_ELIGIBLE,second-person verification has not occurred; game version/patch unresolved; required production views incomplete
candidate-CF27_XBOXUNKNOWN_RTG_SKINDETAILS_005,CATALOG_CANDIDATE,CF27_XBOXUNKNOWN_RTG_SKINDETAILS_005,Skin Details,Scar 1,5,phase0-video-005,23-24,7,phase0-frame-video-005-tl-009,selected value is visible; category/menu is visible; option transition is observable,required production view(s): FRONT; game version; patch,MENU; FRONT,MENU,FRONT,yes,yes,partial,PASS,UNRESOLVED_NOT_CAPTURE_STANDARDIZED,No candidate-specific obstruction note in queue.,FAIL,FAIL,not specifically noted,timeline includes blur/transition contamination,SECOND_VERIFIER_CONFIRMATION_REQUIRED,high,yes,yes,no,"Existing source timestamp and derivative evidence can be reviewed by a second human, but Codex cannot assign independent verification.",Send this candidate to the second-verifier workspace; preserve any duplicate/order flags for human review.,NOT_ELIGIBLE,second-person verification has not occurred; game version/patch unresolved; required production views incomplete
candidate-CF27_XBOXUNKNOWN_RTG_SKINDETAILS_006,CATALOG_CANDIDATE,CF27_XBOXUNKNOWN_RTG_SKINDETAILS_006,Skin Details,Acne Scar 1,6,phase0-video-005,21-22,7,phase0-frame-video-005-tl-008,selected value is visible; category/menu is visible; option transition is observable,required production view(s): FRONT; game version; patch,MENU; FRONT,MENU,FRONT,yes,yes,partial,PASS,UNRESOLVED_NOT_CAPTURE_STANDARDIZED,No candidate-specific obstruction note in queue.,FAIL,FAIL,not specifically noted,timeline includes blur/transition contamination,SECOND_VERIFIER_CONFIRMATION_REQUIRED,high,yes,yes,no,"Existing source timestamp and derivative evidence can be reviewed by a second human, but Codex cannot assign independent verification.",Send this candidate to the second-verifier workspace; preserve any duplicate/order flags for human review.,NOT_ELIGIBLE,second-person verification has not occurred; game version/patch unresolved; required production views incomplete
candidate-CF27_XBOXUNKNOWN_RTG_SKINDETAILS_007,CATALOG_CANDIDATE,CF27_XBOXUNKNOWN_RTG_SKINDETAILS_007,Skin Details,Redness 3,7,phase0-video-005,19-20,7,phase0-frame-video-005-tl-007,selected value is visible; category/menu is visible; option transition is observable,required production view(s): FRONT; game version; patch,MENU; FRONT,MENU,FRONT,yes,yes,partial,PASS,UNRESOLVED_NOT_CAPTURE_STANDARDIZED,No candidate-specific obstruction note in queue.,FAIL,FAIL,not specifically noted,timeline includes blur/transition contamination,SECOND_VERIFIER_CONFIRMATION_REQUIRED,high,yes,yes,no,"Existing source timestamp and derivative evidence can be reviewed by a second human, but Codex cannot assign independent verification.",Send this candidate to the second-verifier workspace; preserve any duplicate/order flags for human review.,NOT_ELIGIBLE,second-person verification has not occurred; game version/patch unresolved; required production views incomplete
candidate-CF27_XBOXUNKNOWN_RTG_SKINDETAILS_008,CATALOG_CANDIDATE,CF27_XBOXUNKNOWN_RTG_SKINDETAILS_008,Skin Details,Redness 2,8,phase0-video-005,17-18,7,phase0-frame-video-005-tl-006,selected value is visible; category/menu is visible; option transition is observable,required production view(s): FRONT; game version; patch,MENU; FRONT,MENU,FRONT,yes,yes,partial,PASS,UNRESOLVED_NOT_CAPTURE_STANDARDIZED,No candidate-specific obstruction note in queue.,FAIL,FAIL,not specifically noted,timeline includes blur/transition contamination,SECOND_VERIFIER_CONFIRMATION_REQUIRED,high,yes,yes,no,"Existing source timestamp and derivative evidence can be reviewed by a second human, but Codex cannot assign independent verification.",Send this candidate to the second-verifier workspace; preserve any duplicate/order flags for human review.,NOT_ELIGIBLE,second-person verification has not occurred; game version/patch unresolved; required production views incomplete
candidate-CF27_XBOXUNKNOWN_RTG_SKINDETAILS_009,CATALOG_CANDIDATE,CF27_XBOXUNKNOWN_RTG_SKINDETAILS_009,Skin Details,Redness 1,9,phase0-video-005,25-26,7,phase0-frame-video-005-tl-010,selected value is visible; category/menu is visible; option transition is observable,required production view(s): FRONT; game version; patch,MENU; FRONT,MENU,FRONT,yes,yes,partial,PASS,UNRESOLVED_NOT_CAPTURE_STANDARDIZED,No candidate-specific obstruction note in queue.,FAIL,FAIL,not specifically noted,timeline includes blur/transition contamination,SECOND_VERIFIER_CONFIRMATION_REQUIRED,high,yes,yes,no,"Existing source timestamp and derivative evidence can be reviewed by a second human, but Codex cannot assign independent verification.",Send this candidate to the second-verifier workspace; preserve any duplicate/order flags for human review.,NOT_ELIGIBLE,second-person verification has not occurred; game version/patch unresolved; required production views incomplete
candidate-CF27_XBOXUNKNOWN_RTG_SKINDETAILS_010,CATALOG_CANDIDATE,CF27_XBOXUNKNOWN_RTG_SKINDETAILS_010,Skin Details,Freckles 1,10,phase0-video-005,27-31.72,7,phase0-frame-video-005-tl-011,selected value is visible; category/menu is visible; option transition is observable,required production view(s): FRONT; game version; patch,MENU; FRONT,MENU,FRONT,yes,yes,partial,PASS,UNRESOLVED_NOT_CAPTURE_STANDARDIZED,No candidate-specific obstruction note in queue.,FAIL,FAIL,not specifically noted,timeline includes blur/transition contamination,SECOND_VERIFIER_CONFIRMATION_REQUIRED,high,yes,yes,no,"Existing source timestamp and derivative evidence can be reviewed by a second human, but Codex cannot assign independent verification.",Send this candidate to the second-verifier workspace; preserve any duplicate/order flags for human review.,NOT_ELIGIBLE,second-person verification has not occurred; game version/patch unresolved; required production views incomplete
candidate-CF27_XBOXUNKNOWN_RTG_SKINTONE_001,CATALOG_CANDIDATE,CF27_XBOXUNKNOWN_RTG_SKINTONE_001,Skin Tone,Skin Tone 01,1,phase0-video-004,45-46,7,phase0-frame-video-004-tl-019,selected value is visible; category/menu is visible; option transition is observable,required production view(s): FRONT; game version; patch,MENU; FRONT,MENU,FRONT,yes,yes,partial,PASS,UNRESOLVED_NOT_CAPTURE_STANDARDIZED,No candidate-specific obstruction note in queue.,FAIL,FAIL,not specifically noted,timeline includes blur/transition contamination,SECOND_VERIFIER_CONFIRMATION_REQUIRED,high,yes,yes,no,"Existing source timestamp and derivative evidence can be reviewed by a second human, but Codex cannot assign independent verification.",Send this candidate to the second-verifier workspace; preserve any duplicate/order flags for human review.,NOT_ELIGIBLE,second-person verification has not occurred; game version/patch unresolved; required production views incomplete
candidate-CF27_XBOXUNKNOWN_RTG_SKINTONE_002,CATALOG_CANDIDATE,CF27_XBOXUNKNOWN_RTG_SKINTONE_002,Skin Tone,Skin Tone 02,2,phase0-video-004,47-47,7,phase0-frame-video-004-tl-020,selected value is visible; category/menu is visible; option transition is observable,required production view(s): FRONT; game version; patch,MENU; FRONT,MENU,FRONT,yes,yes,partial,PASS,UNRESOLVED_NOT_CAPTURE_STANDARDIZED,No candidate-specific obstruction note in queue.,FAIL,FAIL,not specifically noted,timeline includes blur/transition contamination,SECOND_VERIFIER_CONFIRMATION_REQUIRED,high,yes,yes,no,"Existing source timestamp and derivative evidence can be reviewed by a second human, but Codex cannot assign independent verification.",Send this candidate to the second-verifier workspace; preserve any duplicate/order flags for human review.,NOT_ELIGIBLE,second-person verification has not occurred; game version/patch unresolved; required production views incomplete
candidate-CF27_XBOXUNKNOWN_RTG_SKINTONE_003,CATALOG_CANDIDATE,CF27_XBOXUNKNOWN_RTG_SKINTONE_003,Skin Tone,Skin Tone 03,3,phase0-video-004,48-49,7,phase0-frame-video-004-tl-021,selected value is visible; category/menu is visible; option transition is observable,required production view(s): FRONT; game version; patch,MENU; FRONT,MENU,FRONT,yes,yes,partial,PASS,UNRESOLVED_NOT_CAPTURE_STANDARDIZED,No candidate-specific obstruction note in queue.,FAIL,FAIL,not specifically noted,timeline includes blur/transition contamination,SECOND_VERIFIER_CONFIRMATION_REQUIRED,high,yes,yes,no,"Existing source timestamp and derivative evidence can be reviewed by a second human, but Codex cannot assign independent verification.",Send this candidate to the second-verifier workspace; preserve any duplicate/order flags for human review.,NOT_ELIGIBLE,second-person verification has not occurred; game version/patch unresolved; required production views incomplete
candidate-CF27_XBOXUNKNOWN_RTG_SKINTONE_004,CATALOG_CANDIDATE,CF27_XBOXUNKNOWN_RTG_SKINTONE_004,Skin Tone,Skin Tone 04,4,phase0-video-004,12-13,7,phase0-frame-video-004-tl-003,selected value is visible; category/menu is visible; option transition is observable,required production view(s): FRONT; game version; patch,MENU; FRONT,MENU,FRONT,yes,yes,partial,PASS,UNRESOLVED_NOT_CAPTURE_STANDARDIZED,No candidate-specific obstruction note in queue.,FAIL,FAIL,not specifically noted,timeline includes blur/transition contamination,SECOND_VERIFIER_CONFIRMATION_REQUIRED,high,yes,yes,no,"Existing source timestamp and derivative evidence can be reviewed by a second human, but Codex cannot assign independent verification.",Send this candidate to the second-verifier workspace; preserve any duplicate/order flags for human review.,NOT_ELIGIBLE,second-person verification has not occurred; game version/patch unresolved; required production views incomplete
candidate-CF27_XBOXUNKNOWN_RTG_SKINTONE_006,CATALOG_CANDIDATE,CF27_XBOXUNKNOWN_RTG_SKINTONE_006,Skin Tone,Skin Tone 06,6,phase0-video-004,29-30,7,phase0-frame-video-004-tl-011,selected value is visible; category/menu is visible; option transition is observable,required production view(s): FRONT; game version; patch,MENU; FRONT,MENU,FRONT,yes,yes,partial,FAIL,UNRESOLVED_NOT_CAPTURE_STANDARDIZED,No candidate-specific obstruction note in queue.,FAIL,FAIL,not specifically noted,timeline includes blur/transition contamination,SECOND_VERIFIER_CONFIRMATION_REQUIRED,high,yes,yes,no,"Existing source timestamp and derivative evidence can be reviewed by a second human, but Codex cannot assign independent verification.",Send this candidate to the second-verifier workspace; preserve any duplicate/order flags for human review.,NOT_ELIGIBLE,second-person verification has not occurred; game version/patch unresolved; required production views incomplete
candidate-CF27_XBOXUNKNOWN_RTG_SKINTONE_007,CATALOG_CANDIDATE,CF27_XBOXUNKNOWN_RTG_SKINTONE_007,Skin Tone,Skin Tone 07,7,phase0-video-004,27-28,7,phase0-frame-video-004-tl-010,selected value is visible; category/menu is visible; option transition is observable,required production view(s): FRONT; game version; patch,MENU; FRONT,MENU,FRONT,yes,yes,partial,PASS,UNRESOLVED_NOT_CAPTURE_STANDARDIZED,No candidate-specific obstruction note in queue.,FAIL,FAIL,not specifically noted,timeline includes blur/transition contamination,SECOND_VERIFIER_CONFIRMATION_REQUIRED,high,yes,yes,no,"Existing source timestamp and derivative evidence can be reviewed by a second human, but Codex cannot assign independent verification.",Send this candidate to the second-verifier workspace; preserve any duplicate/order flags for human review.,NOT_ELIGIBLE,second-person verification has not occurred; game version/patch unresolved; required production views incomplete
candidate-CF27_XBOXUNKNOWN_RTG_SKINTONE_008,CATALOG_CANDIDATE,CF27_XBOXUNKNOWN_RTG_SKINTONE_008,Skin Tone,Skin Tone 08,8,phase0-video-004,25-26,7,phase0-frame-video-004-tl-009,selected value is visible; category/menu is visible; option transition is observable,required production view(s): FRONT; game version; patch,MENU; FRONT,MENU,FRONT,yes,yes,partial,FAIL,UNRESOLVED_NOT_CAPTURE_STANDARDIZED,No candidate-specific obstruction note in queue.,FAIL,FAIL,not specifically noted,timeline includes blur/transition contamination,SECOND_VERIFIER_CONFIRMATION_REQUIRED,high,yes,yes,no,"Existing source timestamp and derivative evidence can be reviewed by a second human, but Codex cannot assign independent verification.",Send this candidate to the second-verifier workspace; preserve any duplicate/order flags for human review.,NOT_ELIGIBLE,second-person verification has not occurred; game version/patch unresolved; required production views incomplete
candidate-CF27_XBOXUNKNOWN_RTG_SKINTONE_009,CATALOG_CANDIDATE,CF27_XBOXUNKNOWN_RTG_SKINTONE_009,Skin Tone,Skin Tone 09,9,phase0-video-004,8-11,7,phase0-frame-video-004-tl-002,selected value is visible; category/menu is visible; option transition is observable,required production view(s): FRONT; game version; patch,MENU; FRONT,MENU,FRONT,yes,yes,partial,FAIL,UNRESOLVED_NOT_CAPTURE_STANDARDIZED,No candidate-specific obstruction note in queue.,FAIL,FAIL,not specifically noted,timeline includes blur/transition contamination,SECOND_VERIFIER_CONFIRMATION_REQUIRED,high,yes,yes,no,"Existing source timestamp and derivative evidence can be reviewed by a second human, but Codex cannot assign independent verification.",Send this candidate to the second-verifier workspace; preserve any duplicate/order flags for human review.,NOT_ELIGIBLE,second-person verification has not occurred; game version/patch unresolved; required production views incomplete
candidate-CF27_XBOXUNKNOWN_RTG_SKINTONE_010,CATALOG_CANDIDATE,CF27_XBOXUNKNOWN_RTG_SKINTONE_010,Skin Tone,Skin Tone 10,10,phase0-video-004,14-14,7,phase0-frame-video-004-tl-017; phase0-frame-video-004-tl-004,selected value is visible; category/menu is visible; option transition is observable,required production view(s): FRONT; game version; patch; duplicate resolution,MENU; FRONT,MENU,FRONT,yes,yes,partial,PASS,UNRESOLVED_NOT_CAPTURE_STANDARDIZED,No candidate-specific obstruction note in queue.,FAIL,FAIL,not specifically noted,timeline includes blur/transition contamination,SECOND_VERIFIER_CONFIRMATION_REQUIRED,high,yes,yes,no,"Existing source timestamp and derivative evidence can be reviewed by a second human, but Codex cannot assign independent verification.",Send this candidate to the second-verifier workspace; preserve any duplicate/order flags for human review.,NOT_ELIGIBLE,second-person verification has not occurred; game version/patch unresolved; required production views incomplete; duplicate review required
candidate-CF27_XBOXUNKNOWN_RTG_SKINTONE_011,CATALOG_CANDIDATE,CF27_XBOXUNKNOWN_RTG_SKINTONE_011,Skin Tone,Skin Tone 11,11,phase0-video-004,50-51,7,phase0-frame-video-004-tl-022,selected value is visible; category/menu is visible; option transition is observable,required production view(s): FRONT; game version; patch,MENU; FRONT,MENU,FRONT,yes,yes,partial,FAIL,UNRESOLVED_NOT_CAPTURE_STANDARDIZED,No candidate-specific obstruction note in queue.,FAIL,FAIL,not specifically noted,timeline includes blur/transition contamination,SECOND_VERIFIER_CONFIRMATION_REQUIRED,high,yes,yes,no,"Existing source timestamp and derivative evidence can be reviewed by a second human, but Codex cannot assign independent verification.",Send this candidate to the second-verifier workspace; preserve any duplicate/order flags for human review.,NOT_ELIGIBLE,second-person verification has not occurred; game version/patch unresolved; required production views incomplete
candidate-CF27_XBOXUNKNOWN_RTG_SKINTONE_012,CATALOG_CANDIDATE,CF27_XBOXUNKNOWN_RTG_SKINTONE_012,Skin Tone,Skin Tone 12,12,phase0-video-004,43-44,7,phase0-frame-video-004-tl-018,selected value is visible; category/menu is visible; option transition is observable,required production view(s): FRONT; game version; patch,MENU; FRONT,MENU,FRONT,yes,yes,partial,PASS,UNRESOLVED_NOT_CAPTURE_STANDARDIZED,No candidate-specific obstruction note in queue.,FAIL,FAIL,not specifically noted,timeline includes blur/transition contamination,SECOND_VERIFIER_CONFIRMATION_REQUIRED,high,yes,yes,no,"Existing source timestamp and derivative evidence can be reviewed by a second human, but Codex cannot assign independent verification.",Send this candidate to the second-verifier workspace; preserve any duplicate/order flags for human review.,NOT_ELIGIBLE,second-person verification has not occurred; game version/patch unresolved; required production views incomplete
candidate-CF27_XBOXUNKNOWN_RTG_SKINTONE_013,CATALOG_CANDIDATE,CF27_XBOXUNKNOWN_RTG_SKINTONE_013,Skin Tone,Skin Tone 13,13,phase0-video-004,39-40,7,phase0-frame-video-004-tl-016,selected value is visible; category/menu is visible; option transition is observable,required production view(s): FRONT; game version; patch,MENU; FRONT,MENU,FRONT,yes,yes,partial,PASS,UNRESOLVED_NOT_CAPTURE_STANDARDIZED,No candidate-specific obstruction note in queue.,FAIL,FAIL,not specifically noted,timeline includes blur/transition contamination,SECOND_VERIFIER_CONFIRMATION_REQUIRED,high,yes,yes,no,"Existing source timestamp and derivative evidence can be reviewed by a second human, but Codex cannot assign independent verification.",Send this candidate to the second-verifier workspace; preserve any duplicate/order flags for human review.,NOT_ELIGIBLE,second-person verification has not occurred; game version/patch unresolved; required production views incomplete
candidate-CF27_XBOXUNKNOWN_RTG_SKINTONE_017,CATALOG_CANDIDATE,CF27_XBOXUNKNOWN_RTG_SKINTONE_017,Skin Tone,Skin Tone 17,17,phase0-video-004,37-38,7,phase0-frame-video-004-tl-015,selected value is visible; category/menu is visible; option transition is observable,required production view(s): FRONT; game version; patch,MENU; FRONT,MENU,FRONT,yes,yes,partial,FAIL,UNRESOLVED_NOT_CAPTURE_STANDARDIZED,No candidate-specific obstruction note in queue.,FAIL,FAIL,not specifically noted,timeline includes blur/transition contamination,SECOND_VERIFIER_CONFIRMATION_REQUIRED,high,yes,yes,no,"Existing source timestamp and derivative evidence can be reviewed by a second human, but Codex cannot assign independent verification.",Send this candidate to the second-verifier workspace; preserve any duplicate/order flags for human review.,NOT_ELIGIBLE,second-person verification has not occurred; game version/patch unresolved; required production views incomplete
candidate-CF27_XBOXUNKNOWN_RTG_SKINTONE_018,CATALOG_CANDIDATE,CF27_XBOXUNKNOWN_RTG_SKINTONE_018,Skin Tone,Skin Tone 18,18,phase0-video-004,20-22,7,phase0-frame-video-004-tl-007,selected value is visible; category/menu is visible; option transition is observable,required production view(s): FRONT; game version; patch,MENU; FRONT,MENU,FRONT,yes,yes,partial,FAIL,UNRESOLVED_NOT_CAPTURE_STANDARDIZED,No candidate-specific obstruction note in queue.,FAIL,FAIL,not specifically noted,timeline includes blur/transition contamination,SECOND_VERIFIER_CONFIRMATION_REQUIRED,high,yes,yes,no,"Existing source timestamp and derivative evidence can be reviewed by a second human, but Codex cannot assign independent verification.",Send this candidate to the second-verifier workspace; preserve any duplicate/order flags for human review.,NOT_ELIGIBLE,second-person verification has not occurred; game version/patch unresolved; required production views incomplete
candidate-CF27_XBOXUNKNOWN_RTG_SKINTONE_019,CATALOG_CANDIDATE,CF27_XBOXUNKNOWN_RTG_SKINTONE_019,Skin Tone,Skin Tone 19,19,phase0-video-004,17-19,7,phase0-frame-video-004-tl-006,selected value is visible; category/menu is visible; option transition is observable,required production view(s): FRONT; game version; patch,MENU; FRONT,MENU,FRONT,yes,yes,partial,PASS,UNRESOLVED_NOT_CAPTURE_STANDARDIZED,No candidate-specific obstruction note in queue.,FAIL,FAIL,not specifically noted,timeline includes blur/transition contamination,SECOND_VERIFIER_CONFIRMATION_REQUIRED,high,yes,yes,no,"Existing source timestamp and derivative evidence can be reviewed by a second human, but Codex cannot assign independent verification.",Send this candidate to the second-verifier workspace; preserve any duplicate/order flags for human review.,NOT_ELIGIBLE,second-person verification has not occurred; game version/patch unresolved; required production views incomplete
candidate-CF27_XBOXUNKNOWN_RTG_SKINTONE_020,CATALOG_CANDIDATE,CF27_XBOXUNKNOWN_RTG_SKINTONE_020,Skin Tone,Skin Tone 20,20,phase0-video-004,15-16,7,phase0-frame-video-004-tl-005,selected value is visible; category/menu is visible; option transition is observable,required production view(s): FRONT; game version; patch,MENU; FRONT,MENU,FRONT,yes,yes,partial,PASS,UNRESOLVED_NOT_CAPTURE_STANDARDIZED,No candidate-specific obstruction note in queue.,FAIL,FAIL,not specifically noted,timeline includes blur/transition contamination,SECOND_VERIFIER_CONFIRMATION_REQUIRED,high,yes,yes,no,"Existing source timestamp and derivative evidence can be reviewed by a second human, but Codex cannot assign independent verification.",Send this candidate to the second-verifier workspace; preserve any duplicate/order flags for human review.,NOT_ELIGIBLE,second-person verification has not occurred; game version/patch unresolved; required production views incomplete
candidate-CF27_XBOXUNKNOWN_RTG_SKINTONE_021,CATALOG_CANDIDATE,CF27_XBOXUNKNOWN_RTG_SKINTONE_021,Skin Tone,Skin Tone 21,21,phase0-video-004,23-24,7,phase0-frame-video-004-tl-008,selected value is visible; category/menu is visible; option transition is observable,required production view(s): FRONT; game version; patch,MENU; FRONT,MENU,FRONT,yes,yes,partial,PASS,UNRESOLVED_NOT_CAPTURE_STANDARDIZED,No candidate-specific obstruction note in queue.,FAIL,FAIL,not specifically noted,timeline includes blur/transition contamination,SECOND_VERIFIER_CONFIRMATION_REQUIRED,high,yes,yes,no,"Existing source timestamp and derivative evidence can be reviewed by a second human, but Codex cannot assign independent verification.",Send this candidate to the second-verifier workspace; preserve any duplicate/order flags for human review.,NOT_ELIGIBLE,second-person verification has not occurred; game version/patch unresolved; required production views incomplete
candidate-CF27_XBOXUNKNOWN_RTG_SKINTONE_022,CATALOG_CANDIDATE,CF27_XBOXUNKNOWN_RTG_SKINTONE_022,Skin Tone,Skin Tone 22,22,phase0-video-004,35-36,7,phase0-frame-video-004-tl-014,selected value is visible; category/menu is visible; option transition is observable,required production view(s): FRONT; game version; patch,MENU; FRONT,MENU,FRONT,yes,yes,partial,FAIL,UNRESOLVED_NOT_CAPTURE_STANDARDIZED,No candidate-specific obstruction note in queue.,FAIL,FAIL,not specifically noted,timeline includes blur/transition contamination,SECOND_VERIFIER_CONFIRMATION_REQUIRED,high,yes,yes,no,"Existing source timestamp and derivative evidence can be reviewed by a second human, but Codex cannot assign independent verification.",Send this candidate to the second-verifier workspace; preserve any duplicate/order flags for human review.,NOT_ELIGIBLE,second-person verification has not occurred; game version/patch unresolved; required production views incomplete
candidate-CF27_XBOXUNKNOWN_RTG_SKINTONE_023,CATALOG_CANDIDATE,CF27_XBOXUNKNOWN_RTG_SKINTONE_023,Skin Tone,Skin Tone 23,23,phase0-video-004,52-53.82,7,phase0-frame-video-004-tl-023,selected value is visible; category/menu is visible; option transition is observable,required production view(s): FRONT; game version; patch,MENU; FRONT,MENU,FRONT,yes,yes,partial,FAIL,UNRESOLVED_NOT_CAPTURE_STANDARDIZED,No candidate-specific obstruction note in queue.,FAIL,FAIL,not specifically noted,timeline includes blur/transition contamination,SECOND_VERIFIER_CONFIRMATION_REQUIRED,high,yes,yes,no,"Existing source timestamp and derivative evidence can be reviewed by a second human, but Codex cannot assign independent verification.",Send this candidate to the second-verifier workspace; preserve any duplicate/order flags for human review.,NOT_ELIGIBLE,second-person verification has not occurred; game version/patch unresolved; required production views incomplete
candidate-CF27_XBOXUNKNOWN_RTG_SKINTONE_024,CATALOG_CANDIDATE,CF27_XBOXUNKNOWN_RTG_SKINTONE_024,Skin Tone,Skin Tone 24,24,phase0-video-004,33-34,7,phase0-frame-video-004-tl-013,selected value is visible; category/menu is visible; option transition is observable,required production view(s): FRONT; game version; patch,MENU; FRONT,MENU,FRONT,yes,yes,partial,PASS,UNRESOLVED_NOT_CAPTURE_STANDARDIZED,No candidate-specific obstruction note in queue.,FAIL,FAIL,not specifically noted,timeline includes blur/transition contamination,SECOND_VERIFIER_CONFIRMATION_REQUIRED,high,yes,yes,no,"Existing source timestamp and derivative evidence can be reviewed by a second human, but Codex cannot assign independent verification.",Send this candidate to the second-verifier workspace; preserve any duplicate/order flags for human review.,NOT_ELIGIBLE,second-person verification has not occurred; game version/patch unresolved; required production views incomplete
candidate-CF27_XBOXUNKNOWN_RTG_SKINTONE_029,CATALOG_CANDIDATE,CF27_XBOXUNKNOWN_RTG_SKINTONE_029,Skin Tone,Skin Tone 29,29,phase0-video-004,31-32,7,phase0-frame-video-004-tl-012,selected value is visible; category/menu is visible; option transition is observable,required production view(s): FRONT; game version; patch,MENU; FRONT,MENU,FRONT,yes,yes,partial,FAIL,UNRESOLVED_NOT_CAPTURE_STANDARDIZED,No candidate-specific obstruction note in queue.,FAIL,FAIL,not specifically noted,timeline includes blur/transition contamination,SECOND_VERIFIER_CONFIRMATION_REQUIRED,high,yes,yes,no,"Existing source timestamp and derivative evidence can be reviewed by a second human, but Codex cannot assign independent verification.",Send this candidate to the second-verifier workspace; preserve any duplicate/order flags for human review.,NOT_ELIGIBLE,second-person verification has not occurred; game version/patch unresolved; required production views incomplete
