candidateID,game,platform,gameVersion,patch,mode,creationPath,category,nativeOptionLabel,nativeOptionIndex,nativeOrderClaim,primaryReviewStatus,verificationStatus,evidenceSupportState,evidenceSupportRationale,sourceVideoIDs,sourceVideoPaths,exactUsefulTimestamps,frontViewStatus,secondaryViewStatus,menuLabelVisibility,nativeOrderVisibility,boundaryVisibility,duplicateFlag,orderUnresolvedFlag,dependencyFlag,environmentVersionLimitation,framingLimitation,lightingLimitation,obstructionLimitation,evidenceConfidence,futureRecommendationConfidenceCap,userConfirmationRequired,eligibleForVerifierQueue,eligibleForProductionPromotion,eligibleForRecommendation,blockingReasons,exactVerifierAction,optionalFutureMediaImprovement,notes
CF27_XBOXUNKNOWN_RTG_JOURNEYTYPE_BLUE_CHIP,EA SPORTS College Football 27,Xbox,,,Road to Glory,Main interface > Road to Glory > Road to Glory Setup > Journey type cards > Choose Your Position > QB > Create Player > Player > Appearance > Head & Skin visible,Body-related appearance controls,BLUE CHIP,,,PRIMARY_APPROVED_WITH_NOTES,NOT_VERIFIED,LIMITED_EVIDENCE,Body-related appearance controls is visible as research evidence but is not strong enough for the initial recommendation subset from the locked baseline.,phase0-video-001,OWNER_DOWNLOADS/01_Environment_and_Creation_Path.MP4; 01_Environment_and_Creation_Path.MP4,18-23,NOT_REQUIRED,NOT_REQUIRED,VISIBLE,VISIBLE,NOT_APPLICABLE,false,false,false,true,false,true,false,medium,0.25,false,false,false,false,NOT_SECOND_VERIFIED; NO_CATALOG_MANAGER_APPROVAL; NOT_IN_APPROVED_IMMUTABLE_PRODUCTION_RELEASE; ENVIRONMENT_UNRESOLVED; RECAPTURE_REQUIRED_FOR_PRODUCTION_COMPARISON; ISSUE:issue-phase0-primary-review-category-incomplete; ISSUE:issue-phase0-primary-review-environment-unresolved; NOT_IN_SUPPORTED_SUBSET,Review only if needed for a later expansion; do not use as an initial recommendation candidate.,"Optional post-launch media or user feedback may improve this record, but additional Wyatt recording is not a default initial-launch blocker.","Body records are context observations, not production appearance recommendations.; Dependency effects on head, hair, facial hair, body, and camera framing are not tested.; Second-person verification has not occurred.; Limited evidence record remains internal/review-only and is excluded from the initial supported subset.; Game version, patch, or environment metadata remains incomplete for production.; No Codex-created human verification decision is recorded."
CF27_XBOXUNKNOWN_RTG_JOURNEYTYPE_CONTRIBUTOR,EA SPORTS College Football 27,Xbox,,,Road to Glory,Main interface > Road to Glory > Road to Glory Setup > Journey type cards > Choose Your Position > QB > Create Player > Player > Appearance > Head & Skin visible,Body-related appearance controls,CONTRIBUTOR,,,PRIMARY_APPROVED_WITH_NOTES,NOT_VERIFIED,LIMITED_EVIDENCE,Body-related appearance controls is visible as research evidence but is not strong enough for the initial recommendation subset from the locked baseline.,phase0-video-001,OWNER_DOWNLOADS/01_Environment_and_Creation_Path.MP4; 01_Environment_and_Creation_Path.MP4,18-23,NOT_REQUIRED,NOT_REQUIRED,VISIBLE,VISIBLE,NOT_APPLICABLE,false,false,false,true,false,true,false,medium,0.25,false,false,false,false,NOT_SECOND_VERIFIED; NO_CATALOG_MANAGER_APPROVAL; NOT_IN_APPROVED_IMMUTABLE_PRODUCTION_RELEASE; ENVIRONMENT_UNRESOLVED; RECAPTURE_REQUIRED_FOR_PRODUCTION_COMPARISON; ISSUE:issue-phase0-primary-review-category-incomplete; ISSUE:issue-phase0-primary-review-environment-unresolved; NOT_IN_SUPPORTED_SUBSET,Review only if needed for a later expansion; do not use as an initial recommendation candidate.,"Optional post-launch media or user feedback may improve this record, but additional Wyatt recording is not a default initial-launch blocker.","Body records are context observations, not production appearance recommendations.; Dependency effects on head, hair, facial hair, body, and camera framing are not tested.; Second-person verification has not occurred.; Limited evidence record remains internal/review-only and is excluded from the initial supported subset.; Game version, patch, or environment metadata remains incomplete for production.; No Codex-created human verification decision is recorded."
CF27_XBOXUNKNOWN_RTG_JOURNEYTYPE_ELITE,EA SPORTS College Football 27,Xbox,,,Road to Glory,Main interface > Road to Glory > Road to Glory Setup > Journey type cards > Choose Your Position > QB > Create Player > Player > Appearance > Head & Skin visible,Body-related appearance controls,ELITE,,,PRIMARY_APPROVED_WITH_NOTES,NOT_VERIFIED,LIMITED_EVIDENCE,Body-related appearance controls is visible as research evidence but is not strong enough for the initial recommendation subset from the locked baseline.,phase0-video-001,OWNER_DOWNLOADS/01_Environment_and_Creation_Path.MP4; 01_Environment_and_Creation_Path.MP4,18-23,NOT_REQUIRED,NOT_REQUIRED,VISIBLE,VISIBLE,NOT_APPLICABLE,false,false,false,true,false,true,false,medium,0.25,false,false,false,false,NOT_SECOND_VERIFIED; NO_CATALOG_MANAGER_APPROVAL; NOT_IN_APPROVED_IMMUTABLE_PRODUCTION_RELEASE; ENVIRONMENT_UNRESOLVED; RECAPTURE_REQUIRED_FOR_PRODUCTION_COMPARISON; ISSUE:issue-phase0-primary-review-category-incomplete; ISSUE:issue-phase0-primary-review-environment-unresolved; NOT_IN_SUPPORTED_SUBSET,Review only if needed for a later expansion; do not use as an initial recommendation candidate.,"Optional post-launch media or user feedback may improve this record, but additional Wyatt recording is not a default initial-launch blocker.","Body records are context observations, not production appearance recommendations.; Dependency effects on head, hair, facial hair, body, and camera framing are not tested.; Second-person verification has not occurred.; Limited evidence record remains internal/review-only and is excluded from the initial supported subset.; Game version, patch, or environment metadata remains incomplete for production.; No Codex-created human verification decision is recorded."
CF27_XBOXUNKNOWN_RTG_JOURNEYTYPE_UNDERDOG,EA SPORTS College Football 27,Xbox,,,Road to Glory,Main interface > Road to Glory > Road to Glory Setup > Journey type cards > Choose Your Position > QB > Create Player > Player > Appearance > Head & Skin visible,Body-related appearance controls,UNDERDOG,,,PRIMARY_APPROVED_WITH_NOTES,NOT_VERIFIED,LIMITED_EVIDENCE,Body-related appearance controls is visible as research evidence but is not strong enough for the initial recommendation subset from the locked baseline.,phase0-video-001,OWNER_DOWNLOADS/01_Environment_and_Creation_Path.MP4; 01_Environment_and_Creation_Path.MP4,18-23,NOT_REQUIRED,NOT_REQUIRED,VISIBLE,VISIBLE,NOT_APPLICABLE,false,false,false,true,false,true,false,medium,0.25,false,false,false,false,NOT_SECOND_VERIFIED; NO_CATALOG_MANAGER_APPROVAL; NOT_IN_APPROVED_IMMUTABLE_PRODUCTION_RELEASE; ENVIRONMENT_UNRESOLVED; RECAPTURE_REQUIRED_FOR_PRODUCTION_COMPARISON; ISSUE:issue-phase0-primary-review-category-incomplete; ISSUE:issue-phase0-primary-review-environment-unresolved; NOT_IN_SUPPORTED_SUBSET,Review only if needed for a later expansion; do not use as an initial recommendation candidate.,"Optional post-launch media or user feedback may improve this record, but additional Wyatt recording is not a default initial-launch blocker.","Body records are context observations, not production appearance recommendations.; Dependency effects on head, hair, facial hair, body, and camera framing are not tested.; Second-person verification has not occurred.; Limited evidence record remains internal/review-only and is excluded from the initial supported subset.; Game version, patch, or environment metadata remains incomplete for production.; No Codex-created human verification decision is recorded."
CF27_XBOXUNKNOWN_RTG_POSITION_QB,EA SPORTS College Football 27,Xbox,,,Road to Glory,Main interface > Road to Glory > Road to Glory Setup > Journey type cards > Choose Your Position > QB > Create Player > Player > Appearance > Head & Skin visible,Body-related appearance controls,QB,,,PRIMARY_APPROVED_WITH_NOTES,NOT_VERIFIED,LIMITED_EVIDENCE,Body-related appearance controls is visible as research evidence but is not strong enough for the initial recommendation subset from the locked baseline.,phase0-video-001,OWNER_DOWNLOADS/01_Environment_and_Creation_Path.MP4; 01_Environment_and_Creation_Path.MP4,24-29,NOT_REQUIRED,NOT_REQUIRED,VISIBLE,VISIBLE,NOT_APPLICABLE,false,false,false,true,false,true,false,medium,0.25,false,false,false,false,NOT_SECOND_VERIFIED; NO_CATALOG_MANAGER_APPROVAL; NOT_IN_APPROVED_IMMUTABLE_PRODUCTION_RELEASE; ENVIRONMENT_UNRESOLVED; RECAPTURE_REQUIRED_FOR_PRODUCTION_COMPARISON; ISSUE:issue-phase0-primary-review-category-incomplete; ISSUE:issue-phase0-primary-review-environment-unresolved; NOT_IN_SUPPORTED_SUBSET,Review only if needed for a later expansion; do not use as an initial recommendation candidate.,"Optional post-launch media or user feedback may improve this record, but additional Wyatt recording is not a default initial-launch blocker.","Body records are context observations, not production appearance recommendations.; Dependency effects on head, hair, facial hair, body, and camera framing are not tested.; Second-person verification has not occurred.; Limited evidence record remains internal/review-only and is excluded from the initial supported subset.; Game version, patch, or environment metadata remains incomplete for production.; No Codex-created human verification decision is recorded."
CF27_XBOXUNKNOWN_RTG_CHIN_SQUARE,EA SPORTS College Football 27,Xbox,,,Road to Glory,Main interface > Road to Glory > Road to Glory Setup > Journey type cards > Choose Your Position > QB > Create Player > Player > Appearance > Head & Skin visible,Chin,Square,2,2,PRIMARY_APPROVED_WITH_NOTES,NOT_VERIFIED,SUPPORTED_WITH_NOTES,"Locked media clearly shows candidate identity/category/value and enough menu or visual evidence to advance to second-person verification, with nonfatal limitations preserved.",CF27_XBOX_SOURCE_2026_08_02_001,data/phase-zero/derivative-frames/august-2026-source-recordings/CF27_XBOX_SOURCE_2026_08_02_001_tl_011_chin_235p0s.png; EA SPORTS™ College Football 27-2026_08_02-21_13_02.mp4,230-240.24,MISSING_FROM_CURRENT_DERIVATIVES,MISSING:LEFT_PROFILE|RIGHT_PROFILE,VISIBLE,VISIBLE,PARTIAL,false,false,false,true,true,true,false,high,0.72,false,true,false,false,NOT_SECOND_VERIFIED; NO_CATALOG_MANAGER_APPROVAL; NOT_IN_APPROVED_IMMUTABLE_PRODUCTION_RELEASE; ENVIRONMENT_UNRESOLVED; CATEGORY_INCOMPLETE; RECAPTURE_REQUIRED_FOR_PRODUCTION_COMPARISON; ISSUE:issue-phase0-primary-review-category-incomplete; ISSUE:issue-phase0-primary-review-environment-unresolved; MISSING_REQUIRED_VIEWS,"Independently verify native label/index/order, source evidence, available views, and whether limitations require VERIFIED_WITH_NOTES or a blocking disagreement.",Optional post-launch media may improve angles/framing but is not required by default.,"Directly selected native label is readable in the cited August 2026 frame.; Supplemental August 2026 intake observation is primary research only.; The selected native value is directly readable in the cited frame, but complete selector boundaries and second verification remain unresolved.; No supplemental record is eligible for production recommendations.; Supported with notes for verifier review only; not production or recommendation eligible.; Game version, patch, or environment metadata remains incomplete for production.; No Codex-created human verification decision is recorded."
CF27_XBOXUNKNOWN_RTG_EARSHAPE_001,EA SPORTS College Football 27,Xbox,,,Road to Glory,Main interface > Road to Glory > Road to Glory Setup > Journey type cards > Choose Your Position > QB > Create Player > Player > Appearance > Head & Skin visible,Ear Shape,Attached Lobe,1,1,PRIMARY_APPROVED_WITH_NOTES,NOT_VERIFIED,LIMITED_EVIDENCE,Ear Shape is visible as research evidence but is not strong enough for the initial recommendation subset from the locked baseline.,phase0-video-009,data/research/cf27/generated/full-resolution-frames/ear-shape-options-001-004/CF27_XBOXUNKNOWN_RTG_EARSHAPE_001/CF27_XBOXUNKNOWN_RTG_EARSHAPE_001_MENU_EVIDENCE_video-009_18p00s.png; 352531,18-20,NOT_REQUIRED,MISSING:LEFT_PROFILE|RIGHT_PROFILE,VISIBLE,VISIBLE,NOT_VISIBLE,false,false,false,true,false,true,false,medium,0.25,false,false,false,false,NOT_SECOND_VERIFIED; NO_CATALOG_MANAGER_APPROVAL; NOT_IN_APPROVED_IMMUTABLE_PRODUCTION_RELEASE; ENVIRONMENT_UNRESOLVED; CATEGORY_INCOMPLETE; RECAPTURE_REQUIRED_FOR_PRODUCTION_COMPARISON; ISSUE:issue-phase0-appearance-control-ear-shape-recapture; ISSUE:issue-phase0-primary-review-category-incomplete; ISSUE:issue-phase0-primary-review-environment-unresolved; MISSING_REQUIRED_VIEWS; CATEGORY_COUNT_ORDER_INCOMPLETE; NOT_IN_SUPPORTED_SUBSET,Review only if needed for a later expansion; do not use as an initial recommendation candidate.,"Optional post-launch media or user feedback may improve this record, but additional Wyatt recording is not a default initial-launch blocker.","Ear Shape selector boundaries, default, wrap behavior, and total count are not fully proven.; Current evidence is primary research only and not standardized for production comparison.; Second-person verification has not occurred.; Limited evidence record remains internal/review-only and is excluded from the initial supported subset.; Game version, patch, or environment metadata remains incomplete for production.; No Codex-created human verification decision is recorded."
CF27_XBOXUNKNOWN_RTG_EARSHAPE_002,EA SPORTS College Football 27,Xbox,,,Road to Glory,Main interface > Road to Glory > Road to Glory Setup > Journey type cards > Choose Your Position > QB > Create Player > Player > Appearance > Head & Skin visible,Ear Shape,None,2,2,DUPLICATE_REVIEW_REQUIRED,NOT_VERIFIED,LIMITED_EVIDENCE,Duplicate or near-duplicate concern remains unresolved; the record is preserved for explicit verifier disposition but excluded from the initial supported subset.,phase0-video-009,data/phase-zero/derivative-frames/video-009-tl-002_09-ear-shape-mp4_16p5s.png; data/research/cf27/generated/full-resolution-frames/ear-shape-options-001-004/CF27_XBOXUNKNOWN_RTG_EARSHAPE_001/CF27_XBOXUNKNOWN_RTG_EARSHAPE_001_BEST_AVAILABLE_SIDE_OR_THREE_QUARTER_video-009_21p00s.png; 352531,16-17,NOT_REQUIRED,MISSING:LEFT_PROFILE|RIGHT_PROFILE,VISIBLE,VISIBLE,NOT_VISIBLE,true,false,false,true,true,true,false,medium,0.25,false,false,false,false,NOT_SECOND_VERIFIED; NO_CATALOG_MANAGER_APPROVAL; NOT_IN_APPROVED_IMMUTABLE_PRODUCTION_RELEASE; ENVIRONMENT_UNRESOLVED; CATEGORY_INCOMPLETE; RECAPTURE_REQUIRED_FOR_PRODUCTION_COMPARISON; DUPLICATE_REVIEW_REQUIRED; ISSUE:issue-phase0-appearance-control-ear-shape-recapture; ISSUE:issue-phase0-primary-review-category-incomplete; ISSUE:issue-phase0-primary-review-duplicate-observations; ISSUE:issue-phase0-primary-review-environment-unresolved; MISSING_REQUIRED_VIEWS; CATEGORY_COUNT_ORDER_INCOMPLETE; NOT_IN_SUPPORTED_SUBSET,"Review duplicate relationship and decide whether this is a distinct native option, duplicate observation, or mismatch.","Optional post-launch media or user feedback may improve this record, but additional Wyatt recording is not a default initial-launch blocker.","Ear Shape selector boundaries, default, wrap behavior, and total count are not fully proven.; Current evidence is primary research only and not standardized for production comparison.; Second-person verification has not occurred.; Limited evidence record remains internal/review-only and is excluded from the initial supported subset.; Duplicate or near-duplicate concern is preserved and must not be resolved silently.; Game version, patch, or environment metadata remains incomplete for production.; No Codex-created human verification decision is recorded."
CF27_XBOXUNKNOWN_RTG_EARSHAPE_003,EA SPORTS College Football 27,Xbox,,,Road to Glory,Main interface > Road to Glory > Road to Glory Setup > Journey type cards > Choose Your Position > QB > Create Player > Player > Appearance > Head & Skin visible,Ear Shape,Round Free Lobe,3,3,PRIMARY_APPROVED_WITH_NOTES,NOT_VERIFIED,LIMITED_EVIDENCE,Ear Shape is visible as research evidence but is not strong enough for the initial recommendation subset from the locked baseline.,phase0-video-009,data/research/cf27/generated/full-resolution-frames/ear-shape-options-001-004/CF27_XBOXUNKNOWN_RTG_EARSHAPE_002/CF27_XBOXUNKNOWN_RTG_EARSHAPE_002_MENU_EVIDENCE_video-009_23p00s.png; 352531,23-25,NOT_REQUIRED,MISSING:LEFT_PROFILE|RIGHT_PROFILE,VISIBLE,VISIBLE,NOT_VISIBLE,false,false,false,true,true,true,false,medium,0.25,false,false,false,false,NOT_SECOND_VERIFIED; NO_CATALOG_MANAGER_APPROVAL; NOT_IN_APPROVED_IMMUTABLE_PRODUCTION_RELEASE; ENVIRONMENT_UNRESOLVED; CATEGORY_INCOMPLETE; RECAPTURE_REQUIRED_FOR_PRODUCTION_COMPARISON; ISSUE:issue-phase0-appearance-control-ear-shape-recapture; ISSUE:issue-phase0-primary-review-category-incomplete; ISSUE:issue-phase0-primary-review-environment-unresolved; MISSING_REQUIRED_VIEWS; CATEGORY_COUNT_ORDER_INCOMPLETE; NOT_IN_SUPPORTED_SUBSET,Review only if needed for a later expansion; do not use as an initial recommendation candidate.,"Optional post-launch media or user feedback may improve this record, but additional Wyatt recording is not a default initial-launch blocker.","Ear Shape selector boundaries, default, wrap behavior, and total count are not fully proven.; Current evidence is primary research only and not standardized for production comparison.; Second-person verification has not occurred.; Limited evidence record remains internal/review-only and is excluded from the initial supported subset.; Game version, patch, or environment metadata remains incomplete for production.; No Codex-created human verification decision is recorded."
CF27_XBOXUNKNOWN_RTG_EARSHAPE_004,EA SPORTS College Football 27,Xbox,,,Road to Glory,Main interface > Road to Glory > Road to Glory Setup > Journey type cards > Choose Your Position > QB > Create Player > Player > Appearance > Head & Skin visible,Ear Shape,Pointed,4,4,PRIMARY_APPROVED_WITH_NOTES,NOT_VERIFIED,LIMITED_EVIDENCE,Ear Shape is visible as research evidence but is not strong enough for the initial recommendation subset from the locked baseline.,phase0-video-009,data/research/cf27/generated/full-resolution-frames/ear-shape-options-001-004/CF27_XBOXUNKNOWN_RTG_EARSHAPE_004/CF27_XBOXUNKNOWN_RTG_EARSHAPE_004_MENU_EVIDENCE_video-009_26p00s.png; 352531,26-30.21,NOT_REQUIRED,MISSING:LEFT_PROFILE|RIGHT_PROFILE,VISIBLE,VISIBLE,NOT_VISIBLE,false,false,false,true,false,true,false,medium,0.25,false,false,false,false,NOT_SECOND_VERIFIED; NO_CATALOG_MANAGER_APPROVAL; NOT_IN_APPROVED_IMMUTABLE_PRODUCTION_RELEASE; ENVIRONMENT_UNRESOLVED; CATEGORY_INCOMPLETE; RECAPTURE_REQUIRED_FOR_PRODUCTION_COMPARISON; ISSUE:issue-phase0-appearance-control-ear-shape-recapture; ISSUE:issue-phase0-primary-review-category-incomplete; ISSUE:issue-phase0-primary-review-environment-unresolved; MISSING_REQUIRED_VIEWS; CATEGORY_COUNT_ORDER_INCOMPLETE; NOT_IN_SUPPORTED_SUBSET,Review only if needed for a later expansion; do not use as an initial recommendation candidate.,"Optional post-launch media or user feedback may improve this record, but additional Wyatt recording is not a default initial-launch blocker.","Ear Shape selector boundaries, default, wrap behavior, and total count are not fully proven.; Current evidence is primary research only and not standardized for production comparison.; Second-person verification has not occurred.; Limited evidence record remains internal/review-only and is excluded from the initial supported subset.; Game version, patch, or environment metadata remains incomplete for production.; No Codex-created human verification decision is recorded."
CF27_XBOXUNKNOWN_RTG_EYECOLOR_001,EA SPORTS College Football 27,Xbox,,,Road to Glory,Main interface > Road to Glory > Road to Glory Setup > Journey type cards > Choose Your Position > QB > Create Player > Player > Appearance > Head & Skin visible,Eye Color,Light Blue,1,1,PRIMARY_APPROVED_WITH_NOTES,NOT_VERIFIED,USER_CONFIRMATION_REQUIRED,"Locked media supports the visible option enough for verifier review, but this appearance choice should require user confirmation and confirmation screenshots before being treated as a successful personal outcome.",phase0-video-007,data/phase-zero/derivative-frames/video-007-tl-002_07-eye-color-mp4_12s.png; 352535,12-12,MISSING_FROM_CURRENT_DERIVATIVES,NOT_REQUIRED,VISIBLE,VISIBLE,NOT_VISIBLE,false,false,false,true,true,true,false,high,0.55,true,true,false,false,NOT_SECOND_VERIFIED; NO_CATALOG_MANAGER_APPROVAL; NOT_IN_APPROVED_IMMUTABLE_PRODUCTION_RELEASE; ENVIRONMENT_UNRESOLVED; CATEGORY_INCOMPLETE; RECAPTURE_REQUIRED_FOR_PRODUCTION_COMPARISON; ISSUE:issue-phase0-appearance-control-eye-color-recapture; ISSUE:issue-phase0-primary-review-category-incomplete; ISSUE:issue-phase0-primary-review-environment-unresolved; MISSING_REQUIRED_VIEWS; CATEGORY_COUNT_ORDER_INCOMPLETE,Independently verify native label/index/order and evidence references; confirm the record should remain user-confirmation-required if approved later.,Optional post-launch media may improve color/detail confidence but is not required by default.,"Eye Color selector boundaries, default, wrap behavior, and total count are not fully proven.; Current evidence is primary research only and not standardized for production comparison.; Second-person verification has not occurred.; May support guided build instructions after later verification, but must not be used as a high-confidence geometry match.; Game version, patch, or environment metadata remains incomplete for production.; No Codex-created human verification decision is recorded."
CF27_XBOXUNKNOWN_RTG_EYECOLOR_002,EA SPORTS College Football 27,Xbox,,,Road to Glory,Main interface > Road to Glory > Road to Glory Setup > Journey type cards > Choose Your Position > QB > Create Player > Player > Appearance > Head & Skin visible,Eye Color,Light Brown,2,2,PRIMARY_APPROVED_WITH_NOTES,NOT_VERIFIED,USER_CONFIRMATION_REQUIRED,"Locked media supports the visible option enough for verifier review, but this appearance choice should require user confirmation and confirmation screenshots before being treated as a successful personal outcome.",phase0-video-007,data/research/cf27/generated/full-resolution-frames/eye-color-options-001-007/CF27_XBOXUNKNOWN_RTG_EYECOLOR_001/CF27_XBOXUNKNOWN_RTG_EYECOLOR_001_MENU_THUMBNAIL_EVIDENCE_video-007_13p00s.png; 352535,13-15,MISSING_FROM_CURRENT_DERIVATIVES,NOT_REQUIRED,VISIBLE,VISIBLE,NOT_VISIBLE,false,false,false,true,true,true,false,high,0.55,true,true,false,false,NOT_SECOND_VERIFIED; NO_CATALOG_MANAGER_APPROVAL; NOT_IN_APPROVED_IMMUTABLE_PRODUCTION_RELEASE; ENVIRONMENT_UNRESOLVED; CATEGORY_INCOMPLETE; RECAPTURE_REQUIRED_FOR_PRODUCTION_COMPARISON; ISSUE:issue-phase0-appearance-control-eye-color-recapture; ISSUE:issue-phase0-primary-review-category-incomplete; ISSUE:issue-phase0-primary-review-environment-unresolved; MISSING_REQUIRED_VIEWS; CATEGORY_COUNT_ORDER_INCOMPLETE,Independently verify native label/index/order and evidence references; confirm the record should remain user-confirmation-required if approved later.,Optional post-launch media may improve color/detail confidence but is not required by default.,"Eye Color selector boundaries, default, wrap behavior, and total count are not fully proven.; Current evidence is primary research only and not standardized for production comparison.; Second-person verification has not occurred.; May support guided build instructions after later verification, but must not be used as a high-confidence geometry match.; Game version, patch, or environment metadata remains incomplete for production.; No Codex-created human verification decision is recorded."
CF27_XBOXUNKNOWN_RTG_EYECOLOR_003,EA SPORTS College Football 27,Xbox,,,Road to Glory,Main interface > Road to Glory > Road to Glory Setup > Journey type cards > Choose Your Position > QB > Create Player > Player > Appearance > Head & Skin visible,Eye Color,Brown,3,3,PRIMARY_APPROVED_WITH_NOTES,NOT_VERIFIED,USER_CONFIRMATION_REQUIRED,"Locked media supports the visible option enough for verifier review, but this appearance choice should require user confirmation and confirmation screenshots before being treated as a successful personal outcome.",phase0-video-007,data/research/cf27/generated/full-resolution-frames/eye-color-options-001-007/CF27_XBOXUNKNOWN_RTG_EYECOLOR_003/CF27_XBOXUNKNOWN_RTG_EYECOLOR_003_MENU_THUMBNAIL_EVIDENCE_video-007_17p00s.png; 352535,16-17,MISSING_FROM_CURRENT_DERIVATIVES,NOT_REQUIRED,VISIBLE,VISIBLE,NOT_VISIBLE,false,false,false,true,false,true,false,high,0.55,true,true,false,false,NOT_SECOND_VERIFIED; NO_CATALOG_MANAGER_APPROVAL; NOT_IN_APPROVED_IMMUTABLE_PRODUCTION_RELEASE; ENVIRONMENT_UNRESOLVED; CATEGORY_INCOMPLETE; RECAPTURE_REQUIRED_FOR_PRODUCTION_COMPARISON; ISSUE:issue-phase0-appearance-control-eye-color-recapture; ISSUE:issue-phase0-primary-review-category-incomplete; ISSUE:issue-phase0-primary-review-environment-unresolved; MISSING_REQUIRED_VIEWS; CATEGORY_COUNT_ORDER_INCOMPLETE,Independently verify native label/index/order and evidence references; confirm the record should remain user-confirmation-required if approved later.,Optional post-launch media may improve color/detail confidence but is not required by default.,"Eye Color selector boundaries, default, wrap behavior, and total count are not fully proven.; Current evidence is primary research only and not standardized for production comparison.; Second-person verification has not occurred.; May support guided build instructions after later verification, but must not be used as a high-confidence geometry match.; Game version, patch, or environment metadata remains incomplete for production.; No Codex-created human verification decision is recorded."
CF27_XBOXUNKNOWN_RTG_EYECOLOR_004,EA SPORTS College Football 27,Xbox,,,Road to Glory,Main interface > Road to Glory > Road to Glory Setup > Journey type cards > Choose Your Position > QB > Create Player > Player > Appearance > Head & Skin visible,Eye Color,Blue,4,4,PRIMARY_APPROVED_WITH_NOTES,NOT_VERIFIED,USER_CONFIRMATION_REQUIRED,"Locked media supports the visible option enough for verifier review, but this appearance choice should require user confirmation and confirmation screenshots before being treated as a successful personal outcome.",phase0-video-007,data/research/cf27/generated/full-resolution-frames/eye-color-options-001-007/CF27_XBOXUNKNOWN_RTG_EYECOLOR_004/CF27_XBOXUNKNOWN_RTG_EYECOLOR_004_MENU_THUMBNAIL_EVIDENCE_video-007_19p00s.png; 352535,18-20,MISSING_FROM_CURRENT_DERIVATIVES,NOT_REQUIRED,VISIBLE,VISIBLE,NOT_VISIBLE,false,false,false,true,false,true,false,high,0.55,true,true,false,false,NOT_SECOND_VERIFIED; NO_CATALOG_MANAGER_APPROVAL; NOT_IN_APPROVED_IMMUTABLE_PRODUCTION_RELEASE; ENVIRONMENT_UNRESOLVED; CATEGORY_INCOMPLETE; RECAPTURE_REQUIRED_FOR_PRODUCTION_COMPARISON; ISSUE:issue-phase0-appearance-control-eye-color-recapture; ISSUE:issue-phase0-primary-review-category-incomplete; ISSUE:issue-phase0-primary-review-environment-unresolved; MISSING_REQUIRED_VIEWS; CATEGORY_COUNT_ORDER_INCOMPLETE,Independently verify native label/index/order and evidence references; confirm the record should remain user-confirmation-required if approved later.,Optional post-launch media may improve color/detail confidence but is not required by default.,"Eye Color selector boundaries, default, wrap behavior, and total count are not fully proven.; Current evidence is primary research only and not standardized for production comparison.; Second-person verification has not occurred.; May support guided build instructions after later verification, but must not be used as a high-confidence geometry match.; Game version, patch, or environment metadata remains incomplete for production.; No Codex-created human verification decision is recorded."
CF27_XBOXUNKNOWN_RTG_EYECOLOR_005,EA SPORTS College Football 27,Xbox,,,Road to Glory,Main interface > Road to Glory > Road to Glory Setup > Journey type cards > Choose Your Position > QB > Create Player > Player > Appearance > Head & Skin visible,Eye Color,Light Green,5,5,PRIMARY_APPROVED_WITH_NOTES,NOT_VERIFIED,USER_CONFIRMATION_REQUIRED,"Locked media supports the visible option enough for verifier review, but this appearance choice should require user confirmation and confirmation screenshots before being treated as a successful personal outcome.",phase0-video-007,data/research/cf27/generated/full-resolution-frames/eye-color-options-001-007/CF27_XBOXUNKNOWN_RTG_EYECOLOR_005/CF27_XBOXUNKNOWN_RTG_EYECOLOR_005_MENU_THUMBNAIL_EVIDENCE_video-007_28p00s.png; 352535,25-29.33,MISSING_FROM_CURRENT_DERIVATIVES,NOT_REQUIRED,VISIBLE,VISIBLE,NOT_VISIBLE,false,false,false,true,false,true,false,high,0.55,true,true,false,false,NOT_SECOND_VERIFIED; NO_CATALOG_MANAGER_APPROVAL; NOT_IN_APPROVED_IMMUTABLE_PRODUCTION_RELEASE; ENVIRONMENT_UNRESOLVED; CATEGORY_INCOMPLETE; RECAPTURE_REQUIRED_FOR_PRODUCTION_COMPARISON; ISSUE:issue-phase0-appearance-control-eye-color-recapture; ISSUE:issue-phase0-primary-review-category-incomplete; ISSUE:issue-phase0-primary-review-environment-unresolved; MISSING_REQUIRED_VIEWS; CATEGORY_COUNT_ORDER_INCOMPLETE,Independently verify native label/index/order and evidence references; confirm the record should remain user-confirmation-required if approved later.,Optional post-launch media may improve color/detail confidence but is not required by default.,"Eye Color selector boundaries, default, wrap behavior, and total count are not fully proven.; Current evidence is primary research only and not standardized for production comparison.; Second-person verification has not occurred.; May support guided build instructions after later verification, but must not be used as a high-confidence geometry match.; Game version, patch, or environment metadata remains incomplete for production.; No Codex-created human verification decision is recorded."
CF27_XBOXUNKNOWN_RTG_EYECOLOR_006,EA SPORTS College Football 27,Xbox,,,Road to Glory,Main interface > Road to Glory > Road to Glory Setup > Journey type cards > Choose Your Position > QB > Create Player > Player > Appearance > Head & Skin visible,Eye Color,Grey,6,6,PRIMARY_APPROVED_WITH_NOTES,NOT_VERIFIED,USER_CONFIRMATION_REQUIRED,"Locked media supports the visible option enough for verifier review, but this appearance choice should require user confirmation and confirmation screenshots before being treated as a successful personal outcome.",phase0-video-007,data/research/cf27/generated/full-resolution-frames/eye-color-options-001-007/CF27_XBOXUNKNOWN_RTG_EYECOLOR_006/CF27_XBOXUNKNOWN_RTG_EYECOLOR_006_MENU_THUMBNAIL_EVIDENCE_video-007_24p00s.png; 352535,23-24,MISSING_FROM_CURRENT_DERIVATIVES,NOT_REQUIRED,VISIBLE,VISIBLE,NOT_VISIBLE,false,false,false,true,false,true,false,high,0.55,true,true,false,false,NOT_SECOND_VERIFIED; NO_CATALOG_MANAGER_APPROVAL; NOT_IN_APPROVED_IMMUTABLE_PRODUCTION_RELEASE; ENVIRONMENT_UNRESOLVED; CATEGORY_INCOMPLETE; RECAPTURE_REQUIRED_FOR_PRODUCTION_COMPARISON; ISSUE:issue-phase0-appearance-control-eye-color-recapture; ISSUE:issue-phase0-primary-review-category-incomplete; ISSUE:issue-phase0-primary-review-environment-unresolved; MISSING_REQUIRED_VIEWS; CATEGORY_COUNT_ORDER_INCOMPLETE,Independently verify native label/index/order and evidence references; confirm the record should remain user-confirmation-required if approved later.,Optional post-launch media may improve color/detail confidence but is not required by default.,"Eye Color selector boundaries, default, wrap behavior, and total count are not fully proven.; Current evidence is primary research only and not standardized for production comparison.; Second-person verification has not occurred.; May support guided build instructions after later verification, but must not be used as a high-confidence geometry match.; Game version, patch, or environment metadata remains incomplete for production.; No Codex-created human verification decision is recorded."
CF27_XBOXUNKNOWN_RTG_EYECOLOR_007,EA SPORTS College Football 27,Xbox,,,Road to Glory,Main interface > Road to Glory > Road to Glory Setup > Journey type cards > Choose Your Position > QB > Create Player > Player > Appearance > Head & Skin visible,Eye Color,Hazel,7,7,PRIMARY_APPROVED_WITH_NOTES,NOT_VERIFIED,USER_CONFIRMATION_REQUIRED,"Locked media supports the visible option enough for verifier review, but this appearance choice should require user confirmation and confirmation screenshots before being treated as a successful personal outcome.",phase0-video-007,data/research/cf27/generated/full-resolution-frames/eye-color-options-001-007/CF27_XBOXUNKNOWN_RTG_EYECOLOR_007/CF27_XBOXUNKNOWN_RTG_EYECOLOR_007_MENU_THUMBNAIL_EVIDENCE_video-007_22p00s.png; 352535,21-22,MISSING_FROM_CURRENT_DERIVATIVES,NOT_REQUIRED,VISIBLE,VISIBLE,NOT_VISIBLE,false,false,false,true,false,true,false,high,0.55,true,true,false,false,NOT_SECOND_VERIFIED; NO_CATALOG_MANAGER_APPROVAL; NOT_IN_APPROVED_IMMUTABLE_PRODUCTION_RELEASE; ENVIRONMENT_UNRESOLVED; CATEGORY_INCOMPLETE; RECAPTURE_REQUIRED_FOR_PRODUCTION_COMPARISON; ISSUE:issue-phase0-appearance-control-eye-color-recapture; ISSUE:issue-phase0-primary-review-category-incomplete; ISSUE:issue-phase0-primary-review-environment-unresolved; MISSING_REQUIRED_VIEWS; CATEGORY_COUNT_ORDER_INCOMPLETE,Independently verify native label/index/order and evidence references; confirm the record should remain user-confirmation-required if approved later.,Optional post-launch media may improve color/detail confidence but is not required by default.,"Eye Color selector boundaries, default, wrap behavior, and total count are not fully proven.; Current evidence is primary research only and not standardized for production comparison.; Second-person verification has not occurred.; May support guided build instructions after later verification, but must not be used as a high-confidence geometry match.; Game version, patch, or environment metadata remains incomplete for production.; No Codex-created human verification decision is recorded."
CF27_XBOXUNKNOWN_RTG_EYESHAPE_001,EA SPORTS College Football 27,Xbox,,,Road to Glory,Main interface > Road to Glory > Road to Glory Setup > Journey type cards > Choose Your Position > QB > Create Player > Player > Appearance > Head & Skin visible,Eye Shape,Almond,1,1,PRIMARY_APPROVED_WITH_NOTES,NOT_VERIFIED,SUPPORTED_WITH_NOTES,"Locked media clearly shows candidate identity/category/value and enough menu or visual evidence to advance to second-person verification, with nonfatal limitations preserved.",phase0-video-006,data/research/cf27/generated/full-resolution-frames/eye-shape-options-001-005/CF27_XBOXUNKNOWN_RTG_EYESHAPE_001/CF27_XBOXUNKNOWN_RTG_EYESHAPE_001_MENU_video-006_14p00s.png; 45926e39-7553-43b1-803a-6ddc787c63dd.MP4,14-14,MISSING_FROM_CURRENT_DERIVATIVES,NOT_REQUIRED,VISIBLE,VISIBLE,NOT_VISIBLE,false,false,false,true,false,true,false,high,0.72,false,true,false,false,NOT_SECOND_VERIFIED; NO_CATALOG_MANAGER_APPROVAL; NOT_IN_APPROVED_IMMUTABLE_PRODUCTION_RELEASE; ENVIRONMENT_UNRESOLVED; CATEGORY_INCOMPLETE; RECAPTURE_REQUIRED_FOR_PRODUCTION_COMPARISON; ISSUE:issue-phase0-appearance-control-eye-shape-recapture; ISSUE:issue-phase0-primary-review-category-incomplete; ISSUE:issue-phase0-primary-review-environment-unresolved; MISSING_REQUIRED_VIEWS; CATEGORY_COUNT_ORDER_INCOMPLETE,"Independently verify native label/index/order, source evidence, available views, and whether limitations require VERIFIED_WITH_NOTES or a blocking disagreement.",Optional post-launch media may improve angles/framing but is not required by default.,"Eye Shape selector boundaries, default, wrap behavior, and total count are not fully proven.; Current evidence is primary research only and not standardized for production comparison.; Second-person verification has not occurred.; Supported with notes for verifier review only; not production or recommendation eligible.; Game version, patch, or environment metadata remains incomplete for production.; No Codex-created human verification decision is recorded."
CF27_XBOXUNKNOWN_RTG_EYESHAPE_002,EA SPORTS College Football 27,Xbox,,,Road to Glory,Main interface > Road to Glory > Road to Glory Setup > Journey type cards > Choose Your Position > QB > Create Player > Player > Appearance > Head & Skin visible,Eye Shape,None,2,2,PRIMARY_APPROVED_WITH_NOTES,NOT_VERIFIED,SUPPORTED_WITH_NOTES,"Locked media clearly shows candidate identity/category/value and enough menu or visual evidence to advance to second-person verification, with nonfatal limitations preserved.",phase0-video-006,data/research/cf27/generated/full-resolution-frames/eye-shape-options-001-005/CF27_XBOXUNKNOWN_RTG_EYESHAPE_002/CF27_XBOXUNKNOWN_RTG_EYESHAPE_002_MENU_video-006_16p00s.png; 45926e39-7553-43b1-803a-6ddc787c63dd.MP4,15-16,MISSING_FROM_CURRENT_DERIVATIVES,NOT_REQUIRED,VISIBLE,VISIBLE,NOT_VISIBLE,false,false,false,true,false,true,false,high,0.72,false,true,false,false,NOT_SECOND_VERIFIED; NO_CATALOG_MANAGER_APPROVAL; NOT_IN_APPROVED_IMMUTABLE_PRODUCTION_RELEASE; ENVIRONMENT_UNRESOLVED; CATEGORY_INCOMPLETE; RECAPTURE_REQUIRED_FOR_PRODUCTION_COMPARISON; ISSUE:issue-phase0-appearance-control-eye-shape-recapture; ISSUE:issue-phase0-primary-review-category-incomplete; ISSUE:issue-phase0-primary-review-environment-unresolved; MISSING_REQUIRED_VIEWS; CATEGORY_COUNT_ORDER_INCOMPLETE,"Independently verify native label/index/order, source evidence, available views, and whether limitations require VERIFIED_WITH_NOTES or a blocking disagreement.",Optional post-launch media may improve angles/framing but is not required by default.,"Eye Shape selector boundaries, default, wrap behavior, and total count are not fully proven.; Current evidence is primary research only and not standardized for production comparison.; Second-person verification has not occurred.; Supported with notes for verifier review only; not production or recommendation eligible.; Game version, patch, or environment metadata remains incomplete for production.; No Codex-created human verification decision is recorded."
CF27_XBOXUNKNOWN_RTG_EYESHAPE_003,EA SPORTS College Football 27,Xbox,,,Road to Glory,Main interface > Road to Glory > Road to Glory Setup > Journey type cards > Choose Your Position > QB > Create Player > Player > Appearance > Head & Skin visible,Eye Shape,Prominent,3,3,PRIMARY_APPROVED_WITH_NOTES,NOT_VERIFIED,SUPPORTED_WITH_NOTES,"Locked media clearly shows candidate identity/category/value and enough menu or visual evidence to advance to second-person verification, with nonfatal limitations preserved.",phase0-video-006,data/research/cf27/generated/full-resolution-frames/eye-shape-options-001-005/CF27_XBOXUNKNOWN_RTG_EYESHAPE_003/CF27_XBOXUNKNOWN_RTG_EYESHAPE_003_MENU_video-006_18p00s.png; 45926e39-7553-43b1-803a-6ddc787c63dd.MP4,17-18,MISSING_FROM_CURRENT_DERIVATIVES,NOT_REQUIRED,VISIBLE,VISIBLE,NOT_VISIBLE,false,false,false,true,false,true,false,high,0.72,false,true,false,false,NOT_SECOND_VERIFIED; NO_CATALOG_MANAGER_APPROVAL; NOT_IN_APPROVED_IMMUTABLE_PRODUCTION_RELEASE; ENVIRONMENT_UNRESOLVED; CATEGORY_INCOMPLETE; RECAPTURE_REQUIRED_FOR_PRODUCTION_COMPARISON; ISSUE:issue-phase0-appearance-control-eye-shape-recapture; ISSUE:issue-phase0-primary-review-category-incomplete; ISSUE:issue-phase0-primary-review-environment-unresolved; MISSING_REQUIRED_VIEWS; CATEGORY_COUNT_ORDER_INCOMPLETE,"Independently verify native label/index/order, source evidence, available views, and whether limitations require VERIFIED_WITH_NOTES or a blocking disagreement.",Optional post-launch media may improve angles/framing but is not required by default.,"Eye Shape selector boundaries, default, wrap behavior, and total count are not fully proven.; Current evidence is primary research only and not standardized for production comparison.; Second-person verification has not occurred.; Supported with notes for verifier review only; not production or recommendation eligible.; Game version, patch, or environment metadata remains incomplete for production.; No Codex-created human verification decision is recorded."
CF27_XBOXUNKNOWN_RTG_EYESHAPE_004,EA SPORTS College Football 27,Xbox,,,Road to Glory,Main interface > Road to Glory > Road to Glory Setup > Journey type cards > Choose Your Position > QB > Create Player > Player > Appearance > Head & Skin visible,Eye Shape,Monolid,4,4,PRIMARY_APPROVED_WITH_NOTES,NOT_VERIFIED,SUPPORTED_WITH_NOTES,"Locked media clearly shows candidate identity/category/value and enough menu or visual evidence to advance to second-person verification, with nonfatal limitations preserved.",phase0-video-006,data/research/cf27/generated/full-resolution-frames/eye-shape-options-001-005/CF27_XBOXUNKNOWN_RTG_EYESHAPE_004/CF27_XBOXUNKNOWN_RTG_EYESHAPE_004_MENU_video-006_19p00s.png; 45926e39-7553-43b1-803a-6ddc787c63dd.MP4,19-19,MISSING_FROM_CURRENT_DERIVATIVES,NOT_REQUIRED,VISIBLE,VISIBLE,NOT_VISIBLE,false,false,false,true,false,true,false,high,0.72,false,true,false,false,NOT_SECOND_VERIFIED; NO_CATALOG_MANAGER_APPROVAL; NOT_IN_APPROVED_IMMUTABLE_PRODUCTION_RELEASE; ENVIRONMENT_UNRESOLVED; CATEGORY_INCOMPLETE; RECAPTURE_REQUIRED_FOR_PRODUCTION_COMPARISON; ISSUE:issue-phase0-appearance-control-eye-shape-recapture; ISSUE:issue-phase0-primary-review-category-incomplete; ISSUE:issue-phase0-primary-review-environment-unresolved; MISSING_REQUIRED_VIEWS; CATEGORY_COUNT_ORDER_INCOMPLETE,"Independently verify native label/index/order, source evidence, available views, and whether limitations require VERIFIED_WITH_NOTES or a blocking disagreement.",Optional post-launch media may improve angles/framing but is not required by default.,"Eye Shape selector boundaries, default, wrap behavior, and total count are not fully proven.; Current evidence is primary research only and not standardized for production comparison.; Second-person verification has not occurred.; Supported with notes for verifier review only; not production or recommendation eligible.; Game version, patch, or environment metadata remains incomplete for production.; No Codex-created human verification decision is recorded."
CF27_XBOXUNKNOWN_RTG_EYESHAPE_005,EA SPORTS College Football 27,Xbox,,,Road to Glory,Main interface > Road to Glory > Road to Glory Setup > Journey type cards > Choose Your Position > QB > Create Player > Player > Appearance > Head & Skin visible,Eye Shape,Hooded,5,5,PRIMARY_APPROVED_WITH_NOTES,NOT_VERIFIED,SUPPORTED_WITH_NOTES,"Locked media clearly shows candidate identity/category/value and enough menu or visual evidence to advance to second-person verification, with nonfatal limitations preserved.",phase0-video-006,data/research/cf27/generated/full-resolution-frames/eye-shape-options-001-005/CF27_XBOXUNKNOWN_RTG_EYESHAPE_005/CF27_XBOXUNKNOWN_RTG_EYESHAPE_005_MENU_video-006_22p00s.png; 45926e39-7553-43b1-803a-6ddc787c63dd.MP4,20-24.93,MISSING_FROM_CURRENT_DERIVATIVES,NOT_REQUIRED,VISIBLE,VISIBLE,NOT_VISIBLE,false,false,false,true,false,true,false,high,0.72,false,true,false,false,NOT_SECOND_VERIFIED; NO_CATALOG_MANAGER_APPROVAL; NOT_IN_APPROVED_IMMUTABLE_PRODUCTION_RELEASE; ENVIRONMENT_UNRESOLVED; CATEGORY_INCOMPLETE; RECAPTURE_REQUIRED_FOR_PRODUCTION_COMPARISON; ISSUE:issue-phase0-appearance-control-eye-shape-recapture; ISSUE:issue-phase0-primary-review-category-incomplete; ISSUE:issue-phase0-primary-review-environment-unresolved; MISSING_REQUIRED_VIEWS; CATEGORY_COUNT_ORDER_INCOMPLETE,"Independently verify native label/index/order, source evidence, available views, and whether limitations require VERIFIED_WITH_NOTES or a blocking disagreement.",Optional post-launch media may improve angles/framing but is not required by default.,"Eye Shape selector boundaries, default, wrap behavior, and total count are not fully proven.; Current evidence is primary research only and not standardized for production comparison.; Second-person verification has not occurred.; Supported with notes for verifier review only; not production or recommendation eligible.; Game version, patch, or environment metadata remains incomplete for production.; No Codex-created human verification decision is recorded."
CF27_XBOXUNKNOWN_RTG_FACIALHAIRCOLOR_PURPLE,EA SPORTS College Football 27,Xbox,,,Road to Glory,Main interface > Road to Glory > Road to Glory Setup > Journey type cards > Choose Your Position > QB > Create Player > Player > Appearance > Head & Skin visible,Facial-hair colors,Purple,,,ORDER_UNRESOLVED,NOT_VERIFIED,LIMITED_EVIDENCE,Native order is unresolved; the record is preserved but cannot join the initial supported subset until a verifier resolves ordering.,CF27_XBOX_SOURCE_2026_08_02_002,data/phase-zero/derivative-frames/august-2026-source-recordings/CF27_XBOX_SOURCE_2026_08_02_002_tl_005_facial_hair_color_225p5s.png; EA SPORTS™ College Football 27-2026_08_02-21_18_14.mp4,225-235.35,CATEGORY_FRAME_REEXTRACTION_AVAILABLE,NOT_REQUIRED,VISIBLE,VISIBLE,NOT_VISIBLE,false,true,false,true,true,true,false,medium,0.25,false,false,false,false,NOT_SECOND_VERIFIED; NO_CATALOG_MANAGER_APPROVAL; NOT_IN_APPROVED_IMMUTABLE_PRODUCTION_RELEASE; ENVIRONMENT_UNRESOLVED; CATEGORY_INCOMPLETE; RECAPTURE_REQUIRED_FOR_PRODUCTION_COMPARISON; ISSUE:issue-phase0-primary-review-category-incomplete; ISSUE:issue-phase0-primary-review-environment-unresolved; ORDER_UNRESOLVED; MISSING_REQUIRED_VIEWS; COVERAGE:INCOMPLETE_EVIDENCE; NOT_IN_SUPPORTED_SUBSET,Check native order and count independently; record ORDER_MISMATCH or verified ordering.,"Optional post-launch media or user feedback may improve this record, but additional Wyatt recording is not a default initial-launch blocker.","Directly selected native label is readable in the cited August 2026 frame.; Supplemental August 2026 intake observation is primary research only.; The selected native value is directly readable in the cited frame, but complete selector boundaries and second verification remain unresolved.; No supplemental record is eligible for production recommendations.; Limited evidence record remains internal/review-only and is excluded from the initial supported subset.; Native ordering remains unresolved and must not be inferred.; Game version, patch, or environment metadata remains incomplete for production.; No Codex-created human verification decision is recorded."
CF27_XBOXUNKNOWN_RTG_FACIALHAIR_MUTTON_CHOPS,EA SPORTS College Football 27,Xbox,,,Road to Glory,Main interface > Road to Glory > Road to Glory Setup > Journey type cards > Choose Your Position > QB > Create Player > Player > Appearance > Head & Skin visible,Facial hair,Mutton Chops,,,ORDER_UNRESOLVED,NOT_VERIFIED,LIMITED_EVIDENCE,Native order is unresolved; the record is preserved but cannot join the initial supported subset until a verifier resolves ordering.,CF27_XBOX_SOURCE_2026_08_02_002,data/phase-zero/derivative-frames/august-2026-source-recordings/CF27_XBOX_SOURCE_2026_08_02_002_tl_004_facial_hair_style_175p5s.png; EA SPORTS™ College Football 27-2026_08_02-21_18_14.mp4,175-224,MISSING_FROM_CURRENT_DERIVATIVES,MISSING:LEFT_3Q|LEFT_PROFILE|RIGHT_3Q|RIGHT_PROFILE,VISIBLE,VISIBLE,NOT_VISIBLE,false,true,false,true,true,true,false,medium,0.25,false,false,false,false,NOT_SECOND_VERIFIED; NO_CATALOG_MANAGER_APPROVAL; NOT_IN_APPROVED_IMMUTABLE_PRODUCTION_RELEASE; ENVIRONMENT_UNRESOLVED; CATEGORY_INCOMPLETE; RECAPTURE_REQUIRED_FOR_PRODUCTION_COMPARISON; ISSUE:issue-phase0-primary-review-category-incomplete; ISSUE:issue-phase0-primary-review-environment-unresolved; ORDER_UNRESOLVED; MISSING_REQUIRED_VIEWS; COVERAGE:INCOMPLETE_EVIDENCE; NOT_IN_SUPPORTED_SUBSET,Check native order and count independently; record ORDER_MISMATCH or verified ordering.,"Optional post-launch media or user feedback may improve this record, but additional Wyatt recording is not a default initial-launch blocker.","Directly selected native label is readable in the cited August 2026 frame.; Supplemental August 2026 intake observation is primary research only.; The selected native value is directly readable in the cited frame, but complete selector boundaries and second verification remain unresolved.; No supplemental record is eligible for production recommendations.; Limited evidence record remains internal/review-only and is excluded from the initial supported subset.; Native ordering remains unresolved and must not be inferred.; Game version, patch, or environment metadata remains incomplete for production.; No Codex-created human verification decision is recorded."
CF27_XBOXUNKNOWN_RTG_HAIRCOLOR_LIGHT_BROWN,EA SPORTS College Football 27,Xbox,,,Road to Glory,Main interface > Road to Glory > Road to Glory Setup > Journey type cards > Choose Your Position > QB > Create Player > Player > Appearance > Head & Skin visible,Hair colors,Light Brown,,,ORDER_UNRESOLVED,NOT_VERIFIED,LIMITED_EVIDENCE,Native order is unresolved; the record is preserved but cannot join the initial supported subset until a verifier resolves ordering.,CF27_XBOX_SOURCE_2026_08_02_002,data/phase-zero/derivative-frames/august-2026-source-recordings/CF27_XBOX_SOURCE_2026_08_02_002_tl_003_hair_color_100p5s.png; EA SPORTS™ College Football 27-2026_08_02-21_18_14.mp4,100-174,CATEGORY_FRAME_REEXTRACTION_AVAILABLE,NOT_REQUIRED,VISIBLE,VISIBLE,NOT_VISIBLE,false,true,false,true,true,true,false,medium,0.25,false,false,false,false,NOT_SECOND_VERIFIED; NO_CATALOG_MANAGER_APPROVAL; NOT_IN_APPROVED_IMMUTABLE_PRODUCTION_RELEASE; ENVIRONMENT_UNRESOLVED; CATEGORY_INCOMPLETE; RECAPTURE_REQUIRED_FOR_PRODUCTION_COMPARISON; ISSUE:issue-phase0-primary-review-category-incomplete; ISSUE:issue-phase0-primary-review-environment-unresolved; ORDER_UNRESOLVED; MISSING_REQUIRED_VIEWS; COVERAGE:INCOMPLETE_EVIDENCE; NOT_IN_SUPPORTED_SUBSET,Check native order and count independently; record ORDER_MISMATCH or verified ordering.,"Optional post-launch media or user feedback may improve this record, but additional Wyatt recording is not a default initial-launch blocker.","Directly selected native label is readable in the cited August 2026 frame.; Supplemental August 2026 intake observation is primary research only.; The selected native value is directly readable in the cited frame, but complete selector boundaries and second verification remain unresolved.; No supplemental record is eligible for production recommendations.; Limited evidence record remains internal/review-only and is excluded from the initial supported subset.; Native ordering remains unresolved and must not be inferred.; Game version, patch, or environment metadata remains incomplete for production.; No Codex-created human verification decision is recorded."
CF27_XBOXUNKNOWN_RTG_HAIRSTYLE_SHORT_CURLY,EA SPORTS College Football 27,Xbox,,,Road to Glory,Main interface > Road to Glory > Road to Glory Setup > Journey type cards > Choose Your Position > QB > Create Player > Player > Appearance > Head & Skin visible,Hairstyles,Short Curly,1,1,PRIMARY_APPROVED_WITH_NOTES,NOT_VERIFIED,SUPPORTED_WITH_NOTES,"Locked media clearly shows candidate identity/category/value and enough menu or visual evidence to advance to second-person verification, with nonfatal limitations preserved.",CF27_XBOX_SOURCE_2026_08_02_002,data/phase-zero/derivative-frames/august-2026-source-recordings/CF27_XBOX_SOURCE_2026_08_02_002_tl_002_hair_style_5p5s.png; EA SPORTS™ College Football 27-2026_08_02-21_18_14.mp4,5-99,MISSING_FROM_CURRENT_DERIVATIVES,MISSING:LEFT_3Q|LEFT_PROFILE|RIGHT_3Q|RIGHT_PROFILE|REAR,VISIBLE,VISIBLE,PARTIAL,false,false,false,true,true,true,false,high,0.72,false,true,false,false,NOT_SECOND_VERIFIED; NO_CATALOG_MANAGER_APPROVAL; NOT_IN_APPROVED_IMMUTABLE_PRODUCTION_RELEASE; ENVIRONMENT_UNRESOLVED; CATEGORY_INCOMPLETE; RECAPTURE_REQUIRED_FOR_PRODUCTION_COMPARISON; ISSUE:issue-phase0-primary-review-category-incomplete; ISSUE:issue-phase0-primary-review-environment-unresolved; MISSING_REQUIRED_VIEWS; CATEGORY_COUNT_ORDER_INCOMPLETE; COVERAGE:INCOMPLETE_EVIDENCE,"Independently verify native label/index/order, source evidence, available views, and whether limitations require VERIFIED_WITH_NOTES or a blocking disagreement.",Optional post-launch media may improve angles/framing but is not required by default.,"Directly selected native label is readable in the cited August 2026 frame.; Supplemental August 2026 intake observation is primary research only.; The selected native value is directly readable in the cited frame, but complete selector boundaries and second verification remain unresolved.; No supplemental record is eligible for production recommendations.; Supported with notes for verifier review only; not production or recommendation eligible.; Game version, patch, or environment metadata remains incomplete for production.; No Codex-created human verification decision is recorded."
CF27_XBOXUNKNOWN_RTG_HEAD_001,EA SPORTS College Football 27,Xbox,,,Road to Glory,Main interface > Road to Glory > Road to Glory Setup > Journey type cards > Choose Your Position > QB > Create Player > Player > Appearance > Head & Skin visible,Heads,Face 1,1,1,PRIMARY_APPROVED_WITH_NOTES,NOT_VERIFIED,SUPPORTED_WITH_NOTES,"Locked media clearly shows candidate identity/category/value and enough menu or visual evidence to advance to second-person verification, with nonfatal limitations preserved.",phase0-video-002,data/research/cf27/generated/full-resolution-frames/head-templates-faces-001-029/CF27_XBOXUNKNOWN_RTG_HEAD_001/CF27_XBOXUNKNOWN_RTG_HEAD_001_MENU_video-002_11p68s.png; 02_Appearance_Menu_Part_1.mp4.MOV,10-19,MISSING_FROM_CURRENT_DERIVATIVES,MISSING:LEFT_3Q|LEFT_PROFILE|RIGHT_3Q|RIGHT_PROFILE|REAR,VISIBLE,VISIBLE,PARTIAL,false,false,false,true,true,true,true,high,0.72,false,true,false,false,NOT_SECOND_VERIFIED; NO_CATALOG_MANAGER_APPROVAL; NOT_IN_APPROVED_IMMUTABLE_PRODUCTION_RELEASE; ENVIRONMENT_UNRESOLVED; CATEGORY_INCOMPLETE; RECAPTURE_REQUIRED_FOR_PRODUCTION_COMPARISON; ISSUE:issue-phase0-primary-review-category-incomplete; ISSUE:issue-phase0-primary-review-environment-unresolved; MISSING_REQUIRED_VIEWS,"Independently verify native label/index/order, source evidence, available views, and whether limitations require VERIFIED_WITH_NOTES or a blocking disagreement.",Optional post-launch media may improve angles/framing but is not required by default.,"Head category count/order is incomplete.; Current head footage is valid menu/order research evidence but requires standardized recapture for production comparison.; Eye black, hair/facial-hair state, zoom, framing, and final selector boundary are not production locked.; Supported with notes for verifier review only; not production or recommendation eligible.; Game version, patch, or environment metadata remains incomplete for production.; No Codex-created human verification decision is recorded."
CF27_XBOXUNKNOWN_RTG_HEAD_002,EA SPORTS College Football 27,Xbox,,,Road to Glory,Main interface > Road to Glory > Road to Glory Setup > Journey type cards > Choose Your Position > QB > Create Player > Player > Appearance > Head & Skin visible,Heads,Face 2,2,2,PRIMARY_APPROVED_WITH_NOTES,NOT_VERIFIED,SUPPORTED_WITH_NOTES,"Locked media clearly shows candidate identity/category/value and enough menu or visual evidence to advance to second-person verification, with nonfatal limitations preserved.",phase0-video-002,data/research/cf27/generated/full-resolution-frames/head-templates-faces-001-029/CF27_XBOXUNKNOWN_RTG_HEAD_002/CF27_XBOXUNKNOWN_RTG_HEAD_002_MENU_video-002_21p52s.png; 02_Appearance_Menu_Part_1.mp4.MOV,20-28,MISSING_FROM_CURRENT_DERIVATIVES,MISSING:LEFT_3Q|LEFT_PROFILE|RIGHT_3Q|RIGHT_PROFILE|REAR,VISIBLE,VISIBLE,PARTIAL,false,false,false,true,true,true,true,high,0.72,false,true,false,false,NOT_SECOND_VERIFIED; NO_CATALOG_MANAGER_APPROVAL; NOT_IN_APPROVED_IMMUTABLE_PRODUCTION_RELEASE; ENVIRONMENT_UNRESOLVED; CATEGORY_INCOMPLETE; RECAPTURE_REQUIRED_FOR_PRODUCTION_COMPARISON; ISSUE:issue-phase0-primary-review-category-incomplete; ISSUE:issue-phase0-primary-review-environment-unresolved; MISSING_REQUIRED_VIEWS,"Independently verify native label/index/order, source evidence, available views, and whether limitations require VERIFIED_WITH_NOTES or a blocking disagreement.",Optional post-launch media may improve angles/framing but is not required by default.,"Head category count/order is incomplete.; Current head footage is valid menu/order research evidence but requires standardized recapture for production comparison.; Eye black, hair/facial-hair state, zoom, framing, and final selector boundary are not production locked.; Supported with notes for verifier review only; not production or recommendation eligible.; Game version, patch, or environment metadata remains incomplete for production.; No Codex-created human verification decision is recorded."
CF27_XBOXUNKNOWN_RTG_HEAD_003,EA SPORTS College Football 27,Xbox,,,Road to Glory,Main interface > Road to Glory > Road to Glory Setup > Journey type cards > Choose Your Position > QB > Create Player > Player > Appearance > Head & Skin visible,Heads,Face 3,3,3,PRIMARY_APPROVED_WITH_NOTES,NOT_VERIFIED,SUPPORTED_WITH_NOTES,"Locked media clearly shows candidate identity/category/value and enough menu or visual evidence to advance to second-person verification, with nonfatal limitations preserved.",phase0-video-002,data/research/cf27/generated/full-resolution-frames/head-templates-faces-001-029/CF27_XBOXUNKNOWN_RTG_HEAD_003/CF27_XBOXUNKNOWN_RTG_HEAD_003_MENU_video-002_30p68s.png; 02_Appearance_Menu_Part_1.mp4.MOV,29-38,MISSING_FROM_CURRENT_DERIVATIVES,MISSING:LEFT_3Q|LEFT_PROFILE|RIGHT_3Q|RIGHT_PROFILE|REAR,VISIBLE,VISIBLE,PARTIAL,false,false,false,true,true,true,true,high,0.72,false,true,false,false,NOT_SECOND_VERIFIED; NO_CATALOG_MANAGER_APPROVAL; NOT_IN_APPROVED_IMMUTABLE_PRODUCTION_RELEASE; ENVIRONMENT_UNRESOLVED; CATEGORY_INCOMPLETE; RECAPTURE_REQUIRED_FOR_PRODUCTION_COMPARISON; ISSUE:issue-phase0-primary-review-category-incomplete; ISSUE:issue-phase0-primary-review-environment-unresolved; MISSING_REQUIRED_VIEWS,"Independently verify native label/index/order, source evidence, available views, and whether limitations require VERIFIED_WITH_NOTES or a blocking disagreement.",Optional post-launch media may improve angles/framing but is not required by default.,"Head category count/order is incomplete.; Current head footage is valid menu/order research evidence but requires standardized recapture for production comparison.; Eye black, hair/facial-hair state, zoom, framing, and final selector boundary are not production locked.; Supported with notes for verifier review only; not production or recommendation eligible.; Game version, patch, or environment metadata remains incomplete for production.; No Codex-created human verification decision is recorded."
CF27_XBOXUNKNOWN_RTG_HEAD_004,EA SPORTS College Football 27,Xbox,,,Road to Glory,Main interface > Road to Glory > Road to Glory Setup > Journey type cards > Choose Your Position > QB > Create Player > Player > Appearance > Head & Skin visible,Heads,Face 4,4,4,PRIMARY_APPROVED_WITH_NOTES,NOT_VERIFIED,SUPPORTED_WITH_NOTES,"Locked media clearly shows candidate identity/category/value and enough menu or visual evidence to advance to second-person verification, with nonfatal limitations preserved.",phase0-video-002,data/research/cf27/generated/full-resolution-frames/head-templates-faces-001-029/CF27_XBOXUNKNOWN_RTG_HEAD_004/CF27_XBOXUNKNOWN_RTG_HEAD_004_MENU_video-002_40p68s.png; 02_Appearance_Menu_Part_1.mp4.MOV,39-48,MISSING_FROM_CURRENT_DERIVATIVES,MISSING:LEFT_3Q|LEFT_PROFILE|RIGHT_3Q|RIGHT_PROFILE|REAR,VISIBLE,VISIBLE,PARTIAL,false,false,false,true,true,true,true,high,0.72,false,true,false,false,NOT_SECOND_VERIFIED; NO_CATALOG_MANAGER_APPROVAL; NOT_IN_APPROVED_IMMUTABLE_PRODUCTION_RELEASE; ENVIRONMENT_UNRESOLVED; CATEGORY_INCOMPLETE; RECAPTURE_REQUIRED_FOR_PRODUCTION_COMPARISON; ISSUE:issue-phase0-primary-review-category-incomplete; ISSUE:issue-phase0-primary-review-environment-unresolved; MISSING_REQUIRED_VIEWS,"Independently verify native label/index/order, source evidence, available views, and whether limitations require VERIFIED_WITH_NOTES or a blocking disagreement.",Optional post-launch media may improve angles/framing but is not required by default.,"Head category count/order is incomplete.; Current head footage is valid menu/order research evidence but requires standardized recapture for production comparison.; Eye black, hair/facial-hair state, zoom, framing, and final selector boundary are not production locked.; Supported with notes for verifier review only; not production or recommendation eligible.; Game version, patch, or environment metadata remains incomplete for production.; No Codex-created human verification decision is recorded."
CF27_XBOXUNKNOWN_RTG_HEAD_005,EA SPORTS College Football 27,Xbox,,,Road to Glory,Main interface > Road to Glory > Road to Glory Setup > Journey type cards > Choose Your Position > QB > Create Player > Player > Appearance > Head & Skin visible,Heads,Face 5,5,5,PRIMARY_APPROVED_WITH_NOTES,NOT_VERIFIED,SUPPORTED_WITH_NOTES,"Locked media clearly shows candidate identity/category/value and enough menu or visual evidence to advance to second-person verification, with nonfatal limitations preserved.",phase0-video-002,data/research/cf27/generated/full-resolution-frames/head-templates-faces-001-029/CF27_XBOXUNKNOWN_RTG_HEAD_005/CF27_XBOXUNKNOWN_RTG_HEAD_005_MENU_video-002_70p04s.png; 02_Appearance_Menu_Part_1.mp4.MOV,69-74,MISSING_FROM_CURRENT_DERIVATIVES,MISSING:LEFT_3Q|LEFT_PROFILE|RIGHT_3Q|RIGHT_PROFILE|REAR,VISIBLE,VISIBLE,PARTIAL,false,false,false,true,true,true,true,high,0.72,false,true,false,false,NOT_SECOND_VERIFIED; NO_CATALOG_MANAGER_APPROVAL; NOT_IN_APPROVED_IMMUTABLE_PRODUCTION_RELEASE; ENVIRONMENT_UNRESOLVED; CATEGORY_INCOMPLETE; RECAPTURE_REQUIRED_FOR_PRODUCTION_COMPARISON; ISSUE:issue-phase0-primary-review-category-incomplete; ISSUE:issue-phase0-primary-review-environment-unresolved; MISSING_REQUIRED_VIEWS,"Independently verify native label/index/order, source evidence, available views, and whether limitations require VERIFIED_WITH_NOTES or a blocking disagreement.",Optional post-launch media may improve angles/framing but is not required by default.,"Head category count/order is incomplete.; Current head footage is valid menu/order research evidence but requires standardized recapture for production comparison.; Eye black, hair/facial-hair state, zoom, framing, and final selector boundary are not production locked.; Supported with notes for verifier review only; not production or recommendation eligible.; Game version, patch, or environment metadata remains incomplete for production.; No Codex-created human verification decision is recorded."
CF27_XBOXUNKNOWN_RTG_HEAD_006,EA SPORTS College Football 27,Xbox,,,Road to Glory,Main interface > Road to Glory > Road to Glory Setup > Journey type cards > Choose Your Position > QB > Create Player > Player > Appearance > Head & Skin visible,Heads,Face 6,6,6,PRIMARY_APPROVED_WITH_NOTES,NOT_VERIFIED,SUPPORTED_WITH_NOTES,"Locked media clearly shows candidate identity/category/value and enough menu or visual evidence to advance to second-person verification, with nonfatal limitations preserved.",phase0-video-002,data/research/cf27/generated/full-resolution-frames/head-templates-faces-001-029/CF27_XBOXUNKNOWN_RTG_HEAD_006/CF27_XBOXUNKNOWN_RTG_HEAD_006_MENU_video-002_61p52s.png; 02_Appearance_Menu_Part_1.mp4.MOV,60-68,MISSING_FROM_CURRENT_DERIVATIVES,MISSING:LEFT_3Q|LEFT_PROFILE|RIGHT_3Q|RIGHT_PROFILE|REAR,VISIBLE,VISIBLE,PARTIAL,false,false,false,true,true,true,true,high,0.72,false,true,false,false,NOT_SECOND_VERIFIED; NO_CATALOG_MANAGER_APPROVAL; NOT_IN_APPROVED_IMMUTABLE_PRODUCTION_RELEASE; ENVIRONMENT_UNRESOLVED; CATEGORY_INCOMPLETE; RECAPTURE_REQUIRED_FOR_PRODUCTION_COMPARISON; ISSUE:issue-phase0-primary-review-category-incomplete; ISSUE:issue-phase0-primary-review-environment-unresolved; MISSING_REQUIRED_VIEWS,"Independently verify native label/index/order, source evidence, available views, and whether limitations require VERIFIED_WITH_NOTES or a blocking disagreement.",Optional post-launch media may improve angles/framing but is not required by default.,"Head category count/order is incomplete.; Current head footage is valid menu/order research evidence but requires standardized recapture for production comparison.; Eye black, hair/facial-hair state, zoom, framing, and final selector boundary are not production locked.; Supported with notes for verifier review only; not production or recommendation eligible.; Game version, patch, or environment metadata remains incomplete for production.; No Codex-created human verification decision is recorded."
CF27_XBOXUNKNOWN_RTG_HEAD_007,EA SPORTS College Football 27,Xbox,,,Road to Glory,Main interface > Road to Glory > Road to Glory Setup > Journey type cards > Choose Your Position > QB > Create Player > Player > Appearance > Head & Skin visible,Heads,Face 7,7,7,PRIMARY_APPROVED_WITH_NOTES,NOT_VERIFIED,SUPPORTED_WITH_NOTES,"Locked media clearly shows candidate identity/category/value and enough menu or visual evidence to advance to second-person verification, with nonfatal limitations preserved.",phase0-video-002,data/research/cf27/generated/full-resolution-frames/head-templates-faces-001-029/CF27_XBOXUNKNOWN_RTG_HEAD_007/CF27_XBOXUNKNOWN_RTG_HEAD_007_MENU_video-002_55p04s.png; 02_Appearance_Menu_Part_1.mp4.MOV,54-59,MISSING_FROM_CURRENT_DERIVATIVES,MISSING:LEFT_3Q|LEFT_PROFILE|RIGHT_3Q|RIGHT_PROFILE|REAR,VISIBLE,VISIBLE,PARTIAL,false,false,false,true,true,true,true,high,0.72,false,true,false,false,NOT_SECOND_VERIFIED; NO_CATALOG_MANAGER_APPROVAL; NOT_IN_APPROVED_IMMUTABLE_PRODUCTION_RELEASE; ENVIRONMENT_UNRESOLVED; CATEGORY_INCOMPLETE; RECAPTURE_REQUIRED_FOR_PRODUCTION_COMPARISON; ISSUE:issue-phase0-primary-review-category-incomplete; ISSUE:issue-phase0-primary-review-environment-unresolved; MISSING_REQUIRED_VIEWS,"Independently verify native label/index/order, source evidence, available views, and whether limitations require VERIFIED_WITH_NOTES or a blocking disagreement.",Optional post-launch media may improve angles/framing but is not required by default.,"Head category count/order is incomplete.; Current head footage is valid menu/order research evidence but requires standardized recapture for production comparison.; Eye black, hair/facial-hair state, zoom, framing, and final selector boundary are not production locked.; Supported with notes for verifier review only; not production or recommendation eligible.; Game version, patch, or environment metadata remains incomplete for production.; No Codex-created human verification decision is recorded."
CF27_XBOXUNKNOWN_RTG_HEAD_008,EA SPORTS College Football 27,Xbox,,,Road to Glory,Main interface > Road to Glory > Road to Glory Setup > Journey type cards > Choose Your Position > QB > Create Player > Player > Appearance > Head & Skin visible,Heads,Face 8,8,8,PRIMARY_APPROVED_WITH_NOTES,NOT_VERIFIED,SUPPORTED_WITH_NOTES,"Locked media clearly shows candidate identity/category/value and enough menu or visual evidence to advance to second-person verification, with nonfatal limitations preserved.",phase0-video-002,data/research/cf27/generated/full-resolution-frames/head-templates-faces-001-029/CF27_XBOXUNKNOWN_RTG_HEAD_008/CF27_XBOXUNKNOWN_RTG_HEAD_008_MENU_video-002_49p88s.png; 02_Appearance_Menu_Part_1.mp4.MOV,49-53,MISSING_FROM_CURRENT_DERIVATIVES,MISSING:LEFT_3Q|LEFT_PROFILE|RIGHT_3Q|RIGHT_PROFILE|REAR,VISIBLE,VISIBLE,PARTIAL,false,false,false,true,true,true,true,high,0.72,false,true,false,false,NOT_SECOND_VERIFIED; NO_CATALOG_MANAGER_APPROVAL; NOT_IN_APPROVED_IMMUTABLE_PRODUCTION_RELEASE; ENVIRONMENT_UNRESOLVED; CATEGORY_INCOMPLETE; RECAPTURE_REQUIRED_FOR_PRODUCTION_COMPARISON; ISSUE:issue-phase0-primary-review-category-incomplete; ISSUE:issue-phase0-primary-review-environment-unresolved; MISSING_REQUIRED_VIEWS,"Independently verify native label/index/order, source evidence, available views, and whether limitations require VERIFIED_WITH_NOTES or a blocking disagreement.",Optional post-launch media may improve angles/framing but is not required by default.,"Head category count/order is incomplete.; Current head footage is valid menu/order research evidence but requires standardized recapture for production comparison.; Eye black, hair/facial-hair state, zoom, framing, and final selector boundary are not production locked.; Supported with notes for verifier review only; not production or recommendation eligible.; Game version, patch, or environment metadata remains incomplete for production.; No Codex-created human verification decision is recorded."
CF27_XBOXUNKNOWN_RTG_HEAD_009,EA SPORTS College Football 27,Xbox,,,Road to Glory,Main interface > Road to Glory > Road to Glory Setup > Journey type cards > Choose Your Position > QB > Create Player > Player > Appearance > Head & Skin visible,Heads,Face 9,9,9,PRIMARY_APPROVED_WITH_NOTES,NOT_VERIFIED,SUPPORTED_WITH_NOTES,"Locked media clearly shows candidate identity/category/value and enough menu or visual evidence to advance to second-person verification, with nonfatal limitations preserved.",phase0-video-002,data/research/cf27/generated/full-resolution-frames/head-templates-faces-001-029/CF27_XBOXUNKNOWN_RTG_HEAD_009/CF27_XBOXUNKNOWN_RTG_HEAD_009_MENU_video-002_75p88s.png; 02_Appearance_Menu_Part_1.mp4.MOV,75-79,MISSING_FROM_CURRENT_DERIVATIVES,MISSING:LEFT_3Q|LEFT_PROFILE|RIGHT_3Q|RIGHT_PROFILE|REAR,VISIBLE,VISIBLE,PARTIAL,false,false,false,true,true,true,true,high,0.72,false,true,false,false,NOT_SECOND_VERIFIED; NO_CATALOG_MANAGER_APPROVAL; NOT_IN_APPROVED_IMMUTABLE_PRODUCTION_RELEASE; ENVIRONMENT_UNRESOLVED; CATEGORY_INCOMPLETE; RECAPTURE_REQUIRED_FOR_PRODUCTION_COMPARISON; ISSUE:issue-phase0-primary-review-category-incomplete; ISSUE:issue-phase0-primary-review-environment-unresolved; MISSING_REQUIRED_VIEWS,"Independently verify native label/index/order, source evidence, available views, and whether limitations require VERIFIED_WITH_NOTES or a blocking disagreement.",Optional post-launch media may improve angles/framing but is not required by default.,"Head category count/order is incomplete.; Current head footage is valid menu/order research evidence but requires standardized recapture for production comparison.; Eye black, hair/facial-hair state, zoom, framing, and final selector boundary are not production locked.; Supported with notes for verifier review only; not production or recommendation eligible.; Game version, patch, or environment metadata remains incomplete for production.; No Codex-created human verification decision is recorded."
CF27_XBOXUNKNOWN_RTG_HEAD_010,EA SPORTS College Football 27,Xbox,,,Road to Glory,Main interface > Road to Glory > Road to Glory Setup > Journey type cards > Choose Your Position > QB > Create Player > Player > Appearance > Head & Skin visible,Heads,Face 10,10,10,PRIMARY_APPROVED_WITH_NOTES,NOT_VERIFIED,SUPPORTED_WITH_NOTES,"Locked media clearly shows candidate identity/category/value and enough menu or visual evidence to advance to second-person verification, with nonfatal limitations preserved.",phase0-video-002,data/research/cf27/generated/full-resolution-frames/head-templates-faces-001-029/CF27_XBOXUNKNOWN_RTG_HEAD_010/CF27_XBOXUNKNOWN_RTG_HEAD_010_MENU_video-002_81p52s.png; 02_Appearance_Menu_Part_1.mp4.MOV,80-88,MISSING_FROM_CURRENT_DERIVATIVES,MISSING:LEFT_3Q|LEFT_PROFILE|RIGHT_3Q|RIGHT_PROFILE|REAR,VISIBLE,VISIBLE,PARTIAL,false,false,false,true,true,true,true,high,0.72,false,true,false,false,NOT_SECOND_VERIFIED; NO_CATALOG_MANAGER_APPROVAL; NOT_IN_APPROVED_IMMUTABLE_PRODUCTION_RELEASE; ENVIRONMENT_UNRESOLVED; CATEGORY_INCOMPLETE; RECAPTURE_REQUIRED_FOR_PRODUCTION_COMPARISON; ISSUE:issue-phase0-primary-review-category-incomplete; ISSUE:issue-phase0-primary-review-environment-unresolved; MISSING_REQUIRED_VIEWS,"Independently verify native label/index/order, source evidence, available views, and whether limitations require VERIFIED_WITH_NOTES or a blocking disagreement.",Optional post-launch media may improve angles/framing but is not required by default.,"Head category count/order is incomplete.; Current head footage is valid menu/order research evidence but requires standardized recapture for production comparison.; Eye black, hair/facial-hair state, zoom, framing, and final selector boundary are not production locked.; Supported with notes for verifier review only; not production or recommendation eligible.; Game version, patch, or environment metadata remains incomplete for production.; No Codex-created human verification decision is recorded."
CF27_XBOXUNKNOWN_RTG_HEAD_011,EA SPORTS College Football 27,Xbox,,,Road to Glory,Main interface > Road to Glory > Road to Glory Setup > Journey type cards > Choose Your Position > QB > Create Player > Player > Appearance > Head & Skin visible,Heads,Face 11,11,11,PRIMARY_APPROVED_WITH_NOTES,NOT_VERIFIED,SUPPORTED_WITH_NOTES,"Locked media clearly shows candidate identity/category/value and enough menu or visual evidence to advance to second-person verification, with nonfatal limitations preserved.",phase0-video-002,data/research/cf27/generated/full-resolution-frames/head-templates-faces-001-029/CF27_XBOXUNKNOWN_RTG_HEAD_011/CF27_XBOXUNKNOWN_RTG_HEAD_011_MENU_video-002_90p04s.png; 02_Appearance_Menu_Part_1.mp4.MOV,89-94,MISSING_FROM_CURRENT_DERIVATIVES,MISSING:LEFT_3Q|LEFT_PROFILE|RIGHT_3Q|RIGHT_PROFILE|REAR,VISIBLE,VISIBLE,PARTIAL,false,false,false,true,true,true,true,high,0.72,false,true,false,false,NOT_SECOND_VERIFIED; NO_CATALOG_MANAGER_APPROVAL; NOT_IN_APPROVED_IMMUTABLE_PRODUCTION_RELEASE; ENVIRONMENT_UNRESOLVED; CATEGORY_INCOMPLETE; RECAPTURE_REQUIRED_FOR_PRODUCTION_COMPARISON; ISSUE:issue-phase0-primary-review-category-incomplete; ISSUE:issue-phase0-primary-review-environment-unresolved; MISSING_REQUIRED_VIEWS,"Independently verify native label/index/order, source evidence, available views, and whether limitations require VERIFIED_WITH_NOTES or a blocking disagreement.",Optional post-launch media may improve angles/framing but is not required by default.,"Head category count/order is incomplete.; Current head footage is valid menu/order research evidence but requires standardized recapture for production comparison.; Eye black, hair/facial-hair state, zoom, framing, and final selector boundary are not production locked.; Supported with notes for verifier review only; not production or recommendation eligible.; Game version, patch, or environment metadata remains incomplete for production.; No Codex-created human verification decision is recorded."
CF27_XBOXUNKNOWN_RTG_HEAD_012,EA SPORTS College Football 27,Xbox,,,Road to Glory,Main interface > Road to Glory > Road to Glory Setup > Journey type cards > Choose Your Position > QB > Create Player > Player > Appearance > Head & Skin visible,Heads,Face 12,12,12,DUPLICATE_REVIEW_REQUIRED,NOT_VERIFIED,LIMITED_EVIDENCE,Duplicate or near-duplicate concern remains unresolved; the record is preserved for explicit verifier disposition but excluded from the initial supported subset.,phase0-video-003,data/research/cf27/generated/full-resolution-frames/head-templates-faces-001-029/CF27_XBOXUNKNOWN_RTG_HEAD_012/CF27_XBOXUNKNOWN_RTG_HEAD_012_MENU_video-002_96p04s.png; data/phase-zero/derivative-frames/video-003-tl-001_03-head-templates-faces-12-29-mov_2s.png; 02_Appearance_Menu_Part_2.mp4.MOV,0-4,MISSING_FROM_CURRENT_DERIVATIVES,MISSING:LEFT_3Q|LEFT_PROFILE|RIGHT_3Q|RIGHT_PROFILE|REAR,VISIBLE,VISIBLE,PARTIAL,true,false,false,true,true,true,true,medium,0.25,false,false,false,false,NOT_SECOND_VERIFIED; NO_CATALOG_MANAGER_APPROVAL; NOT_IN_APPROVED_IMMUTABLE_PRODUCTION_RELEASE; ENVIRONMENT_UNRESOLVED; CATEGORY_INCOMPLETE; RECAPTURE_REQUIRED_FOR_PRODUCTION_COMPARISON; DUPLICATE_REVIEW_REQUIRED; ISSUE:issue-phase0-primary-review-category-incomplete; ISSUE:issue-phase0-primary-review-duplicate-observations; ISSUE:issue-phase0-primary-review-environment-unresolved; MISSING_REQUIRED_VIEWS; NOT_IN_SUPPORTED_SUBSET,"Review duplicate relationship and decide whether this is a distinct native option, duplicate observation, or mismatch.","Optional post-launch media or user feedback may improve this record, but additional Wyatt recording is not a default initial-launch blocker.","Head category count/order is incomplete.; Current head footage is valid menu/order research evidence but requires standardized recapture for production comparison.; Eye black, hair/facial-hair state, zoom, framing, and final selector boundary are not production locked.; Limited evidence record remains internal/review-only and is excluded from the initial supported subset.; Duplicate or near-duplicate concern is preserved and must not be resolved silently.; Game version, patch, or environment metadata remains incomplete for production.; No Codex-created human verification decision is recorded."
CF27_XBOXUNKNOWN_RTG_HEAD_013,EA SPORTS College Football 27,Xbox,,,Road to Glory,Main interface > Road to Glory > Road to Glory Setup > Journey type cards > Choose Your Position > QB > Create Player > Player > Appearance > Head & Skin visible,Heads,Face 13,13,13,PRIMARY_APPROVED_WITH_NOTES,NOT_VERIFIED,SUPPORTED_WITH_NOTES,"Locked media clearly shows candidate identity/category/value and enough menu or visual evidence to advance to second-person verification, with nonfatal limitations preserved.",phase0-video-003,data/research/cf27/generated/full-resolution-frames/head-templates-faces-001-029/CF27_XBOXUNKNOWN_RTG_HEAD_013/CF27_XBOXUNKNOWN_RTG_HEAD_013_MENU_video-003_28p04s.png; 02_Appearance_Menu_Part_2.mp4.MOV,21-29,MISSING_FROM_CURRENT_DERIVATIVES,MISSING:LEFT_3Q|LEFT_PROFILE|RIGHT_3Q|RIGHT_PROFILE|REAR,VISIBLE,VISIBLE,PARTIAL,false,false,false,true,true,true,true,high,0.72,false,true,false,false,NOT_SECOND_VERIFIED; NO_CATALOG_MANAGER_APPROVAL; NOT_IN_APPROVED_IMMUTABLE_PRODUCTION_RELEASE; ENVIRONMENT_UNRESOLVED; CATEGORY_INCOMPLETE; RECAPTURE_REQUIRED_FOR_PRODUCTION_COMPARISON; ISSUE:issue-phase0-primary-review-category-incomplete; ISSUE:issue-phase0-primary-review-environment-unresolved; MISSING_REQUIRED_VIEWS,"Independently verify native label/index/order, source evidence, available views, and whether limitations require VERIFIED_WITH_NOTES or a blocking disagreement.",Optional post-launch media may improve angles/framing but is not required by default.,"Head category count/order is incomplete.; Current head footage is valid menu/order research evidence but requires standardized recapture for production comparison.; Eye black, hair/facial-hair state, zoom, framing, and final selector boundary are not production locked.; Supported with notes for verifier review only; not production or recommendation eligible.; Game version, patch, or environment metadata remains incomplete for production.; No Codex-created human verification decision is recorded."
CF27_XBOXUNKNOWN_RTG_HEAD_014,EA SPORTS College Football 27,Xbox,,,Road to Glory,Main interface > Road to Glory > Road to Glory Setup > Journey type cards > Choose Your Position > QB > Create Player > Player > Appearance > Head & Skin visible,Heads,Face 14,14,14,PRIMARY_APPROVED_WITH_NOTES,NOT_VERIFIED,SUPPORTED_WITH_NOTES,"Locked media clearly shows candidate identity/category/value and enough menu or visual evidence to advance to second-person verification, with nonfatal limitations preserved.",phase0-video-003,data/research/cf27/generated/full-resolution-frames/head-templates-faces-001-029/CF27_XBOXUNKNOWN_RTG_HEAD_015/CF27_XBOXUNKNOWN_RTG_HEAD_015_MENU_video-003_14p04s.png; 02_Appearance_Menu_Part_2.mp4.MOV,14-20,MISSING_FROM_CURRENT_DERIVATIVES,MISSING:LEFT_3Q|LEFT_PROFILE|RIGHT_3Q|RIGHT_PROFILE|REAR,VISIBLE,VISIBLE,PARTIAL,false,false,false,true,true,true,true,high,0.72,false,true,false,false,NOT_SECOND_VERIFIED; NO_CATALOG_MANAGER_APPROVAL; NOT_IN_APPROVED_IMMUTABLE_PRODUCTION_RELEASE; ENVIRONMENT_UNRESOLVED; CATEGORY_INCOMPLETE; RECAPTURE_REQUIRED_FOR_PRODUCTION_COMPARISON; ISSUE:issue-phase0-primary-review-category-incomplete; ISSUE:issue-phase0-primary-review-environment-unresolved; MISSING_REQUIRED_VIEWS,"Independently verify native label/index/order, source evidence, available views, and whether limitations require VERIFIED_WITH_NOTES or a blocking disagreement.",Optional post-launch media may improve angles/framing but is not required by default.,"Head category count/order is incomplete.; Current head footage is valid menu/order research evidence but requires standardized recapture for production comparison.; Eye black, hair/facial-hair state, zoom, framing, and final selector boundary are not production locked.; Supported with notes for verifier review only; not production or recommendation eligible.; Game version, patch, or environment metadata remains incomplete for production.; No Codex-created human verification decision is recorded."
CF27_XBOXUNKNOWN_RTG_HEAD_016,EA SPORTS College Football 27,Xbox,,,Road to Glory,Main interface > Road to Glory > Road to Glory Setup > Journey type cards > Choose Your Position > QB > Create Player > Player > Appearance > Head & Skin visible,Heads,Face 16,16,16,DUPLICATE_REVIEW_REQUIRED,NOT_VERIFIED,LIMITED_EVIDENCE,Duplicate or near-duplicate concern remains unresolved; the record is preserved for explicit verifier disposition but excluded from the initial supported subset.,phase0-video-003,data/research/cf27/generated/full-resolution-frames/head-templates-faces-001-029/CF27_XBOXUNKNOWN_RTG_HEAD_016/CF27_XBOXUNKNOWN_RTG_HEAD_016_MENU_video-003_7p20s.png; data/phase-zero/derivative-frames/video-002-tl-016_02-head-templates-faces-01-12-mov_104p9s.png; 02_Appearance_Menu_Part_2.mp4.MOV,5-13,MISSING_FROM_CURRENT_DERIVATIVES,MISSING:LEFT_3Q|LEFT_PROFILE|RIGHT_3Q|RIGHT_PROFILE|REAR,VISIBLE,VISIBLE,PARTIAL,true,false,false,true,true,true,true,medium,0.25,false,false,false,false,NOT_SECOND_VERIFIED; NO_CATALOG_MANAGER_APPROVAL; NOT_IN_APPROVED_IMMUTABLE_PRODUCTION_RELEASE; ENVIRONMENT_UNRESOLVED; CATEGORY_INCOMPLETE; RECAPTURE_REQUIRED_FOR_PRODUCTION_COMPARISON; DUPLICATE_REVIEW_REQUIRED; ISSUE:issue-phase0-primary-review-category-incomplete; ISSUE:issue-phase0-primary-review-duplicate-observations; ISSUE:issue-phase0-primary-review-environment-unresolved; MISSING_REQUIRED_VIEWS; NOT_IN_SUPPORTED_SUBSET,"Review duplicate relationship and decide whether this is a distinct native option, duplicate observation, or mismatch.","Optional post-launch media or user feedback may improve this record, but additional Wyatt recording is not a default initial-launch blocker.","Head category count/order is incomplete.; Current head footage is valid menu/order research evidence but requires standardized recapture for production comparison.; Eye black, hair/facial-hair state, zoom, framing, and final selector boundary are not production locked.; Limited evidence record remains internal/review-only and is excluded from the initial supported subset.; Duplicate or near-duplicate concern is preserved and must not be resolved silently.; Game version, patch, or environment metadata remains incomplete for production.; No Codex-created human verification decision is recorded."
CF27_XBOXUNKNOWN_RTG_HEAD_017,EA SPORTS College Football 27,Xbox,,,Road to Glory,Main interface > Road to Glory > Road to Glory Setup > Journey type cards > Choose Your Position > QB > Create Player > Player > Appearance > Head & Skin visible,Heads,Face 17,17,17,PRIMARY_APPROVED_WITH_NOTES,NOT_VERIFIED,SUPPORTED_WITH_NOTES,"Locked media clearly shows candidate identity/category/value and enough menu or visual evidence to advance to second-person verification, with nonfatal limitations preserved.",phase0-video-003,data/research/cf27/generated/full-resolution-frames/head-templates-faces-001-029/CF27_XBOXUNKNOWN_RTG_HEAD_017/CF27_XBOXUNKNOWN_RTG_HEAD_017_MENU_video-003_34p20s.png; 02_Appearance_Menu_Part_2.mp4.MOV,30-39,MISSING_FROM_CURRENT_DERIVATIVES,MISSING:LEFT_3Q|LEFT_PROFILE|RIGHT_3Q|RIGHT_PROFILE|REAR,VISIBLE,VISIBLE,PARTIAL,false,false,false,true,true,true,true,high,0.72,false,true,false,false,NOT_SECOND_VERIFIED; NO_CATALOG_MANAGER_APPROVAL; NOT_IN_APPROVED_IMMUTABLE_PRODUCTION_RELEASE; ENVIRONMENT_UNRESOLVED; CATEGORY_INCOMPLETE; RECAPTURE_REQUIRED_FOR_PRODUCTION_COMPARISON; ISSUE:issue-phase0-primary-review-category-incomplete; ISSUE:issue-phase0-primary-review-environment-unresolved; MISSING_REQUIRED_VIEWS,"Independently verify native label/index/order, source evidence, available views, and whether limitations require VERIFIED_WITH_NOTES or a blocking disagreement.",Optional post-launch media may improve angles/framing but is not required by default.,"Head category count/order is incomplete.; Current head footage is valid menu/order research evidence but requires standardized recapture for production comparison.; Eye black, hair/facial-hair state, zoom, framing, and final selector boundary are not production locked.; Supported with notes for verifier review only; not production or recommendation eligible.; Game version, patch, or environment metadata remains incomplete for production.; No Codex-created human verification decision is recorded."
CF27_XBOXUNKNOWN_RTG_HEAD_018,EA SPORTS College Football 27,Xbox,,,Road to Glory,Main interface > Road to Glory > Road to Glory Setup > Journey type cards > Choose Your Position > QB > Create Player > Player > Appearance > Head & Skin visible,Heads,Face 18,18,18,PRIMARY_APPROVED_WITH_NOTES,NOT_VERIFIED,SUPPORTED_WITH_NOTES,"Locked media clearly shows candidate identity/category/value and enough menu or visual evidence to advance to second-person verification, with nonfatal limitations preserved.",phase0-video-003,data/research/cf27/generated/full-resolution-frames/head-templates-faces-001-029/CF27_XBOXUNKNOWN_RTG_HEAD_018/CF27_XBOXUNKNOWN_RTG_HEAD_018_MENU_video-003_41p36s.png; 02_Appearance_Menu_Part_2.mp4.MOV,40-49,MISSING_FROM_CURRENT_DERIVATIVES,MISSING:LEFT_3Q|LEFT_PROFILE|RIGHT_3Q|RIGHT_PROFILE|REAR,VISIBLE,VISIBLE,PARTIAL,false,false,false,true,true,true,true,high,0.72,false,true,false,false,NOT_SECOND_VERIFIED; NO_CATALOG_MANAGER_APPROVAL; NOT_IN_APPROVED_IMMUTABLE_PRODUCTION_RELEASE; ENVIRONMENT_UNRESOLVED; CATEGORY_INCOMPLETE; RECAPTURE_REQUIRED_FOR_PRODUCTION_COMPARISON; ISSUE:issue-phase0-primary-review-category-incomplete; ISSUE:issue-phase0-primary-review-environment-unresolved; MISSING_REQUIRED_VIEWS,"Independently verify native label/index/order, source evidence, available views, and whether limitations require VERIFIED_WITH_NOTES or a blocking disagreement.",Optional post-launch media may improve angles/framing but is not required by default.,"Head category count/order is incomplete.; Current head footage is valid menu/order research evidence but requires standardized recapture for production comparison.; Eye black, hair/facial-hair state, zoom, framing, and final selector boundary are not production locked.; Supported with notes for verifier review only; not production or recommendation eligible.; Game version, patch, or environment metadata remains incomplete for production.; No Codex-created human verification decision is recorded."
CF27_XBOXUNKNOWN_RTG_HEAD_021,EA SPORTS College Football 27,Xbox,,,Road to Glory,Main interface > Road to Glory > Road to Glory Setup > Journey type cards > Choose Your Position > QB > Create Player > Player > Appearance > Head & Skin visible,Heads,Face 21,21,21,PRIMARY_APPROVED_WITH_NOTES,NOT_VERIFIED,SUPPORTED_WITH_NOTES,"Locked media clearly shows candidate identity/category/value and enough menu or visual evidence to advance to second-person verification, with nonfatal limitations preserved.",phase0-video-003,data/research/cf27/generated/full-resolution-frames/head-templates-faces-001-029/CF27_XBOXUNKNOWN_RTG_HEAD_021/CF27_XBOXUNKNOWN_RTG_HEAD_021_MENU_video-003_80p88s.png; 02_Appearance_Menu_Part_2.mp4.MOV,80-89,MISSING_FROM_CURRENT_DERIVATIVES,MISSING:LEFT_3Q|LEFT_PROFILE|RIGHT_3Q|RIGHT_PROFILE|REAR,VISIBLE,VISIBLE,PARTIAL,false,false,false,true,true,true,true,high,0.72,false,true,false,false,NOT_SECOND_VERIFIED; NO_CATALOG_MANAGER_APPROVAL; NOT_IN_APPROVED_IMMUTABLE_PRODUCTION_RELEASE; ENVIRONMENT_UNRESOLVED; CATEGORY_INCOMPLETE; RECAPTURE_REQUIRED_FOR_PRODUCTION_COMPARISON; ISSUE:issue-phase0-primary-review-category-incomplete; ISSUE:issue-phase0-primary-review-environment-unresolved; MISSING_REQUIRED_VIEWS,"Independently verify native label/index/order, source evidence, available views, and whether limitations require VERIFIED_WITH_NOTES or a blocking disagreement.",Optional post-launch media may improve angles/framing but is not required by default.,"Head category count/order is incomplete.; Current head footage is valid menu/order research evidence but requires standardized recapture for production comparison.; Eye black, hair/facial-hair state, zoom, framing, and final selector boundary are not production locked.; Supported with notes for verifier review only; not production or recommendation eligible.; Game version, patch, or environment metadata remains incomplete for production.; No Codex-created human verification decision is recorded."
CF27_XBOXUNKNOWN_RTG_HEAD_022,EA SPORTS College Football 27,Xbox,,,Road to Glory,Main interface > Road to Glory > Road to Glory Setup > Journey type cards > Choose Your Position > QB > Create Player > Player > Appearance > Head & Skin visible,Heads,Face 22,22,22,PRIMARY_APPROVED_WITH_NOTES,NOT_VERIFIED,SUPPORTED_WITH_NOTES,"Locked media clearly shows candidate identity/category/value and enough menu or visual evidence to advance to second-person verification, with nonfatal limitations preserved.",phase0-video-003,data/research/cf27/generated/full-resolution-frames/head-templates-faces-001-029/CF27_XBOXUNKNOWN_RTG_HEAD_022/CF27_XBOXUNKNOWN_RTG_HEAD_022_MENU_video-003_76p72s.png; 02_Appearance_Menu_Part_2.mp4.MOV,70-79,MISSING_FROM_CURRENT_DERIVATIVES,MISSING:LEFT_3Q|LEFT_PROFILE|RIGHT_3Q|RIGHT_PROFILE|REAR,VISIBLE,VISIBLE,PARTIAL,false,false,false,true,true,true,true,high,0.72,false,true,false,false,NOT_SECOND_VERIFIED; NO_CATALOG_MANAGER_APPROVAL; NOT_IN_APPROVED_IMMUTABLE_PRODUCTION_RELEASE; ENVIRONMENT_UNRESOLVED; CATEGORY_INCOMPLETE; RECAPTURE_REQUIRED_FOR_PRODUCTION_COMPARISON; ISSUE:issue-phase0-primary-review-category-incomplete; ISSUE:issue-phase0-primary-review-environment-unresolved; MISSING_REQUIRED_VIEWS,"Independently verify native label/index/order, source evidence, available views, and whether limitations require VERIFIED_WITH_NOTES or a blocking disagreement.",Optional post-launch media may improve angles/framing but is not required by default.,"Head category count/order is incomplete.; Current head footage is valid menu/order research evidence but requires standardized recapture for production comparison.; Eye black, hair/facial-hair state, zoom, framing, and final selector boundary are not production locked.; Supported with notes for verifier review only; not production or recommendation eligible.; Game version, patch, or environment metadata remains incomplete for production.; No Codex-created human verification decision is recorded."
CF27_XBOXUNKNOWN_RTG_HEAD_023,EA SPORTS College Football 27,Xbox,,,Road to Glory,Main interface > Road to Glory > Road to Glory Setup > Journey type cards > Choose Your Position > QB > Create Player > Player > Appearance > Head & Skin visible,Heads,Face 23,23,23,PRIMARY_APPROVED_WITH_NOTES,NOT_VERIFIED,SUPPORTED_WITH_NOTES,"Locked media clearly shows candidate identity/category/value and enough menu or visual evidence to advance to second-person verification, with nonfatal limitations preserved.",phase0-video-003,data/research/cf27/generated/full-resolution-frames/head-templates-faces-001-029/CF27_XBOXUNKNOWN_RTG_HEAD_023/CF27_XBOXUNKNOWN_RTG_HEAD_023_MENU_video-003_57p20s.png; 02_Appearance_Menu_Part_2.mp4.MOV,50-59,MISSING_FROM_CURRENT_DERIVATIVES,MISSING:LEFT_3Q|LEFT_PROFILE|RIGHT_3Q|RIGHT_PROFILE|REAR,VISIBLE,VISIBLE,PARTIAL,false,false,false,true,true,true,true,high,0.72,false,true,false,false,NOT_SECOND_VERIFIED; NO_CATALOG_MANAGER_APPROVAL; NOT_IN_APPROVED_IMMUTABLE_PRODUCTION_RELEASE; ENVIRONMENT_UNRESOLVED; CATEGORY_INCOMPLETE; RECAPTURE_REQUIRED_FOR_PRODUCTION_COMPARISON; ISSUE:issue-phase0-primary-review-category-incomplete; ISSUE:issue-phase0-primary-review-environment-unresolved; MISSING_REQUIRED_VIEWS,"Independently verify native label/index/order, source evidence, available views, and whether limitations require VERIFIED_WITH_NOTES or a blocking disagreement.",Optional post-launch media may improve angles/framing but is not required by default.,"Head category count/order is incomplete.; Current head footage is valid menu/order research evidence but requires standardized recapture for production comparison.; Eye black, hair/facial-hair state, zoom, framing, and final selector boundary are not production locked.; Supported with notes for verifier review only; not production or recommendation eligible.; Game version, patch, or environment metadata remains incomplete for production.; No Codex-created human verification decision is recorded."
CF27_XBOXUNKNOWN_RTG_HEAD_024,EA SPORTS College Football 27,Xbox,,,Road to Glory,Main interface > Road to Glory > Road to Glory Setup > Journey type cards > Choose Your Position > QB > Create Player > Player > Appearance > Head & Skin visible,Heads,Face 24,24,24,PRIMARY_APPROVED_WITH_NOTES,NOT_VERIFIED,SUPPORTED_WITH_NOTES,"Locked media clearly shows candidate identity/category/value and enough menu or visual evidence to advance to second-person verification, with nonfatal limitations preserved.",phase0-video-003,data/research/cf27/generated/full-resolution-frames/head-templates-faces-001-029/CF27_XBOXUNKNOWN_RTG_HEAD_024/CF27_XBOXUNKNOWN_RTG_HEAD_024_MENU_video-003_63p88s.png; 02_Appearance_Menu_Part_2.mp4.MOV,60-69,MISSING_FROM_CURRENT_DERIVATIVES,MISSING:LEFT_3Q|LEFT_PROFILE|RIGHT_3Q|RIGHT_PROFILE|REAR,VISIBLE,VISIBLE,PARTIAL,false,false,false,true,true,true,true,high,0.72,false,true,false,false,NOT_SECOND_VERIFIED; NO_CATALOG_MANAGER_APPROVAL; NOT_IN_APPROVED_IMMUTABLE_PRODUCTION_RELEASE; ENVIRONMENT_UNRESOLVED; CATEGORY_INCOMPLETE; RECAPTURE_REQUIRED_FOR_PRODUCTION_COMPARISON; ISSUE:issue-phase0-primary-review-category-incomplete; ISSUE:issue-phase0-primary-review-environment-unresolved; MISSING_REQUIRED_VIEWS,"Independently verify native label/index/order, source evidence, available views, and whether limitations require VERIFIED_WITH_NOTES or a blocking disagreement.",Optional post-launch media may improve angles/framing but is not required by default.,"Head category count/order is incomplete.; Current head footage is valid menu/order research evidence but requires standardized recapture for production comparison.; Eye black, hair/facial-hair state, zoom, framing, and final selector boundary are not production locked.; Supported with notes for verifier review only; not production or recommendation eligible.; Game version, patch, or environment metadata remains incomplete for production.; No Codex-created human verification decision is recorded."
CF27_XBOXUNKNOWN_RTG_HEAD_027,EA SPORTS College Football 27,Xbox,,,Road to Glory,Main interface > Road to Glory > Road to Glory Setup > Journey type cards > Choose Your Position > QB > Create Player > Player > Appearance > Head & Skin visible,Heads,Face 27,27,27,PRIMARY_APPROVED_WITH_NOTES,NOT_VERIFIED,SUPPORTED_WITH_NOTES,"Locked media clearly shows candidate identity/category/value and enough menu or visual evidence to advance to second-person verification, with nonfatal limitations preserved.",phase0-video-003,data/research/cf27/generated/full-resolution-frames/head-templates-faces-001-029/CF27_XBOXUNKNOWN_RTG_HEAD_026/CF27_XBOXUNKNOWN_RTG_HEAD_026_MENU_video-003_95p04s.png; 02_Appearance_Menu_Part_2.mp4.MOV,90-99,MISSING_FROM_CURRENT_DERIVATIVES,MISSING:LEFT_3Q|LEFT_PROFILE|RIGHT_3Q|RIGHT_PROFILE|REAR,VISIBLE,VISIBLE,PARTIAL,false,false,false,true,true,true,true,high,0.72,false,true,false,false,NOT_SECOND_VERIFIED; NO_CATALOG_MANAGER_APPROVAL; NOT_IN_APPROVED_IMMUTABLE_PRODUCTION_RELEASE; ENVIRONMENT_UNRESOLVED; CATEGORY_INCOMPLETE; RECAPTURE_REQUIRED_FOR_PRODUCTION_COMPARISON; ISSUE:issue-phase0-primary-review-category-incomplete; ISSUE:issue-phase0-primary-review-environment-unresolved; MISSING_REQUIRED_VIEWS,"Independently verify native label/index/order, source evidence, available views, and whether limitations require VERIFIED_WITH_NOTES or a blocking disagreement.",Optional post-launch media may improve angles/framing but is not required by default.,"Head category count/order is incomplete.; Current head footage is valid menu/order research evidence but requires standardized recapture for production comparison.; Eye black, hair/facial-hair state, zoom, framing, and final selector boundary are not production locked.; Supported with notes for verifier review only; not production or recommendation eligible.; Game version, patch, or environment metadata remains incomplete for production.; No Codex-created human verification decision is recorded."
CF27_XBOXUNKNOWN_RTG_HEAD_028,EA SPORTS College Football 27,Xbox,,,Road to Glory,Main interface > Road to Glory > Road to Glory Setup > Journey type cards > Choose Your Position > QB > Create Player > Player > Appearance > Head & Skin visible,Heads,Face 28,28,28,PRIMARY_APPROVED_WITH_NOTES,NOT_VERIFIED,SUPPORTED_WITH_NOTES,"Locked media clearly shows candidate identity/category/value and enough menu or visual evidence to advance to second-person verification, with nonfatal limitations preserved.",phase0-video-003,data/research/cf27/generated/full-resolution-frames/head-templates-faces-001-029/CF27_XBOXUNKNOWN_RTG_HEAD_027/CF27_XBOXUNKNOWN_RTG_HEAD_027_MENU_video-003_100p72s.png; 02_Appearance_Menu_Part_2.mp4.MOV,100-109,MISSING_FROM_CURRENT_DERIVATIVES,MISSING:LEFT_3Q|LEFT_PROFILE|RIGHT_3Q|RIGHT_PROFILE|REAR,VISIBLE,VISIBLE,PARTIAL,false,false,false,true,true,true,true,high,0.72,false,true,false,false,NOT_SECOND_VERIFIED; NO_CATALOG_MANAGER_APPROVAL; NOT_IN_APPROVED_IMMUTABLE_PRODUCTION_RELEASE; ENVIRONMENT_UNRESOLVED; CATEGORY_INCOMPLETE; RECAPTURE_REQUIRED_FOR_PRODUCTION_COMPARISON; ISSUE:issue-phase0-primary-review-category-incomplete; ISSUE:issue-phase0-primary-review-environment-unresolved; MISSING_REQUIRED_VIEWS,"Independently verify native label/index/order, source evidence, available views, and whether limitations require VERIFIED_WITH_NOTES or a blocking disagreement.",Optional post-launch media may improve angles/framing but is not required by default.,"Head category count/order is incomplete.; Current head footage is valid menu/order research evidence but requires standardized recapture for production comparison.; Eye black, hair/facial-hair state, zoom, framing, and final selector boundary are not production locked.; Supported with notes for verifier review only; not production or recommendation eligible.; Game version, patch, or environment metadata remains incomplete for production.; No Codex-created human verification decision is recorded."
CF27_XBOXUNKNOWN_RTG_HEAD_029,EA SPORTS College Football 27,Xbox,,,Road to Glory,Main interface > Road to Glory > Road to Glory Setup > Journey type cards > Choose Your Position > QB > Create Player > Player > Appearance > Head & Skin visible,Heads,Face 29,29,29,PRIMARY_APPROVED_WITH_NOTES,NOT_VERIFIED,SUPPORTED_WITH_NOTES,"Locked media clearly shows candidate identity/category/value and enough menu or visual evidence to advance to second-person verification, with nonfatal limitations preserved.",phase0-video-003,data/research/cf27/generated/full-resolution-frames/head-templates-faces-001-029/CF27_XBOXUNKNOWN_RTG_HEAD_029/CF27_XBOXUNKNOWN_RTG_HEAD_029_MENU_video-003_128p20s.png; 02_Appearance_Menu_Part_2.mp4.MOV,127-133.02,MISSING_FROM_CURRENT_DERIVATIVES,MISSING:LEFT_3Q|LEFT_PROFILE|RIGHT_3Q|RIGHT_PROFILE|REAR,VISIBLE,VISIBLE,PARTIAL,false,false,false,true,true,true,true,high,0.72,false,true,false,false,NOT_SECOND_VERIFIED; NO_CATALOG_MANAGER_APPROVAL; NOT_IN_APPROVED_IMMUTABLE_PRODUCTION_RELEASE; ENVIRONMENT_UNRESOLVED; CATEGORY_INCOMPLETE; RECAPTURE_REQUIRED_FOR_PRODUCTION_COMPARISON; ISSUE:issue-phase0-primary-review-category-incomplete; ISSUE:issue-phase0-primary-review-environment-unresolved; MISSING_REQUIRED_VIEWS,"Independently verify native label/index/order, source evidence, available views, and whether limitations require VERIFIED_WITH_NOTES or a blocking disagreement.",Optional post-launch media may improve angles/framing but is not required by default.,"Head category count/order is incomplete.; Current head footage is valid menu/order research evidence but requires standardized recapture for production comparison.; Eye black, hair/facial-hair state, zoom, framing, and final selector boundary are not production locked.; Supported with notes for verifier review only; not production or recommendation eligible.; Game version, patch, or environment metadata remains incomplete for production.; No Codex-created human verification decision is recorded."
CF27_XBOXUNKNOWN_RTG_HEAD_030,EA SPORTS College Football 27,Xbox,,,Road to Glory,Main interface > Road to Glory > Road to Glory Setup > Journey type cards > Choose Your Position > QB > Create Player > Player > Appearance > Head & Skin visible,Heads,Face 30,30,30,PRIMARY_APPROVED_WITH_NOTES,NOT_VERIFIED,SUPPORTED_WITH_NOTES,"Locked media clearly shows candidate identity/category/value and enough menu or visual evidence to advance to second-person verification, with nonfatal limitations preserved.",phase0-video-003,data/phase-zero/derivative-frames/video-003-tl-014_03-head-templates-faces-12-29-mov_123s.png; 02_Appearance_Menu_Part_2.mp4.MOV,120-126,MISSING_FROM_CURRENT_DERIVATIVES,MISSING:LEFT_3Q|LEFT_PROFILE|RIGHT_3Q|RIGHT_PROFILE|REAR,VISIBLE,VISIBLE,PARTIAL,false,false,false,true,true,true,true,high,0.72,false,true,false,false,NOT_SECOND_VERIFIED; NO_CATALOG_MANAGER_APPROVAL; NOT_IN_APPROVED_IMMUTABLE_PRODUCTION_RELEASE; ENVIRONMENT_UNRESOLVED; CATEGORY_INCOMPLETE; RECAPTURE_REQUIRED_FOR_PRODUCTION_COMPARISON; ISSUE:issue-phase0-primary-review-category-incomplete; ISSUE:issue-phase0-primary-review-environment-unresolved; MISSING_REQUIRED_VIEWS,"Independently verify native label/index/order, source evidence, available views, and whether limitations require VERIFIED_WITH_NOTES or a blocking disagreement.",Optional post-launch media may improve angles/framing but is not required by default.,"Head category count/order is incomplete.; Current head footage is valid menu/order research evidence but requires standardized recapture for production comparison.; Eye black, hair/facial-hair state, zoom, framing, and final selector boundary are not production locked.; Supported with notes for verifier review only; not production or recommendation eligible.; Game version, patch, or environment metadata remains incomplete for production.; No Codex-created human verification decision is recorded."
CF27_XBOXUNKNOWN_RTG_HEAD_031,EA SPORTS College Football 27,Xbox,,,Road to Glory,Main interface > Road to Glory > Road to Glory Setup > Journey type cards > Choose Your Position > QB > Create Player > Player > Appearance > Head & Skin visible,Heads,Face 31,31,31,PRIMARY_APPROVED_WITH_NOTES,NOT_VERIFIED,SUPPORTED_WITH_NOTES,"Locked media clearly shows candidate identity/category/value and enough menu or visual evidence to advance to second-person verification, with nonfatal limitations preserved.",phase0-video-003,data/phase-zero/derivative-frames/video-003-tl-013_03-head-templates-faces-12-29-mov_114p5s.png; 02_Appearance_Menu_Part_2.mp4.MOV,110-119,MISSING_FROM_CURRENT_DERIVATIVES,MISSING:LEFT_3Q|LEFT_PROFILE|RIGHT_3Q|RIGHT_PROFILE|REAR,VISIBLE,VISIBLE,PARTIAL,false,false,false,true,true,true,true,high,0.72,false,true,false,false,NOT_SECOND_VERIFIED; NO_CATALOG_MANAGER_APPROVAL; NOT_IN_APPROVED_IMMUTABLE_PRODUCTION_RELEASE; ENVIRONMENT_UNRESOLVED; CATEGORY_INCOMPLETE; RECAPTURE_REQUIRED_FOR_PRODUCTION_COMPARISON; ISSUE:issue-phase0-primary-review-category-incomplete; ISSUE:issue-phase0-primary-review-environment-unresolved; MISSING_REQUIRED_VIEWS,"Independently verify native label/index/order, source evidence, available views, and whether limitations require VERIFIED_WITH_NOTES or a blocking disagreement.",Optional post-launch media may improve angles/framing but is not required by default.,"Head category count/order is incomplete.; Current head footage is valid menu/order research evidence but requires standardized recapture for production comparison.; Eye black, hair/facial-hair state, zoom, framing, and final selector boundary are not production locked.; Supported with notes for verifier review only; not production or recommendation eligible.; Game version, patch, or environment metadata remains incomplete for production.; No Codex-created human verification decision is recorded."
CF27_XBOXUNKNOWN_RTG_JAWSHAPE_SQUARE,EA SPORTS College Football 27,Xbox,,,Road to Glory,Main interface > Road to Glory > Road to Glory Setup > Journey type cards > Choose Your Position > QB > Create Player > Player > Appearance > Head & Skin visible,Jaw Shape,Square,2,2,PRIMARY_APPROVED_WITH_NOTES,NOT_VERIFIED,SUPPORTED_WITH_NOTES,"Locked media clearly shows candidate identity/category/value and enough menu or visual evidence to advance to second-person verification, with nonfatal limitations preserved.",CF27_XBOX_SOURCE_2026_08_02_001,data/phase-zero/derivative-frames/august-2026-source-recordings/CF27_XBOX_SOURCE_2026_08_02_001_tl_010_jaw_shape_225p5s.png; EA SPORTS™ College Football 27-2026_08_02-21_13_02.mp4,220-229,MISSING_FROM_CURRENT_DERIVATIVES,MISSING:LEFT_PROFILE|RIGHT_PROFILE,VISIBLE,VISIBLE,PARTIAL,false,false,false,true,true,true,false,high,0.72,false,true,false,false,NOT_SECOND_VERIFIED; NO_CATALOG_MANAGER_APPROVAL; NOT_IN_APPROVED_IMMUTABLE_PRODUCTION_RELEASE; ENVIRONMENT_UNRESOLVED; CATEGORY_INCOMPLETE; RECAPTURE_REQUIRED_FOR_PRODUCTION_COMPARISON; ISSUE:issue-phase0-primary-review-category-incomplete; ISSUE:issue-phase0-primary-review-environment-unresolved; MISSING_REQUIRED_VIEWS,"Independently verify native label/index/order, source evidence, available views, and whether limitations require VERIFIED_WITH_NOTES or a blocking disagreement.",Optional post-launch media may improve angles/framing but is not required by default.,"Directly selected native label is readable in the cited August 2026 frame.; Supplemental August 2026 intake observation is primary research only.; The selected native value is directly readable in the cited frame, but complete selector boundaries and second verification remain unresolved.; No supplemental record is eligible for production recommendations.; Supported with notes for verifier review only; not production or recommendation eligible.; Game version, patch, or environment metadata remains incomplete for production.; No Codex-created human verification decision is recorded."
CF27_XBOXUNKNOWN_RTG_MOUTHSHAPE_HEAVY,EA SPORTS College Football 27,Xbox,,,Road to Glory,Main interface > Road to Glory > Road to Glory Setup > Journey type cards > Choose Your Position > QB > Create Player > Player > Appearance > Head & Skin visible,Mouth Shape,Heavy,7,7,PRIMARY_APPROVED_WITH_NOTES,NOT_VERIFIED,SUPPORTED_WITH_NOTES,"Locked media clearly shows candidate identity/category/value and enough menu or visual evidence to advance to second-person verification, with nonfatal limitations preserved.",CF27_XBOX_SOURCE_2026_08_02_001,data/phase-zero/derivative-frames/august-2026-source-recordings/CF27_XBOX_SOURCE_2026_08_02_001_tl_009_mouth_shape_215p5s.png; EA SPORTS™ College Football 27-2026_08_02-21_13_02.mp4,210-219,MISSING_FROM_CURRENT_DERIVATIVES,NOT_REQUIRED,VISIBLE,VISIBLE,PARTIAL,false,false,false,true,true,true,false,high,0.72,false,true,false,false,NOT_SECOND_VERIFIED; NO_CATALOG_MANAGER_APPROVAL; NOT_IN_APPROVED_IMMUTABLE_PRODUCTION_RELEASE; ENVIRONMENT_UNRESOLVED; CATEGORY_INCOMPLETE; RECAPTURE_REQUIRED_FOR_PRODUCTION_COMPARISON; ISSUE:issue-phase0-primary-review-category-incomplete; ISSUE:issue-phase0-primary-review-environment-unresolved; MISSING_REQUIRED_VIEWS,"Independently verify native label/index/order, source evidence, available views, and whether limitations require VERIFIED_WITH_NOTES or a blocking disagreement.",Optional post-launch media may improve angles/framing but is not required by default.,"Directly selected native label is readable in the cited August 2026 frame.; Supplemental August 2026 intake observation is primary research only.; The selected native value is directly readable in the cited frame, but complete selector boundaries and second verification remain unresolved.; No supplemental record is eligible for production recommendations.; Supported with notes for verifier review only; not production or recommendation eligible.; Game version, patch, or environment metadata remains incomplete for production.; No Codex-created human verification decision is recorded."
CF27_XBOXUNKNOWN_RTG_NOSE_001,EA SPORTS College Football 27,Xbox,,,Road to Glory,Main interface > Road to Glory > Road to Glory Setup > Journey type cards > Choose Your Position > QB > Create Player > Player > Appearance > Head & Skin visible,Nose,None,1,1,PRIMARY_APPROVED_WITH_NOTES,NOT_VERIFIED,SUPPORTED_WITH_NOTES,"Locked media clearly shows candidate identity/category/value and enough menu or visual evidence to advance to second-person verification, with nonfatal limitations preserved.",phase0-video-008,data/research/cf27/generated/full-resolution-frames/nose-options-001-007/CF27_XBOXUNKNOWN_RTG_NOSE_001/CF27_XBOXUNKNOWN_RTG_NOSE_001_MENU_EVIDENCE_video-008_15p00s.png; 352537,15-15,MISSING_FROM_CURRENT_DERIVATIVES,MISSING:LEFT_PROFILE|RIGHT_PROFILE,VISIBLE,VISIBLE,NOT_VISIBLE,false,false,false,true,false,true,false,high,0.72,false,true,false,false,NOT_SECOND_VERIFIED; NO_CATALOG_MANAGER_APPROVAL; NOT_IN_APPROVED_IMMUTABLE_PRODUCTION_RELEASE; ENVIRONMENT_UNRESOLVED; CATEGORY_INCOMPLETE; RECAPTURE_REQUIRED_FOR_PRODUCTION_COMPARISON; ISSUE:issue-phase0-appearance-control-nose-recapture; ISSUE:issue-phase0-primary-review-category-incomplete; ISSUE:issue-phase0-primary-review-environment-unresolved; MISSING_REQUIRED_VIEWS; CATEGORY_COUNT_ORDER_INCOMPLETE; COVERAGE:INCOMPLETE_EVIDENCE,"Independently verify native label/index/order, source evidence, available views, and whether limitations require VERIFIED_WITH_NOTES or a blocking disagreement.",Optional post-launch media may improve angles/framing but is not required by default.,"Nose selector boundaries, default, wrap behavior, and total count are not fully proven.; Current evidence is primary research only and not standardized for production comparison.; Second-person verification has not occurred.; Supported with notes for verifier review only; not production or recommendation eligible.; Game version, patch, or environment metadata remains incomplete for production.; No Codex-created human verification decision is recorded."
CF27_XBOXUNKNOWN_RTG_NOSE_002,EA SPORTS College Football 27,Xbox,,,Road to Glory,Main interface > Road to Glory > Road to Glory Setup > Journey type cards > Choose Your Position > QB > Create Player > Player > Appearance > Head & Skin visible,Nose,Hooked,2,2,PRIMARY_APPROVED_WITH_NOTES,NOT_VERIFIED,SUPPORTED_WITH_NOTES,"Locked media clearly shows candidate identity/category/value and enough menu or visual evidence to advance to second-person verification, with nonfatal limitations preserved.",phase0-video-008,data/research/cf27/generated/full-resolution-frames/nose-options-001-007/CF27_XBOXUNKNOWN_RTG_NOSE_002/CF27_XBOXUNKNOWN_RTG_NOSE_002_MENU_EVIDENCE_video-008_17p00s.png; 352537,16-18,MISSING_FROM_CURRENT_DERIVATIVES,MISSING:LEFT_PROFILE|RIGHT_PROFILE,VISIBLE,VISIBLE,NOT_VISIBLE,false,false,false,true,false,true,false,high,0.72,false,true,false,false,NOT_SECOND_VERIFIED; NO_CATALOG_MANAGER_APPROVAL; NOT_IN_APPROVED_IMMUTABLE_PRODUCTION_RELEASE; ENVIRONMENT_UNRESOLVED; CATEGORY_INCOMPLETE; RECAPTURE_REQUIRED_FOR_PRODUCTION_COMPARISON; ISSUE:issue-phase0-appearance-control-nose-recapture; ISSUE:issue-phase0-primary-review-category-incomplete; ISSUE:issue-phase0-primary-review-environment-unresolved; MISSING_REQUIRED_VIEWS; CATEGORY_COUNT_ORDER_INCOMPLETE; COVERAGE:INCOMPLETE_EVIDENCE,"Independently verify native label/index/order, source evidence, available views, and whether limitations require VERIFIED_WITH_NOTES or a blocking disagreement.",Optional post-launch media may improve angles/framing but is not required by default.,"Nose selector boundaries, default, wrap behavior, and total count are not fully proven.; Current evidence is primary research only and not standardized for production comparison.; Second-person verification has not occurred.; Supported with notes for verifier review only; not production or recommendation eligible.; Game version, patch, or environment metadata remains incomplete for production.; No Codex-created human verification decision is recorded."
CF27_XBOXUNKNOWN_RTG_NOSE_003,EA SPORTS College Football 27,Xbox,,,Road to Glory,Main interface > Road to Glory > Road to Glory Setup > Journey type cards > Choose Your Position > QB > Create Player > Player > Appearance > Head & Skin visible,Nose,Button,3,3,PRIMARY_APPROVED_WITH_NOTES,NOT_VERIFIED,SUPPORTED_WITH_NOTES,"Locked media clearly shows candidate identity/category/value and enough menu or visual evidence to advance to second-person verification, with nonfatal limitations preserved.",phase0-video-008,data/research/cf27/generated/full-resolution-frames/nose-options-001-007/CF27_XBOXUNKNOWN_RTG_NOSE_003/CF27_XBOXUNKNOWN_RTG_NOSE_003_MENU_EVIDENCE_video-008_19p00s.png; 352537,19-20,MISSING_FROM_CURRENT_DERIVATIVES,MISSING:LEFT_PROFILE|RIGHT_PROFILE,VISIBLE,VISIBLE,NOT_VISIBLE,false,false,false,true,false,true,false,high,0.72,false,true,false,false,NOT_SECOND_VERIFIED; NO_CATALOG_MANAGER_APPROVAL; NOT_IN_APPROVED_IMMUTABLE_PRODUCTION_RELEASE; ENVIRONMENT_UNRESOLVED; CATEGORY_INCOMPLETE; RECAPTURE_REQUIRED_FOR_PRODUCTION_COMPARISON; ISSUE:issue-phase0-appearance-control-nose-recapture; ISSUE:issue-phase0-primary-review-category-incomplete; ISSUE:issue-phase0-primary-review-environment-unresolved; MISSING_REQUIRED_VIEWS; CATEGORY_COUNT_ORDER_INCOMPLETE; COVERAGE:INCOMPLETE_EVIDENCE,"Independently verify native label/index/order, source evidence, available views, and whether limitations require VERIFIED_WITH_NOTES or a blocking disagreement.",Optional post-launch media may improve angles/framing but is not required by default.,"Nose selector boundaries, default, wrap behavior, and total count are not fully proven.; Current evidence is primary research only and not standardized for production comparison.; Second-person verification has not occurred.; Supported with notes for verifier review only; not production or recommendation eligible.; Game version, patch, or environment metadata remains incomplete for production.; No Codex-created human verification decision is recorded."
CF27_XBOXUNKNOWN_RTG_NOSE_004,EA SPORTS College Football 27,Xbox,,,Road to Glory,Main interface > Road to Glory > Road to Glory Setup > Journey type cards > Choose Your Position > QB > Create Player > Player > Appearance > Head & Skin visible,Nose,Nubian,4,4,PRIMARY_APPROVED_WITH_NOTES,NOT_VERIFIED,SUPPORTED_WITH_NOTES,"Locked media clearly shows candidate identity/category/value and enough menu or visual evidence to advance to second-person verification, with nonfatal limitations preserved.",phase0-video-008,data/research/cf27/generated/full-resolution-frames/nose-options-001-007/CF27_XBOXUNKNOWN_RTG_NOSE_004/CF27_XBOXUNKNOWN_RTG_NOSE_004_MENU_EVIDENCE_video-008_21p00s.png; 352537,21-22,MISSING_FROM_CURRENT_DERIVATIVES,MISSING:LEFT_PROFILE|RIGHT_PROFILE,VISIBLE,VISIBLE,NOT_VISIBLE,false,false,false,true,false,true,false,high,0.72,false,true,false,false,NOT_SECOND_VERIFIED; NO_CATALOG_MANAGER_APPROVAL; NOT_IN_APPROVED_IMMUTABLE_PRODUCTION_RELEASE; ENVIRONMENT_UNRESOLVED; CATEGORY_INCOMPLETE; RECAPTURE_REQUIRED_FOR_PRODUCTION_COMPARISON; ISSUE:issue-phase0-appearance-control-nose-recapture; ISSUE:issue-phase0-primary-review-category-incomplete; ISSUE:issue-phase0-primary-review-environment-unresolved; MISSING_REQUIRED_VIEWS; CATEGORY_COUNT_ORDER_INCOMPLETE; COVERAGE:INCOMPLETE_EVIDENCE,"Independently verify native label/index/order, source evidence, available views, and whether limitations require VERIFIED_WITH_NOTES or a blocking disagreement.",Optional post-launch media may improve angles/framing but is not required by default.,"Nose selector boundaries, default, wrap behavior, and total count are not fully proven.; Current evidence is primary research only and not standardized for production comparison.; Second-person verification has not occurred.; Supported with notes for verifier review only; not production or recommendation eligible.; Game version, patch, or environment metadata remains incomplete for production.; No Codex-created human verification decision is recorded."
CF27_XBOXUNKNOWN_RTG_NOSE_005,EA SPORTS College Football 27,Xbox,,,Road to Glory,Main interface > Road to Glory > Road to Glory Setup > Journey type cards > Choose Your Position > QB > Create Player > Player > Appearance > Head & Skin visible,Nose,Aquiline,5,5,DUPLICATE_REVIEW_REQUIRED,NOT_VERIFIED,LIMITED_EVIDENCE,Duplicate or near-duplicate concern remains unresolved; the record is preserved for explicit verifier disposition but excluded from the initial supported subset.,phase0-video-008,data/research/cf27/generated/full-resolution-frames/nose-options-001-007/CF27_XBOXUNKNOWN_RTG_NOSE_005/CF27_XBOXUNKNOWN_RTG_NOSE_005_BEST_AVAILABLE_THREE_QUARTER_video-008_14p00s.png; data/research/cf27/generated/full-resolution-frames/nose-options-001-007/CF27_XBOXUNKNOWN_RTG_NOSE_005/CF27_XBOXUNKNOWN_RTG_NOSE_005_MENU_EVIDENCE_video-008_29p00s.png; 352537,14-14,MISSING_FROM_CURRENT_DERIVATIVES,MISSING:LEFT_PROFILE|RIGHT_PROFILE,VISIBLE,VISIBLE,NOT_VISIBLE,true,false,false,true,false,true,false,medium,0.25,false,false,false,false,NOT_SECOND_VERIFIED; NO_CATALOG_MANAGER_APPROVAL; NOT_IN_APPROVED_IMMUTABLE_PRODUCTION_RELEASE; ENVIRONMENT_UNRESOLVED; CATEGORY_INCOMPLETE; RECAPTURE_REQUIRED_FOR_PRODUCTION_COMPARISON; DUPLICATE_REVIEW_REQUIRED; ISSUE:issue-phase0-appearance-control-nose-recapture; ISSUE:issue-phase0-primary-review-category-incomplete; ISSUE:issue-phase0-primary-review-duplicate-observations; ISSUE:issue-phase0-primary-review-environment-unresolved; MISSING_REQUIRED_VIEWS; CATEGORY_COUNT_ORDER_INCOMPLETE; COVERAGE:INCOMPLETE_EVIDENCE; NOT_IN_SUPPORTED_SUBSET,"Review duplicate relationship and decide whether this is a distinct native option, duplicate observation, or mismatch.","Optional post-launch media or user feedback may improve this record, but additional Wyatt recording is not a default initial-launch blocker.","Nose selector boundaries, default, wrap behavior, and total count are not fully proven.; Current evidence is primary research only and not standardized for production comparison.; Second-person verification has not occurred.; Limited evidence record remains internal/review-only and is excluded from the initial supported subset.; Duplicate or near-duplicate concern is preserved and must not be resolved silently.; Game version, patch, or environment metadata remains incomplete for production.; No Codex-created human verification decision is recorded."
CF27_XBOXUNKNOWN_RTG_NOSE_006,EA SPORTS College Football 27,Xbox,,,Road to Glory,Main interface > Road to Glory > Road to Glory Setup > Journey type cards > Choose Your Position > QB > Create Player > Player > Appearance > Head & Skin visible,Nose,Roman,6,6,PRIMARY_APPROVED_WITH_NOTES,NOT_VERIFIED,SUPPORTED_WITH_NOTES,"Locked media clearly shows candidate identity/category/value and enough menu or visual evidence to advance to second-person verification, with nonfatal limitations preserved.",phase0-video-008,data/research/cf27/generated/full-resolution-frames/nose-options-001-007/CF27_XBOXUNKNOWN_RTG_NOSE_006/CF27_XBOXUNKNOWN_RTG_NOSE_006_MENU_EVIDENCE_video-008_26p00s.png; 352537,25-27,MISSING_FROM_CURRENT_DERIVATIVES,MISSING:LEFT_PROFILE|RIGHT_PROFILE,VISIBLE,VISIBLE,NOT_VISIBLE,false,false,false,true,false,true,false,high,0.72,false,true,false,false,NOT_SECOND_VERIFIED; NO_CATALOG_MANAGER_APPROVAL; NOT_IN_APPROVED_IMMUTABLE_PRODUCTION_RELEASE; ENVIRONMENT_UNRESOLVED; CATEGORY_INCOMPLETE; RECAPTURE_REQUIRED_FOR_PRODUCTION_COMPARISON; ISSUE:issue-phase0-appearance-control-nose-recapture; ISSUE:issue-phase0-primary-review-category-incomplete; ISSUE:issue-phase0-primary-review-environment-unresolved; MISSING_REQUIRED_VIEWS; CATEGORY_COUNT_ORDER_INCOMPLETE; COVERAGE:INCOMPLETE_EVIDENCE,"Independently verify native label/index/order, source evidence, available views, and whether limitations require VERIFIED_WITH_NOTES or a blocking disagreement.",Optional post-launch media may improve angles/framing but is not required by default.,"Nose selector boundaries, default, wrap behavior, and total count are not fully proven.; Current evidence is primary research only and not standardized for production comparison.; Second-person verification has not occurred.; Supported with notes for verifier review only; not production or recommendation eligible.; Game version, patch, or environment metadata remains incomplete for production.; No Codex-created human verification decision is recorded."
CF27_XBOXUNKNOWN_RTG_NOSE_007,EA SPORTS College Football 27,Xbox,,,Road to Glory,Main interface > Road to Glory > Road to Glory Setup > Journey type cards > Choose Your Position > QB > Create Player > Player > Appearance > Head & Skin visible,Nose,Funnel,7,7,PRIMARY_APPROVED_WITH_NOTES,NOT_VERIFIED,SUPPORTED_WITH_NOTES,"Locked media clearly shows candidate identity/category/value and enough menu or visual evidence to advance to second-person verification, with nonfatal limitations preserved.",phase0-video-008,data/research/cf27/generated/full-resolution-frames/nose-options-001-007/CF27_XBOXUNKNOWN_RTG_NOSE_007/CF27_XBOXUNKNOWN_RTG_NOSE_007_MENU_EVIDENCE_video-008_23p00s.png; 352537,23-24,MISSING_FROM_CURRENT_DERIVATIVES,MISSING:LEFT_PROFILE|RIGHT_PROFILE,VISIBLE,VISIBLE,NOT_VISIBLE,false,false,false,true,false,true,false,high,0.72,false,true,false,false,NOT_SECOND_VERIFIED; NO_CATALOG_MANAGER_APPROVAL; NOT_IN_APPROVED_IMMUTABLE_PRODUCTION_RELEASE; ENVIRONMENT_UNRESOLVED; CATEGORY_INCOMPLETE; RECAPTURE_REQUIRED_FOR_PRODUCTION_COMPARISON; ISSUE:issue-phase0-appearance-control-nose-recapture; ISSUE:issue-phase0-primary-review-category-incomplete; ISSUE:issue-phase0-primary-review-environment-unresolved; MISSING_REQUIRED_VIEWS; CATEGORY_COUNT_ORDER_INCOMPLETE; COVERAGE:INCOMPLETE_EVIDENCE,"Independently verify native label/index/order, source evidence, available views, and whether limitations require VERIFIED_WITH_NOTES or a blocking disagreement.",Optional post-launch media may improve angles/framing but is not required by default.,"Nose selector boundaries, default, wrap behavior, and total count are not fully proven.; Current evidence is primary research only and not standardized for production comparison.; Second-person verification has not occurred.; Supported with notes for verifier review only; not production or recommendation eligible.; Game version, patch, or environment metadata remains incomplete for production.; No Codex-created human verification decision is recorded."
CF27_XBOXUNKNOWN_RTG_SKINDETAILS_001,EA SPORTS College Football 27,Xbox,,,Road to Glory,Main interface > Road to Glory > Road to Glory Setup > Journey type cards > Choose Your Position > QB > Create Player > Player > Appearance > Head & Skin visible,Skin Details,None,1,1,PRIMARY_APPROVED_WITH_NOTES,NOT_VERIFIED,USER_CONFIRMATION_REQUIRED,"Locked media supports the visible option enough for verifier review, but this appearance choice should require user confirmation and confirmation screenshots before being treated as a successful personal outcome.",phase0-video-005,data/research/cf27/generated/full-resolution-frames/skin-details-options-001-010/CF27_XBOXUNKNOWN_RTG_SKINDETAILS_001/CF27_XBOXUNKNOWN_RTG_SKINDETAILS_001_MENU_video-005_8p00s.png; 04_Appearance_Skin_Details.MP4,8-8,MISSING_FROM_CURRENT_DERIVATIVES,NOT_REQUIRED,VISIBLE,VISIBLE,NOT_VISIBLE,false,false,false,true,false,true,false,high,0.55,true,true,false,false,NOT_SECOND_VERIFIED; NO_CATALOG_MANAGER_APPROVAL; NOT_IN_APPROVED_IMMUTABLE_PRODUCTION_RELEASE; ENVIRONMENT_UNRESOLVED; CATEGORY_INCOMPLETE; RECAPTURE_REQUIRED_FOR_PRODUCTION_COMPARISON; ISSUE:issue-phase0-appearance-control-skin-details-recapture; ISSUE:issue-phase0-primary-review-category-incomplete; ISSUE:issue-phase0-primary-review-environment-unresolved; MISSING_REQUIRED_VIEWS; CATEGORY_COUNT_ORDER_INCOMPLETE,Independently verify native label/index/order and evidence references; confirm the record should remain user-confirmation-required if approved later.,Optional post-launch media may improve color/detail confidence but is not required by default.,"Skin Details selector boundaries, default, wrap behavior, and total count are not fully proven.; Current evidence is primary research only and not standardized for production comparison.; Second-person verification has not occurred.; May support guided build instructions after later verification, but must not be used as a high-confidence geometry match.; Game version, patch, or environment metadata remains incomplete for production.; No Codex-created human verification decision is recorded."
CF27_XBOXUNKNOWN_RTG_SKINDETAILS_002,EA SPORTS College Football 27,Xbox,,,Road to Glory,Main interface > Road to Glory > Road to Glory Setup > Journey type cards > Choose Your Position > QB > Create Player > Player > Appearance > Head & Skin visible,Skin Details,Freckles 2,2,2,PRIMARY_APPROVED_WITH_NOTES,NOT_VERIFIED,USER_CONFIRMATION_REQUIRED,"Locked media supports the visible option enough for verifier review, but this appearance choice should require user confirmation and confirmation screenshots before being treated as a successful personal outcome.",phase0-video-005,data/research/cf27/generated/full-resolution-frames/skin-details-options-001-010/CF27_XBOXUNKNOWN_RTG_SKINDETAILS_002/CF27_XBOXUNKNOWN_RTG_SKINDETAILS_002_MENU_video-005_10p00s.png; 04_Appearance_Skin_Details.MP4,9-10,MISSING_FROM_CURRENT_DERIVATIVES,NOT_REQUIRED,VISIBLE,VISIBLE,NOT_VISIBLE,false,false,false,true,false,true,false,high,0.55,true,true,false,false,NOT_SECOND_VERIFIED; NO_CATALOG_MANAGER_APPROVAL; NOT_IN_APPROVED_IMMUTABLE_PRODUCTION_RELEASE; ENVIRONMENT_UNRESOLVED; CATEGORY_INCOMPLETE; RECAPTURE_REQUIRED_FOR_PRODUCTION_COMPARISON; ISSUE:issue-phase0-appearance-control-skin-details-recapture; ISSUE:issue-phase0-primary-review-category-incomplete; ISSUE:issue-phase0-primary-review-environment-unresolved; MISSING_REQUIRED_VIEWS; CATEGORY_COUNT_ORDER_INCOMPLETE,Independently verify native label/index/order and evidence references; confirm the record should remain user-confirmation-required if approved later.,Optional post-launch media may improve color/detail confidence but is not required by default.,"Skin Details selector boundaries, default, wrap behavior, and total count are not fully proven.; Current evidence is primary research only and not standardized for production comparison.; Second-person verification has not occurred.; May support guided build instructions after later verification, but must not be used as a high-confidence geometry match.; Game version, patch, or environment metadata remains incomplete for production.; No Codex-created human verification decision is recorded."
CF27_XBOXUNKNOWN_RTG_SKINDETAILS_003,EA SPORTS College Football 27,Xbox,,,Road to Glory,Main interface > Road to Glory > Road to Glory Setup > Journey type cards > Choose Your Position > QB > Create Player > Player > Appearance > Head & Skin visible,Skin Details,Scar 3,3,3,PRIMARY_APPROVED_WITH_NOTES,NOT_VERIFIED,USER_CONFIRMATION_REQUIRED,"Locked media supports the visible option enough for verifier review, but this appearance choice should require user confirmation and confirmation screenshots before being treated as a successful personal outcome.",phase0-video-005,data/research/cf27/generated/full-resolution-frames/skin-details-options-001-010/CF27_XBOXUNKNOWN_RTG_SKINDETAILS_003/CF27_XBOXUNKNOWN_RTG_SKINDETAILS_003_MENU_video-005_13p00s.png; 04_Appearance_Skin_Details.MP4,11-14,MISSING_FROM_CURRENT_DERIVATIVES,NOT_REQUIRED,VISIBLE,VISIBLE,NOT_VISIBLE,false,false,false,true,false,true,false,high,0.55,true,true,false,false,NOT_SECOND_VERIFIED; NO_CATALOG_MANAGER_APPROVAL; NOT_IN_APPROVED_IMMUTABLE_PRODUCTION_RELEASE; ENVIRONMENT_UNRESOLVED; CATEGORY_INCOMPLETE; RECAPTURE_REQUIRED_FOR_PRODUCTION_COMPARISON; ISSUE:issue-phase0-appearance-control-skin-details-recapture; ISSUE:issue-phase0-primary-review-category-incomplete; ISSUE:issue-phase0-primary-review-environment-unresolved; MISSING_REQUIRED_VIEWS; CATEGORY_COUNT_ORDER_INCOMPLETE,Independently verify native label/index/order and evidence references; confirm the record should remain user-confirmation-required if approved later.,Optional post-launch media may improve color/detail confidence but is not required by default.,"Skin Details selector boundaries, default, wrap behavior, and total count are not fully proven.; Current evidence is primary research only and not standardized for production comparison.; Second-person verification has not occurred.; May support guided build instructions after later verification, but must not be used as a high-confidence geometry match.; Game version, patch, or environment metadata remains incomplete for production.; No Codex-created human verification decision is recorded."
CF27_XBOXUNKNOWN_RTG_SKINDETAILS_004,EA SPORTS College Football 27,Xbox,,,Road to Glory,Main interface > Road to Glory > Road to Glory Setup > Journey type cards > Choose Your Position > QB > Create Player > Player > Appearance > Head & Skin visible,Skin Details,Scar 2,4,4,PRIMARY_APPROVED_WITH_NOTES,NOT_VERIFIED,USER_CONFIRMATION_REQUIRED,"Locked media supports the visible option enough for verifier review, but this appearance choice should require user confirmation and confirmation screenshots before being treated as a successful personal outcome.",phase0-video-005,data/research/cf27/generated/full-resolution-frames/skin-details-options-001-010/CF27_XBOXUNKNOWN_RTG_SKINDETAILS_004/CF27_XBOXUNKNOWN_RTG_SKINDETAILS_004_MENU_video-005_15p50s.png; 04_Appearance_Skin_Details.MP4,15-16,MISSING_FROM_CURRENT_DERIVATIVES,NOT_REQUIRED,VISIBLE,VISIBLE,NOT_VISIBLE,false,false,false,true,false,true,false,high,0.55,true,true,false,false,NOT_SECOND_VERIFIED; NO_CATALOG_MANAGER_APPROVAL; NOT_IN_APPROVED_IMMUTABLE_PRODUCTION_RELEASE; ENVIRONMENT_UNRESOLVED; CATEGORY_INCOMPLETE; RECAPTURE_REQUIRED_FOR_PRODUCTION_COMPARISON; ISSUE:issue-phase0-appearance-control-skin-details-recapture; ISSUE:issue-phase0-primary-review-category-incomplete; ISSUE:issue-phase0-primary-review-environment-unresolved; MISSING_REQUIRED_VIEWS; CATEGORY_COUNT_ORDER_INCOMPLETE,Independently verify native label/index/order and evidence references; confirm the record should remain user-confirmation-required if approved later.,Optional post-launch media may improve color/detail confidence but is not required by default.,"Skin Details selector boundaries, default, wrap behavior, and total count are not fully proven.; Current evidence is primary research only and not standardized for production comparison.; Second-person verification has not occurred.; May support guided build instructions after later verification, but must not be used as a high-confidence geometry match.; Game version, patch, or environment metadata remains incomplete for production.; No Codex-created human verification decision is recorded."
CF27_XBOXUNKNOWN_RTG_SKINDETAILS_005,EA SPORTS College Football 27,Xbox,,,Road to Glory,Main interface > Road to Glory > Road to Glory Setup > Journey type cards > Choose Your Position > QB > Create Player > Player > Appearance > Head & Skin visible,Skin Details,Scar 1,5,5,PRIMARY_APPROVED_WITH_NOTES,NOT_VERIFIED,USER_CONFIRMATION_REQUIRED,"Locked media supports the visible option enough for verifier review, but this appearance choice should require user confirmation and confirmation screenshots before being treated as a successful personal outcome.",phase0-video-005,data/research/cf27/generated/full-resolution-frames/skin-details-options-001-010/CF27_XBOXUNKNOWN_RTG_SKINDETAILS_005/CF27_XBOXUNKNOWN_RTG_SKINDETAILS_005_MENU_video-005_24p00s.png; 04_Appearance_Skin_Details.MP4,23-24,MISSING_FROM_CURRENT_DERIVATIVES,NOT_REQUIRED,VISIBLE,VISIBLE,NOT_VISIBLE,false,false,false,true,false,true,false,high,0.55,true,true,false,false,NOT_SECOND_VERIFIED; NO_CATALOG_MANAGER_APPROVAL; NOT_IN_APPROVED_IMMUTABLE_PRODUCTION_RELEASE; ENVIRONMENT_UNRESOLVED; CATEGORY_INCOMPLETE; RECAPTURE_REQUIRED_FOR_PRODUCTION_COMPARISON; ISSUE:issue-phase0-appearance-control-skin-details-recapture; ISSUE:issue-phase0-primary-review-category-incomplete; ISSUE:issue-phase0-primary-review-environment-unresolved; MISSING_REQUIRED_VIEWS; CATEGORY_COUNT_ORDER_INCOMPLETE,Independently verify native label/index/order and evidence references; confirm the record should remain user-confirmation-required if approved later.,Optional post-launch media may improve color/detail confidence but is not required by default.,"Skin Details selector boundaries, default, wrap behavior, and total count are not fully proven.; Current evidence is primary research only and not standardized for production comparison.; Second-person verification has not occurred.; May support guided build instructions after later verification, but must not be used as a high-confidence geometry match.; Game version, patch, or environment metadata remains incomplete for production.; No Codex-created human verification decision is recorded."
CF27_XBOXUNKNOWN_RTG_SKINDETAILS_006,EA SPORTS College Football 27,Xbox,,,Road to Glory,Main interface > Road to Glory > Road to Glory Setup > Journey type cards > Choose Your Position > QB > Create Player > Player > Appearance > Head & Skin visible,Skin Details,Acne Scar 1,6,6,PRIMARY_APPROVED_WITH_NOTES,NOT_VERIFIED,USER_CONFIRMATION_REQUIRED,"Locked media supports the visible option enough for verifier review, but this appearance choice should require user confirmation and confirmation screenshots before being treated as a successful personal outcome.",phase0-video-005,data/research/cf27/generated/full-resolution-frames/skin-details-options-001-010/CF27_XBOXUNKNOWN_RTG_SKINDETAILS_006/CF27_XBOXUNKNOWN_RTG_SKINDETAILS_006_MENU_video-005_22p00s.png; 04_Appearance_Skin_Details.MP4,21-22,MISSING_FROM_CURRENT_DERIVATIVES,NOT_REQUIRED,VISIBLE,VISIBLE,NOT_VISIBLE,false,false,false,true,false,true,false,high,0.55,true,true,false,false,NOT_SECOND_VERIFIED; NO_CATALOG_MANAGER_APPROVAL; NOT_IN_APPROVED_IMMUTABLE_PRODUCTION_RELEASE; ENVIRONMENT_UNRESOLVED; CATEGORY_INCOMPLETE; RECAPTURE_REQUIRED_FOR_PRODUCTION_COMPARISON; ISSUE:issue-phase0-appearance-control-skin-details-recapture; ISSUE:issue-phase0-primary-review-category-incomplete; ISSUE:issue-phase0-primary-review-environment-unresolved; MISSING_REQUIRED_VIEWS; CATEGORY_COUNT_ORDER_INCOMPLETE,Independently verify native label/index/order and evidence references; confirm the record should remain user-confirmation-required if approved later.,Optional post-launch media may improve color/detail confidence but is not required by default.,"Skin Details selector boundaries, default, wrap behavior, and total count are not fully proven.; Current evidence is primary research only and not standardized for production comparison.; Second-person verification has not occurred.; May support guided build instructions after later verification, but must not be used as a high-confidence geometry match.; Game version, patch, or environment metadata remains incomplete for production.; No Codex-created human verification decision is recorded."
CF27_XBOXUNKNOWN_RTG_SKINDETAILS_007,EA SPORTS College Football 27,Xbox,,,Road to Glory,Main interface > Road to Glory > Road to Glory Setup > Journey type cards > Choose Your Position > QB > Create Player > Player > Appearance > Head & Skin visible,Skin Details,Redness 3,7,7,PRIMARY_APPROVED_WITH_NOTES,NOT_VERIFIED,USER_CONFIRMATION_REQUIRED,"Locked media supports the visible option enough for verifier review, but this appearance choice should require user confirmation and confirmation screenshots before being treated as a successful personal outcome.",phase0-video-005,data/research/cf27/generated/full-resolution-frames/skin-details-options-001-010/CF27_XBOXUNKNOWN_RTG_SKINDETAILS_007/CF27_XBOXUNKNOWN_RTG_SKINDETAILS_007_MENU_video-005_20p00s.png; 04_Appearance_Skin_Details.MP4,19-20,MISSING_FROM_CURRENT_DERIVATIVES,NOT_REQUIRED,VISIBLE,VISIBLE,NOT_VISIBLE,false,false,false,true,false,true,false,high,0.55,true,true,false,false,NOT_SECOND_VERIFIED; NO_CATALOG_MANAGER_APPROVAL; NOT_IN_APPROVED_IMMUTABLE_PRODUCTION_RELEASE; ENVIRONMENT_UNRESOLVED; CATEGORY_INCOMPLETE; RECAPTURE_REQUIRED_FOR_PRODUCTION_COMPARISON; ISSUE:issue-phase0-appearance-control-skin-details-recapture; ISSUE:issue-phase0-primary-review-category-incomplete; ISSUE:issue-phase0-primary-review-environment-unresolved; MISSING_REQUIRED_VIEWS; CATEGORY_COUNT_ORDER_INCOMPLETE,Independently verify native label/index/order and evidence references; confirm the record should remain user-confirmation-required if approved later.,Optional post-launch media may improve color/detail confidence but is not required by default.,"Skin Details selector boundaries, default, wrap behavior, and total count are not fully proven.; Current evidence is primary research only and not standardized for production comparison.; Second-person verification has not occurred.; May support guided build instructions after later verification, but must not be used as a high-confidence geometry match.; Game version, patch, or environment metadata remains incomplete for production.; No Codex-created human verification decision is recorded."
CF27_XBOXUNKNOWN_RTG_SKINDETAILS_008,EA SPORTS College Football 27,Xbox,,,Road to Glory,Main interface > Road to Glory > Road to Glory Setup > Journey type cards > Choose Your Position > QB > Create Player > Player > Appearance > Head & Skin visible,Skin Details,Redness 2,8,8,PRIMARY_APPROVED_WITH_NOTES,NOT_VERIFIED,USER_CONFIRMATION_REQUIRED,"Locked media supports the visible option enough for verifier review, but this appearance choice should require user confirmation and confirmation screenshots before being treated as a successful personal outcome.",phase0-video-005,data/research/cf27/generated/full-resolution-frames/skin-details-options-001-010/CF27_XBOXUNKNOWN_RTG_SKINDETAILS_008/CF27_XBOXUNKNOWN_RTG_SKINDETAILS_008_MENU_video-005_18p00s.png; 04_Appearance_Skin_Details.MP4,17-18,MISSING_FROM_CURRENT_DERIVATIVES,NOT_REQUIRED,VISIBLE,VISIBLE,NOT_VISIBLE,false,false,false,true,false,true,false,high,0.55,true,true,false,false,NOT_SECOND_VERIFIED; NO_CATALOG_MANAGER_APPROVAL; NOT_IN_APPROVED_IMMUTABLE_PRODUCTION_RELEASE; ENVIRONMENT_UNRESOLVED; CATEGORY_INCOMPLETE; RECAPTURE_REQUIRED_FOR_PRODUCTION_COMPARISON; ISSUE:issue-phase0-appearance-control-skin-details-recapture; ISSUE:issue-phase0-primary-review-category-incomplete; ISSUE:issue-phase0-primary-review-environment-unresolved; MISSING_REQUIRED_VIEWS; CATEGORY_COUNT_ORDER_INCOMPLETE,Independently verify native label/index/order and evidence references; confirm the record should remain user-confirmation-required if approved later.,Optional post-launch media may improve color/detail confidence but is not required by default.,"Skin Details selector boundaries, default, wrap behavior, and total count are not fully proven.; Current evidence is primary research only and not standardized for production comparison.; Second-person verification has not occurred.; May support guided build instructions after later verification, but must not be used as a high-confidence geometry match.; Game version, patch, or environment metadata remains incomplete for production.; No Codex-created human verification decision is recorded."
CF27_XBOXUNKNOWN_RTG_SKINDETAILS_009,EA SPORTS College Football 27,Xbox,,,Road to Glory,Main interface > Road to Glory > Road to Glory Setup > Journey type cards > Choose Your Position > QB > Create Player > Player > Appearance > Head & Skin visible,Skin Details,Redness 1,9,9,PRIMARY_APPROVED_WITH_NOTES,NOT_VERIFIED,USER_CONFIRMATION_REQUIRED,"Locked media supports the visible option enough for verifier review, but this appearance choice should require user confirmation and confirmation screenshots before being treated as a successful personal outcome.",phase0-video-005,data/research/cf27/generated/full-resolution-frames/skin-details-options-001-010/CF27_XBOXUNKNOWN_RTG_SKINDETAILS_009/CF27_XBOXUNKNOWN_RTG_SKINDETAILS_009_MENU_video-005_26p00s.png; 04_Appearance_Skin_Details.MP4,25-26,MISSING_FROM_CURRENT_DERIVATIVES,NOT_REQUIRED,VISIBLE,VISIBLE,NOT_VISIBLE,false,false,false,true,false,true,false,high,0.55,true,true,false,false,NOT_SECOND_VERIFIED; NO_CATALOG_MANAGER_APPROVAL; NOT_IN_APPROVED_IMMUTABLE_PRODUCTION_RELEASE; ENVIRONMENT_UNRESOLVED; CATEGORY_INCOMPLETE; RECAPTURE_REQUIRED_FOR_PRODUCTION_COMPARISON; ISSUE:issue-phase0-appearance-control-skin-details-recapture; ISSUE:issue-phase0-primary-review-category-incomplete; ISSUE:issue-phase0-primary-review-environment-unresolved; MISSING_REQUIRED_VIEWS; CATEGORY_COUNT_ORDER_INCOMPLETE,Independently verify native label/index/order and evidence references; confirm the record should remain user-confirmation-required if approved later.,Optional post-launch media may improve color/detail confidence but is not required by default.,"Skin Details selector boundaries, default, wrap behavior, and total count are not fully proven.; Current evidence is primary research only and not standardized for production comparison.; Second-person verification has not occurred.; May support guided build instructions after later verification, but must not be used as a high-confidence geometry match.; Game version, patch, or environment metadata remains incomplete for production.; No Codex-created human verification decision is recorded."
CF27_XBOXUNKNOWN_RTG_SKINDETAILS_010,EA SPORTS College Football 27,Xbox,,,Road to Glory,Main interface > Road to Glory > Road to Glory Setup > Journey type cards > Choose Your Position > QB > Create Player > Player > Appearance > Head & Skin visible,Skin Details,Freckles 1,10,10,PRIMARY_APPROVED_WITH_NOTES,NOT_VERIFIED,USER_CONFIRMATION_REQUIRED,"Locked media supports the visible option enough for verifier review, but this appearance choice should require user confirmation and confirmation screenshots before being treated as a successful personal outcome.",phase0-video-005,data/research/cf27/generated/full-resolution-frames/skin-details-options-001-010/CF27_XBOXUNKNOWN_RTG_SKINDETAILS_010/CF27_XBOXUNKNOWN_RTG_SKINDETAILS_010_MENU_video-005_29p00s.png; 04_Appearance_Skin_Details.MP4,27-31.72,MISSING_FROM_CURRENT_DERIVATIVES,NOT_REQUIRED,VISIBLE,VISIBLE,NOT_VISIBLE,false,false,false,true,false,true,false,high,0.55,true,true,false,false,NOT_SECOND_VERIFIED; NO_CATALOG_MANAGER_APPROVAL; NOT_IN_APPROVED_IMMUTABLE_PRODUCTION_RELEASE; ENVIRONMENT_UNRESOLVED; CATEGORY_INCOMPLETE; RECAPTURE_REQUIRED_FOR_PRODUCTION_COMPARISON; ISSUE:issue-phase0-appearance-control-skin-details-recapture; ISSUE:issue-phase0-primary-review-category-incomplete; ISSUE:issue-phase0-primary-review-environment-unresolved; MISSING_REQUIRED_VIEWS; CATEGORY_COUNT_ORDER_INCOMPLETE,Independently verify native label/index/order and evidence references; confirm the record should remain user-confirmation-required if approved later.,Optional post-launch media may improve color/detail confidence but is not required by default.,"Skin Details selector boundaries, default, wrap behavior, and total count are not fully proven.; Current evidence is primary research only and not standardized for production comparison.; Second-person verification has not occurred.; May support guided build instructions after later verification, but must not be used as a high-confidence geometry match.; Game version, patch, or environment metadata remains incomplete for production.; No Codex-created human verification decision is recorded."
CF27_XBOXUNKNOWN_RTG_SKINTONE_001,EA SPORTS College Football 27,Xbox,,,Road to Glory,Main interface > Road to Glory > Road to Glory Setup > Journey type cards > Choose Your Position > QB > Create Player > Player > Appearance > Head & Skin visible,Skin Tone,Skin Tone 01,1,1,PRIMARY_APPROVED_WITH_NOTES,NOT_VERIFIED,USER_CONFIRMATION_REQUIRED,"Locked media supports the visible option enough for verifier review, but this appearance choice should require user confirmation and confirmation screenshots before being treated as a successful personal outcome.",phase0-video-004,data/research/cf27/generated/full-resolution-frames/skin-tone-values-001-024/CF27_XBOXUNKNOWN_RTG_SKINTONE_001/CF27_XBOXUNKNOWN_RTG_SKINTONE_001_MENU_video-004_45p50s.png; 03_Appearance_Skin_Tone.MP4,45-46,MISSING_FROM_CURRENT_DERIVATIVES,NOT_REQUIRED,VISIBLE,VISIBLE,NOT_VISIBLE,false,false,false,true,false,true,false,high,0.55,true,true,false,false,NOT_SECOND_VERIFIED; NO_CATALOG_MANAGER_APPROVAL; NOT_IN_APPROVED_IMMUTABLE_PRODUCTION_RELEASE; ENVIRONMENT_UNRESOLVED; CATEGORY_INCOMPLETE; RECAPTURE_REQUIRED_FOR_PRODUCTION_COMPARISON; ISSUE:issue-phase0-appearance-control-skin-tone-recapture; ISSUE:issue-phase0-primary-review-category-incomplete; ISSUE:issue-phase0-primary-review-environment-unresolved; MISSING_REQUIRED_VIEWS; CATEGORY_COUNT_ORDER_INCOMPLETE,Independently verify native label/index/order and evidence references; confirm the record should remain user-confirmation-required if approved later.,Optional post-launch media may improve color/detail confidence but is not required by default.,"Skin Tone selector boundaries, default, wrap behavior, and total count are not fully proven.; Current evidence is primary research only and not standardized for production comparison.; Second-person verification has not occurred.; May support guided build instructions after later verification, but must not be used as a high-confidence geometry match.; Game version, patch, or environment metadata remains incomplete for production.; No Codex-created human verification decision is recorded."
CF27_XBOXUNKNOWN_RTG_SKINTONE_002,EA SPORTS College Football 27,Xbox,,,Road to Glory,Main interface > Road to Glory > Road to Glory Setup > Journey type cards > Choose Your Position > QB > Create Player > Player > Appearance > Head & Skin visible,Skin Tone,Skin Tone 02,2,2,PRIMARY_APPROVED_WITH_NOTES,NOT_VERIFIED,USER_CONFIRMATION_REQUIRED,"Locked media supports the visible option enough for verifier review, but this appearance choice should require user confirmation and confirmation screenshots before being treated as a successful personal outcome.",phase0-video-004,data/research/cf27/generated/full-resolution-frames/skin-tone-values-001-024/CF27_XBOXUNKNOWN_RTG_SKINTONE_002/CF27_XBOXUNKNOWN_RTG_SKINTONE_002_MENU_video-004_47p00s.png; 03_Appearance_Skin_Tone.MP4,47-47,MISSING_FROM_CURRENT_DERIVATIVES,NOT_REQUIRED,VISIBLE,VISIBLE,NOT_VISIBLE,false,false,false,true,false,true,false,high,0.55,true,true,false,false,NOT_SECOND_VERIFIED; NO_CATALOG_MANAGER_APPROVAL; NOT_IN_APPROVED_IMMUTABLE_PRODUCTION_RELEASE; ENVIRONMENT_UNRESOLVED; CATEGORY_INCOMPLETE; RECAPTURE_REQUIRED_FOR_PRODUCTION_COMPARISON; ISSUE:issue-phase0-appearance-control-skin-tone-recapture; ISSUE:issue-phase0-primary-review-category-incomplete; ISSUE:issue-phase0-primary-review-environment-unresolved; MISSING_REQUIRED_VIEWS; CATEGORY_COUNT_ORDER_INCOMPLETE,Independently verify native label/index/order and evidence references; confirm the record should remain user-confirmation-required if approved later.,Optional post-launch media may improve color/detail confidence but is not required by default.,"Skin Tone selector boundaries, default, wrap behavior, and total count are not fully proven.; Current evidence is primary research only and not standardized for production comparison.; Second-person verification has not occurred.; May support guided build instructions after later verification, but must not be used as a high-confidence geometry match.; Game version, patch, or environment metadata remains incomplete for production.; No Codex-created human verification decision is recorded."
CF27_XBOXUNKNOWN_RTG_SKINTONE_003,EA SPORTS College Football 27,Xbox,,,Road to Glory,Main interface > Road to Glory > Road to Glory Setup > Journey type cards > Choose Your Position > QB > Create Player > Player > Appearance > Head & Skin visible,Skin Tone,Skin Tone 03,3,3,PRIMARY_APPROVED_WITH_NOTES,NOT_VERIFIED,USER_CONFIRMATION_REQUIRED,"Locked media supports the visible option enough for verifier review, but this appearance choice should require user confirmation and confirmation screenshots before being treated as a successful personal outcome.",phase0-video-004,data/research/cf27/generated/full-resolution-frames/skin-tone-values-001-024/CF27_XBOXUNKNOWN_RTG_SKINTONE_003/CF27_XBOXUNKNOWN_RTG_SKINTONE_003_MENU_video-004_48p50s.png; 03_Appearance_Skin_Tone.MP4,48-49,MISSING_FROM_CURRENT_DERIVATIVES,NOT_REQUIRED,VISIBLE,VISIBLE,NOT_VISIBLE,false,false,false,true,false,true,false,high,0.55,true,true,false,false,NOT_SECOND_VERIFIED; NO_CATALOG_MANAGER_APPROVAL; NOT_IN_APPROVED_IMMUTABLE_PRODUCTION_RELEASE; ENVIRONMENT_UNRESOLVED; CATEGORY_INCOMPLETE; RECAPTURE_REQUIRED_FOR_PRODUCTION_COMPARISON; ISSUE:issue-phase0-appearance-control-skin-tone-recapture; ISSUE:issue-phase0-primary-review-category-incomplete; ISSUE:issue-phase0-primary-review-environment-unresolved; MISSING_REQUIRED_VIEWS; CATEGORY_COUNT_ORDER_INCOMPLETE,Independently verify native label/index/order and evidence references; confirm the record should remain user-confirmation-required if approved later.,Optional post-launch media may improve color/detail confidence but is not required by default.,"Skin Tone selector boundaries, default, wrap behavior, and total count are not fully proven.; Current evidence is primary research only and not standardized for production comparison.; Second-person verification has not occurred.; May support guided build instructions after later verification, but must not be used as a high-confidence geometry match.; Game version, patch, or environment metadata remains incomplete for production.; No Codex-created human verification decision is recorded."
CF27_XBOXUNKNOWN_RTG_SKINTONE_004,EA SPORTS College Football 27,Xbox,,,Road to Glory,Main interface > Road to Glory > Road to Glory Setup > Journey type cards > Choose Your Position > QB > Create Player > Player > Appearance > Head & Skin visible,Skin Tone,Skin Tone 04,4,4,PRIMARY_APPROVED_WITH_NOTES,NOT_VERIFIED,USER_CONFIRMATION_REQUIRED,"Locked media supports the visible option enough for verifier review, but this appearance choice should require user confirmation and confirmation screenshots before being treated as a successful personal outcome.",phase0-video-004,data/research/cf27/generated/full-resolution-frames/skin-tone-values-001-024/CF27_XBOXUNKNOWN_RTG_SKINTONE_004/CF27_XBOXUNKNOWN_RTG_SKINTONE_004_MENU_video-004_12p50s.png; 03_Appearance_Skin_Tone.MP4,12-13,MISSING_FROM_CURRENT_DERIVATIVES,NOT_REQUIRED,VISIBLE,VISIBLE,NOT_VISIBLE,false,false,false,true,false,true,false,high,0.55,true,true,false,false,NOT_SECOND_VERIFIED; NO_CATALOG_MANAGER_APPROVAL; NOT_IN_APPROVED_IMMUTABLE_PRODUCTION_RELEASE; ENVIRONMENT_UNRESOLVED; CATEGORY_INCOMPLETE; RECAPTURE_REQUIRED_FOR_PRODUCTION_COMPARISON; ISSUE:issue-phase0-appearance-control-skin-tone-recapture; ISSUE:issue-phase0-primary-review-category-incomplete; ISSUE:issue-phase0-primary-review-environment-unresolved; MISSING_REQUIRED_VIEWS; CATEGORY_COUNT_ORDER_INCOMPLETE,Independently verify native label/index/order and evidence references; confirm the record should remain user-confirmation-required if approved later.,Optional post-launch media may improve color/detail confidence but is not required by default.,"Skin Tone selector boundaries, default, wrap behavior, and total count are not fully proven.; Current evidence is primary research only and not standardized for production comparison.; Second-person verification has not occurred.; May support guided build instructions after later verification, but must not be used as a high-confidence geometry match.; Game version, patch, or environment metadata remains incomplete for production.; No Codex-created human verification decision is recorded."
CF27_XBOXUNKNOWN_RTG_SKINTONE_006,EA SPORTS College Football 27,Xbox,,,Road to Glory,Main interface > Road to Glory > Road to Glory Setup > Journey type cards > Choose Your Position > QB > Create Player > Player > Appearance > Head & Skin visible,Skin Tone,Skin Tone 06,6,6,PRIMARY_APPROVED_WITH_NOTES,NOT_VERIFIED,USER_CONFIRMATION_REQUIRED,"Locked media supports the visible option enough for verifier review, but this appearance choice should require user confirmation and confirmation screenshots before being treated as a successful personal outcome.",phase0-video-004,data/research/cf27/generated/full-resolution-frames/skin-tone-values-001-024/CF27_XBOXUNKNOWN_RTG_SKINTONE_005/CF27_XBOXUNKNOWN_RTG_SKINTONE_005_MENU_video-004_29p50s.png; 03_Appearance_Skin_Tone.MP4,29-30,MISSING_FROM_CURRENT_DERIVATIVES,NOT_REQUIRED,VISIBLE,VISIBLE,NOT_VISIBLE,false,false,false,true,true,true,false,high,0.55,true,true,false,false,NOT_SECOND_VERIFIED; NO_CATALOG_MANAGER_APPROVAL; NOT_IN_APPROVED_IMMUTABLE_PRODUCTION_RELEASE; ENVIRONMENT_UNRESOLVED; CATEGORY_INCOMPLETE; RECAPTURE_REQUIRED_FOR_PRODUCTION_COMPARISON; ISSUE:issue-phase0-appearance-control-skin-tone-recapture; ISSUE:issue-phase0-primary-review-category-incomplete; ISSUE:issue-phase0-primary-review-environment-unresolved; MISSING_REQUIRED_VIEWS; CATEGORY_COUNT_ORDER_INCOMPLETE,Independently verify native label/index/order and evidence references; confirm the record should remain user-confirmation-required if approved later.,Optional post-launch media may improve color/detail confidence but is not required by default.,"Skin Tone selector boundaries, default, wrap behavior, and total count are not fully proven.; Current evidence is primary research only and not standardized for production comparison.; Second-person verification has not occurred.; May support guided build instructions after later verification, but must not be used as a high-confidence geometry match.; Game version, patch, or environment metadata remains incomplete for production.; No Codex-created human verification decision is recorded."
CF27_XBOXUNKNOWN_RTG_SKINTONE_007,EA SPORTS College Football 27,Xbox,,,Road to Glory,Main interface > Road to Glory > Road to Glory Setup > Journey type cards > Choose Your Position > QB > Create Player > Player > Appearance > Head & Skin visible,Skin Tone,Skin Tone 07,7,7,PRIMARY_APPROVED_WITH_NOTES,NOT_VERIFIED,USER_CONFIRMATION_REQUIRED,"Locked media supports the visible option enough for verifier review, but this appearance choice should require user confirmation and confirmation screenshots before being treated as a successful personal outcome.",phase0-video-004,data/research/cf27/generated/full-resolution-frames/skin-tone-values-001-024/CF27_XBOXUNKNOWN_RTG_SKINTONE_007/CF27_XBOXUNKNOWN_RTG_SKINTONE_007_MENU_video-004_27p50s.png; 03_Appearance_Skin_Tone.MP4,27-28,MISSING_FROM_CURRENT_DERIVATIVES,NOT_REQUIRED,VISIBLE,VISIBLE,NOT_VISIBLE,false,false,false,true,false,true,false,high,0.55,true,true,false,false,NOT_SECOND_VERIFIED; NO_CATALOG_MANAGER_APPROVAL; NOT_IN_APPROVED_IMMUTABLE_PRODUCTION_RELEASE; ENVIRONMENT_UNRESOLVED; CATEGORY_INCOMPLETE; RECAPTURE_REQUIRED_FOR_PRODUCTION_COMPARISON; ISSUE:issue-phase0-appearance-control-skin-tone-recapture; ISSUE:issue-phase0-primary-review-category-incomplete; ISSUE:issue-phase0-primary-review-environment-unresolved; MISSING_REQUIRED_VIEWS; CATEGORY_COUNT_ORDER_INCOMPLETE,Independently verify native label/index/order and evidence references; confirm the record should remain user-confirmation-required if approved later.,Optional post-launch media may improve color/detail confidence but is not required by default.,"Skin Tone selector boundaries, default, wrap behavior, and total count are not fully proven.; Current evidence is primary research only and not standardized for production comparison.; Second-person verification has not occurred.; May support guided build instructions after later verification, but must not be used as a high-confidence geometry match.; Game version, patch, or environment metadata remains incomplete for production.; No Codex-created human verification decision is recorded."
CF27_XBOXUNKNOWN_RTG_SKINTONE_008,EA SPORTS College Football 27,Xbox,,,Road to Glory,Main interface > Road to Glory > Road to Glory Setup > Journey type cards > Choose Your Position > QB > Create Player > Player > Appearance > Head & Skin visible,Skin Tone,Skin Tone 08,8,8,PRIMARY_APPROVED_WITH_NOTES,NOT_VERIFIED,USER_CONFIRMATION_REQUIRED,"Locked media supports the visible option enough for verifier review, but this appearance choice should require user confirmation and confirmation screenshots before being treated as a successful personal outcome.",phase0-video-004,data/research/cf27/generated/full-resolution-frames/skin-tone-values-001-024/CF27_XBOXUNKNOWN_RTG_SKINTONE_006/CF27_XBOXUNKNOWN_RTG_SKINTONE_006_MENU_video-004_25p50s.png; 03_Appearance_Skin_Tone.MP4,25-26,MISSING_FROM_CURRENT_DERIVATIVES,NOT_REQUIRED,VISIBLE,VISIBLE,NOT_VISIBLE,false,false,false,true,true,true,false,high,0.55,true,true,false,false,NOT_SECOND_VERIFIED; NO_CATALOG_MANAGER_APPROVAL; NOT_IN_APPROVED_IMMUTABLE_PRODUCTION_RELEASE; ENVIRONMENT_UNRESOLVED; CATEGORY_INCOMPLETE; RECAPTURE_REQUIRED_FOR_PRODUCTION_COMPARISON; ISSUE:issue-phase0-appearance-control-skin-tone-recapture; ISSUE:issue-phase0-primary-review-category-incomplete; ISSUE:issue-phase0-primary-review-environment-unresolved; MISSING_REQUIRED_VIEWS; CATEGORY_COUNT_ORDER_INCOMPLETE,Independently verify native label/index/order and evidence references; confirm the record should remain user-confirmation-required if approved later.,Optional post-launch media may improve color/detail confidence but is not required by default.,"Skin Tone selector boundaries, default, wrap behavior, and total count are not fully proven.; Current evidence is primary research only and not standardized for production comparison.; Second-person verification has not occurred.; May support guided build instructions after later verification, but must not be used as a high-confidence geometry match.; Game version, patch, or environment metadata remains incomplete for production.; No Codex-created human verification decision is recorded."
CF27_XBOXUNKNOWN_RTG_SKINTONE_009,EA SPORTS College Football 27,Xbox,,,Road to Glory,Main interface > Road to Glory > Road to Glory Setup > Journey type cards > Choose Your Position > QB > Create Player > Player > Appearance > Head & Skin visible,Skin Tone,Skin Tone 09,9,9,PRIMARY_APPROVED_WITH_NOTES,NOT_VERIFIED,USER_CONFIRMATION_REQUIRED,"Locked media supports the visible option enough for verifier review, but this appearance choice should require user confirmation and confirmation screenshots before being treated as a successful personal outcome.",phase0-video-004,data/research/cf27/generated/full-resolution-frames/skin-tone-values-001-024/CF27_XBOXUNKNOWN_RTG_SKINTONE_008/CF27_XBOXUNKNOWN_RTG_SKINTONE_008_MENU_video-004_10p50s.png; 03_Appearance_Skin_Tone.MP4,8-11,MISSING_FROM_CURRENT_DERIVATIVES,NOT_REQUIRED,VISIBLE,VISIBLE,NOT_VISIBLE,false,false,false,true,true,true,false,high,0.55,true,true,false,false,NOT_SECOND_VERIFIED; NO_CATALOG_MANAGER_APPROVAL; NOT_IN_APPROVED_IMMUTABLE_PRODUCTION_RELEASE; ENVIRONMENT_UNRESOLVED; CATEGORY_INCOMPLETE; RECAPTURE_REQUIRED_FOR_PRODUCTION_COMPARISON; ISSUE:issue-phase0-appearance-control-skin-tone-recapture; ISSUE:issue-phase0-primary-review-category-incomplete; ISSUE:issue-phase0-primary-review-environment-unresolved; MISSING_REQUIRED_VIEWS; CATEGORY_COUNT_ORDER_INCOMPLETE,Independently verify native label/index/order and evidence references; confirm the record should remain user-confirmation-required if approved later.,Optional post-launch media may improve color/detail confidence but is not required by default.,"Skin Tone selector boundaries, default, wrap behavior, and total count are not fully proven.; Current evidence is primary research only and not standardized for production comparison.; Second-person verification has not occurred.; May support guided build instructions after later verification, but must not be used as a high-confidence geometry match.; Game version, patch, or environment metadata remains incomplete for production.; No Codex-created human verification decision is recorded."
CF27_XBOXUNKNOWN_RTG_SKINTONE_010,EA SPORTS College Football 27,Xbox,,,Road to Glory,Main interface > Road to Glory > Road to Glory Setup > Journey type cards > Choose Your Position > QB > Create Player > Player > Appearance > Head & Skin visible,Skin Tone,Skin Tone 10,10,10,DUPLICATE_REVIEW_REQUIRED,NOT_VERIFIED,LIMITED_EVIDENCE,Duplicate or near-duplicate concern remains unresolved; the record is preserved for explicit verifier disposition but excluded from the initial supported subset.,phase0-video-004,data/research/cf27/generated/full-resolution-frames/skin-tone-values-001-024/CF27_XBOXUNKNOWN_RTG_SKINTONE_010/CF27_XBOXUNKNOWN_RTG_SKINTONE_010_MENU_video-004_41p50s.png; data/research/cf27/generated/full-resolution-frames/skin-tone-values-001-024/CF27_XBOXUNKNOWN_RTG_SKINTONE_016/CF27_XBOXUNKNOWN_RTG_SKINTONE_016_MENU_video-004_14p00s.png; 03_Appearance_Skin_Tone.MP4,14-14,MISSING_FROM_CURRENT_DERIVATIVES,NOT_REQUIRED,VISIBLE,VISIBLE,NOT_VISIBLE,true,false,false,true,false,true,false,medium,0.25,false,false,false,false,NOT_SECOND_VERIFIED; NO_CATALOG_MANAGER_APPROVAL; NOT_IN_APPROVED_IMMUTABLE_PRODUCTION_RELEASE; ENVIRONMENT_UNRESOLVED; CATEGORY_INCOMPLETE; RECAPTURE_REQUIRED_FOR_PRODUCTION_COMPARISON; DUPLICATE_REVIEW_REQUIRED; ISSUE:issue-phase0-appearance-control-skin-tone-recapture; ISSUE:issue-phase0-primary-review-category-incomplete; ISSUE:issue-phase0-primary-review-duplicate-observations; ISSUE:issue-phase0-primary-review-environment-unresolved; MISSING_REQUIRED_VIEWS; CATEGORY_COUNT_ORDER_INCOMPLETE; NOT_IN_SUPPORTED_SUBSET,"Review duplicate relationship and decide whether this is a distinct native option, duplicate observation, or mismatch.","Optional post-launch media or user feedback may improve this record, but additional Wyatt recording is not a default initial-launch blocker.","Skin Tone selector boundaries, default, wrap behavior, and total count are not fully proven.; Current evidence is primary research only and not standardized for production comparison.; Second-person verification has not occurred.; Limited evidence record remains internal/review-only and is excluded from the initial supported subset.; Duplicate or near-duplicate concern is preserved and must not be resolved silently.; Game version, patch, or environment metadata remains incomplete for production.; No Codex-created human verification decision is recorded."
CF27_XBOXUNKNOWN_RTG_SKINTONE_011,EA SPORTS College Football 27,Xbox,,,Road to Glory,Main interface > Road to Glory > Road to Glory Setup > Journey type cards > Choose Your Position > QB > Create Player > Player > Appearance > Head & Skin visible,Skin Tone,Skin Tone 11,11,11,PRIMARY_APPROVED_WITH_NOTES,NOT_VERIFIED,USER_CONFIRMATION_REQUIRED,"Locked media supports the visible option enough for verifier review, but this appearance choice should require user confirmation and confirmation screenshots before being treated as a successful personal outcome.",phase0-video-004,data/phase-zero/derivative-frames/video-004-tl-022_04-skin-tone-mp4_50p5s.png; 03_Appearance_Skin_Tone.MP4,50-51,MISSING_FROM_CURRENT_DERIVATIVES,NOT_REQUIRED,VISIBLE,VISIBLE,NOT_VISIBLE,false,false,false,true,true,true,false,high,0.55,true,true,false,false,NOT_SECOND_VERIFIED; NO_CATALOG_MANAGER_APPROVAL; NOT_IN_APPROVED_IMMUTABLE_PRODUCTION_RELEASE; ENVIRONMENT_UNRESOLVED; CATEGORY_INCOMPLETE; RECAPTURE_REQUIRED_FOR_PRODUCTION_COMPARISON; ISSUE:issue-phase0-appearance-control-skin-tone-recapture; ISSUE:issue-phase0-primary-review-category-incomplete; ISSUE:issue-phase0-primary-review-environment-unresolved; MISSING_REQUIRED_VIEWS; CATEGORY_COUNT_ORDER_INCOMPLETE,Independently verify native label/index/order and evidence references; confirm the record should remain user-confirmation-required if approved later.,Optional post-launch media may improve color/detail confidence but is not required by default.,"Skin Tone selector boundaries, default, wrap behavior, and total count are not fully proven.; Current evidence is primary research only and not standardized for production comparison.; Second-person verification has not occurred.; May support guided build instructions after later verification, but must not be used as a high-confidence geometry match.; Game version, patch, or environment metadata remains incomplete for production.; No Codex-created human verification decision is recorded."
CF27_XBOXUNKNOWN_RTG_SKINTONE_012,EA SPORTS College Football 27,Xbox,,,Road to Glory,Main interface > Road to Glory > Road to Glory Setup > Journey type cards > Choose Your Position > QB > Create Player > Player > Appearance > Head & Skin visible,Skin Tone,Skin Tone 12,12,12,PRIMARY_APPROVED_WITH_NOTES,NOT_VERIFIED,USER_CONFIRMATION_REQUIRED,"Locked media supports the visible option enough for verifier review, but this appearance choice should require user confirmation and confirmation screenshots before being treated as a successful personal outcome.",phase0-video-004,data/research/cf27/generated/full-resolution-frames/skin-tone-values-001-024/CF27_XBOXUNKNOWN_RTG_SKINTONE_012/CF27_XBOXUNKNOWN_RTG_SKINTONE_012_MENU_video-004_43p50s.png; 03_Appearance_Skin_Tone.MP4,43-44,MISSING_FROM_CURRENT_DERIVATIVES,NOT_REQUIRED,VISIBLE,VISIBLE,NOT_VISIBLE,false,false,false,true,false,true,false,high,0.55,true,true,false,false,NOT_SECOND_VERIFIED; NO_CATALOG_MANAGER_APPROVAL; NOT_IN_APPROVED_IMMUTABLE_PRODUCTION_RELEASE; ENVIRONMENT_UNRESOLVED; CATEGORY_INCOMPLETE; RECAPTURE_REQUIRED_FOR_PRODUCTION_COMPARISON; ISSUE:issue-phase0-appearance-control-skin-tone-recapture; ISSUE:issue-phase0-primary-review-category-incomplete; ISSUE:issue-phase0-primary-review-environment-unresolved; MISSING_REQUIRED_VIEWS; CATEGORY_COUNT_ORDER_INCOMPLETE,Independently verify native label/index/order and evidence references; confirm the record should remain user-confirmation-required if approved later.,Optional post-launch media may improve color/detail confidence but is not required by default.,"Skin Tone selector boundaries, default, wrap behavior, and total count are not fully proven.; Current evidence is primary research only and not standardized for production comparison.; Second-person verification has not occurred.; May support guided build instructions after later verification, but must not be used as a high-confidence geometry match.; Game version, patch, or environment metadata remains incomplete for production.; No Codex-created human verification decision is recorded."
CF27_XBOXUNKNOWN_RTG_SKINTONE_013,EA SPORTS College Football 27,Xbox,,,Road to Glory,Main interface > Road to Glory > Road to Glory Setup > Journey type cards > Choose Your Position > QB > Create Player > Player > Appearance > Head & Skin visible,Skin Tone,Skin Tone 13,13,13,PRIMARY_APPROVED_WITH_NOTES,NOT_VERIFIED,USER_CONFIRMATION_REQUIRED,"Locked media supports the visible option enough for verifier review, but this appearance choice should require user confirmation and confirmation screenshots before being treated as a successful personal outcome.",phase0-video-004,data/research/cf27/generated/full-resolution-frames/skin-tone-values-001-024/CF27_XBOXUNKNOWN_RTG_SKINTONE_013/CF27_XBOXUNKNOWN_RTG_SKINTONE_013_MENU_video-004_39p50s.png; 03_Appearance_Skin_Tone.MP4,39-40,MISSING_FROM_CURRENT_DERIVATIVES,NOT_REQUIRED,VISIBLE,VISIBLE,NOT_VISIBLE,false,false,false,true,false,true,false,high,0.55,true,true,false,false,NOT_SECOND_VERIFIED; NO_CATALOG_MANAGER_APPROVAL; NOT_IN_APPROVED_IMMUTABLE_PRODUCTION_RELEASE; ENVIRONMENT_UNRESOLVED; CATEGORY_INCOMPLETE; RECAPTURE_REQUIRED_FOR_PRODUCTION_COMPARISON; ISSUE:issue-phase0-appearance-control-skin-tone-recapture; ISSUE:issue-phase0-primary-review-category-incomplete; ISSUE:issue-phase0-primary-review-environment-unresolved; MISSING_REQUIRED_VIEWS; CATEGORY_COUNT_ORDER_INCOMPLETE,Independently verify native label/index/order and evidence references; confirm the record should remain user-confirmation-required if approved later.,Optional post-launch media may improve color/detail confidence but is not required by default.,"Skin Tone selector boundaries, default, wrap behavior, and total count are not fully proven.; Current evidence is primary research only and not standardized for production comparison.; Second-person verification has not occurred.; May support guided build instructions after later verification, but must not be used as a high-confidence geometry match.; Game version, patch, or environment metadata remains incomplete for production.; No Codex-created human verification decision is recorded."
CF27_XBOXUNKNOWN_RTG_SKINTONE_017,EA SPORTS College Football 27,Xbox,,,Road to Glory,Main interface > Road to Glory > Road to Glory Setup > Journey type cards > Choose Your Position > QB > Create Player > Player > Appearance > Head & Skin visible,Skin Tone,Skin Tone 17,17,17,PRIMARY_APPROVED_WITH_NOTES,NOT_VERIFIED,USER_CONFIRMATION_REQUIRED,"Locked media supports the visible option enough for verifier review, but this appearance choice should require user confirmation and confirmation screenshots before being treated as a successful personal outcome.",phase0-video-004,data/research/cf27/generated/full-resolution-frames/skin-tone-values-001-024/CF27_XBOXUNKNOWN_RTG_SKINTONE_014/CF27_XBOXUNKNOWN_RTG_SKINTONE_014_MENU_video-004_38p00s.png; 03_Appearance_Skin_Tone.MP4,37-38,MISSING_FROM_CURRENT_DERIVATIVES,NOT_REQUIRED,VISIBLE,VISIBLE,NOT_VISIBLE,false,false,false,true,true,true,false,high,0.55,true,true,false,false,NOT_SECOND_VERIFIED; NO_CATALOG_MANAGER_APPROVAL; NOT_IN_APPROVED_IMMUTABLE_PRODUCTION_RELEASE; ENVIRONMENT_UNRESOLVED; CATEGORY_INCOMPLETE; RECAPTURE_REQUIRED_FOR_PRODUCTION_COMPARISON; ISSUE:issue-phase0-appearance-control-skin-tone-recapture; ISSUE:issue-phase0-primary-review-category-incomplete; ISSUE:issue-phase0-primary-review-environment-unresolved; MISSING_REQUIRED_VIEWS; CATEGORY_COUNT_ORDER_INCOMPLETE,Independently verify native label/index/order and evidence references; confirm the record should remain user-confirmation-required if approved later.,Optional post-launch media may improve color/detail confidence but is not required by default.,"Skin Tone selector boundaries, default, wrap behavior, and total count are not fully proven.; Current evidence is primary research only and not standardized for production comparison.; Second-person verification has not occurred.; May support guided build instructions after later verification, but must not be used as a high-confidence geometry match.; Game version, patch, or environment metadata remains incomplete for production.; No Codex-created human verification decision is recorded."
CF27_XBOXUNKNOWN_RTG_SKINTONE_018,EA SPORTS College Football 27,Xbox,,,Road to Glory,Main interface > Road to Glory > Road to Glory Setup > Journey type cards > Choose Your Position > QB > Create Player > Player > Appearance > Head & Skin visible,Skin Tone,Skin Tone 18,18,18,PRIMARY_APPROVED_WITH_NOTES,NOT_VERIFIED,USER_CONFIRMATION_REQUIRED,"Locked media supports the visible option enough for verifier review, but this appearance choice should require user confirmation and confirmation screenshots before being treated as a successful personal outcome.",phase0-video-004,data/research/cf27/generated/full-resolution-frames/skin-tone-values-001-024/CF27_XBOXUNKNOWN_RTG_SKINTONE_015/CF27_XBOXUNKNOWN_RTG_SKINTONE_015_MENU_video-004_21p50s.png; 03_Appearance_Skin_Tone.MP4,20-22,MISSING_FROM_CURRENT_DERIVATIVES,NOT_REQUIRED,VISIBLE,VISIBLE,NOT_VISIBLE,false,false,false,true,true,true,false,high,0.55,true,true,false,false,NOT_SECOND_VERIFIED; NO_CATALOG_MANAGER_APPROVAL; NOT_IN_APPROVED_IMMUTABLE_PRODUCTION_RELEASE; ENVIRONMENT_UNRESOLVED; CATEGORY_INCOMPLETE; RECAPTURE_REQUIRED_FOR_PRODUCTION_COMPARISON; ISSUE:issue-phase0-appearance-control-skin-tone-recapture; ISSUE:issue-phase0-primary-review-category-incomplete; ISSUE:issue-phase0-primary-review-environment-unresolved; MISSING_REQUIRED_VIEWS; CATEGORY_COUNT_ORDER_INCOMPLETE,Independently verify native label/index/order and evidence references; confirm the record should remain user-confirmation-required if approved later.,Optional post-launch media may improve color/detail confidence but is not required by default.,"Skin Tone selector boundaries, default, wrap behavior, and total count are not fully proven.; Current evidence is primary research only and not standardized for production comparison.; Second-person verification has not occurred.; May support guided build instructions after later verification, but must not be used as a high-confidence geometry match.; Game version, patch, or environment metadata remains incomplete for production.; No Codex-created human verification decision is recorded."
CF27_XBOXUNKNOWN_RTG_SKINTONE_019,EA SPORTS College Football 27,Xbox,,,Road to Glory,Main interface > Road to Glory > Road to Glory Setup > Journey type cards > Choose Your Position > QB > Create Player > Player > Appearance > Head & Skin visible,Skin Tone,Skin Tone 19,19,19,PRIMARY_APPROVED_WITH_NOTES,NOT_VERIFIED,USER_CONFIRMATION_REQUIRED,"Locked media supports the visible option enough for verifier review, but this appearance choice should require user confirmation and confirmation screenshots before being treated as a successful personal outcome.",phase0-video-004,data/research/cf27/generated/full-resolution-frames/skin-tone-values-001-024/CF27_XBOXUNKNOWN_RTG_SKINTONE_019/CF27_XBOXUNKNOWN_RTG_SKINTONE_019_MENU_video-004_17p50s.png; 03_Appearance_Skin_Tone.MP4,17-19,MISSING_FROM_CURRENT_DERIVATIVES,NOT_REQUIRED,VISIBLE,VISIBLE,NOT_VISIBLE,false,false,false,true,false,true,false,high,0.55,true,true,false,false,NOT_SECOND_VERIFIED; NO_CATALOG_MANAGER_APPROVAL; NOT_IN_APPROVED_IMMUTABLE_PRODUCTION_RELEASE; ENVIRONMENT_UNRESOLVED; CATEGORY_INCOMPLETE; RECAPTURE_REQUIRED_FOR_PRODUCTION_COMPARISON; ISSUE:issue-phase0-appearance-control-skin-tone-recapture; ISSUE:issue-phase0-primary-review-category-incomplete; ISSUE:issue-phase0-primary-review-environment-unresolved; MISSING_REQUIRED_VIEWS; CATEGORY_COUNT_ORDER_INCOMPLETE,Independently verify native label/index/order and evidence references; confirm the record should remain user-confirmation-required if approved later.,Optional post-launch media may improve color/detail confidence but is not required by default.,"Skin Tone selector boundaries, default, wrap behavior, and total count are not fully proven.; Current evidence is primary research only and not standardized for production comparison.; Second-person verification has not occurred.; May support guided build instructions after later verification, but must not be used as a high-confidence geometry match.; Game version, patch, or environment metadata remains incomplete for production.; No Codex-created human verification decision is recorded."
CF27_XBOXUNKNOWN_RTG_SKINTONE_020,EA SPORTS College Football 27,Xbox,,,Road to Glory,Main interface > Road to Glory > Road to Glory Setup > Journey type cards > Choose Your Position > QB > Create Player > Player > Appearance > Head & Skin visible,Skin Tone,Skin Tone 20,20,20,PRIMARY_APPROVED_WITH_NOTES,NOT_VERIFIED,USER_CONFIRMATION_REQUIRED,"Locked media supports the visible option enough for verifier review, but this appearance choice should require user confirmation and confirmation screenshots before being treated as a successful personal outcome.",phase0-video-004,data/research/cf27/generated/full-resolution-frames/skin-tone-values-001-024/CF27_XBOXUNKNOWN_RTG_SKINTONE_020/CF27_XBOXUNKNOWN_RTG_SKINTONE_020_MENU_video-004_15p50s.png; 03_Appearance_Skin_Tone.MP4,15-16,MISSING_FROM_CURRENT_DERIVATIVES,NOT_REQUIRED,VISIBLE,VISIBLE,NOT_VISIBLE,false,false,false,true,false,true,false,high,0.55,true,true,false,false,NOT_SECOND_VERIFIED; NO_CATALOG_MANAGER_APPROVAL; NOT_IN_APPROVED_IMMUTABLE_PRODUCTION_RELEASE; ENVIRONMENT_UNRESOLVED; CATEGORY_INCOMPLETE; RECAPTURE_REQUIRED_FOR_PRODUCTION_COMPARISON; ISSUE:issue-phase0-appearance-control-skin-tone-recapture; ISSUE:issue-phase0-primary-review-category-incomplete; ISSUE:issue-phase0-primary-review-environment-unresolved; MISSING_REQUIRED_VIEWS; CATEGORY_COUNT_ORDER_INCOMPLETE,Independently verify native label/index/order and evidence references; confirm the record should remain user-confirmation-required if approved later.,Optional post-launch media may improve color/detail confidence but is not required by default.,"Skin Tone selector boundaries, default, wrap behavior, and total count are not fully proven.; Current evidence is primary research only and not standardized for production comparison.; Second-person verification has not occurred.; May support guided build instructions after later verification, but must not be used as a high-confidence geometry match.; Game version, patch, or environment metadata remains incomplete for production.; No Codex-created human verification decision is recorded."
CF27_XBOXUNKNOWN_RTG_SKINTONE_021,EA SPORTS College Football 27,Xbox,,,Road to Glory,Main interface > Road to Glory > Road to Glory Setup > Journey type cards > Choose Your Position > QB > Create Player > Player > Appearance > Head & Skin visible,Skin Tone,Skin Tone 21,21,21,PRIMARY_APPROVED_WITH_NOTES,NOT_VERIFIED,USER_CONFIRMATION_REQUIRED,"Locked media supports the visible option enough for verifier review, but this appearance choice should require user confirmation and confirmation screenshots before being treated as a successful personal outcome.",phase0-video-004,data/research/cf27/generated/full-resolution-frames/skin-tone-values-001-024/CF27_XBOXUNKNOWN_RTG_SKINTONE_021/CF27_XBOXUNKNOWN_RTG_SKINTONE_021_MENU_video-004_23p50s.png; 03_Appearance_Skin_Tone.MP4,23-24,MISSING_FROM_CURRENT_DERIVATIVES,NOT_REQUIRED,VISIBLE,VISIBLE,NOT_VISIBLE,false,false,false,true,false,true,false,high,0.55,true,true,false,false,NOT_SECOND_VERIFIED; NO_CATALOG_MANAGER_APPROVAL; NOT_IN_APPROVED_IMMUTABLE_PRODUCTION_RELEASE; ENVIRONMENT_UNRESOLVED; CATEGORY_INCOMPLETE; RECAPTURE_REQUIRED_FOR_PRODUCTION_COMPARISON; ISSUE:issue-phase0-appearance-control-skin-tone-recapture; ISSUE:issue-phase0-primary-review-category-incomplete; ISSUE:issue-phase0-primary-review-environment-unresolved; MISSING_REQUIRED_VIEWS; CATEGORY_COUNT_ORDER_INCOMPLETE,Independently verify native label/index/order and evidence references; confirm the record should remain user-confirmation-required if approved later.,Optional post-launch media may improve color/detail confidence but is not required by default.,"Skin Tone selector boundaries, default, wrap behavior, and total count are not fully proven.; Current evidence is primary research only and not standardized for production comparison.; Second-person verification has not occurred.; May support guided build instructions after later verification, but must not be used as a high-confidence geometry match.; Game version, patch, or environment metadata remains incomplete for production.; No Codex-created human verification decision is recorded."
CF27_XBOXUNKNOWN_RTG_SKINTONE_022,EA SPORTS College Football 27,Xbox,,,Road to Glory,Main interface > Road to Glory > Road to Glory Setup > Journey type cards > Choose Your Position > QB > Create Player > Player > Appearance > Head & Skin visible,Skin Tone,Skin Tone 22,22,22,PRIMARY_APPROVED_WITH_NOTES,NOT_VERIFIED,USER_CONFIRMATION_REQUIRED,"Locked media supports the visible option enough for verifier review, but this appearance choice should require user confirmation and confirmation screenshots before being treated as a successful personal outcome.",phase0-video-004,data/phase-zero/derivative-frames/video-004-tl-014_04-skin-tone-mp4_35p5s.png; 03_Appearance_Skin_Tone.MP4,35-36,MISSING_FROM_CURRENT_DERIVATIVES,NOT_REQUIRED,VISIBLE,VISIBLE,NOT_VISIBLE,false,false,false,true,true,true,false,high,0.55,true,true,false,false,NOT_SECOND_VERIFIED; NO_CATALOG_MANAGER_APPROVAL; NOT_IN_APPROVED_IMMUTABLE_PRODUCTION_RELEASE; ENVIRONMENT_UNRESOLVED; CATEGORY_INCOMPLETE; RECAPTURE_REQUIRED_FOR_PRODUCTION_COMPARISON; ISSUE:issue-phase0-appearance-control-skin-tone-recapture; ISSUE:issue-phase0-primary-review-category-incomplete; ISSUE:issue-phase0-primary-review-environment-unresolved; MISSING_REQUIRED_VIEWS; CATEGORY_COUNT_ORDER_INCOMPLETE,Independently verify native label/index/order and evidence references; confirm the record should remain user-confirmation-required if approved later.,Optional post-launch media may improve color/detail confidence but is not required by default.,"Skin Tone selector boundaries, default, wrap behavior, and total count are not fully proven.; Current evidence is primary research only and not standardized for production comparison.; Second-person verification has not occurred.; May support guided build instructions after later verification, but must not be used as a high-confidence geometry match.; Game version, patch, or environment metadata remains incomplete for production.; No Codex-created human verification decision is recorded."
CF27_XBOXUNKNOWN_RTG_SKINTONE_023,EA SPORTS College Football 27,Xbox,,,Road to Glory,Main interface > Road to Glory > Road to Glory Setup > Journey type cards > Choose Your Position > QB > Create Player > Player > Appearance > Head & Skin visible,Skin Tone,Skin Tone 23,23,23,PRIMARY_APPROVED_WITH_NOTES,NOT_VERIFIED,USER_CONFIRMATION_REQUIRED,"Locked media supports the visible option enough for verifier review, but this appearance choice should require user confirmation and confirmation screenshots before being treated as a successful personal outcome.",phase0-video-004,data/phase-zero/derivative-frames/video-004-tl-023_04-skin-tone-mp4_52p91s.png; 03_Appearance_Skin_Tone.MP4,52-53.82,MISSING_FROM_CURRENT_DERIVATIVES,NOT_REQUIRED,VISIBLE,VISIBLE,NOT_VISIBLE,false,false,false,true,true,true,false,high,0.55,true,true,false,false,NOT_SECOND_VERIFIED; NO_CATALOG_MANAGER_APPROVAL; NOT_IN_APPROVED_IMMUTABLE_PRODUCTION_RELEASE; ENVIRONMENT_UNRESOLVED; CATEGORY_INCOMPLETE; RECAPTURE_REQUIRED_FOR_PRODUCTION_COMPARISON; ISSUE:issue-phase0-appearance-control-skin-tone-recapture; ISSUE:issue-phase0-primary-review-category-incomplete; ISSUE:issue-phase0-primary-review-environment-unresolved; MISSING_REQUIRED_VIEWS; CATEGORY_COUNT_ORDER_INCOMPLETE,Independently verify native label/index/order and evidence references; confirm the record should remain user-confirmation-required if approved later.,Optional post-launch media may improve color/detail confidence but is not required by default.,"Skin Tone selector boundaries, default, wrap behavior, and total count are not fully proven.; Current evidence is primary research only and not standardized for production comparison.; Second-person verification has not occurred.; May support guided build instructions after later verification, but must not be used as a high-confidence geometry match.; Game version, patch, or environment metadata remains incomplete for production.; No Codex-created human verification decision is recorded."
CF27_XBOXUNKNOWN_RTG_SKINTONE_024,EA SPORTS College Football 27,Xbox,,,Road to Glory,Main interface > Road to Glory > Road to Glory Setup > Journey type cards > Choose Your Position > QB > Create Player > Player > Appearance > Head & Skin visible,Skin Tone,Skin Tone 24,24,24,PRIMARY_APPROVED_WITH_NOTES,NOT_VERIFIED,USER_CONFIRMATION_REQUIRED,"Locked media supports the visible option enough for verifier review, but this appearance choice should require user confirmation and confirmation screenshots before being treated as a successful personal outcome.",phase0-video-004,data/research/cf27/generated/full-resolution-frames/skin-tone-values-001-024/CF27_XBOXUNKNOWN_RTG_SKINTONE_024/CF27_XBOXUNKNOWN_RTG_SKINTONE_024_MENU_video-004_33p00s.png; 03_Appearance_Skin_Tone.MP4,33-34,MISSING_FROM_CURRENT_DERIVATIVES,NOT_REQUIRED,VISIBLE,VISIBLE,NOT_VISIBLE,false,false,false,true,false,true,false,high,0.55,true,true,false,false,NOT_SECOND_VERIFIED; NO_CATALOG_MANAGER_APPROVAL; NOT_IN_APPROVED_IMMUTABLE_PRODUCTION_RELEASE; ENVIRONMENT_UNRESOLVED; CATEGORY_INCOMPLETE; RECAPTURE_REQUIRED_FOR_PRODUCTION_COMPARISON; ISSUE:issue-phase0-appearance-control-skin-tone-recapture; ISSUE:issue-phase0-primary-review-category-incomplete; ISSUE:issue-phase0-primary-review-environment-unresolved; MISSING_REQUIRED_VIEWS; CATEGORY_COUNT_ORDER_INCOMPLETE,Independently verify native label/index/order and evidence references; confirm the record should remain user-confirmation-required if approved later.,Optional post-launch media may improve color/detail confidence but is not required by default.,"Skin Tone selector boundaries, default, wrap behavior, and total count are not fully proven.; Current evidence is primary research only and not standardized for production comparison.; Second-person verification has not occurred.; May support guided build instructions after later verification, but must not be used as a high-confidence geometry match.; Game version, patch, or environment metadata remains incomplete for production.; No Codex-created human verification decision is recorded."
CF27_XBOXUNKNOWN_RTG_SKINTONE_029,EA SPORTS College Football 27,Xbox,,,Road to Glory,Main interface > Road to Glory > Road to Glory Setup > Journey type cards > Choose Your Position > QB > Create Player > Player > Appearance > Head & Skin visible,Skin Tone,Skin Tone 29,29,29,PRIMARY_APPROVED_WITH_NOTES,NOT_VERIFIED,USER_CONFIRMATION_REQUIRED,"Locked media supports the visible option enough for verifier review, but this appearance choice should require user confirmation and confirmation screenshots before being treated as a successful personal outcome.",phase0-video-004,data/research/cf27/generated/full-resolution-frames/skin-tone-values-001-024/CF27_XBOXUNKNOWN_RTG_SKINTONE_023/CF27_XBOXUNKNOWN_RTG_SKINTONE_023_MENU_video-004_31p50s.png; 03_Appearance_Skin_Tone.MP4,31-32,MISSING_FROM_CURRENT_DERIVATIVES,NOT_REQUIRED,VISIBLE,VISIBLE,NOT_VISIBLE,false,false,false,true,true,true,false,high,0.55,true,true,false,false,NOT_SECOND_VERIFIED; NO_CATALOG_MANAGER_APPROVAL; NOT_IN_APPROVED_IMMUTABLE_PRODUCTION_RELEASE; ENVIRONMENT_UNRESOLVED; CATEGORY_INCOMPLETE; RECAPTURE_REQUIRED_FOR_PRODUCTION_COMPARISON; ISSUE:issue-phase0-appearance-control-skin-tone-recapture; ISSUE:issue-phase0-primary-review-category-incomplete; ISSUE:issue-phase0-primary-review-environment-unresolved; MISSING_REQUIRED_VIEWS; CATEGORY_COUNT_ORDER_INCOMPLETE,Independently verify native label/index/order and evidence references; confirm the record should remain user-confirmation-required if approved later.,Optional post-launch media may improve color/detail confidence but is not required by default.,"Skin Tone selector boundaries, default, wrap behavior, and total count are not fully proven.; Current evidence is primary research only and not standardized for production comparison.; Second-person verification has not occurred.; May support guided build instructions after later verification, but must not be used as a high-confidence geometry match.; Game version, patch, or environment metadata remains incomplete for production.; No Codex-created human verification decision is recorded."
