queue_record_id,stable_candidate_id,category,native_option_label_or_index,native_order,platform,game_version,patch,mode,creation_path,environment_id,primary_review_status,evidence_completeness_status,evidence_ids,source_videos,source_timestamps,required_views,available_views,missing_views,framing_consistency_result,lighting_consistency_result,canonical_settings_consistency_result,duplicate_or_near_duplicate_flag,dependency_flag,version_or_environment_gap,recommended_verifier_action,recommended_recapture_action,current_production_eligibility,blocking_reasons,second_verifier_status,catalog_manager_disposition
cf27-production-verification-cf27-xboxunknown-rtg-journeytype-blue-chip,CF27_XBOXUNKNOWN_RTG_JOURNEYTYPE_BLUE_CHIP,Body-related appearance controls,BLUE CHIP,,Xbox,,,Road to Glory,Main interface > Road to Glory > Road to Glory Setup > Journey type cards > Choose Your Position > QB > Create Player > Player > Appearance > Head & Skin visible,env-cf27-phase0-video-001-rtg-custom-qb,PRIMARY_APPROVED_WITH_NOTES,EVIDENCE_LINKED,phase0-source-phase0-video-001,phase0-video-001,18-23,MENU,MENU,,NOT_APPLICABLE,UNRESOLVED_NOT_CAPTURE_STANDARDIZED,FAIL,false,false,true,INDEPENDENTLY_REVIEW_EVIDENCE_AFTER_BLIND_COUNTS,"issue-phase0-primary-review-category-incomplete: Follow the Wyatt recapture instructions generated for this primary-review checkpoint. | issue-phase0-primary-review-environment-unresolved: Capture only non-secret game/console environment screens. Do not include account credentials, payment screens, serial numbers, or private profile details.",NOT_ELIGIBLE,NOT_SECOND_VERIFIED;NO_CATALOG_MANAGER_APPROVAL;NOT_IN_APPROVED_IMMUTABLE_PRODUCTION_RELEASE;ENVIRONMENT_UNRESOLVED;RECAPTURE_REQUIRED_FOR_PRODUCTION_COMPARISON;ISSUE:issue-phase0-primary-review-category-incomplete;ISSUE:issue-phase0-primary-review-environment-unresolved,NOT_VERIFIED,NOT_REVIEWED
cf27-production-verification-cf27-xboxunknown-rtg-journeytype-contributor,CF27_XBOXUNKNOWN_RTG_JOURNEYTYPE_CONTRIBUTOR,Body-related appearance controls,CONTRIBUTOR,,Xbox,,,Road to Glory,Main interface > Road to Glory > Road to Glory Setup > Journey type cards > Choose Your Position > QB > Create Player > Player > Appearance > Head & Skin visible,env-cf27-phase0-video-001-rtg-custom-qb,PRIMARY_APPROVED_WITH_NOTES,EVIDENCE_LINKED,phase0-source-phase0-video-001,phase0-video-001,18-23,MENU,MENU,,NOT_APPLICABLE,UNRESOLVED_NOT_CAPTURE_STANDARDIZED,FAIL,false,false,true,INDEPENDENTLY_REVIEW_EVIDENCE_AFTER_BLIND_COUNTS,"issue-phase0-primary-review-category-incomplete: Follow the Wyatt recapture instructions generated for this primary-review checkpoint. | issue-phase0-primary-review-environment-unresolved: Capture only non-secret game/console environment screens. Do not include account credentials, payment screens, serial numbers, or private profile details.",NOT_ELIGIBLE,NOT_SECOND_VERIFIED;NO_CATALOG_MANAGER_APPROVAL;NOT_IN_APPROVED_IMMUTABLE_PRODUCTION_RELEASE;ENVIRONMENT_UNRESOLVED;RECAPTURE_REQUIRED_FOR_PRODUCTION_COMPARISON;ISSUE:issue-phase0-primary-review-category-incomplete;ISSUE:issue-phase0-primary-review-environment-unresolved,NOT_VERIFIED,NOT_REVIEWED
cf27-production-verification-cf27-xboxunknown-rtg-journeytype-elite,CF27_XBOXUNKNOWN_RTG_JOURNEYTYPE_ELITE,Body-related appearance controls,ELITE,,Xbox,,,Road to Glory,Main interface > Road to Glory > Road to Glory Setup > Journey type cards > Choose Your Position > QB > Create Player > Player > Appearance > Head & Skin visible,env-cf27-phase0-video-001-rtg-custom-qb,PRIMARY_APPROVED_WITH_NOTES,EVIDENCE_LINKED,phase0-source-phase0-video-001,phase0-video-001,18-23,MENU,MENU,,NOT_APPLICABLE,UNRESOLVED_NOT_CAPTURE_STANDARDIZED,FAIL,false,false,true,INDEPENDENTLY_REVIEW_EVIDENCE_AFTER_BLIND_COUNTS,"issue-phase0-primary-review-category-incomplete: Follow the Wyatt recapture instructions generated for this primary-review checkpoint. | issue-phase0-primary-review-environment-unresolved: Capture only non-secret game/console environment screens. Do not include account credentials, payment screens, serial numbers, or private profile details.",NOT_ELIGIBLE,NOT_SECOND_VERIFIED;NO_CATALOG_MANAGER_APPROVAL;NOT_IN_APPROVED_IMMUTABLE_PRODUCTION_RELEASE;ENVIRONMENT_UNRESOLVED;RECAPTURE_REQUIRED_FOR_PRODUCTION_COMPARISON;ISSUE:issue-phase0-primary-review-category-incomplete;ISSUE:issue-phase0-primary-review-environment-unresolved,NOT_VERIFIED,NOT_REVIEWED
cf27-production-verification-cf27-xboxunknown-rtg-journeytype-underdog,CF27_XBOXUNKNOWN_RTG_JOURNEYTYPE_UNDERDOG,Body-related appearance controls,UNDERDOG,,Xbox,,,Road to Glory,Main interface > Road to Glory > Road to Glory Setup > Journey type cards > Choose Your Position > QB > Create Player > Player > Appearance > Head & Skin visible,env-cf27-phase0-video-001-rtg-custom-qb,PRIMARY_APPROVED_WITH_NOTES,EVIDENCE_LINKED,phase0-source-phase0-video-001,phase0-video-001,18-23,MENU,MENU,,NOT_APPLICABLE,UNRESOLVED_NOT_CAPTURE_STANDARDIZED,FAIL,false,false,true,INDEPENDENTLY_REVIEW_EVIDENCE_AFTER_BLIND_COUNTS,"issue-phase0-primary-review-category-incomplete: Follow the Wyatt recapture instructions generated for this primary-review checkpoint. | issue-phase0-primary-review-environment-unresolved: Capture only non-secret game/console environment screens. Do not include account credentials, payment screens, serial numbers, or private profile details.",NOT_ELIGIBLE,NOT_SECOND_VERIFIED;NO_CATALOG_MANAGER_APPROVAL;NOT_IN_APPROVED_IMMUTABLE_PRODUCTION_RELEASE;ENVIRONMENT_UNRESOLVED;RECAPTURE_REQUIRED_FOR_PRODUCTION_COMPARISON;ISSUE:issue-phase0-primary-review-category-incomplete;ISSUE:issue-phase0-primary-review-environment-unresolved,NOT_VERIFIED,NOT_REVIEWED
cf27-production-verification-cf27-xboxunknown-rtg-position-qb,CF27_XBOXUNKNOWN_RTG_POSITION_QB,Body-related appearance controls,QB,,Xbox,,,Road to Glory,Main interface > Road to Glory > Road to Glory Setup > Journey type cards > Choose Your Position > QB > Create Player > Player > Appearance > Head & Skin visible,env-cf27-phase0-video-001-rtg-custom-qb,PRIMARY_APPROVED_WITH_NOTES,EVIDENCE_LINKED,phase0-source-phase0-video-001,phase0-video-001,24-29,MENU,MENU,,NOT_APPLICABLE,UNRESOLVED_NOT_CAPTURE_STANDARDIZED,FAIL,false,false,true,INDEPENDENTLY_REVIEW_EVIDENCE_AFTER_BLIND_COUNTS,"issue-phase0-primary-review-category-incomplete: Follow the Wyatt recapture instructions generated for this primary-review checkpoint. | issue-phase0-primary-review-environment-unresolved: Capture only non-secret game/console environment screens. Do not include account credentials, payment screens, serial numbers, or private profile details.",NOT_ELIGIBLE,NOT_SECOND_VERIFIED;NO_CATALOG_MANAGER_APPROVAL;NOT_IN_APPROVED_IMMUTABLE_PRODUCTION_RELEASE;ENVIRONMENT_UNRESOLVED;RECAPTURE_REQUIRED_FOR_PRODUCTION_COMPARISON;ISSUE:issue-phase0-primary-review-category-incomplete;ISSUE:issue-phase0-primary-review-environment-unresolved,NOT_VERIFIED,NOT_REVIEWED
cf27-production-verification-cf27-xboxunknown-rtg-chin-square,CF27_XBOXUNKNOWN_RTG_CHIN_SQUARE,Chin,Square,2,Xbox,,,Road to Glory,Main interface > Road to Glory > Road to Glory Setup > Journey type cards > Choose Your Position > QB > Create Player > Player > Appearance > Head & Skin visible,env-cf27-phase0-video-001-rtg-custom-qb,PRIMARY_APPROVED_WITH_NOTES,EVIDENCE_LINKED,phase0-frame-CF27_XBOX_SOURCE_2026_08_02_001-tl-011,CF27_XBOX_SOURCE_2026_08_02_001,230-240.24,MENU;FRONT;LEFT_PROFILE;RIGHT_PROFILE,MENU,FRONT;LEFT_PROFILE;RIGHT_PROFILE,FAIL,UNRESOLVED_NOT_CAPTURE_STANDARDIZED,FAIL,false,false,true,INDEPENDENTLY_REVIEW_EVIDENCE_AFTER_BLIND_COUNTS,"issue-phase0-primary-review-category-incomplete: Follow the Wyatt recapture instructions generated for this primary-review checkpoint. | issue-phase0-primary-review-environment-unresolved: Capture only non-secret game/console environment screens. Do not include account credentials, payment screens, serial numbers, or private profile details.",NOT_ELIGIBLE,NOT_SECOND_VERIFIED;NO_CATALOG_MANAGER_APPROVAL;NOT_IN_APPROVED_IMMUTABLE_PRODUCTION_RELEASE;ENVIRONMENT_UNRESOLVED;CATEGORY_INCOMPLETE;RECAPTURE_REQUIRED_FOR_PRODUCTION_COMPARISON;ISSUE:issue-phase0-primary-review-category-incomplete;ISSUE:issue-phase0-primary-review-environment-unresolved;MISSING_REQUIRED_VIEWS,NOT_VERIFIED,NOT_REVIEWED
cf27-production-verification-cf27-xboxunknown-rtg-earshape-001,CF27_XBOXUNKNOWN_RTG_EARSHAPE_001,Ear Shape,Attached Lobe,1,Xbox,,,Road to Glory,Main interface > Road to Glory > Road to Glory Setup > Journey type cards > Choose Your Position > QB > Create Player > Player > Appearance > Head & Skin visible,env-cf27-phase0-video-001-rtg-custom-qb,PRIMARY_APPROVED_WITH_NOTES,EVIDENCE_LINKED,phase0-frame-video-009-tl-003,phase0-video-009,18-20,MENU;LEFT_PROFILE;RIGHT_PROFILE,MENU,LEFT_PROFILE;RIGHT_PROFILE,PASS,UNRESOLVED_NOT_CAPTURE_STANDARDIZED,FAIL,false,false,true,INDEPENDENTLY_REVIEW_EVIDENCE_AFTER_BLIND_COUNTS,"issue-phase0-appearance-control-ear-shape-recapture: Record Ear Shape from the first available value through the final available value, pausing on each selected value long enough for label and character state review. Include beginning boundary, final boundary, wrap/no-wrap evidence, default state evidence, and dependency notes. | issue-phase0-primary-review-category-incomplete: Follow the Wyatt recapture instructions generated for this primary-review checkpoint. | issue-phase0-primary-review-environment-unresolved: Capture only non-secret game/console environment screens. Do not include account credentials, payment screens, serial numbers, or private profile details.",NOT_ELIGIBLE,NOT_SECOND_VERIFIED;NO_CATALOG_MANAGER_APPROVAL;NOT_IN_APPROVED_IMMUTABLE_PRODUCTION_RELEASE;ENVIRONMENT_UNRESOLVED;CATEGORY_INCOMPLETE;RECAPTURE_REQUIRED_FOR_PRODUCTION_COMPARISON;ISSUE:issue-phase0-appearance-control-ear-shape-recapture;ISSUE:issue-phase0-primary-review-category-incomplete;ISSUE:issue-phase0-primary-review-environment-unresolved;MISSING_REQUIRED_VIEWS;CATEGORY_COUNT_ORDER_INCOMPLETE,NOT_VERIFIED,NOT_REVIEWED
cf27-production-verification-cf27-xboxunknown-rtg-earshape-002,CF27_XBOXUNKNOWN_RTG_EARSHAPE_002,Ear Shape,None,2,Xbox,,,Road to Glory,Main interface > Road to Glory > Road to Glory Setup > Journey type cards > Choose Your Position > QB > Create Player > Player > Appearance > Head & Skin visible,env-cf27-phase0-video-001-rtg-custom-qb,DUPLICATE_REVIEW_REQUIRED,EVIDENCE_LINKED,phase0-frame-video-009-tl-002;phase0-frame-video-009-tl-004,phase0-video-009,16-17,MENU;LEFT_PROFILE;RIGHT_PROFILE,MENU,LEFT_PROFILE;RIGHT_PROFILE,FAIL,UNRESOLVED_NOT_CAPTURE_STANDARDIZED,FAIL,true,false,true,REVIEW_DUPLICATE_OR_CONTINUITY_AFTER_INDEPENDENT_COUNTS,"issue-phase0-appearance-control-ear-shape-recapture: Record Ear Shape from the first available value through the final available value, pausing on each selected value long enough for label and character state review. Include beginning boundary, final boundary, wrap/no-wrap evidence, default state evidence, and dependency notes. | issue-phase0-primary-review-category-incomplete: Follow the Wyatt recapture instructions generated for this primary-review checkpoint. | issue-phase0-primary-review-duplicate-observations: Do not merge duplicate-looking options. Preserve native order and selected value evidence. | issue-phase0-primary-review-environment-unresolved: Capture only non-secret game/console environment screens. Do not include account credentials, payment screens, serial numbers, or private profile details.",NOT_ELIGIBLE,NOT_SECOND_VERIFIED;NO_CATALOG_MANAGER_APPROVAL;NOT_IN_APPROVED_IMMUTABLE_PRODUCTION_RELEASE;ENVIRONMENT_UNRESOLVED;CATEGORY_INCOMPLETE;RECAPTURE_REQUIRED_FOR_PRODUCTION_COMPARISON;DUPLICATE_REVIEW_REQUIRED;ISSUE:issue-phase0-appearance-control-ear-shape-recapture;ISSUE:issue-phase0-primary-review-category-incomplete;ISSUE:issue-phase0-primary-review-duplicate-observations;ISSUE:issue-phase0-primary-review-environment-unresolved;MISSING_REQUIRED_VIEWS;CATEGORY_COUNT_ORDER_INCOMPLETE,NOT_VERIFIED,NOT_REVIEWED
cf27-production-verification-cf27-xboxunknown-rtg-earshape-003,CF27_XBOXUNKNOWN_RTG_EARSHAPE_003,Ear Shape,Round Free Lobe,3,Xbox,,,Road to Glory,Main interface > Road to Glory > Road to Glory Setup > Journey type cards > Choose Your Position > QB > Create Player > Player > Appearance > Head & Skin visible,env-cf27-phase0-video-001-rtg-custom-qb,PRIMARY_APPROVED_WITH_NOTES,EVIDENCE_LINKED,phase0-frame-video-009-tl-005,phase0-video-009,23-25,MENU;LEFT_PROFILE;RIGHT_PROFILE,MENU,LEFT_PROFILE;RIGHT_PROFILE,FAIL,UNRESOLVED_NOT_CAPTURE_STANDARDIZED,FAIL,false,false,true,INDEPENDENTLY_REVIEW_EVIDENCE_AFTER_BLIND_COUNTS,"issue-phase0-appearance-control-ear-shape-recapture: Record Ear Shape from the first available value through the final available value, pausing on each selected value long enough for label and character state review. Include beginning boundary, final boundary, wrap/no-wrap evidence, default state evidence, and dependency notes. | issue-phase0-primary-review-category-incomplete: Follow the Wyatt recapture instructions generated for this primary-review checkpoint. | issue-phase0-primary-review-environment-unresolved: Capture only non-secret game/console environment screens. Do not include account credentials, payment screens, serial numbers, or private profile details.",NOT_ELIGIBLE,NOT_SECOND_VERIFIED;NO_CATALOG_MANAGER_APPROVAL;NOT_IN_APPROVED_IMMUTABLE_PRODUCTION_RELEASE;ENVIRONMENT_UNRESOLVED;CATEGORY_INCOMPLETE;RECAPTURE_REQUIRED_FOR_PRODUCTION_COMPARISON;ISSUE:issue-phase0-appearance-control-ear-shape-recapture;ISSUE:issue-phase0-primary-review-category-incomplete;ISSUE:issue-phase0-primary-review-environment-unresolved;MISSING_REQUIRED_VIEWS;CATEGORY_COUNT_ORDER_INCOMPLETE,NOT_VERIFIED,NOT_REVIEWED
cf27-production-verification-cf27-xboxunknown-rtg-earshape-004,CF27_XBOXUNKNOWN_RTG_EARSHAPE_004,Ear Shape,Pointed,4,Xbox,,,Road to Glory,Main interface > Road to Glory > Road to Glory Setup > Journey type cards > Choose Your Position > QB > Create Player > Player > Appearance > Head & Skin visible,env-cf27-phase0-video-001-rtg-custom-qb,PRIMARY_APPROVED_WITH_NOTES,EVIDENCE_LINKED,phase0-frame-video-009-tl-006,phase0-video-009,26-30.21,MENU;LEFT_PROFILE;RIGHT_PROFILE,MENU,LEFT_PROFILE;RIGHT_PROFILE,PASS,UNRESOLVED_NOT_CAPTURE_STANDARDIZED,FAIL,false,false,true,INDEPENDENTLY_REVIEW_EVIDENCE_AFTER_BLIND_COUNTS,"issue-phase0-appearance-control-ear-shape-recapture: Record Ear Shape from the first available value through the final available value, pausing on each selected value long enough for label and character state review. Include beginning boundary, final boundary, wrap/no-wrap evidence, default state evidence, and dependency notes. | issue-phase0-primary-review-category-incomplete: Follow the Wyatt recapture instructions generated for this primary-review checkpoint. | issue-phase0-primary-review-environment-unresolved: Capture only non-secret game/console environment screens. Do not include account credentials, payment screens, serial numbers, or private profile details.",NOT_ELIGIBLE,NOT_SECOND_VERIFIED;NO_CATALOG_MANAGER_APPROVAL;NOT_IN_APPROVED_IMMUTABLE_PRODUCTION_RELEASE;ENVIRONMENT_UNRESOLVED;CATEGORY_INCOMPLETE;RECAPTURE_REQUIRED_FOR_PRODUCTION_COMPARISON;ISSUE:issue-phase0-appearance-control-ear-shape-recapture;ISSUE:issue-phase0-primary-review-category-incomplete;ISSUE:issue-phase0-primary-review-environment-unresolved;MISSING_REQUIRED_VIEWS;CATEGORY_COUNT_ORDER_INCOMPLETE,NOT_VERIFIED,NOT_REVIEWED
cf27-production-verification-cf27-xboxunknown-rtg-eyecolor-001,CF27_XBOXUNKNOWN_RTG_EYECOLOR_001,Eye Color,Light Blue,1,Xbox,,,Road to Glory,Main interface > Road to Glory > Road to Glory Setup > Journey type cards > Choose Your Position > QB > Create Player > Player > Appearance > Head & Skin visible,env-cf27-phase0-video-001-rtg-custom-qb,PRIMARY_APPROVED_WITH_NOTES,EVIDENCE_LINKED,phase0-frame-video-007-tl-002,phase0-video-007,12-12,MENU;FRONT,MENU,FRONT,FAIL,UNRESOLVED_NOT_CAPTURE_STANDARDIZED,FAIL,false,false,true,INDEPENDENTLY_REVIEW_EVIDENCE_AFTER_BLIND_COUNTS,"issue-phase0-appearance-control-eye-color-recapture: Record Eye Color from the first available value through the final available value, pausing on each selected value long enough for label and character state review. Include beginning boundary, final boundary, wrap/no-wrap evidence, default state evidence, and dependency notes. | issue-phase0-primary-review-category-incomplete: Follow the Wyatt recapture instructions generated for this primary-review checkpoint. | issue-phase0-primary-review-environment-unresolved: Capture only non-secret game/console environment screens. Do not include account credentials, payment screens, serial numbers, or private profile details.",NOT_ELIGIBLE,NOT_SECOND_VERIFIED;NO_CATALOG_MANAGER_APPROVAL;NOT_IN_APPROVED_IMMUTABLE_PRODUCTION_RELEASE;ENVIRONMENT_UNRESOLVED;CATEGORY_INCOMPLETE;RECAPTURE_REQUIRED_FOR_PRODUCTION_COMPARISON;ISSUE:issue-phase0-appearance-control-eye-color-recapture;ISSUE:issue-phase0-primary-review-category-incomplete;ISSUE:issue-phase0-primary-review-environment-unresolved;MISSING_REQUIRED_VIEWS;CATEGORY_COUNT_ORDER_INCOMPLETE,NOT_VERIFIED,NOT_REVIEWED
cf27-production-verification-cf27-xboxunknown-rtg-eyecolor-002,CF27_XBOXUNKNOWN_RTG_EYECOLOR_002,Eye Color,Light Brown,2,Xbox,,,Road to Glory,Main interface > Road to Glory > Road to Glory Setup > Journey type cards > Choose Your Position > QB > Create Player > Player > Appearance > Head & Skin visible,env-cf27-phase0-video-001-rtg-custom-qb,PRIMARY_APPROVED_WITH_NOTES,EVIDENCE_LINKED,phase0-frame-video-007-tl-003,phase0-video-007,13-15,MENU;FRONT,MENU,FRONT,FAIL,UNRESOLVED_NOT_CAPTURE_STANDARDIZED,FAIL,false,false,true,INDEPENDENTLY_REVIEW_EVIDENCE_AFTER_BLIND_COUNTS,"issue-phase0-appearance-control-eye-color-recapture: Record Eye Color from the first available value through the final available value, pausing on each selected value long enough for label and character state review. Include beginning boundary, final boundary, wrap/no-wrap evidence, default state evidence, and dependency notes. | issue-phase0-primary-review-category-incomplete: Follow the Wyatt recapture instructions generated for this primary-review checkpoint. | issue-phase0-primary-review-environment-unresolved: Capture only non-secret game/console environment screens. Do not include account credentials, payment screens, serial numbers, or private profile details.",NOT_ELIGIBLE,NOT_SECOND_VERIFIED;NO_CATALOG_MANAGER_APPROVAL;NOT_IN_APPROVED_IMMUTABLE_PRODUCTION_RELEASE;ENVIRONMENT_UNRESOLVED;CATEGORY_INCOMPLETE;RECAPTURE_REQUIRED_FOR_PRODUCTION_COMPARISON;ISSUE:issue-phase0-appearance-control-eye-color-recapture;ISSUE:issue-phase0-primary-review-category-incomplete;ISSUE:issue-phase0-primary-review-environment-unresolved;MISSING_REQUIRED_VIEWS;CATEGORY_COUNT_ORDER_INCOMPLETE,NOT_VERIFIED,NOT_REVIEWED
cf27-production-verification-cf27-xboxunknown-rtg-eyecolor-003,CF27_XBOXUNKNOWN_RTG_EYECOLOR_003,Eye Color,Brown,3,Xbox,,,Road to Glory,Main interface > Road to Glory > Road to Glory Setup > Journey type cards > Choose Your Position > QB > Create Player > Player > Appearance > Head & Skin visible,env-cf27-phase0-video-001-rtg-custom-qb,PRIMARY_APPROVED_WITH_NOTES,EVIDENCE_LINKED,phase0-frame-video-007-tl-004,phase0-video-007,16-17,MENU;FRONT,MENU,FRONT,PASS,UNRESOLVED_NOT_CAPTURE_STANDARDIZED,FAIL,false,false,true,INDEPENDENTLY_REVIEW_EVIDENCE_AFTER_BLIND_COUNTS,"issue-phase0-appearance-control-eye-color-recapture: Record Eye Color from the first available value through the final available value, pausing on each selected value long enough for label and character state review. Include beginning boundary, final boundary, wrap/no-wrap evidence, default state evidence, and dependency notes. | issue-phase0-primary-review-category-incomplete: Follow the Wyatt recapture instructions generated for this primary-review checkpoint. | issue-phase0-primary-review-environment-unresolved: Capture only non-secret game/console environment screens. Do not include account credentials, payment screens, serial numbers, or private profile details.",NOT_ELIGIBLE,NOT_SECOND_VERIFIED;NO_CATALOG_MANAGER_APPROVAL;NOT_IN_APPROVED_IMMUTABLE_PRODUCTION_RELEASE;ENVIRONMENT_UNRESOLVED;CATEGORY_INCOMPLETE;RECAPTURE_REQUIRED_FOR_PRODUCTION_COMPARISON;ISSUE:issue-phase0-appearance-control-eye-color-recapture;ISSUE:issue-phase0-primary-review-category-incomplete;ISSUE:issue-phase0-primary-review-environment-unresolved;MISSING_REQUIRED_VIEWS;CATEGORY_COUNT_ORDER_INCOMPLETE,NOT_VERIFIED,NOT_REVIEWED
cf27-production-verification-cf27-xboxunknown-rtg-eyecolor-004,CF27_XBOXUNKNOWN_RTG_EYECOLOR_004,Eye Color,Blue,4,Xbox,,,Road to Glory,Main interface > Road to Glory > Road to Glory Setup > Journey type cards > Choose Your Position > QB > Create Player > Player > Appearance > Head & Skin visible,env-cf27-phase0-video-001-rtg-custom-qb,PRIMARY_APPROVED_WITH_NOTES,EVIDENCE_LINKED,phase0-frame-video-007-tl-005,phase0-video-007,18-20,MENU;FRONT,MENU,FRONT,PASS,UNRESOLVED_NOT_CAPTURE_STANDARDIZED,FAIL,false,false,true,INDEPENDENTLY_REVIEW_EVIDENCE_AFTER_BLIND_COUNTS,"issue-phase0-appearance-control-eye-color-recapture: Record Eye Color from the first available value through the final available value, pausing on each selected value long enough for label and character state review. Include beginning boundary, final boundary, wrap/no-wrap evidence, default state evidence, and dependency notes. | issue-phase0-primary-review-category-incomplete: Follow the Wyatt recapture instructions generated for this primary-review checkpoint. | issue-phase0-primary-review-environment-unresolved: Capture only non-secret game/console environment screens. Do not include account credentials, payment screens, serial numbers, or private profile details.",NOT_ELIGIBLE,NOT_SECOND_VERIFIED;NO_CATALOG_MANAGER_APPROVAL;NOT_IN_APPROVED_IMMUTABLE_PRODUCTION_RELEASE;ENVIRONMENT_UNRESOLVED;CATEGORY_INCOMPLETE;RECAPTURE_REQUIRED_FOR_PRODUCTION_COMPARISON;ISSUE:issue-phase0-appearance-control-eye-color-recapture;ISSUE:issue-phase0-primary-review-category-incomplete;ISSUE:issue-phase0-primary-review-environment-unresolved;MISSING_REQUIRED_VIEWS;CATEGORY_COUNT_ORDER_INCOMPLETE,NOT_VERIFIED,NOT_REVIEWED
cf27-production-verification-cf27-xboxunknown-rtg-eyecolor-005,CF27_XBOXUNKNOWN_RTG_EYECOLOR_005,Eye Color,Light Green,5,Xbox,,,Road to Glory,Main interface > Road to Glory > Road to Glory Setup > Journey type cards > Choose Your Position > QB > Create Player > Player > Appearance > Head & Skin visible,env-cf27-phase0-video-001-rtg-custom-qb,PRIMARY_APPROVED_WITH_NOTES,EVIDENCE_LINKED,phase0-frame-video-007-tl-008,phase0-video-007,25-29.33,MENU;FRONT,MENU,FRONT,PASS,UNRESOLVED_NOT_CAPTURE_STANDARDIZED,FAIL,false,false,true,INDEPENDENTLY_REVIEW_EVIDENCE_AFTER_BLIND_COUNTS,"issue-phase0-appearance-control-eye-color-recapture: Record Eye Color from the first available value through the final available value, pausing on each selected value long enough for label and character state review. Include beginning boundary, final boundary, wrap/no-wrap evidence, default state evidence, and dependency notes. | issue-phase0-primary-review-category-incomplete: Follow the Wyatt recapture instructions generated for this primary-review checkpoint. | issue-phase0-primary-review-environment-unresolved: Capture only non-secret game/console environment screens. Do not include account credentials, payment screens, serial numbers, or private profile details.",NOT_ELIGIBLE,NOT_SECOND_VERIFIED;NO_CATALOG_MANAGER_APPROVAL;NOT_IN_APPROVED_IMMUTABLE_PRODUCTION_RELEASE;ENVIRONMENT_UNRESOLVED;CATEGORY_INCOMPLETE;RECAPTURE_REQUIRED_FOR_PRODUCTION_COMPARISON;ISSUE:issue-phase0-appearance-control-eye-color-recapture;ISSUE:issue-phase0-primary-review-category-incomplete;ISSUE:issue-phase0-primary-review-environment-unresolved;MISSING_REQUIRED_VIEWS;CATEGORY_COUNT_ORDER_INCOMPLETE,NOT_VERIFIED,NOT_REVIEWED
cf27-production-verification-cf27-xboxunknown-rtg-eyecolor-006,CF27_XBOXUNKNOWN_RTG_EYECOLOR_006,Eye Color,Grey,6,Xbox,,,Road to Glory,Main interface > Road to Glory > Road to Glory Setup > Journey type cards > Choose Your Position > QB > Create Player > Player > Appearance > Head & Skin visible,env-cf27-phase0-video-001-rtg-custom-qb,PRIMARY_APPROVED_WITH_NOTES,EVIDENCE_LINKED,phase0-frame-video-007-tl-007,phase0-video-007,23-24,MENU;FRONT,MENU,FRONT,PASS,UNRESOLVED_NOT_CAPTURE_STANDARDIZED,FAIL,false,false,true,INDEPENDENTLY_REVIEW_EVIDENCE_AFTER_BLIND_COUNTS,"issue-phase0-appearance-control-eye-color-recapture: Record Eye Color from the first available value through the final available value, pausing on each selected value long enough for label and character state review. Include beginning boundary, final boundary, wrap/no-wrap evidence, default state evidence, and dependency notes. | issue-phase0-primary-review-category-incomplete: Follow the Wyatt recapture instructions generated for this primary-review checkpoint. | issue-phase0-primary-review-environment-unresolved: Capture only non-secret game/console environment screens. Do not include account credentials, payment screens, serial numbers, or private profile details.",NOT_ELIGIBLE,NOT_SECOND_VERIFIED;NO_CATALOG_MANAGER_APPROVAL;NOT_IN_APPROVED_IMMUTABLE_PRODUCTION_RELEASE;ENVIRONMENT_UNRESOLVED;CATEGORY_INCOMPLETE;RECAPTURE_REQUIRED_FOR_PRODUCTION_COMPARISON;ISSUE:issue-phase0-appearance-control-eye-color-recapture;ISSUE:issue-phase0-primary-review-category-incomplete;ISSUE:issue-phase0-primary-review-environment-unresolved;MISSING_REQUIRED_VIEWS;CATEGORY_COUNT_ORDER_INCOMPLETE,NOT_VERIFIED,NOT_REVIEWED
cf27-production-verification-cf27-xboxunknown-rtg-eyecolor-007,CF27_XBOXUNKNOWN_RTG_EYECOLOR_007,Eye Color,Hazel,7,Xbox,,,Road to Glory,Main interface > Road to Glory > Road to Glory Setup > Journey type cards > Choose Your Position > QB > Create Player > Player > Appearance > Head & Skin visible,env-cf27-phase0-video-001-rtg-custom-qb,PRIMARY_APPROVED_WITH_NOTES,EVIDENCE_LINKED,phase0-frame-video-007-tl-006,phase0-video-007,21-22,MENU;FRONT,MENU,FRONT,PASS,UNRESOLVED_NOT_CAPTURE_STANDARDIZED,FAIL,false,false,true,INDEPENDENTLY_REVIEW_EVIDENCE_AFTER_BLIND_COUNTS,"issue-phase0-appearance-control-eye-color-recapture: Record Eye Color from the first available value through the final available value, pausing on each selected value long enough for label and character state review. Include beginning boundary, final boundary, wrap/no-wrap evidence, default state evidence, and dependency notes. | issue-phase0-primary-review-category-incomplete: Follow the Wyatt recapture instructions generated for this primary-review checkpoint. | issue-phase0-primary-review-environment-unresolved: Capture only non-secret game/console environment screens. Do not include account credentials, payment screens, serial numbers, or private profile details.",NOT_ELIGIBLE,NOT_SECOND_VERIFIED;NO_CATALOG_MANAGER_APPROVAL;NOT_IN_APPROVED_IMMUTABLE_PRODUCTION_RELEASE;ENVIRONMENT_UNRESOLVED;CATEGORY_INCOMPLETE;RECAPTURE_REQUIRED_FOR_PRODUCTION_COMPARISON;ISSUE:issue-phase0-appearance-control-eye-color-recapture;ISSUE:issue-phase0-primary-review-category-incomplete;ISSUE:issue-phase0-primary-review-environment-unresolved;MISSING_REQUIRED_VIEWS;CATEGORY_COUNT_ORDER_INCOMPLETE,NOT_VERIFIED,NOT_REVIEWED
cf27-production-verification-cf27-xboxunknown-rtg-eyeshape-001,CF27_XBOXUNKNOWN_RTG_EYESHAPE_001,Eye Shape,Almond,1,Xbox,,,Road to Glory,Main interface > Road to Glory > Road to Glory Setup > Journey type cards > Choose Your Position > QB > Create Player > Player > Appearance > Head & Skin visible,env-cf27-phase0-video-001-rtg-custom-qb,PRIMARY_APPROVED_WITH_NOTES,EVIDENCE_LINKED,phase0-frame-video-006-tl-002,phase0-video-006,14-14,MENU;FRONT,MENU,FRONT,PASS,UNRESOLVED_NOT_CAPTURE_STANDARDIZED,FAIL,false,false,true,INDEPENDENTLY_REVIEW_EVIDENCE_AFTER_BLIND_COUNTS,"issue-phase0-appearance-control-eye-shape-recapture: Record Eye Shape from the first available value through the final available value, pausing on each selected value long enough for label and character state review. Include beginning boundary, final boundary, wrap/no-wrap evidence, default state evidence, and dependency notes. | issue-phase0-primary-review-category-incomplete: Follow the Wyatt recapture instructions generated for this primary-review checkpoint. | issue-phase0-primary-review-environment-unresolved: Capture only non-secret game/console environment screens. Do not include account credentials, payment screens, serial numbers, or private profile details.",NOT_ELIGIBLE,NOT_SECOND_VERIFIED;NO_CATALOG_MANAGER_APPROVAL;NOT_IN_APPROVED_IMMUTABLE_PRODUCTION_RELEASE;ENVIRONMENT_UNRESOLVED;CATEGORY_INCOMPLETE;RECAPTURE_REQUIRED_FOR_PRODUCTION_COMPARISON;ISSUE:issue-phase0-appearance-control-eye-shape-recapture;ISSUE:issue-phase0-primary-review-category-incomplete;ISSUE:issue-phase0-primary-review-environment-unresolved;MISSING_REQUIRED_VIEWS;CATEGORY_COUNT_ORDER_INCOMPLETE,NOT_VERIFIED,NOT_REVIEWED
cf27-production-verification-cf27-xboxunknown-rtg-eyeshape-002,CF27_XBOXUNKNOWN_RTG_EYESHAPE_002,Eye Shape,None,2,Xbox,,,Road to Glory,Main interface > Road to Glory > Road to Glory Setup > Journey type cards > Choose Your Position > QB > Create Player > Player > Appearance > Head & Skin visible,env-cf27-phase0-video-001-rtg-custom-qb,PRIMARY_APPROVED_WITH_NOTES,EVIDENCE_LINKED,phase0-frame-video-006-tl-003,phase0-video-006,15-16,MENU;FRONT,MENU,FRONT,PASS,UNRESOLVED_NOT_CAPTURE_STANDARDIZED,FAIL,false,false,true,INDEPENDENTLY_REVIEW_EVIDENCE_AFTER_BLIND_COUNTS,"issue-phase0-appearance-control-eye-shape-recapture: Record Eye Shape from the first available value through the final available value, pausing on each selected value long enough for label and character state review. Include beginning boundary, final boundary, wrap/no-wrap evidence, default state evidence, and dependency notes. | issue-phase0-primary-review-category-incomplete: Follow the Wyatt recapture instructions generated for this primary-review checkpoint. | issue-phase0-primary-review-environment-unresolved: Capture only non-secret game/console environment screens. Do not include account credentials, payment screens, serial numbers, or private profile details.",NOT_ELIGIBLE,NOT_SECOND_VERIFIED;NO_CATALOG_MANAGER_APPROVAL;NOT_IN_APPROVED_IMMUTABLE_PRODUCTION_RELEASE;ENVIRONMENT_UNRESOLVED;CATEGORY_INCOMPLETE;RECAPTURE_REQUIRED_FOR_PRODUCTION_COMPARISON;ISSUE:issue-phase0-appearance-control-eye-shape-recapture;ISSUE:issue-phase0-primary-review-category-incomplete;ISSUE:issue-phase0-primary-review-environment-unresolved;MISSING_REQUIRED_VIEWS;CATEGORY_COUNT_ORDER_INCOMPLETE,NOT_VERIFIED,NOT_REVIEWED
cf27-production-verification-cf27-xboxunknown-rtg-eyeshape-003,CF27_XBOXUNKNOWN_RTG_EYESHAPE_003,Eye Shape,Prominent,3,Xbox,,,Road to Glory,Main interface > Road to Glory > Road to Glory Setup > Journey type cards > Choose Your Position > QB > Create Player > Player > Appearance > Head & Skin visible,env-cf27-phase0-video-001-rtg-custom-qb,PRIMARY_APPROVED_WITH_NOTES,EVIDENCE_LINKED,phase0-frame-video-006-tl-004,phase0-video-006,17-18,MENU;FRONT,MENU,FRONT,PASS,UNRESOLVED_NOT_CAPTURE_STANDARDIZED,FAIL,false,false,true,INDEPENDENTLY_REVIEW_EVIDENCE_AFTER_BLIND_COUNTS,"issue-phase0-appearance-control-eye-shape-recapture: Record Eye Shape from the first available value through the final available value, pausing on each selected value long enough for label and character state review. Include beginning boundary, final boundary, wrap/no-wrap evidence, default state evidence, and dependency notes. | issue-phase0-primary-review-category-incomplete: Follow the Wyatt recapture instructions generated for this primary-review checkpoint. | issue-phase0-primary-review-environment-unresolved: Capture only non-secret game/console environment screens. Do not include account credentials, payment screens, serial numbers, or private profile details.",NOT_ELIGIBLE,NOT_SECOND_VERIFIED;NO_CATALOG_MANAGER_APPROVAL;NOT_IN_APPROVED_IMMUTABLE_PRODUCTION_RELEASE;ENVIRONMENT_UNRESOLVED;CATEGORY_INCOMPLETE;RECAPTURE_REQUIRED_FOR_PRODUCTION_COMPARISON;ISSUE:issue-phase0-appearance-control-eye-shape-recapture;ISSUE:issue-phase0-primary-review-category-incomplete;ISSUE:issue-phase0-primary-review-environment-unresolved;MISSING_REQUIRED_VIEWS;CATEGORY_COUNT_ORDER_INCOMPLETE,NOT_VERIFIED,NOT_REVIEWED
cf27-production-verification-cf27-xboxunknown-rtg-eyeshape-004,CF27_XBOXUNKNOWN_RTG_EYESHAPE_004,Eye Shape,Monolid,4,Xbox,,,Road to Glory,Main interface > Road to Glory > Road to Glory Setup > Journey type cards > Choose Your Position > QB > Create Player > Player > Appearance > Head & Skin visible,env-cf27-phase0-video-001-rtg-custom-qb,PRIMARY_APPROVED_WITH_NOTES,EVIDENCE_LINKED,phase0-frame-video-006-tl-005,phase0-video-006,19-19,MENU;FRONT,MENU,FRONT,PASS,UNRESOLVED_NOT_CAPTURE_STANDARDIZED,FAIL,false,false,true,INDEPENDENTLY_REVIEW_EVIDENCE_AFTER_BLIND_COUNTS,"issue-phase0-appearance-control-eye-shape-recapture: Record Eye Shape from the first available value through the final available value, pausing on each selected value long enough for label and character state review. Include beginning boundary, final boundary, wrap/no-wrap evidence, default state evidence, and dependency notes. | issue-phase0-primary-review-category-incomplete: Follow the Wyatt recapture instructions generated for this primary-review checkpoint. | issue-phase0-primary-review-environment-unresolved: Capture only non-secret game/console environment screens. Do not include account credentials, payment screens, serial numbers, or private profile details.",NOT_ELIGIBLE,NOT_SECOND_VERIFIED;NO_CATALOG_MANAGER_APPROVAL;NOT_IN_APPROVED_IMMUTABLE_PRODUCTION_RELEASE;ENVIRONMENT_UNRESOLVED;CATEGORY_INCOMPLETE;RECAPTURE_REQUIRED_FOR_PRODUCTION_COMPARISON;ISSUE:issue-phase0-appearance-control-eye-shape-recapture;ISSUE:issue-phase0-primary-review-category-incomplete;ISSUE:issue-phase0-primary-review-environment-unresolved;MISSING_REQUIRED_VIEWS;CATEGORY_COUNT_ORDER_INCOMPLETE,NOT_VERIFIED,NOT_REVIEWED
cf27-production-verification-cf27-xboxunknown-rtg-eyeshape-005,CF27_XBOXUNKNOWN_RTG_EYESHAPE_005,Eye Shape,Hooded,5,Xbox,,,Road to Glory,Main interface > Road to Glory > Road to Glory Setup > Journey type cards > Choose Your Position > QB > Create Player > Player > Appearance > Head & Skin visible,env-cf27-phase0-video-001-rtg-custom-qb,PRIMARY_APPROVED_WITH_NOTES,EVIDENCE_LINKED,phase0-frame-video-006-tl-006,phase0-video-006,20-24.93,MENU;FRONT,MENU,FRONT,PASS,UNRESOLVED_NOT_CAPTURE_STANDARDIZED,FAIL,false,false,true,INDEPENDENTLY_REVIEW_EVIDENCE_AFTER_BLIND_COUNTS,"issue-phase0-appearance-control-eye-shape-recapture: Record Eye Shape from the first available value through the final available value, pausing on each selected value long enough for label and character state review. Include beginning boundary, final boundary, wrap/no-wrap evidence, default state evidence, and dependency notes. | issue-phase0-primary-review-category-incomplete: Follow the Wyatt recapture instructions generated for this primary-review checkpoint. | issue-phase0-primary-review-environment-unresolved: Capture only non-secret game/console environment screens. Do not include account credentials, payment screens, serial numbers, or private profile details.",NOT_ELIGIBLE,NOT_SECOND_VERIFIED;NO_CATALOG_MANAGER_APPROVAL;NOT_IN_APPROVED_IMMUTABLE_PRODUCTION_RELEASE;ENVIRONMENT_UNRESOLVED;CATEGORY_INCOMPLETE;RECAPTURE_REQUIRED_FOR_PRODUCTION_COMPARISON;ISSUE:issue-phase0-appearance-control-eye-shape-recapture;ISSUE:issue-phase0-primary-review-category-incomplete;ISSUE:issue-phase0-primary-review-environment-unresolved;MISSING_REQUIRED_VIEWS;CATEGORY_COUNT_ORDER_INCOMPLETE,NOT_VERIFIED,NOT_REVIEWED
cf27-production-verification-cf27-xboxunknown-rtg-facialhair-mutton-chops,CF27_XBOXUNKNOWN_RTG_FACIALHAIR_MUTTON_CHOPS,Facial hair,Mutton Chops,,Xbox,,,Road to Glory,Main interface > Road to Glory > Road to Glory Setup > Journey type cards > Choose Your Position > QB > Create Player > Player > Appearance > Head & Skin visible,env-cf27-phase0-video-001-rtg-custom-qb,ORDER_UNRESOLVED,EVIDENCE_LINKED,phase0-frame-CF27_XBOX_SOURCE_2026_08_02_002-tl-004,CF27_XBOX_SOURCE_2026_08_02_002,175-224,MENU;FRONT;LEFT_3Q;LEFT_PROFILE;RIGHT_3Q;RIGHT_PROFILE,MENU,FRONT;LEFT_3Q;LEFT_PROFILE;RIGHT_3Q;RIGHT_PROFILE,FAIL,UNRESOLVED_NOT_CAPTURE_STANDARDIZED,FAIL,false,false,true,RESOLVE_NATIVE_ORDER_AND_BOUNDARIES,"issue-phase0-primary-review-category-incomplete: Follow the Wyatt recapture instructions generated for this primary-review checkpoint. | issue-phase0-primary-review-environment-unresolved: Capture only non-secret game/console environment screens. Do not include account credentials, payment screens, serial numbers, or private profile details.",NOT_ELIGIBLE,NOT_SECOND_VERIFIED;NO_CATALOG_MANAGER_APPROVAL;NOT_IN_APPROVED_IMMUTABLE_PRODUCTION_RELEASE;ENVIRONMENT_UNRESOLVED;CATEGORY_INCOMPLETE;RECAPTURE_REQUIRED_FOR_PRODUCTION_COMPARISON;ISSUE:issue-phase0-primary-review-category-incomplete;ISSUE:issue-phase0-primary-review-environment-unresolved;ORDER_UNRESOLVED;MISSING_REQUIRED_VIEWS;COVERAGE:INCOMPLETE_EVIDENCE,NOT_VERIFIED,NOT_REVIEWED
cf27-production-verification-cf27-xboxunknown-rtg-facialhaircolor-purple,CF27_XBOXUNKNOWN_RTG_FACIALHAIRCOLOR_PURPLE,Facial-hair colors,Purple,,Xbox,,,Road to Glory,Main interface > Road to Glory > Road to Glory Setup > Journey type cards > Choose Your Position > QB > Create Player > Player > Appearance > Head & Skin visible,env-cf27-phase0-video-001-rtg-custom-qb,ORDER_UNRESOLVED,EVIDENCE_LINKED,phase0-frame-CF27_XBOX_SOURCE_2026_08_02_002-tl-005,CF27_XBOX_SOURCE_2026_08_02_002,225-235.35,MENU;FRONT,MENU,FRONT,FAIL,UNRESOLVED_NOT_CAPTURE_STANDARDIZED,FAIL,false,false,true,RESOLVE_NATIVE_ORDER_AND_BOUNDARIES,"issue-phase0-primary-review-category-incomplete: Follow the Wyatt recapture instructions generated for this primary-review checkpoint. | issue-phase0-primary-review-environment-unresolved: Capture only non-secret game/console environment screens. Do not include account credentials, payment screens, serial numbers, or private profile details.",NOT_ELIGIBLE,NOT_SECOND_VERIFIED;NO_CATALOG_MANAGER_APPROVAL;NOT_IN_APPROVED_IMMUTABLE_PRODUCTION_RELEASE;ENVIRONMENT_UNRESOLVED;CATEGORY_INCOMPLETE;RECAPTURE_REQUIRED_FOR_PRODUCTION_COMPARISON;ISSUE:issue-phase0-primary-review-category-incomplete;ISSUE:issue-phase0-primary-review-environment-unresolved;ORDER_UNRESOLVED;MISSING_REQUIRED_VIEWS;COVERAGE:INCOMPLETE_EVIDENCE,NOT_VERIFIED,NOT_REVIEWED
cf27-production-verification-cf27-xboxunknown-rtg-haircolor-light-brown,CF27_XBOXUNKNOWN_RTG_HAIRCOLOR_LIGHT_BROWN,Hair colors,Light Brown,,Xbox,,,Road to Glory,Main interface > Road to Glory > Road to Glory Setup > Journey type cards > Choose Your Position > QB > Create Player > Player > Appearance > Head & Skin visible,env-cf27-phase0-video-001-rtg-custom-qb,ORDER_UNRESOLVED,EVIDENCE_LINKED,phase0-frame-CF27_XBOX_SOURCE_2026_08_02_002-tl-003,CF27_XBOX_SOURCE_2026_08_02_002,100-174,MENU;FRONT,MENU,FRONT,FAIL,UNRESOLVED_NOT_CAPTURE_STANDARDIZED,FAIL,false,false,true,RESOLVE_NATIVE_ORDER_AND_BOUNDARIES,"issue-phase0-primary-review-category-incomplete: Follow the Wyatt recapture instructions generated for this primary-review checkpoint. | issue-phase0-primary-review-environment-unresolved: Capture only non-secret game/console environment screens. Do not include account credentials, payment screens, serial numbers, or private profile details.",NOT_ELIGIBLE,NOT_SECOND_VERIFIED;NO_CATALOG_MANAGER_APPROVAL;NOT_IN_APPROVED_IMMUTABLE_PRODUCTION_RELEASE;ENVIRONMENT_UNRESOLVED;CATEGORY_INCOMPLETE;RECAPTURE_REQUIRED_FOR_PRODUCTION_COMPARISON;ISSUE:issue-phase0-primary-review-category-incomplete;ISSUE:issue-phase0-primary-review-environment-unresolved;ORDER_UNRESOLVED;MISSING_REQUIRED_VIEWS;COVERAGE:INCOMPLETE_EVIDENCE,NOT_VERIFIED,NOT_REVIEWED
cf27-production-verification-cf27-xboxunknown-rtg-hairstyle-short-curly,CF27_XBOXUNKNOWN_RTG_HAIRSTYLE_SHORT_CURLY,Hairstyles,Short Curly,1,Xbox,,,Road to Glory,Main interface > Road to Glory > Road to Glory Setup > Journey type cards > Choose Your Position > QB > Create Player > Player > Appearance > Head & Skin visible,env-cf27-phase0-video-001-rtg-custom-qb,PRIMARY_APPROVED_WITH_NOTES,EVIDENCE_LINKED,phase0-frame-CF27_XBOX_SOURCE_2026_08_02_002-tl-002,CF27_XBOX_SOURCE_2026_08_02_002,5-99,MENU;FRONT;LEFT_3Q;LEFT_PROFILE;REAR;RIGHT_PROFILE;RIGHT_3Q,MENU,FRONT;LEFT_3Q;LEFT_PROFILE;REAR;RIGHT_PROFILE;RIGHT_3Q,FAIL,UNRESOLVED_NOT_CAPTURE_STANDARDIZED,FAIL,false,false,true,INDEPENDENTLY_REVIEW_EVIDENCE_AFTER_BLIND_COUNTS,"issue-phase0-primary-review-category-incomplete: Follow the Wyatt recapture instructions generated for this primary-review checkpoint. | issue-phase0-primary-review-environment-unresolved: Capture only non-secret game/console environment screens. Do not include account credentials, payment screens, serial numbers, or private profile details.",NOT_ELIGIBLE,NOT_SECOND_VERIFIED;NO_CATALOG_MANAGER_APPROVAL;NOT_IN_APPROVED_IMMUTABLE_PRODUCTION_RELEASE;ENVIRONMENT_UNRESOLVED;CATEGORY_INCOMPLETE;RECAPTURE_REQUIRED_FOR_PRODUCTION_COMPARISON;ISSUE:issue-phase0-primary-review-category-incomplete;ISSUE:issue-phase0-primary-review-environment-unresolved;MISSING_REQUIRED_VIEWS;CATEGORY_COUNT_ORDER_INCOMPLETE;COVERAGE:INCOMPLETE_EVIDENCE,NOT_VERIFIED,NOT_REVIEWED
cf27-production-verification-cf27-xboxunknown-rtg-head-001,CF27_XBOXUNKNOWN_RTG_HEAD_001,Heads,Face 1,1,Xbox,,,Road to Glory,Main interface > Road to Glory > Road to Glory Setup > Journey type cards > Choose Your Position > QB > Create Player > Player > Appearance > Head & Skin visible,env-cf27-phase0-video-001-rtg-custom-qb,PRIMARY_APPROVED_WITH_NOTES,EVIDENCE_LINKED,phase0-frame-video-002-tl-004,phase0-video-002,10-19,MENU;FRONT;LEFT_3Q;LEFT_PROFILE;RIGHT_3Q;RIGHT_PROFILE;REAR,MENU,FRONT;LEFT_3Q;LEFT_PROFILE;RIGHT_3Q;RIGHT_PROFILE;REAR,FAIL,UNRESOLVED_NOT_CAPTURE_STANDARDIZED,FAIL,false,false,true,INDEPENDENTLY_REVIEW_EVIDENCE_AFTER_BLIND_COUNTS,"issue-phase0-primary-review-category-incomplete: Follow the Wyatt recapture instructions generated for this primary-review checkpoint. | issue-phase0-primary-review-environment-unresolved: Capture only non-secret game/console environment screens. Do not include account credentials, payment screens, serial numbers, or private profile details.",NOT_ELIGIBLE,NOT_SECOND_VERIFIED;NO_CATALOG_MANAGER_APPROVAL;NOT_IN_APPROVED_IMMUTABLE_PRODUCTION_RELEASE;ENVIRONMENT_UNRESOLVED;CATEGORY_INCOMPLETE;RECAPTURE_REQUIRED_FOR_PRODUCTION_COMPARISON;ISSUE:issue-phase0-primary-review-category-incomplete;ISSUE:issue-phase0-primary-review-environment-unresolved;MISSING_REQUIRED_VIEWS,NOT_VERIFIED,NOT_REVIEWED
cf27-production-verification-cf27-xboxunknown-rtg-head-002,CF27_XBOXUNKNOWN_RTG_HEAD_002,Heads,Face 2,2,Xbox,,,Road to Glory,Main interface > Road to Glory > Road to Glory Setup > Journey type cards > Choose Your Position > QB > Create Player > Player > Appearance > Head & Skin visible,env-cf27-phase0-video-001-rtg-custom-qb,PRIMARY_APPROVED_WITH_NOTES,EVIDENCE_LINKED,phase0-frame-video-002-tl-005,phase0-video-002,20-28,MENU;FRONT;LEFT_3Q;LEFT_PROFILE;RIGHT_3Q;RIGHT_PROFILE;REAR,MENU,FRONT;LEFT_3Q;LEFT_PROFILE;RIGHT_3Q;RIGHT_PROFILE;REAR,FAIL,UNRESOLVED_NOT_CAPTURE_STANDARDIZED,FAIL,false,false,true,INDEPENDENTLY_REVIEW_EVIDENCE_AFTER_BLIND_COUNTS,"issue-phase0-primary-review-category-incomplete: Follow the Wyatt recapture instructions generated for this primary-review checkpoint. | issue-phase0-primary-review-environment-unresolved: Capture only non-secret game/console environment screens. Do not include account credentials, payment screens, serial numbers, or private profile details.",NOT_ELIGIBLE,NOT_SECOND_VERIFIED;NO_CATALOG_MANAGER_APPROVAL;NOT_IN_APPROVED_IMMUTABLE_PRODUCTION_RELEASE;ENVIRONMENT_UNRESOLVED;CATEGORY_INCOMPLETE;RECAPTURE_REQUIRED_FOR_PRODUCTION_COMPARISON;ISSUE:issue-phase0-primary-review-category-incomplete;ISSUE:issue-phase0-primary-review-environment-unresolved;MISSING_REQUIRED_VIEWS,NOT_VERIFIED,NOT_REVIEWED
cf27-production-verification-cf27-xboxunknown-rtg-head-003,CF27_XBOXUNKNOWN_RTG_HEAD_003,Heads,Face 3,3,Xbox,,,Road to Glory,Main interface > Road to Glory > Road to Glory Setup > Journey type cards > Choose Your Position > QB > Create Player > Player > Appearance > Head & Skin visible,env-cf27-phase0-video-001-rtg-custom-qb,PRIMARY_APPROVED_WITH_NOTES,EVIDENCE_LINKED,phase0-frame-video-002-tl-006,phase0-video-002,29-38,MENU;FRONT;LEFT_3Q;LEFT_PROFILE;RIGHT_3Q;RIGHT_PROFILE;REAR,MENU,FRONT;LEFT_3Q;LEFT_PROFILE;RIGHT_3Q;RIGHT_PROFILE;REAR,FAIL,UNRESOLVED_NOT_CAPTURE_STANDARDIZED,FAIL,false,false,true,INDEPENDENTLY_REVIEW_EVIDENCE_AFTER_BLIND_COUNTS,"issue-phase0-primary-review-category-incomplete: Follow the Wyatt recapture instructions generated for this primary-review checkpoint. | issue-phase0-primary-review-environment-unresolved: Capture only non-secret game/console environment screens. Do not include account credentials, payment screens, serial numbers, or private profile details.",NOT_ELIGIBLE,NOT_SECOND_VERIFIED;NO_CATALOG_MANAGER_APPROVAL;NOT_IN_APPROVED_IMMUTABLE_PRODUCTION_RELEASE;ENVIRONMENT_UNRESOLVED;CATEGORY_INCOMPLETE;RECAPTURE_REQUIRED_FOR_PRODUCTION_COMPARISON;ISSUE:issue-phase0-primary-review-category-incomplete;ISSUE:issue-phase0-primary-review-environment-unresolved;MISSING_REQUIRED_VIEWS,NOT_VERIFIED,NOT_REVIEWED
cf27-production-verification-cf27-xboxunknown-rtg-head-004,CF27_XBOXUNKNOWN_RTG_HEAD_004,Heads,Face 4,4,Xbox,,,Road to Glory,Main interface > Road to Glory > Road to Glory Setup > Journey type cards > Choose Your Position > QB > Create Player > Player > Appearance > Head & Skin visible,env-cf27-phase0-video-001-rtg-custom-qb,PRIMARY_APPROVED_WITH_NOTES,EVIDENCE_LINKED,phase0-frame-video-002-tl-007,phase0-video-002,39-48,MENU;FRONT;LEFT_3Q;LEFT_PROFILE;RIGHT_3Q;RIGHT_PROFILE;REAR,MENU,FRONT;LEFT_3Q;LEFT_PROFILE;RIGHT_3Q;RIGHT_PROFILE;REAR,FAIL,UNRESOLVED_NOT_CAPTURE_STANDARDIZED,FAIL,false,false,true,INDEPENDENTLY_REVIEW_EVIDENCE_AFTER_BLIND_COUNTS,"issue-phase0-primary-review-category-incomplete: Follow the Wyatt recapture instructions generated for this primary-review checkpoint. | issue-phase0-primary-review-environment-unresolved: Capture only non-secret game/console environment screens. Do not include account credentials, payment screens, serial numbers, or private profile details.",NOT_ELIGIBLE,NOT_SECOND_VERIFIED;NO_CATALOG_MANAGER_APPROVAL;NOT_IN_APPROVED_IMMUTABLE_PRODUCTION_RELEASE;ENVIRONMENT_UNRESOLVED;CATEGORY_INCOMPLETE;RECAPTURE_REQUIRED_FOR_PRODUCTION_COMPARISON;ISSUE:issue-phase0-primary-review-category-incomplete;ISSUE:issue-phase0-primary-review-environment-unresolved;MISSING_REQUIRED_VIEWS,NOT_VERIFIED,NOT_REVIEWED
cf27-production-verification-cf27-xboxunknown-rtg-head-005,CF27_XBOXUNKNOWN_RTG_HEAD_005,Heads,Face 5,5,Xbox,,,Road to Glory,Main interface > Road to Glory > Road to Glory Setup > Journey type cards > Choose Your Position > QB > Create Player > Player > Appearance > Head & Skin visible,env-cf27-phase0-video-001-rtg-custom-qb,PRIMARY_APPROVED_WITH_NOTES,EVIDENCE_LINKED,phase0-frame-video-002-tl-011,phase0-video-002,69-74,MENU;FRONT;LEFT_3Q;LEFT_PROFILE;RIGHT_3Q;RIGHT_PROFILE;REAR,MENU,FRONT;LEFT_3Q;LEFT_PROFILE;RIGHT_3Q;RIGHT_PROFILE;REAR,FAIL,UNRESOLVED_NOT_CAPTURE_STANDARDIZED,FAIL,false,false,true,INDEPENDENTLY_REVIEW_EVIDENCE_AFTER_BLIND_COUNTS,"issue-phase0-primary-review-category-incomplete: Follow the Wyatt recapture instructions generated for this primary-review checkpoint. | issue-phase0-primary-review-environment-unresolved: Capture only non-secret game/console environment screens. Do not include account credentials, payment screens, serial numbers, or private profile details.",NOT_ELIGIBLE,NOT_SECOND_VERIFIED;NO_CATALOG_MANAGER_APPROVAL;NOT_IN_APPROVED_IMMUTABLE_PRODUCTION_RELEASE;ENVIRONMENT_UNRESOLVED;CATEGORY_INCOMPLETE;RECAPTURE_REQUIRED_FOR_PRODUCTION_COMPARISON;ISSUE:issue-phase0-primary-review-category-incomplete;ISSUE:issue-phase0-primary-review-environment-unresolved;MISSING_REQUIRED_VIEWS,NOT_VERIFIED,NOT_REVIEWED
cf27-production-verification-cf27-xboxunknown-rtg-head-006,CF27_XBOXUNKNOWN_RTG_HEAD_006,Heads,Face 6,6,Xbox,,,Road to Glory,Main interface > Road to Glory > Road to Glory Setup > Journey type cards > Choose Your Position > QB > Create Player > Player > Appearance > Head & Skin visible,env-cf27-phase0-video-001-rtg-custom-qb,PRIMARY_APPROVED_WITH_NOTES,EVIDENCE_LINKED,phase0-frame-video-002-tl-010,phase0-video-002,60-68,MENU;FRONT;LEFT_3Q;LEFT_PROFILE;RIGHT_3Q;RIGHT_PROFILE;REAR,MENU,FRONT;LEFT_3Q;LEFT_PROFILE;RIGHT_3Q;RIGHT_PROFILE;REAR,FAIL,UNRESOLVED_NOT_CAPTURE_STANDARDIZED,FAIL,false,false,true,INDEPENDENTLY_REVIEW_EVIDENCE_AFTER_BLIND_COUNTS,"issue-phase0-primary-review-category-incomplete: Follow the Wyatt recapture instructions generated for this primary-review checkpoint. | issue-phase0-primary-review-environment-unresolved: Capture only non-secret game/console environment screens. Do not include account credentials, payment screens, serial numbers, or private profile details.",NOT_ELIGIBLE,NOT_SECOND_VERIFIED;NO_CATALOG_MANAGER_APPROVAL;NOT_IN_APPROVED_IMMUTABLE_PRODUCTION_RELEASE;ENVIRONMENT_UNRESOLVED;CATEGORY_INCOMPLETE;RECAPTURE_REQUIRED_FOR_PRODUCTION_COMPARISON;ISSUE:issue-phase0-primary-review-category-incomplete;ISSUE:issue-phase0-primary-review-environment-unresolved;MISSING_REQUIRED_VIEWS,NOT_VERIFIED,NOT_REVIEWED
cf27-production-verification-cf27-xboxunknown-rtg-head-007,CF27_XBOXUNKNOWN_RTG_HEAD_007,Heads,Face 7,7,Xbox,,,Road to Glory,Main interface > Road to Glory > Road to Glory Setup > Journey type cards > Choose Your Position > QB > Create Player > Player > Appearance > Head & Skin visible,env-cf27-phase0-video-001-rtg-custom-qb,PRIMARY_APPROVED_WITH_NOTES,EVIDENCE_LINKED,phase0-frame-video-002-tl-009,phase0-video-002,54-59,MENU;FRONT;LEFT_3Q;LEFT_PROFILE;RIGHT_3Q;RIGHT_PROFILE;REAR,MENU,FRONT;LEFT_3Q;LEFT_PROFILE;RIGHT_3Q;RIGHT_PROFILE;REAR,FAIL,UNRESOLVED_NOT_CAPTURE_STANDARDIZED,FAIL,false,false,true,INDEPENDENTLY_REVIEW_EVIDENCE_AFTER_BLIND_COUNTS,"issue-phase0-primary-review-category-incomplete: Follow the Wyatt recapture instructions generated for this primary-review checkpoint. | issue-phase0-primary-review-environment-unresolved: Capture only non-secret game/console environment screens. Do not include account credentials, payment screens, serial numbers, or private profile details.",NOT_ELIGIBLE,NOT_SECOND_VERIFIED;NO_CATALOG_MANAGER_APPROVAL;NOT_IN_APPROVED_IMMUTABLE_PRODUCTION_RELEASE;ENVIRONMENT_UNRESOLVED;CATEGORY_INCOMPLETE;RECAPTURE_REQUIRED_FOR_PRODUCTION_COMPARISON;ISSUE:issue-phase0-primary-review-category-incomplete;ISSUE:issue-phase0-primary-review-environment-unresolved;MISSING_REQUIRED_VIEWS,NOT_VERIFIED,NOT_REVIEWED
cf27-production-verification-cf27-xboxunknown-rtg-head-008,CF27_XBOXUNKNOWN_RTG_HEAD_008,Heads,Face 8,8,Xbox,,,Road to Glory,Main interface > Road to Glory > Road to Glory Setup > Journey type cards > Choose Your Position > QB > Create Player > Player > Appearance > Head & Skin visible,env-cf27-phase0-video-001-rtg-custom-qb,PRIMARY_APPROVED_WITH_NOTES,EVIDENCE_LINKED,phase0-frame-video-002-tl-008,phase0-video-002,49-53,MENU;FRONT;LEFT_3Q;LEFT_PROFILE;RIGHT_3Q;RIGHT_PROFILE;REAR,MENU,FRONT;LEFT_3Q;LEFT_PROFILE;RIGHT_3Q;RIGHT_PROFILE;REAR,FAIL,UNRESOLVED_NOT_CAPTURE_STANDARDIZED,FAIL,false,false,true,INDEPENDENTLY_REVIEW_EVIDENCE_AFTER_BLIND_COUNTS,"issue-phase0-primary-review-category-incomplete: Follow the Wyatt recapture instructions generated for this primary-review checkpoint. | issue-phase0-primary-review-environment-unresolved: Capture only non-secret game/console environment screens. Do not include account credentials, payment screens, serial numbers, or private profile details.",NOT_ELIGIBLE,NOT_SECOND_VERIFIED;NO_CATALOG_MANAGER_APPROVAL;NOT_IN_APPROVED_IMMUTABLE_PRODUCTION_RELEASE;ENVIRONMENT_UNRESOLVED;CATEGORY_INCOMPLETE;RECAPTURE_REQUIRED_FOR_PRODUCTION_COMPARISON;ISSUE:issue-phase0-primary-review-category-incomplete;ISSUE:issue-phase0-primary-review-environment-unresolved;MISSING_REQUIRED_VIEWS,NOT_VERIFIED,NOT_REVIEWED
cf27-production-verification-cf27-xboxunknown-rtg-head-009,CF27_XBOXUNKNOWN_RTG_HEAD_009,Heads,Face 9,9,Xbox,,,Road to Glory,Main interface > Road to Glory > Road to Glory Setup > Journey type cards > Choose Your Position > QB > Create Player > Player > Appearance > Head & Skin visible,env-cf27-phase0-video-001-rtg-custom-qb,PRIMARY_APPROVED_WITH_NOTES,EVIDENCE_LINKED,phase0-frame-video-002-tl-012,phase0-video-002,75-79,MENU;FRONT;LEFT_3Q;LEFT_PROFILE;RIGHT_3Q;RIGHT_PROFILE;REAR,MENU,FRONT;LEFT_3Q;LEFT_PROFILE;RIGHT_3Q;RIGHT_PROFILE;REAR,FAIL,UNRESOLVED_NOT_CAPTURE_STANDARDIZED,FAIL,false,false,true,INDEPENDENTLY_REVIEW_EVIDENCE_AFTER_BLIND_COUNTS,"issue-phase0-primary-review-category-incomplete: Follow the Wyatt recapture instructions generated for this primary-review checkpoint. | issue-phase0-primary-review-environment-unresolved: Capture only non-secret game/console environment screens. Do not include account credentials, payment screens, serial numbers, or private profile details.",NOT_ELIGIBLE,NOT_SECOND_VERIFIED;NO_CATALOG_MANAGER_APPROVAL;NOT_IN_APPROVED_IMMUTABLE_PRODUCTION_RELEASE;ENVIRONMENT_UNRESOLVED;CATEGORY_INCOMPLETE;RECAPTURE_REQUIRED_FOR_PRODUCTION_COMPARISON;ISSUE:issue-phase0-primary-review-category-incomplete;ISSUE:issue-phase0-primary-review-environment-unresolved;MISSING_REQUIRED_VIEWS,NOT_VERIFIED,NOT_REVIEWED
cf27-production-verification-cf27-xboxunknown-rtg-head-010,CF27_XBOXUNKNOWN_RTG_HEAD_010,Heads,Face 10,10,Xbox,,,Road to Glory,Main interface > Road to Glory > Road to Glory Setup > Journey type cards > Choose Your Position > QB > Create Player > Player > Appearance > Head & Skin visible,env-cf27-phase0-video-001-rtg-custom-qb,PRIMARY_APPROVED_WITH_NOTES,EVIDENCE_LINKED,phase0-frame-video-002-tl-013,phase0-video-002,80-88,MENU;FRONT;LEFT_3Q;LEFT_PROFILE;RIGHT_3Q;RIGHT_PROFILE;REAR,MENU,FRONT;LEFT_3Q;LEFT_PROFILE;RIGHT_3Q;RIGHT_PROFILE;REAR,FAIL,UNRESOLVED_NOT_CAPTURE_STANDARDIZED,FAIL,false,false,true,INDEPENDENTLY_REVIEW_EVIDENCE_AFTER_BLIND_COUNTS,"issue-phase0-primary-review-category-incomplete: Follow the Wyatt recapture instructions generated for this primary-review checkpoint. | issue-phase0-primary-review-environment-unresolved: Capture only non-secret game/console environment screens. Do not include account credentials, payment screens, serial numbers, or private profile details.",NOT_ELIGIBLE,NOT_SECOND_VERIFIED;NO_CATALOG_MANAGER_APPROVAL;NOT_IN_APPROVED_IMMUTABLE_PRODUCTION_RELEASE;ENVIRONMENT_UNRESOLVED;CATEGORY_INCOMPLETE;RECAPTURE_REQUIRED_FOR_PRODUCTION_COMPARISON;ISSUE:issue-phase0-primary-review-category-incomplete;ISSUE:issue-phase0-primary-review-environment-unresolved;MISSING_REQUIRED_VIEWS,NOT_VERIFIED,NOT_REVIEWED
cf27-production-verification-cf27-xboxunknown-rtg-head-011,CF27_XBOXUNKNOWN_RTG_HEAD_011,Heads,Face 11,11,Xbox,,,Road to Glory,Main interface > Road to Glory > Road to Glory Setup > Journey type cards > Choose Your Position > QB > Create Player > Player > Appearance > Head & Skin visible,env-cf27-phase0-video-001-rtg-custom-qb,PRIMARY_APPROVED_WITH_NOTES,EVIDENCE_LINKED,phase0-frame-video-002-tl-014,phase0-video-002,89-94,MENU;FRONT;LEFT_3Q;LEFT_PROFILE;RIGHT_3Q;RIGHT_PROFILE;REAR,MENU,FRONT;LEFT_3Q;LEFT_PROFILE;RIGHT_3Q;RIGHT_PROFILE;REAR,FAIL,UNRESOLVED_NOT_CAPTURE_STANDARDIZED,FAIL,false,false,true,INDEPENDENTLY_REVIEW_EVIDENCE_AFTER_BLIND_COUNTS,"issue-phase0-primary-review-category-incomplete: Follow the Wyatt recapture instructions generated for this primary-review checkpoint. | issue-phase0-primary-review-environment-unresolved: Capture only non-secret game/console environment screens. Do not include account credentials, payment screens, serial numbers, or private profile details.",NOT_ELIGIBLE,NOT_SECOND_VERIFIED;NO_CATALOG_MANAGER_APPROVAL;NOT_IN_APPROVED_IMMUTABLE_PRODUCTION_RELEASE;ENVIRONMENT_UNRESOLVED;CATEGORY_INCOMPLETE;RECAPTURE_REQUIRED_FOR_PRODUCTION_COMPARISON;ISSUE:issue-phase0-primary-review-category-incomplete;ISSUE:issue-phase0-primary-review-environment-unresolved;MISSING_REQUIRED_VIEWS,NOT_VERIFIED,NOT_REVIEWED
cf27-production-verification-cf27-xboxunknown-rtg-head-012,CF27_XBOXUNKNOWN_RTG_HEAD_012,Heads,Face 12,12,Xbox,,,Road to Glory,Main interface > Road to Glory > Road to Glory Setup > Journey type cards > Choose Your Position > QB > Create Player > Player > Appearance > Head & Skin visible,env-cf27-phase0-video-001-rtg-custom-qb,DUPLICATE_REVIEW_REQUIRED,EVIDENCE_LINKED,phase0-frame-video-002-tl-015;phase0-frame-video-003-tl-001,phase0-video-003,0-4,MENU;FRONT;LEFT_3Q;LEFT_PROFILE;RIGHT_3Q;RIGHT_PROFILE;REAR,MENU,FRONT;LEFT_3Q;LEFT_PROFILE;RIGHT_3Q;RIGHT_PROFILE;REAR,FAIL,UNRESOLVED_NOT_CAPTURE_STANDARDIZED,FAIL,true,false,true,REVIEW_DUPLICATE_OR_CONTINUITY_AFTER_INDEPENDENT_COUNTS,"issue-phase0-primary-review-category-incomplete: Follow the Wyatt recapture instructions generated for this primary-review checkpoint. | issue-phase0-primary-review-duplicate-observations: Do not merge duplicate-looking options. Preserve native order and selected value evidence. | issue-phase0-primary-review-environment-unresolved: Capture only non-secret game/console environment screens. Do not include account credentials, payment screens, serial numbers, or private profile details.",NOT_ELIGIBLE,NOT_SECOND_VERIFIED;NO_CATALOG_MANAGER_APPROVAL;NOT_IN_APPROVED_IMMUTABLE_PRODUCTION_RELEASE;ENVIRONMENT_UNRESOLVED;CATEGORY_INCOMPLETE;RECAPTURE_REQUIRED_FOR_PRODUCTION_COMPARISON;DUPLICATE_REVIEW_REQUIRED;ISSUE:issue-phase0-primary-review-category-incomplete;ISSUE:issue-phase0-primary-review-duplicate-observations;ISSUE:issue-phase0-primary-review-environment-unresolved;MISSING_REQUIRED_VIEWS,NOT_VERIFIED,NOT_REVIEWED
cf27-production-verification-cf27-xboxunknown-rtg-head-013,CF27_XBOXUNKNOWN_RTG_HEAD_013,Heads,Face 13,13,Xbox,,,Road to Glory,Main interface > Road to Glory > Road to Glory Setup > Journey type cards > Choose Your Position > QB > Create Player > Player > Appearance > Head & Skin visible,env-cf27-phase0-video-001-rtg-custom-qb,PRIMARY_APPROVED_WITH_NOTES,EVIDENCE_LINKED,phase0-frame-video-003-tl-004,phase0-video-003,21-29,MENU;FRONT;LEFT_3Q;LEFT_PROFILE;RIGHT_3Q;RIGHT_PROFILE;REAR,MENU,FRONT;LEFT_3Q;LEFT_PROFILE;RIGHT_3Q;RIGHT_PROFILE;REAR,FAIL,UNRESOLVED_NOT_CAPTURE_STANDARDIZED,FAIL,false,false,true,INDEPENDENTLY_REVIEW_EVIDENCE_AFTER_BLIND_COUNTS,"issue-phase0-primary-review-category-incomplete: Follow the Wyatt recapture instructions generated for this primary-review checkpoint. | issue-phase0-primary-review-environment-unresolved: Capture only non-secret game/console environment screens. Do not include account credentials, payment screens, serial numbers, or private profile details.",NOT_ELIGIBLE,NOT_SECOND_VERIFIED;NO_CATALOG_MANAGER_APPROVAL;NOT_IN_APPROVED_IMMUTABLE_PRODUCTION_RELEASE;ENVIRONMENT_UNRESOLVED;CATEGORY_INCOMPLETE;RECAPTURE_REQUIRED_FOR_PRODUCTION_COMPARISON;ISSUE:issue-phase0-primary-review-category-incomplete;ISSUE:issue-phase0-primary-review-environment-unresolved;MISSING_REQUIRED_VIEWS,NOT_VERIFIED,NOT_REVIEWED
cf27-production-verification-cf27-xboxunknown-rtg-head-014,CF27_XBOXUNKNOWN_RTG_HEAD_014,Heads,Face 14,14,Xbox,,,Road to Glory,Main interface > Road to Glory > Road to Glory Setup > Journey type cards > Choose Your Position > QB > Create Player > Player > Appearance > Head & Skin visible,env-cf27-phase0-video-001-rtg-custom-qb,PRIMARY_APPROVED_WITH_NOTES,EVIDENCE_LINKED,phase0-frame-video-003-tl-003,phase0-video-003,14-20,MENU;FRONT;LEFT_3Q;LEFT_PROFILE;RIGHT_3Q;RIGHT_PROFILE;REAR,MENU,FRONT;LEFT_3Q;LEFT_PROFILE;RIGHT_3Q;RIGHT_PROFILE;REAR,FAIL,UNRESOLVED_NOT_CAPTURE_STANDARDIZED,FAIL,false,false,true,INDEPENDENTLY_REVIEW_EVIDENCE_AFTER_BLIND_COUNTS,"issue-phase0-primary-review-category-incomplete: Follow the Wyatt recapture instructions generated for this primary-review checkpoint. | issue-phase0-primary-review-environment-unresolved: Capture only non-secret game/console environment screens. Do not include account credentials, payment screens, serial numbers, or private profile details.",NOT_ELIGIBLE,NOT_SECOND_VERIFIED;NO_CATALOG_MANAGER_APPROVAL;NOT_IN_APPROVED_IMMUTABLE_PRODUCTION_RELEASE;ENVIRONMENT_UNRESOLVED;CATEGORY_INCOMPLETE;RECAPTURE_REQUIRED_FOR_PRODUCTION_COMPARISON;ISSUE:issue-phase0-primary-review-category-incomplete;ISSUE:issue-phase0-primary-review-environment-unresolved;MISSING_REQUIRED_VIEWS,NOT_VERIFIED,NOT_REVIEWED
cf27-production-verification-cf27-xboxunknown-rtg-head-016,CF27_XBOXUNKNOWN_RTG_HEAD_016,Heads,Face 16,16,Xbox,,,Road to Glory,Main interface > Road to Glory > Road to Glory Setup > Journey type cards > Choose Your Position > QB > Create Player > Player > Appearance > Head & Skin visible,env-cf27-phase0-video-001-rtg-custom-qb,DUPLICATE_REVIEW_REQUIRED,EVIDENCE_LINKED,phase0-frame-video-003-tl-002;phase0-frame-video-002-tl-016,phase0-video-003,5-13,MENU;FRONT;LEFT_3Q;LEFT_PROFILE;RIGHT_3Q;RIGHT_PROFILE;REAR,MENU,FRONT;LEFT_3Q;LEFT_PROFILE;RIGHT_3Q;RIGHT_PROFILE;REAR,FAIL,UNRESOLVED_NOT_CAPTURE_STANDARDIZED,FAIL,true,false,true,REVIEW_DUPLICATE_OR_CONTINUITY_AFTER_INDEPENDENT_COUNTS,"issue-phase0-primary-review-category-incomplete: Follow the Wyatt recapture instructions generated for this primary-review checkpoint. | issue-phase0-primary-review-duplicate-observations: Do not merge duplicate-looking options. Preserve native order and selected value evidence. | issue-phase0-primary-review-environment-unresolved: Capture only non-secret game/console environment screens. Do not include account credentials, payment screens, serial numbers, or private profile details.",NOT_ELIGIBLE,NOT_SECOND_VERIFIED;NO_CATALOG_MANAGER_APPROVAL;NOT_IN_APPROVED_IMMUTABLE_PRODUCTION_RELEASE;ENVIRONMENT_UNRESOLVED;CATEGORY_INCOMPLETE;RECAPTURE_REQUIRED_FOR_PRODUCTION_COMPARISON;DUPLICATE_REVIEW_REQUIRED;ISSUE:issue-phase0-primary-review-category-incomplete;ISSUE:issue-phase0-primary-review-duplicate-observations;ISSUE:issue-phase0-primary-review-environment-unresolved;MISSING_REQUIRED_VIEWS,NOT_VERIFIED,NOT_REVIEWED
cf27-production-verification-cf27-xboxunknown-rtg-head-017,CF27_XBOXUNKNOWN_RTG_HEAD_017,Heads,Face 17,17,Xbox,,,Road to Glory,Main interface > Road to Glory > Road to Glory Setup > Journey type cards > Choose Your Position > QB > Create Player > Player > Appearance > Head & Skin visible,env-cf27-phase0-video-001-rtg-custom-qb,PRIMARY_APPROVED_WITH_NOTES,EVIDENCE_LINKED,phase0-frame-video-003-tl-005,phase0-video-003,30-39,MENU;FRONT;LEFT_3Q;LEFT_PROFILE;RIGHT_3Q;RIGHT_PROFILE;REAR,MENU,FRONT;LEFT_3Q;LEFT_PROFILE;RIGHT_3Q;RIGHT_PROFILE;REAR,FAIL,UNRESOLVED_NOT_CAPTURE_STANDARDIZED,FAIL,false,false,true,INDEPENDENTLY_REVIEW_EVIDENCE_AFTER_BLIND_COUNTS,"issue-phase0-primary-review-category-incomplete: Follow the Wyatt recapture instructions generated for this primary-review checkpoint. | issue-phase0-primary-review-environment-unresolved: Capture only non-secret game/console environment screens. Do not include account credentials, payment screens, serial numbers, or private profile details.",NOT_ELIGIBLE,NOT_SECOND_VERIFIED;NO_CATALOG_MANAGER_APPROVAL;NOT_IN_APPROVED_IMMUTABLE_PRODUCTION_RELEASE;ENVIRONMENT_UNRESOLVED;CATEGORY_INCOMPLETE;RECAPTURE_REQUIRED_FOR_PRODUCTION_COMPARISON;ISSUE:issue-phase0-primary-review-category-incomplete;ISSUE:issue-phase0-primary-review-environment-unresolved;MISSING_REQUIRED_VIEWS,NOT_VERIFIED,NOT_REVIEWED
cf27-production-verification-cf27-xboxunknown-rtg-head-018,CF27_XBOXUNKNOWN_RTG_HEAD_018,Heads,Face 18,18,Xbox,,,Road to Glory,Main interface > Road to Glory > Road to Glory Setup > Journey type cards > Choose Your Position > QB > Create Player > Player > Appearance > Head & Skin visible,env-cf27-phase0-video-001-rtg-custom-qb,PRIMARY_APPROVED_WITH_NOTES,EVIDENCE_LINKED,phase0-frame-video-003-tl-006,phase0-video-003,40-49,MENU;FRONT;LEFT_3Q;LEFT_PROFILE;RIGHT_3Q;RIGHT_PROFILE;REAR,MENU,FRONT;LEFT_3Q;LEFT_PROFILE;RIGHT_3Q;RIGHT_PROFILE;REAR,FAIL,UNRESOLVED_NOT_CAPTURE_STANDARDIZED,FAIL,false,false,true,INDEPENDENTLY_REVIEW_EVIDENCE_AFTER_BLIND_COUNTS,"issue-phase0-primary-review-category-incomplete: Follow the Wyatt recapture instructions generated for this primary-review checkpoint. | issue-phase0-primary-review-environment-unresolved: Capture only non-secret game/console environment screens. Do not include account credentials, payment screens, serial numbers, or private profile details.",NOT_ELIGIBLE,NOT_SECOND_VERIFIED;NO_CATALOG_MANAGER_APPROVAL;NOT_IN_APPROVED_IMMUTABLE_PRODUCTION_RELEASE;ENVIRONMENT_UNRESOLVED;CATEGORY_INCOMPLETE;RECAPTURE_REQUIRED_FOR_PRODUCTION_COMPARISON;ISSUE:issue-phase0-primary-review-category-incomplete;ISSUE:issue-phase0-primary-review-environment-unresolved;MISSING_REQUIRED_VIEWS,NOT_VERIFIED,NOT_REVIEWED
cf27-production-verification-cf27-xboxunknown-rtg-head-021,CF27_XBOXUNKNOWN_RTG_HEAD_021,Heads,Face 21,21,Xbox,,,Road to Glory,Main interface > Road to Glory > Road to Glory Setup > Journey type cards > Choose Your Position > QB > Create Player > Player > Appearance > Head & Skin visible,env-cf27-phase0-video-001-rtg-custom-qb,PRIMARY_APPROVED_WITH_NOTES,EVIDENCE_LINKED,phase0-frame-video-003-tl-010,phase0-video-003,80-89,MENU;FRONT;LEFT_3Q;LEFT_PROFILE;RIGHT_3Q;RIGHT_PROFILE;REAR,MENU,FRONT;LEFT_3Q;LEFT_PROFILE;RIGHT_3Q;RIGHT_PROFILE;REAR,FAIL,UNRESOLVED_NOT_CAPTURE_STANDARDIZED,FAIL,false,false,true,INDEPENDENTLY_REVIEW_EVIDENCE_AFTER_BLIND_COUNTS,"issue-phase0-primary-review-category-incomplete: Follow the Wyatt recapture instructions generated for this primary-review checkpoint. | issue-phase0-primary-review-environment-unresolved: Capture only non-secret game/console environment screens. Do not include account credentials, payment screens, serial numbers, or private profile details.",NOT_ELIGIBLE,NOT_SECOND_VERIFIED;NO_CATALOG_MANAGER_APPROVAL;NOT_IN_APPROVED_IMMUTABLE_PRODUCTION_RELEASE;ENVIRONMENT_UNRESOLVED;CATEGORY_INCOMPLETE;RECAPTURE_REQUIRED_FOR_PRODUCTION_COMPARISON;ISSUE:issue-phase0-primary-review-category-incomplete;ISSUE:issue-phase0-primary-review-environment-unresolved;MISSING_REQUIRED_VIEWS,NOT_VERIFIED,NOT_REVIEWED
cf27-production-verification-cf27-xboxunknown-rtg-head-022,CF27_XBOXUNKNOWN_RTG_HEAD_022,Heads,Face 22,22,Xbox,,,Road to Glory,Main interface > Road to Glory > Road to Glory Setup > Journey type cards > Choose Your Position > QB > Create Player > Player > Appearance > Head & Skin visible,env-cf27-phase0-video-001-rtg-custom-qb,PRIMARY_APPROVED_WITH_NOTES,EVIDENCE_LINKED,phase0-frame-video-003-tl-009,phase0-video-003,70-79,MENU;FRONT;LEFT_3Q;LEFT_PROFILE;RIGHT_3Q;RIGHT_PROFILE;REAR,MENU,FRONT;LEFT_3Q;LEFT_PROFILE;RIGHT_3Q;RIGHT_PROFILE;REAR,FAIL,UNRESOLVED_NOT_CAPTURE_STANDARDIZED,FAIL,false,false,true,INDEPENDENTLY_REVIEW_EVIDENCE_AFTER_BLIND_COUNTS,"issue-phase0-primary-review-category-incomplete: Follow the Wyatt recapture instructions generated for this primary-review checkpoint. | issue-phase0-primary-review-environment-unresolved: Capture only non-secret game/console environment screens. Do not include account credentials, payment screens, serial numbers, or private profile details.",NOT_ELIGIBLE,NOT_SECOND_VERIFIED;NO_CATALOG_MANAGER_APPROVAL;NOT_IN_APPROVED_IMMUTABLE_PRODUCTION_RELEASE;ENVIRONMENT_UNRESOLVED;CATEGORY_INCOMPLETE;RECAPTURE_REQUIRED_FOR_PRODUCTION_COMPARISON;ISSUE:issue-phase0-primary-review-category-incomplete;ISSUE:issue-phase0-primary-review-environment-unresolved;MISSING_REQUIRED_VIEWS,NOT_VERIFIED,NOT_REVIEWED
cf27-production-verification-cf27-xboxunknown-rtg-head-023,CF27_XBOXUNKNOWN_RTG_HEAD_023,Heads,Face 23,23,Xbox,,,Road to Glory,Main interface > Road to Glory > Road to Glory Setup > Journey type cards > Choose Your Position > QB > Create Player > Player > Appearance > Head & Skin visible,env-cf27-phase0-video-001-rtg-custom-qb,PRIMARY_APPROVED_WITH_NOTES,EVIDENCE_LINKED,phase0-frame-video-003-tl-007,phase0-video-003,50-59,MENU;FRONT;LEFT_3Q;LEFT_PROFILE;RIGHT_3Q;RIGHT_PROFILE;REAR,MENU,FRONT;LEFT_3Q;LEFT_PROFILE;RIGHT_3Q;RIGHT_PROFILE;REAR,FAIL,UNRESOLVED_NOT_CAPTURE_STANDARDIZED,FAIL,false,false,true,INDEPENDENTLY_REVIEW_EVIDENCE_AFTER_BLIND_COUNTS,"issue-phase0-primary-review-category-incomplete: Follow the Wyatt recapture instructions generated for this primary-review checkpoint. | issue-phase0-primary-review-environment-unresolved: Capture only non-secret game/console environment screens. Do not include account credentials, payment screens, serial numbers, or private profile details.",NOT_ELIGIBLE,NOT_SECOND_VERIFIED;NO_CATALOG_MANAGER_APPROVAL;NOT_IN_APPROVED_IMMUTABLE_PRODUCTION_RELEASE;ENVIRONMENT_UNRESOLVED;CATEGORY_INCOMPLETE;RECAPTURE_REQUIRED_FOR_PRODUCTION_COMPARISON;ISSUE:issue-phase0-primary-review-category-incomplete;ISSUE:issue-phase0-primary-review-environment-unresolved;MISSING_REQUIRED_VIEWS,NOT_VERIFIED,NOT_REVIEWED
cf27-production-verification-cf27-xboxunknown-rtg-head-024,CF27_XBOXUNKNOWN_RTG_HEAD_024,Heads,Face 24,24,Xbox,,,Road to Glory,Main interface > Road to Glory > Road to Glory Setup > Journey type cards > Choose Your Position > QB > Create Player > Player > Appearance > Head & Skin visible,env-cf27-phase0-video-001-rtg-custom-qb,PRIMARY_APPROVED_WITH_NOTES,EVIDENCE_LINKED,phase0-frame-video-003-tl-008,phase0-video-003,60-69,MENU;FRONT;LEFT_3Q;LEFT_PROFILE;RIGHT_3Q;RIGHT_PROFILE;REAR,MENU,FRONT;LEFT_3Q;LEFT_PROFILE;RIGHT_3Q;RIGHT_PROFILE;REAR,FAIL,UNRESOLVED_NOT_CAPTURE_STANDARDIZED,FAIL,false,false,true,INDEPENDENTLY_REVIEW_EVIDENCE_AFTER_BLIND_COUNTS,"issue-phase0-primary-review-category-incomplete: Follow the Wyatt recapture instructions generated for this primary-review checkpoint. | issue-phase0-primary-review-environment-unresolved: Capture only non-secret game/console environment screens. Do not include account credentials, payment screens, serial numbers, or private profile details.",NOT_ELIGIBLE,NOT_SECOND_VERIFIED;NO_CATALOG_MANAGER_APPROVAL;NOT_IN_APPROVED_IMMUTABLE_PRODUCTION_RELEASE;ENVIRONMENT_UNRESOLVED;CATEGORY_INCOMPLETE;RECAPTURE_REQUIRED_FOR_PRODUCTION_COMPARISON;ISSUE:issue-phase0-primary-review-category-incomplete;ISSUE:issue-phase0-primary-review-environment-unresolved;MISSING_REQUIRED_VIEWS,NOT_VERIFIED,NOT_REVIEWED
cf27-production-verification-cf27-xboxunknown-rtg-head-027,CF27_XBOXUNKNOWN_RTG_HEAD_027,Heads,Face 27,27,Xbox,,,Road to Glory,Main interface > Road to Glory > Road to Glory Setup > Journey type cards > Choose Your Position > QB > Create Player > Player > Appearance > Head & Skin visible,env-cf27-phase0-video-001-rtg-custom-qb,PRIMARY_APPROVED_WITH_NOTES,EVIDENCE_LINKED,phase0-frame-video-003-tl-011,phase0-video-003,90-99,MENU;FRONT;LEFT_3Q;LEFT_PROFILE;RIGHT_3Q;RIGHT_PROFILE;REAR,MENU,FRONT;LEFT_3Q;LEFT_PROFILE;RIGHT_3Q;RIGHT_PROFILE;REAR,FAIL,UNRESOLVED_NOT_CAPTURE_STANDARDIZED,FAIL,false,false,true,INDEPENDENTLY_REVIEW_EVIDENCE_AFTER_BLIND_COUNTS,"issue-phase0-primary-review-category-incomplete: Follow the Wyatt recapture instructions generated for this primary-review checkpoint. | issue-phase0-primary-review-environment-unresolved: Capture only non-secret game/console environment screens. Do not include account credentials, payment screens, serial numbers, or private profile details.",NOT_ELIGIBLE,NOT_SECOND_VERIFIED;NO_CATALOG_MANAGER_APPROVAL;NOT_IN_APPROVED_IMMUTABLE_PRODUCTION_RELEASE;ENVIRONMENT_UNRESOLVED;CATEGORY_INCOMPLETE;RECAPTURE_REQUIRED_FOR_PRODUCTION_COMPARISON;ISSUE:issue-phase0-primary-review-category-incomplete;ISSUE:issue-phase0-primary-review-environment-unresolved;MISSING_REQUIRED_VIEWS,NOT_VERIFIED,NOT_REVIEWED
cf27-production-verification-cf27-xboxunknown-rtg-head-028,CF27_XBOXUNKNOWN_RTG_HEAD_028,Heads,Face 28,28,Xbox,,,Road to Glory,Main interface > Road to Glory > Road to Glory Setup > Journey type cards > Choose Your Position > QB > Create Player > Player > Appearance > Head & Skin visible,env-cf27-phase0-video-001-rtg-custom-qb,PRIMARY_APPROVED_WITH_NOTES,EVIDENCE_LINKED,phase0-frame-video-003-tl-012,phase0-video-003,100-109,MENU;FRONT;LEFT_3Q;LEFT_PROFILE;RIGHT_3Q;RIGHT_PROFILE;REAR,MENU,FRONT;LEFT_3Q;LEFT_PROFILE;RIGHT_3Q;RIGHT_PROFILE;REAR,FAIL,UNRESOLVED_NOT_CAPTURE_STANDARDIZED,FAIL,false,false,true,INDEPENDENTLY_REVIEW_EVIDENCE_AFTER_BLIND_COUNTS,"issue-phase0-primary-review-category-incomplete: Follow the Wyatt recapture instructions generated for this primary-review checkpoint. | issue-phase0-primary-review-environment-unresolved: Capture only non-secret game/console environment screens. Do not include account credentials, payment screens, serial numbers, or private profile details.",NOT_ELIGIBLE,NOT_SECOND_VERIFIED;NO_CATALOG_MANAGER_APPROVAL;NOT_IN_APPROVED_IMMUTABLE_PRODUCTION_RELEASE;ENVIRONMENT_UNRESOLVED;CATEGORY_INCOMPLETE;RECAPTURE_REQUIRED_FOR_PRODUCTION_COMPARISON;ISSUE:issue-phase0-primary-review-category-incomplete;ISSUE:issue-phase0-primary-review-environment-unresolved;MISSING_REQUIRED_VIEWS,NOT_VERIFIED,NOT_REVIEWED
cf27-production-verification-cf27-xboxunknown-rtg-head-029,CF27_XBOXUNKNOWN_RTG_HEAD_029,Heads,Face 29,29,Xbox,,,Road to Glory,Main interface > Road to Glory > Road to Glory Setup > Journey type cards > Choose Your Position > QB > Create Player > Player > Appearance > Head & Skin visible,env-cf27-phase0-video-001-rtg-custom-qb,PRIMARY_APPROVED_WITH_NOTES,EVIDENCE_LINKED,phase0-frame-video-003-tl-015,phase0-video-003,127-133.02,MENU;FRONT;LEFT_3Q;LEFT_PROFILE;RIGHT_3Q;RIGHT_PROFILE;REAR,MENU,FRONT;LEFT_3Q;LEFT_PROFILE;RIGHT_3Q;RIGHT_PROFILE;REAR,FAIL,UNRESOLVED_NOT_CAPTURE_STANDARDIZED,FAIL,false,false,true,INDEPENDENTLY_REVIEW_EVIDENCE_AFTER_BLIND_COUNTS,"issue-phase0-primary-review-category-incomplete: Follow the Wyatt recapture instructions generated for this primary-review checkpoint. | issue-phase0-primary-review-environment-unresolved: Capture only non-secret game/console environment screens. Do not include account credentials, payment screens, serial numbers, or private profile details.",NOT_ELIGIBLE,NOT_SECOND_VERIFIED;NO_CATALOG_MANAGER_APPROVAL;NOT_IN_APPROVED_IMMUTABLE_PRODUCTION_RELEASE;ENVIRONMENT_UNRESOLVED;CATEGORY_INCOMPLETE;RECAPTURE_REQUIRED_FOR_PRODUCTION_COMPARISON;ISSUE:issue-phase0-primary-review-category-incomplete;ISSUE:issue-phase0-primary-review-environment-unresolved;MISSING_REQUIRED_VIEWS,NOT_VERIFIED,NOT_REVIEWED
cf27-production-verification-cf27-xboxunknown-rtg-head-030,CF27_XBOXUNKNOWN_RTG_HEAD_030,Heads,Face 30,30,Xbox,,,Road to Glory,Main interface > Road to Glory > Road to Glory Setup > Journey type cards > Choose Your Position > QB > Create Player > Player > Appearance > Head & Skin visible,env-cf27-phase0-video-001-rtg-custom-qb,PRIMARY_APPROVED_WITH_NOTES,EVIDENCE_LINKED,phase0-frame-video-003-tl-014,phase0-video-003,120-126,MENU;FRONT;LEFT_3Q;LEFT_PROFILE;RIGHT_3Q;RIGHT_PROFILE;REAR,MENU,FRONT;LEFT_3Q;LEFT_PROFILE;RIGHT_3Q;RIGHT_PROFILE;REAR,FAIL,UNRESOLVED_NOT_CAPTURE_STANDARDIZED,FAIL,false,false,true,INDEPENDENTLY_REVIEW_EVIDENCE_AFTER_BLIND_COUNTS,"issue-phase0-primary-review-category-incomplete: Follow the Wyatt recapture instructions generated for this primary-review checkpoint. | issue-phase0-primary-review-environment-unresolved: Capture only non-secret game/console environment screens. Do not include account credentials, payment screens, serial numbers, or private profile details.",NOT_ELIGIBLE,NOT_SECOND_VERIFIED;NO_CATALOG_MANAGER_APPROVAL;NOT_IN_APPROVED_IMMUTABLE_PRODUCTION_RELEASE;ENVIRONMENT_UNRESOLVED;CATEGORY_INCOMPLETE;RECAPTURE_REQUIRED_FOR_PRODUCTION_COMPARISON;ISSUE:issue-phase0-primary-review-category-incomplete;ISSUE:issue-phase0-primary-review-environment-unresolved;MISSING_REQUIRED_VIEWS,NOT_VERIFIED,NOT_REVIEWED
cf27-production-verification-cf27-xboxunknown-rtg-head-031,CF27_XBOXUNKNOWN_RTG_HEAD_031,Heads,Face 31,31,Xbox,,,Road to Glory,Main interface > Road to Glory > Road to Glory Setup > Journey type cards > Choose Your Position > QB > Create Player > Player > Appearance > Head & Skin visible,env-cf27-phase0-video-001-rtg-custom-qb,PRIMARY_APPROVED_WITH_NOTES,EVIDENCE_LINKED,phase0-frame-video-003-tl-013,phase0-video-003,110-119,MENU;FRONT;LEFT_3Q;LEFT_PROFILE;RIGHT_3Q;RIGHT_PROFILE;REAR,MENU,FRONT;LEFT_3Q;LEFT_PROFILE;RIGHT_3Q;RIGHT_PROFILE;REAR,FAIL,UNRESOLVED_NOT_CAPTURE_STANDARDIZED,FAIL,false,false,true,INDEPENDENTLY_REVIEW_EVIDENCE_AFTER_BLIND_COUNTS,"issue-phase0-primary-review-category-incomplete: Follow the Wyatt recapture instructions generated for this primary-review checkpoint. | issue-phase0-primary-review-environment-unresolved: Capture only non-secret game/console environment screens. Do not include account credentials, payment screens, serial numbers, or private profile details.",NOT_ELIGIBLE,NOT_SECOND_VERIFIED;NO_CATALOG_MANAGER_APPROVAL;NOT_IN_APPROVED_IMMUTABLE_PRODUCTION_RELEASE;ENVIRONMENT_UNRESOLVED;CATEGORY_INCOMPLETE;RECAPTURE_REQUIRED_FOR_PRODUCTION_COMPARISON;ISSUE:issue-phase0-primary-review-category-incomplete;ISSUE:issue-phase0-primary-review-environment-unresolved;MISSING_REQUIRED_VIEWS,NOT_VERIFIED,NOT_REVIEWED
cf27-production-verification-cf27-xboxunknown-rtg-jawshape-square,CF27_XBOXUNKNOWN_RTG_JAWSHAPE_SQUARE,Jaw Shape,Square,2,Xbox,,,Road to Glory,Main interface > Road to Glory > Road to Glory Setup > Journey type cards > Choose Your Position > QB > Create Player > Player > Appearance > Head & Skin visible,env-cf27-phase0-video-001-rtg-custom-qb,PRIMARY_APPROVED_WITH_NOTES,EVIDENCE_LINKED,phase0-frame-CF27_XBOX_SOURCE_2026_08_02_001-tl-010,CF27_XBOX_SOURCE_2026_08_02_001,220-229,MENU;FRONT;LEFT_PROFILE;RIGHT_PROFILE,MENU,FRONT;LEFT_PROFILE;RIGHT_PROFILE,FAIL,UNRESOLVED_NOT_CAPTURE_STANDARDIZED,FAIL,false,false,true,INDEPENDENTLY_REVIEW_EVIDENCE_AFTER_BLIND_COUNTS,"issue-phase0-primary-review-category-incomplete: Follow the Wyatt recapture instructions generated for this primary-review checkpoint. | issue-phase0-primary-review-environment-unresolved: Capture only non-secret game/console environment screens. Do not include account credentials, payment screens, serial numbers, or private profile details.",NOT_ELIGIBLE,NOT_SECOND_VERIFIED;NO_CATALOG_MANAGER_APPROVAL;NOT_IN_APPROVED_IMMUTABLE_PRODUCTION_RELEASE;ENVIRONMENT_UNRESOLVED;CATEGORY_INCOMPLETE;RECAPTURE_REQUIRED_FOR_PRODUCTION_COMPARISON;ISSUE:issue-phase0-primary-review-category-incomplete;ISSUE:issue-phase0-primary-review-environment-unresolved;MISSING_REQUIRED_VIEWS,NOT_VERIFIED,NOT_REVIEWED
cf27-production-verification-cf27-xboxunknown-rtg-mouthshape-heavy,CF27_XBOXUNKNOWN_RTG_MOUTHSHAPE_HEAVY,Mouth Shape,Heavy,7,Xbox,,,Road to Glory,Main interface > Road to Glory > Road to Glory Setup > Journey type cards > Choose Your Position > QB > Create Player > Player > Appearance > Head & Skin visible,env-cf27-phase0-video-001-rtg-custom-qb,PRIMARY_APPROVED_WITH_NOTES,EVIDENCE_LINKED,phase0-frame-CF27_XBOX_SOURCE_2026_08_02_001-tl-009,CF27_XBOX_SOURCE_2026_08_02_001,210-219,MENU;FRONT,MENU,FRONT,FAIL,UNRESOLVED_NOT_CAPTURE_STANDARDIZED,FAIL,false,false,true,INDEPENDENTLY_REVIEW_EVIDENCE_AFTER_BLIND_COUNTS,"issue-phase0-primary-review-category-incomplete: Follow the Wyatt recapture instructions generated for this primary-review checkpoint. | issue-phase0-primary-review-environment-unresolved: Capture only non-secret game/console environment screens. Do not include account credentials, payment screens, serial numbers, or private profile details.",NOT_ELIGIBLE,NOT_SECOND_VERIFIED;NO_CATALOG_MANAGER_APPROVAL;NOT_IN_APPROVED_IMMUTABLE_PRODUCTION_RELEASE;ENVIRONMENT_UNRESOLVED;CATEGORY_INCOMPLETE;RECAPTURE_REQUIRED_FOR_PRODUCTION_COMPARISON;ISSUE:issue-phase0-primary-review-category-incomplete;ISSUE:issue-phase0-primary-review-environment-unresolved;MISSING_REQUIRED_VIEWS,NOT_VERIFIED,NOT_REVIEWED
cf27-production-verification-cf27-xboxunknown-rtg-nose-001,CF27_XBOXUNKNOWN_RTG_NOSE_001,Nose,None,1,Xbox,,,Road to Glory,Main interface > Road to Glory > Road to Glory Setup > Journey type cards > Choose Your Position > QB > Create Player > Player > Appearance > Head & Skin visible,env-cf27-phase0-video-001-rtg-custom-qb,PRIMARY_APPROVED_WITH_NOTES,EVIDENCE_LINKED,phase0-frame-video-008-tl-003,phase0-video-008,15-15,MENU;FRONT;LEFT_PROFILE;RIGHT_PROFILE,MENU,FRONT;LEFT_PROFILE;RIGHT_PROFILE,PASS,UNRESOLVED_NOT_CAPTURE_STANDARDIZED,FAIL,false,false,true,INDEPENDENTLY_REVIEW_EVIDENCE_AFTER_BLIND_COUNTS,"issue-phase0-appearance-control-nose-recapture: Record Nose from the first available value through the final available value, pausing on each selected value long enough for label and character state review. Include beginning boundary, final boundary, wrap/no-wrap evidence, default state evidence, and dependency notes. | issue-phase0-primary-review-category-incomplete: Follow the Wyatt recapture instructions generated for this primary-review checkpoint. | issue-phase0-primary-review-environment-unresolved: Capture only non-secret game/console environment screens. Do not include account credentials, payment screens, serial numbers, or private profile details.",NOT_ELIGIBLE,NOT_SECOND_VERIFIED;NO_CATALOG_MANAGER_APPROVAL;NOT_IN_APPROVED_IMMUTABLE_PRODUCTION_RELEASE;ENVIRONMENT_UNRESOLVED;CATEGORY_INCOMPLETE;RECAPTURE_REQUIRED_FOR_PRODUCTION_COMPARISON;ISSUE:issue-phase0-appearance-control-nose-recapture;ISSUE:issue-phase0-primary-review-category-incomplete;ISSUE:issue-phase0-primary-review-environment-unresolved;MISSING_REQUIRED_VIEWS;CATEGORY_COUNT_ORDER_INCOMPLETE;COVERAGE:INCOMPLETE_EVIDENCE,NOT_VERIFIED,NOT_REVIEWED
cf27-production-verification-cf27-xboxunknown-rtg-nose-002,CF27_XBOXUNKNOWN_RTG_NOSE_002,Nose,Hooked,2,Xbox,,,Road to Glory,Main interface > Road to Glory > Road to Glory Setup > Journey type cards > Choose Your Position > QB > Create Player > Player > Appearance > Head & Skin visible,env-cf27-phase0-video-001-rtg-custom-qb,PRIMARY_APPROVED_WITH_NOTES,EVIDENCE_LINKED,phase0-frame-video-008-tl-004,phase0-video-008,16-18,MENU;FRONT;LEFT_PROFILE;RIGHT_PROFILE,MENU,FRONT;LEFT_PROFILE;RIGHT_PROFILE,PASS,UNRESOLVED_NOT_CAPTURE_STANDARDIZED,FAIL,false,false,true,INDEPENDENTLY_REVIEW_EVIDENCE_AFTER_BLIND_COUNTS,"issue-phase0-appearance-control-nose-recapture: Record Nose from the first available value through the final available value, pausing on each selected value long enough for label and character state review. Include beginning boundary, final boundary, wrap/no-wrap evidence, default state evidence, and dependency notes. | issue-phase0-primary-review-category-incomplete: Follow the Wyatt recapture instructions generated for this primary-review checkpoint. | issue-phase0-primary-review-environment-unresolved: Capture only non-secret game/console environment screens. Do not include account credentials, payment screens, serial numbers, or private profile details.",NOT_ELIGIBLE,NOT_SECOND_VERIFIED;NO_CATALOG_MANAGER_APPROVAL;NOT_IN_APPROVED_IMMUTABLE_PRODUCTION_RELEASE;ENVIRONMENT_UNRESOLVED;CATEGORY_INCOMPLETE;RECAPTURE_REQUIRED_FOR_PRODUCTION_COMPARISON;ISSUE:issue-phase0-appearance-control-nose-recapture;ISSUE:issue-phase0-primary-review-category-incomplete;ISSUE:issue-phase0-primary-review-environment-unresolved;MISSING_REQUIRED_VIEWS;CATEGORY_COUNT_ORDER_INCOMPLETE;COVERAGE:INCOMPLETE_EVIDENCE,NOT_VERIFIED,NOT_REVIEWED
cf27-production-verification-cf27-xboxunknown-rtg-nose-003,CF27_XBOXUNKNOWN_RTG_NOSE_003,Nose,Button,3,Xbox,,,Road to Glory,Main interface > Road to Glory > Road to Glory Setup > Journey type cards > Choose Your Position > QB > Create Player > Player > Appearance > Head & Skin visible,env-cf27-phase0-video-001-rtg-custom-qb,PRIMARY_APPROVED_WITH_NOTES,EVIDENCE_LINKED,phase0-frame-video-008-tl-005,phase0-video-008,19-20,MENU;FRONT;LEFT_PROFILE;RIGHT_PROFILE,MENU,FRONT;LEFT_PROFILE;RIGHT_PROFILE,PASS,UNRESOLVED_NOT_CAPTURE_STANDARDIZED,FAIL,false,false,true,INDEPENDENTLY_REVIEW_EVIDENCE_AFTER_BLIND_COUNTS,"issue-phase0-appearance-control-nose-recapture: Record Nose from the first available value through the final available value, pausing on each selected value long enough for label and character state review. Include beginning boundary, final boundary, wrap/no-wrap evidence, default state evidence, and dependency notes. | issue-phase0-primary-review-category-incomplete: Follow the Wyatt recapture instructions generated for this primary-review checkpoint. | issue-phase0-primary-review-environment-unresolved: Capture only non-secret game/console environment screens. Do not include account credentials, payment screens, serial numbers, or private profile details.",NOT_ELIGIBLE,NOT_SECOND_VERIFIED;NO_CATALOG_MANAGER_APPROVAL;NOT_IN_APPROVED_IMMUTABLE_PRODUCTION_RELEASE;ENVIRONMENT_UNRESOLVED;CATEGORY_INCOMPLETE;RECAPTURE_REQUIRED_FOR_PRODUCTION_COMPARISON;ISSUE:issue-phase0-appearance-control-nose-recapture;ISSUE:issue-phase0-primary-review-category-incomplete;ISSUE:issue-phase0-primary-review-environment-unresolved;MISSING_REQUIRED_VIEWS;CATEGORY_COUNT_ORDER_INCOMPLETE;COVERAGE:INCOMPLETE_EVIDENCE,NOT_VERIFIED,NOT_REVIEWED
cf27-production-verification-cf27-xboxunknown-rtg-nose-004,CF27_XBOXUNKNOWN_RTG_NOSE_004,Nose,Nubian,4,Xbox,,,Road to Glory,Main interface > Road to Glory > Road to Glory Setup > Journey type cards > Choose Your Position > QB > Create Player > Player > Appearance > Head & Skin visible,env-cf27-phase0-video-001-rtg-custom-qb,PRIMARY_APPROVED_WITH_NOTES,EVIDENCE_LINKED,phase0-frame-video-008-tl-006,phase0-video-008,21-22,MENU;FRONT;LEFT_PROFILE;RIGHT_PROFILE,MENU,FRONT;LEFT_PROFILE;RIGHT_PROFILE,PASS,UNRESOLVED_NOT_CAPTURE_STANDARDIZED,FAIL,false,false,true,INDEPENDENTLY_REVIEW_EVIDENCE_AFTER_BLIND_COUNTS,"issue-phase0-appearance-control-nose-recapture: Record Nose from the first available value through the final available value, pausing on each selected value long enough for label and character state review. Include beginning boundary, final boundary, wrap/no-wrap evidence, default state evidence, and dependency notes. | issue-phase0-primary-review-category-incomplete: Follow the Wyatt recapture instructions generated for this primary-review checkpoint. | issue-phase0-primary-review-environment-unresolved: Capture only non-secret game/console environment screens. Do not include account credentials, payment screens, serial numbers, or private profile details.",NOT_ELIGIBLE,NOT_SECOND_VERIFIED;NO_CATALOG_MANAGER_APPROVAL;NOT_IN_APPROVED_IMMUTABLE_PRODUCTION_RELEASE;ENVIRONMENT_UNRESOLVED;CATEGORY_INCOMPLETE;RECAPTURE_REQUIRED_FOR_PRODUCTION_COMPARISON;ISSUE:issue-phase0-appearance-control-nose-recapture;ISSUE:issue-phase0-primary-review-category-incomplete;ISSUE:issue-phase0-primary-review-environment-unresolved;MISSING_REQUIRED_VIEWS;CATEGORY_COUNT_ORDER_INCOMPLETE;COVERAGE:INCOMPLETE_EVIDENCE,NOT_VERIFIED,NOT_REVIEWED
cf27-production-verification-cf27-xboxunknown-rtg-nose-005,CF27_XBOXUNKNOWN_RTG_NOSE_005,Nose,Aquiline,5,Xbox,,,Road to Glory,Main interface > Road to Glory > Road to Glory Setup > Journey type cards > Choose Your Position > QB > Create Player > Player > Appearance > Head & Skin visible,env-cf27-phase0-video-001-rtg-custom-qb,DUPLICATE_REVIEW_REQUIRED,EVIDENCE_LINKED,phase0-frame-video-008-tl-002;phase0-frame-video-008-tl-009,phase0-video-008,14-14,MENU;FRONT;LEFT_PROFILE;RIGHT_PROFILE,MENU,FRONT;LEFT_PROFILE;RIGHT_PROFILE,PASS,UNRESOLVED_NOT_CAPTURE_STANDARDIZED,FAIL,true,false,true,REVIEW_DUPLICATE_OR_CONTINUITY_AFTER_INDEPENDENT_COUNTS,"issue-phase0-appearance-control-nose-recapture: Record Nose from the first available value through the final available value, pausing on each selected value long enough for label and character state review. Include beginning boundary, final boundary, wrap/no-wrap evidence, default state evidence, and dependency notes. | issue-phase0-primary-review-category-incomplete: Follow the Wyatt recapture instructions generated for this primary-review checkpoint. | issue-phase0-primary-review-duplicate-observations: Do not merge duplicate-looking options. Preserve native order and selected value evidence. | issue-phase0-primary-review-environment-unresolved: Capture only non-secret game/console environment screens. Do not include account credentials, payment screens, serial numbers, or private profile details.",NOT_ELIGIBLE,NOT_SECOND_VERIFIED;NO_CATALOG_MANAGER_APPROVAL;NOT_IN_APPROVED_IMMUTABLE_PRODUCTION_RELEASE;ENVIRONMENT_UNRESOLVED;CATEGORY_INCOMPLETE;RECAPTURE_REQUIRED_FOR_PRODUCTION_COMPARISON;DUPLICATE_REVIEW_REQUIRED;ISSUE:issue-phase0-appearance-control-nose-recapture;ISSUE:issue-phase0-primary-review-category-incomplete;ISSUE:issue-phase0-primary-review-duplicate-observations;ISSUE:issue-phase0-primary-review-environment-unresolved;MISSING_REQUIRED_VIEWS;CATEGORY_COUNT_ORDER_INCOMPLETE;COVERAGE:INCOMPLETE_EVIDENCE,NOT_VERIFIED,NOT_REVIEWED
cf27-production-verification-cf27-xboxunknown-rtg-nose-006,CF27_XBOXUNKNOWN_RTG_NOSE_006,Nose,Roman,6,Xbox,,,Road to Glory,Main interface > Road to Glory > Road to Glory Setup > Journey type cards > Choose Your Position > QB > Create Player > Player > Appearance > Head & Skin visible,env-cf27-phase0-video-001-rtg-custom-qb,PRIMARY_APPROVED_WITH_NOTES,EVIDENCE_LINKED,phase0-frame-video-008-tl-008,phase0-video-008,25-27,MENU;FRONT;LEFT_PROFILE;RIGHT_PROFILE,MENU,FRONT;LEFT_PROFILE;RIGHT_PROFILE,PASS,UNRESOLVED_NOT_CAPTURE_STANDARDIZED,FAIL,false,false,true,INDEPENDENTLY_REVIEW_EVIDENCE_AFTER_BLIND_COUNTS,"issue-phase0-appearance-control-nose-recapture: Record Nose from the first available value through the final available value, pausing on each selected value long enough for label and character state review. Include beginning boundary, final boundary, wrap/no-wrap evidence, default state evidence, and dependency notes. | issue-phase0-primary-review-category-incomplete: Follow the Wyatt recapture instructions generated for this primary-review checkpoint. | issue-phase0-primary-review-environment-unresolved: Capture only non-secret game/console environment screens. Do not include account credentials, payment screens, serial numbers, or private profile details.",NOT_ELIGIBLE,NOT_SECOND_VERIFIED;NO_CATALOG_MANAGER_APPROVAL;NOT_IN_APPROVED_IMMUTABLE_PRODUCTION_RELEASE;ENVIRONMENT_UNRESOLVED;CATEGORY_INCOMPLETE;RECAPTURE_REQUIRED_FOR_PRODUCTION_COMPARISON;ISSUE:issue-phase0-appearance-control-nose-recapture;ISSUE:issue-phase0-primary-review-category-incomplete;ISSUE:issue-phase0-primary-review-environment-unresolved;MISSING_REQUIRED_VIEWS;CATEGORY_COUNT_ORDER_INCOMPLETE;COVERAGE:INCOMPLETE_EVIDENCE,NOT_VERIFIED,NOT_REVIEWED
cf27-production-verification-cf27-xboxunknown-rtg-nose-007,CF27_XBOXUNKNOWN_RTG_NOSE_007,Nose,Funnel,7,Xbox,,,Road to Glory,Main interface > Road to Glory > Road to Glory Setup > Journey type cards > Choose Your Position > QB > Create Player > Player > Appearance > Head & Skin visible,env-cf27-phase0-video-001-rtg-custom-qb,PRIMARY_APPROVED_WITH_NOTES,EVIDENCE_LINKED,phase0-frame-video-008-tl-007,phase0-video-008,23-24,MENU;FRONT;LEFT_PROFILE;RIGHT_PROFILE,MENU,FRONT;LEFT_PROFILE;RIGHT_PROFILE,PASS,UNRESOLVED_NOT_CAPTURE_STANDARDIZED,FAIL,false,false,true,INDEPENDENTLY_REVIEW_EVIDENCE_AFTER_BLIND_COUNTS,"issue-phase0-appearance-control-nose-recapture: Record Nose from the first available value through the final available value, pausing on each selected value long enough for label and character state review. Include beginning boundary, final boundary, wrap/no-wrap evidence, default state evidence, and dependency notes. | issue-phase0-primary-review-category-incomplete: Follow the Wyatt recapture instructions generated for this primary-review checkpoint. | issue-phase0-primary-review-environment-unresolved: Capture only non-secret game/console environment screens. Do not include account credentials, payment screens, serial numbers, or private profile details.",NOT_ELIGIBLE,NOT_SECOND_VERIFIED;NO_CATALOG_MANAGER_APPROVAL;NOT_IN_APPROVED_IMMUTABLE_PRODUCTION_RELEASE;ENVIRONMENT_UNRESOLVED;CATEGORY_INCOMPLETE;RECAPTURE_REQUIRED_FOR_PRODUCTION_COMPARISON;ISSUE:issue-phase0-appearance-control-nose-recapture;ISSUE:issue-phase0-primary-review-category-incomplete;ISSUE:issue-phase0-primary-review-environment-unresolved;MISSING_REQUIRED_VIEWS;CATEGORY_COUNT_ORDER_INCOMPLETE;COVERAGE:INCOMPLETE_EVIDENCE,NOT_VERIFIED,NOT_REVIEWED
cf27-production-verification-cf27-xboxunknown-rtg-skindetails-001,CF27_XBOXUNKNOWN_RTG_SKINDETAILS_001,Skin Details,None,1,Xbox,,,Road to Glory,Main interface > Road to Glory > Road to Glory Setup > Journey type cards > Choose Your Position > QB > Create Player > Player > Appearance > Head & Skin visible,env-cf27-phase0-video-001-rtg-custom-qb,PRIMARY_APPROVED_WITH_NOTES,EVIDENCE_LINKED,phase0-frame-video-005-tl-002,phase0-video-005,8-8,MENU;FRONT,MENU,FRONT,PASS,UNRESOLVED_NOT_CAPTURE_STANDARDIZED,FAIL,false,false,true,INDEPENDENTLY_REVIEW_EVIDENCE_AFTER_BLIND_COUNTS,"issue-phase0-appearance-control-skin-details-recapture: Record Skin Details from the first available value through the final available value, pausing on each selected value long enough for label and character state review. Include beginning boundary, final boundary, wrap/no-wrap evidence, default state evidence, and dependency notes. | issue-phase0-primary-review-category-incomplete: Follow the Wyatt recapture instructions generated for this primary-review checkpoint. | issue-phase0-primary-review-environment-unresolved: Capture only non-secret game/console environment screens. Do not include account credentials, payment screens, serial numbers, or private profile details.",NOT_ELIGIBLE,NOT_SECOND_VERIFIED;NO_CATALOG_MANAGER_APPROVAL;NOT_IN_APPROVED_IMMUTABLE_PRODUCTION_RELEASE;ENVIRONMENT_UNRESOLVED;CATEGORY_INCOMPLETE;RECAPTURE_REQUIRED_FOR_PRODUCTION_COMPARISON;ISSUE:issue-phase0-appearance-control-skin-details-recapture;ISSUE:issue-phase0-primary-review-category-incomplete;ISSUE:issue-phase0-primary-review-environment-unresolved;MISSING_REQUIRED_VIEWS;CATEGORY_COUNT_ORDER_INCOMPLETE,NOT_VERIFIED,NOT_REVIEWED
cf27-production-verification-cf27-xboxunknown-rtg-skindetails-002,CF27_XBOXUNKNOWN_RTG_SKINDETAILS_002,Skin Details,Freckles 2,2,Xbox,,,Road to Glory,Main interface > Road to Glory > Road to Glory Setup > Journey type cards > Choose Your Position > QB > Create Player > Player > Appearance > Head & Skin visible,env-cf27-phase0-video-001-rtg-custom-qb,PRIMARY_APPROVED_WITH_NOTES,EVIDENCE_LINKED,phase0-frame-video-005-tl-003,phase0-video-005,9-10,MENU;FRONT,MENU,FRONT,PASS,UNRESOLVED_NOT_CAPTURE_STANDARDIZED,FAIL,false,false,true,INDEPENDENTLY_REVIEW_EVIDENCE_AFTER_BLIND_COUNTS,"issue-phase0-appearance-control-skin-details-recapture: Record Skin Details from the first available value through the final available value, pausing on each selected value long enough for label and character state review. Include beginning boundary, final boundary, wrap/no-wrap evidence, default state evidence, and dependency notes. | issue-phase0-primary-review-category-incomplete: Follow the Wyatt recapture instructions generated for this primary-review checkpoint. | issue-phase0-primary-review-environment-unresolved: Capture only non-secret game/console environment screens. Do not include account credentials, payment screens, serial numbers, or private profile details.",NOT_ELIGIBLE,NOT_SECOND_VERIFIED;NO_CATALOG_MANAGER_APPROVAL;NOT_IN_APPROVED_IMMUTABLE_PRODUCTION_RELEASE;ENVIRONMENT_UNRESOLVED;CATEGORY_INCOMPLETE;RECAPTURE_REQUIRED_FOR_PRODUCTION_COMPARISON;ISSUE:issue-phase0-appearance-control-skin-details-recapture;ISSUE:issue-phase0-primary-review-category-incomplete;ISSUE:issue-phase0-primary-review-environment-unresolved;MISSING_REQUIRED_VIEWS;CATEGORY_COUNT_ORDER_INCOMPLETE,NOT_VERIFIED,NOT_REVIEWED
cf27-production-verification-cf27-xboxunknown-rtg-skindetails-003,CF27_XBOXUNKNOWN_RTG_SKINDETAILS_003,Skin Details,Scar 3,3,Xbox,,,Road to Glory,Main interface > Road to Glory > Road to Glory Setup > Journey type cards > Choose Your Position > QB > Create Player > Player > Appearance > Head & Skin visible,env-cf27-phase0-video-001-rtg-custom-qb,PRIMARY_APPROVED_WITH_NOTES,EVIDENCE_LINKED,phase0-frame-video-005-tl-004,phase0-video-005,11-14,MENU;FRONT,MENU,FRONT,PASS,UNRESOLVED_NOT_CAPTURE_STANDARDIZED,FAIL,false,false,true,INDEPENDENTLY_REVIEW_EVIDENCE_AFTER_BLIND_COUNTS,"issue-phase0-appearance-control-skin-details-recapture: Record Skin Details from the first available value through the final available value, pausing on each selected value long enough for label and character state review. Include beginning boundary, final boundary, wrap/no-wrap evidence, default state evidence, and dependency notes. | issue-phase0-primary-review-category-incomplete: Follow the Wyatt recapture instructions generated for this primary-review checkpoint. | issue-phase0-primary-review-environment-unresolved: Capture only non-secret game/console environment screens. Do not include account credentials, payment screens, serial numbers, or private profile details.",NOT_ELIGIBLE,NOT_SECOND_VERIFIED;NO_CATALOG_MANAGER_APPROVAL;NOT_IN_APPROVED_IMMUTABLE_PRODUCTION_RELEASE;ENVIRONMENT_UNRESOLVED;CATEGORY_INCOMPLETE;RECAPTURE_REQUIRED_FOR_PRODUCTION_COMPARISON;ISSUE:issue-phase0-appearance-control-skin-details-recapture;ISSUE:issue-phase0-primary-review-category-incomplete;ISSUE:issue-phase0-primary-review-environment-unresolved;MISSING_REQUIRED_VIEWS;CATEGORY_COUNT_ORDER_INCOMPLETE,NOT_VERIFIED,NOT_REVIEWED
cf27-production-verification-cf27-xboxunknown-rtg-skindetails-004,CF27_XBOXUNKNOWN_RTG_SKINDETAILS_004,Skin Details,Scar 2,4,Xbox,,,Road to Glory,Main interface > Road to Glory > Road to Glory Setup > Journey type cards > Choose Your Position > QB > Create Player > Player > Appearance > Head & Skin visible,env-cf27-phase0-video-001-rtg-custom-qb,PRIMARY_APPROVED_WITH_NOTES,EVIDENCE_LINKED,phase0-frame-video-005-tl-005,phase0-video-005,15-16,MENU;FRONT,MENU,FRONT,PASS,UNRESOLVED_NOT_CAPTURE_STANDARDIZED,FAIL,false,false,true,INDEPENDENTLY_REVIEW_EVIDENCE_AFTER_BLIND_COUNTS,"issue-phase0-appearance-control-skin-details-recapture: Record Skin Details from the first available value through the final available value, pausing on each selected value long enough for label and character state review. Include beginning boundary, final boundary, wrap/no-wrap evidence, default state evidence, and dependency notes. | issue-phase0-primary-review-category-incomplete: Follow the Wyatt recapture instructions generated for this primary-review checkpoint. | issue-phase0-primary-review-environment-unresolved: Capture only non-secret game/console environment screens. Do not include account credentials, payment screens, serial numbers, or private profile details.",NOT_ELIGIBLE,NOT_SECOND_VERIFIED;NO_CATALOG_MANAGER_APPROVAL;NOT_IN_APPROVED_IMMUTABLE_PRODUCTION_RELEASE;ENVIRONMENT_UNRESOLVED;CATEGORY_INCOMPLETE;RECAPTURE_REQUIRED_FOR_PRODUCTION_COMPARISON;ISSUE:issue-phase0-appearance-control-skin-details-recapture;ISSUE:issue-phase0-primary-review-category-incomplete;ISSUE:issue-phase0-primary-review-environment-unresolved;MISSING_REQUIRED_VIEWS;CATEGORY_COUNT_ORDER_INCOMPLETE,NOT_VERIFIED,NOT_REVIEWED
cf27-production-verification-cf27-xboxunknown-rtg-skindetails-005,CF27_XBOXUNKNOWN_RTG_SKINDETAILS_005,Skin Details,Scar 1,5,Xbox,,,Road to Glory,Main interface > Road to Glory > Road to Glory Setup > Journey type cards > Choose Your Position > QB > Create Player > Player > Appearance > Head & Skin visible,env-cf27-phase0-video-001-rtg-custom-qb,PRIMARY_APPROVED_WITH_NOTES,EVIDENCE_LINKED,phase0-frame-video-005-tl-009,phase0-video-005,23-24,MENU;FRONT,MENU,FRONT,PASS,UNRESOLVED_NOT_CAPTURE_STANDARDIZED,FAIL,false,false,true,INDEPENDENTLY_REVIEW_EVIDENCE_AFTER_BLIND_COUNTS,"issue-phase0-appearance-control-skin-details-recapture: Record Skin Details from the first available value through the final available value, pausing on each selected value long enough for label and character state review. Include beginning boundary, final boundary, wrap/no-wrap evidence, default state evidence, and dependency notes. | issue-phase0-primary-review-category-incomplete: Follow the Wyatt recapture instructions generated for this primary-review checkpoint. | issue-phase0-primary-review-environment-unresolved: Capture only non-secret game/console environment screens. Do not include account credentials, payment screens, serial numbers, or private profile details.",NOT_ELIGIBLE,NOT_SECOND_VERIFIED;NO_CATALOG_MANAGER_APPROVAL;NOT_IN_APPROVED_IMMUTABLE_PRODUCTION_RELEASE;ENVIRONMENT_UNRESOLVED;CATEGORY_INCOMPLETE;RECAPTURE_REQUIRED_FOR_PRODUCTION_COMPARISON;ISSUE:issue-phase0-appearance-control-skin-details-recapture;ISSUE:issue-phase0-primary-review-category-incomplete;ISSUE:issue-phase0-primary-review-environment-unresolved;MISSING_REQUIRED_VIEWS;CATEGORY_COUNT_ORDER_INCOMPLETE,NOT_VERIFIED,NOT_REVIEWED
cf27-production-verification-cf27-xboxunknown-rtg-skindetails-006,CF27_XBOXUNKNOWN_RTG_SKINDETAILS_006,Skin Details,Acne Scar 1,6,Xbox,,,Road to Glory,Main interface > Road to Glory > Road to Glory Setup > Journey type cards > Choose Your Position > QB > Create Player > Player > Appearance > Head & Skin visible,env-cf27-phase0-video-001-rtg-custom-qb,PRIMARY_APPROVED_WITH_NOTES,EVIDENCE_LINKED,phase0-frame-video-005-tl-008,phase0-video-005,21-22,MENU;FRONT,MENU,FRONT,PASS,UNRESOLVED_NOT_CAPTURE_STANDARDIZED,FAIL,false,false,true,INDEPENDENTLY_REVIEW_EVIDENCE_AFTER_BLIND_COUNTS,"issue-phase0-appearance-control-skin-details-recapture: Record Skin Details from the first available value through the final available value, pausing on each selected value long enough for label and character state review. Include beginning boundary, final boundary, wrap/no-wrap evidence, default state evidence, and dependency notes. | issue-phase0-primary-review-category-incomplete: Follow the Wyatt recapture instructions generated for this primary-review checkpoint. | issue-phase0-primary-review-environment-unresolved: Capture only non-secret game/console environment screens. Do not include account credentials, payment screens, serial numbers, or private profile details.",NOT_ELIGIBLE,NOT_SECOND_VERIFIED;NO_CATALOG_MANAGER_APPROVAL;NOT_IN_APPROVED_IMMUTABLE_PRODUCTION_RELEASE;ENVIRONMENT_UNRESOLVED;CATEGORY_INCOMPLETE;RECAPTURE_REQUIRED_FOR_PRODUCTION_COMPARISON;ISSUE:issue-phase0-appearance-control-skin-details-recapture;ISSUE:issue-phase0-primary-review-category-incomplete;ISSUE:issue-phase0-primary-review-environment-unresolved;MISSING_REQUIRED_VIEWS;CATEGORY_COUNT_ORDER_INCOMPLETE,NOT_VERIFIED,NOT_REVIEWED
cf27-production-verification-cf27-xboxunknown-rtg-skindetails-007,CF27_XBOXUNKNOWN_RTG_SKINDETAILS_007,Skin Details,Redness 3,7,Xbox,,,Road to Glory,Main interface > Road to Glory > Road to Glory Setup > Journey type cards > Choose Your Position > QB > Create Player > Player > Appearance > Head & Skin visible,env-cf27-phase0-video-001-rtg-custom-qb,PRIMARY_APPROVED_WITH_NOTES,EVIDENCE_LINKED,phase0-frame-video-005-tl-007,phase0-video-005,19-20,MENU;FRONT,MENU,FRONT,PASS,UNRESOLVED_NOT_CAPTURE_STANDARDIZED,FAIL,false,false,true,INDEPENDENTLY_REVIEW_EVIDENCE_AFTER_BLIND_COUNTS,"issue-phase0-appearance-control-skin-details-recapture: Record Skin Details from the first available value through the final available value, pausing on each selected value long enough for label and character state review. Include beginning boundary, final boundary, wrap/no-wrap evidence, default state evidence, and dependency notes. | issue-phase0-primary-review-category-incomplete: Follow the Wyatt recapture instructions generated for this primary-review checkpoint. | issue-phase0-primary-review-environment-unresolved: Capture only non-secret game/console environment screens. Do not include account credentials, payment screens, serial numbers, or private profile details.",NOT_ELIGIBLE,NOT_SECOND_VERIFIED;NO_CATALOG_MANAGER_APPROVAL;NOT_IN_APPROVED_IMMUTABLE_PRODUCTION_RELEASE;ENVIRONMENT_UNRESOLVED;CATEGORY_INCOMPLETE;RECAPTURE_REQUIRED_FOR_PRODUCTION_COMPARISON;ISSUE:issue-phase0-appearance-control-skin-details-recapture;ISSUE:issue-phase0-primary-review-category-incomplete;ISSUE:issue-phase0-primary-review-environment-unresolved;MISSING_REQUIRED_VIEWS;CATEGORY_COUNT_ORDER_INCOMPLETE,NOT_VERIFIED,NOT_REVIEWED
cf27-production-verification-cf27-xboxunknown-rtg-skindetails-008,CF27_XBOXUNKNOWN_RTG_SKINDETAILS_008,Skin Details,Redness 2,8,Xbox,,,Road to Glory,Main interface > Road to Glory > Road to Glory Setup > Journey type cards > Choose Your Position > QB > Create Player > Player > Appearance > Head & Skin visible,env-cf27-phase0-video-001-rtg-custom-qb,PRIMARY_APPROVED_WITH_NOTES,EVIDENCE_LINKED,phase0-frame-video-005-tl-006,phase0-video-005,17-18,MENU;FRONT,MENU,FRONT,PASS,UNRESOLVED_NOT_CAPTURE_STANDARDIZED,FAIL,false,false,true,INDEPENDENTLY_REVIEW_EVIDENCE_AFTER_BLIND_COUNTS,"issue-phase0-appearance-control-skin-details-recapture: Record Skin Details from the first available value through the final available value, pausing on each selected value long enough for label and character state review. Include beginning boundary, final boundary, wrap/no-wrap evidence, default state evidence, and dependency notes. | issue-phase0-primary-review-category-incomplete: Follow the Wyatt recapture instructions generated for this primary-review checkpoint. | issue-phase0-primary-review-environment-unresolved: Capture only non-secret game/console environment screens. Do not include account credentials, payment screens, serial numbers, or private profile details.",NOT_ELIGIBLE,NOT_SECOND_VERIFIED;NO_CATALOG_MANAGER_APPROVAL;NOT_IN_APPROVED_IMMUTABLE_PRODUCTION_RELEASE;ENVIRONMENT_UNRESOLVED;CATEGORY_INCOMPLETE;RECAPTURE_REQUIRED_FOR_PRODUCTION_COMPARISON;ISSUE:issue-phase0-appearance-control-skin-details-recapture;ISSUE:issue-phase0-primary-review-category-incomplete;ISSUE:issue-phase0-primary-review-environment-unresolved;MISSING_REQUIRED_VIEWS;CATEGORY_COUNT_ORDER_INCOMPLETE,NOT_VERIFIED,NOT_REVIEWED
cf27-production-verification-cf27-xboxunknown-rtg-skindetails-009,CF27_XBOXUNKNOWN_RTG_SKINDETAILS_009,Skin Details,Redness 1,9,Xbox,,,Road to Glory,Main interface > Road to Glory > Road to Glory Setup > Journey type cards > Choose Your Position > QB > Create Player > Player > Appearance > Head & Skin visible,env-cf27-phase0-video-001-rtg-custom-qb,PRIMARY_APPROVED_WITH_NOTES,EVIDENCE_LINKED,phase0-frame-video-005-tl-010,phase0-video-005,25-26,MENU;FRONT,MENU,FRONT,PASS,UNRESOLVED_NOT_CAPTURE_STANDARDIZED,FAIL,false,false,true,INDEPENDENTLY_REVIEW_EVIDENCE_AFTER_BLIND_COUNTS,"issue-phase0-appearance-control-skin-details-recapture: Record Skin Details from the first available value through the final available value, pausing on each selected value long enough for label and character state review. Include beginning boundary, final boundary, wrap/no-wrap evidence, default state evidence, and dependency notes. | issue-phase0-primary-review-category-incomplete: Follow the Wyatt recapture instructions generated for this primary-review checkpoint. | issue-phase0-primary-review-environment-unresolved: Capture only non-secret game/console environment screens. Do not include account credentials, payment screens, serial numbers, or private profile details.",NOT_ELIGIBLE,NOT_SECOND_VERIFIED;NO_CATALOG_MANAGER_APPROVAL;NOT_IN_APPROVED_IMMUTABLE_PRODUCTION_RELEASE;ENVIRONMENT_UNRESOLVED;CATEGORY_INCOMPLETE;RECAPTURE_REQUIRED_FOR_PRODUCTION_COMPARISON;ISSUE:issue-phase0-appearance-control-skin-details-recapture;ISSUE:issue-phase0-primary-review-category-incomplete;ISSUE:issue-phase0-primary-review-environment-unresolved;MISSING_REQUIRED_VIEWS;CATEGORY_COUNT_ORDER_INCOMPLETE,NOT_VERIFIED,NOT_REVIEWED
cf27-production-verification-cf27-xboxunknown-rtg-skindetails-010,CF27_XBOXUNKNOWN_RTG_SKINDETAILS_010,Skin Details,Freckles 1,10,Xbox,,,Road to Glory,Main interface > Road to Glory > Road to Glory Setup > Journey type cards > Choose Your Position > QB > Create Player > Player > Appearance > Head & Skin visible,env-cf27-phase0-video-001-rtg-custom-qb,PRIMARY_APPROVED_WITH_NOTES,EVIDENCE_LINKED,phase0-frame-video-005-tl-011,phase0-video-005,27-31.72,MENU;FRONT,MENU,FRONT,PASS,UNRESOLVED_NOT_CAPTURE_STANDARDIZED,FAIL,false,false,true,INDEPENDENTLY_REVIEW_EVIDENCE_AFTER_BLIND_COUNTS,"issue-phase0-appearance-control-skin-details-recapture: Record Skin Details from the first available value through the final available value, pausing on each selected value long enough for label and character state review. Include beginning boundary, final boundary, wrap/no-wrap evidence, default state evidence, and dependency notes. | issue-phase0-primary-review-category-incomplete: Follow the Wyatt recapture instructions generated for this primary-review checkpoint. | issue-phase0-primary-review-environment-unresolved: Capture only non-secret game/console environment screens. Do not include account credentials, payment screens, serial numbers, or private profile details.",NOT_ELIGIBLE,NOT_SECOND_VERIFIED;NO_CATALOG_MANAGER_APPROVAL;NOT_IN_APPROVED_IMMUTABLE_PRODUCTION_RELEASE;ENVIRONMENT_UNRESOLVED;CATEGORY_INCOMPLETE;RECAPTURE_REQUIRED_FOR_PRODUCTION_COMPARISON;ISSUE:issue-phase0-appearance-control-skin-details-recapture;ISSUE:issue-phase0-primary-review-category-incomplete;ISSUE:issue-phase0-primary-review-environment-unresolved;MISSING_REQUIRED_VIEWS;CATEGORY_COUNT_ORDER_INCOMPLETE,NOT_VERIFIED,NOT_REVIEWED
cf27-production-verification-cf27-xboxunknown-rtg-skintone-001,CF27_XBOXUNKNOWN_RTG_SKINTONE_001,Skin Tone,Skin Tone 01,1,Xbox,,,Road to Glory,Main interface > Road to Glory > Road to Glory Setup > Journey type cards > Choose Your Position > QB > Create Player > Player > Appearance > Head & Skin visible,env-cf27-phase0-video-001-rtg-custom-qb,PRIMARY_APPROVED_WITH_NOTES,EVIDENCE_LINKED,phase0-frame-video-004-tl-019,phase0-video-004,45-46,MENU;FRONT,MENU,FRONT,PASS,UNRESOLVED_NOT_CAPTURE_STANDARDIZED,FAIL,false,false,true,INDEPENDENTLY_REVIEW_EVIDENCE_AFTER_BLIND_COUNTS,"issue-phase0-appearance-control-skin-tone-recapture: Record Skin Tone from the first available value through the final available value, pausing on each selected value long enough for label and character state review. Include beginning boundary, final boundary, wrap/no-wrap evidence, default state evidence, and dependency notes. | issue-phase0-primary-review-category-incomplete: Follow the Wyatt recapture instructions generated for this primary-review checkpoint. | issue-phase0-primary-review-environment-unresolved: Capture only non-secret game/console environment screens. Do not include account credentials, payment screens, serial numbers, or private profile details.",NOT_ELIGIBLE,NOT_SECOND_VERIFIED;NO_CATALOG_MANAGER_APPROVAL;NOT_IN_APPROVED_IMMUTABLE_PRODUCTION_RELEASE;ENVIRONMENT_UNRESOLVED;CATEGORY_INCOMPLETE;RECAPTURE_REQUIRED_FOR_PRODUCTION_COMPARISON;ISSUE:issue-phase0-appearance-control-skin-tone-recapture;ISSUE:issue-phase0-primary-review-category-incomplete;ISSUE:issue-phase0-primary-review-environment-unresolved;MISSING_REQUIRED_VIEWS;CATEGORY_COUNT_ORDER_INCOMPLETE,NOT_VERIFIED,NOT_REVIEWED
cf27-production-verification-cf27-xboxunknown-rtg-skintone-002,CF27_XBOXUNKNOWN_RTG_SKINTONE_002,Skin Tone,Skin Tone 02,2,Xbox,,,Road to Glory,Main interface > Road to Glory > Road to Glory Setup > Journey type cards > Choose Your Position > QB > Create Player > Player > Appearance > Head & Skin visible,env-cf27-phase0-video-001-rtg-custom-qb,PRIMARY_APPROVED_WITH_NOTES,EVIDENCE_LINKED,phase0-frame-video-004-tl-020,phase0-video-004,47-47,MENU;FRONT,MENU,FRONT,PASS,UNRESOLVED_NOT_CAPTURE_STANDARDIZED,FAIL,false,false,true,INDEPENDENTLY_REVIEW_EVIDENCE_AFTER_BLIND_COUNTS,"issue-phase0-appearance-control-skin-tone-recapture: Record Skin Tone from the first available value through the final available value, pausing on each selected value long enough for label and character state review. Include beginning boundary, final boundary, wrap/no-wrap evidence, default state evidence, and dependency notes. | issue-phase0-primary-review-category-incomplete: Follow the Wyatt recapture instructions generated for this primary-review checkpoint. | issue-phase0-primary-review-environment-unresolved: Capture only non-secret game/console environment screens. Do not include account credentials, payment screens, serial numbers, or private profile details.",NOT_ELIGIBLE,NOT_SECOND_VERIFIED;NO_CATALOG_MANAGER_APPROVAL;NOT_IN_APPROVED_IMMUTABLE_PRODUCTION_RELEASE;ENVIRONMENT_UNRESOLVED;CATEGORY_INCOMPLETE;RECAPTURE_REQUIRED_FOR_PRODUCTION_COMPARISON;ISSUE:issue-phase0-appearance-control-skin-tone-recapture;ISSUE:issue-phase0-primary-review-category-incomplete;ISSUE:issue-phase0-primary-review-environment-unresolved;MISSING_REQUIRED_VIEWS;CATEGORY_COUNT_ORDER_INCOMPLETE,NOT_VERIFIED,NOT_REVIEWED
cf27-production-verification-cf27-xboxunknown-rtg-skintone-003,CF27_XBOXUNKNOWN_RTG_SKINTONE_003,Skin Tone,Skin Tone 03,3,Xbox,,,Road to Glory,Main interface > Road to Glory > Road to Glory Setup > Journey type cards > Choose Your Position > QB > Create Player > Player > Appearance > Head & Skin visible,env-cf27-phase0-video-001-rtg-custom-qb,PRIMARY_APPROVED_WITH_NOTES,EVIDENCE_LINKED,phase0-frame-video-004-tl-021,phase0-video-004,48-49,MENU;FRONT,MENU,FRONT,PASS,UNRESOLVED_NOT_CAPTURE_STANDARDIZED,FAIL,false,false,true,INDEPENDENTLY_REVIEW_EVIDENCE_AFTER_BLIND_COUNTS,"issue-phase0-appearance-control-skin-tone-recapture: Record Skin Tone from the first available value through the final available value, pausing on each selected value long enough for label and character state review. Include beginning boundary, final boundary, wrap/no-wrap evidence, default state evidence, and dependency notes. | issue-phase0-primary-review-category-incomplete: Follow the Wyatt recapture instructions generated for this primary-review checkpoint. | issue-phase0-primary-review-environment-unresolved: Capture only non-secret game/console environment screens. Do not include account credentials, payment screens, serial numbers, or private profile details.",NOT_ELIGIBLE,NOT_SECOND_VERIFIED;NO_CATALOG_MANAGER_APPROVAL;NOT_IN_APPROVED_IMMUTABLE_PRODUCTION_RELEASE;ENVIRONMENT_UNRESOLVED;CATEGORY_INCOMPLETE;RECAPTURE_REQUIRED_FOR_PRODUCTION_COMPARISON;ISSUE:issue-phase0-appearance-control-skin-tone-recapture;ISSUE:issue-phase0-primary-review-category-incomplete;ISSUE:issue-phase0-primary-review-environment-unresolved;MISSING_REQUIRED_VIEWS;CATEGORY_COUNT_ORDER_INCOMPLETE,NOT_VERIFIED,NOT_REVIEWED
cf27-production-verification-cf27-xboxunknown-rtg-skintone-004,CF27_XBOXUNKNOWN_RTG_SKINTONE_004,Skin Tone,Skin Tone 04,4,Xbox,,,Road to Glory,Main interface > Road to Glory > Road to Glory Setup > Journey type cards > Choose Your Position > QB > Create Player > Player > Appearance > Head & Skin visible,env-cf27-phase0-video-001-rtg-custom-qb,PRIMARY_APPROVED_WITH_NOTES,EVIDENCE_LINKED,phase0-frame-video-004-tl-003,phase0-video-004,12-13,MENU;FRONT,MENU,FRONT,PASS,UNRESOLVED_NOT_CAPTURE_STANDARDIZED,FAIL,false,false,true,INDEPENDENTLY_REVIEW_EVIDENCE_AFTER_BLIND_COUNTS,"issue-phase0-appearance-control-skin-tone-recapture: Record Skin Tone from the first available value through the final available value, pausing on each selected value long enough for label and character state review. Include beginning boundary, final boundary, wrap/no-wrap evidence, default state evidence, and dependency notes. | issue-phase0-primary-review-category-incomplete: Follow the Wyatt recapture instructions generated for this primary-review checkpoint. | issue-phase0-primary-review-environment-unresolved: Capture only non-secret game/console environment screens. Do not include account credentials, payment screens, serial numbers, or private profile details.",NOT_ELIGIBLE,NOT_SECOND_VERIFIED;NO_CATALOG_MANAGER_APPROVAL;NOT_IN_APPROVED_IMMUTABLE_PRODUCTION_RELEASE;ENVIRONMENT_UNRESOLVED;CATEGORY_INCOMPLETE;RECAPTURE_REQUIRED_FOR_PRODUCTION_COMPARISON;ISSUE:issue-phase0-appearance-control-skin-tone-recapture;ISSUE:issue-phase0-primary-review-category-incomplete;ISSUE:issue-phase0-primary-review-environment-unresolved;MISSING_REQUIRED_VIEWS;CATEGORY_COUNT_ORDER_INCOMPLETE,NOT_VERIFIED,NOT_REVIEWED
cf27-production-verification-cf27-xboxunknown-rtg-skintone-006,CF27_XBOXUNKNOWN_RTG_SKINTONE_006,Skin Tone,Skin Tone 06,6,Xbox,,,Road to Glory,Main interface > Road to Glory > Road to Glory Setup > Journey type cards > Choose Your Position > QB > Create Player > Player > Appearance > Head & Skin visible,env-cf27-phase0-video-001-rtg-custom-qb,PRIMARY_APPROVED_WITH_NOTES,EVIDENCE_LINKED,phase0-frame-video-004-tl-011,phase0-video-004,29-30,MENU;FRONT,MENU,FRONT,FAIL,UNRESOLVED_NOT_CAPTURE_STANDARDIZED,FAIL,false,false,true,INDEPENDENTLY_REVIEW_EVIDENCE_AFTER_BLIND_COUNTS,"issue-phase0-appearance-control-skin-tone-recapture: Record Skin Tone from the first available value through the final available value, pausing on each selected value long enough for label and character state review. Include beginning boundary, final boundary, wrap/no-wrap evidence, default state evidence, and dependency notes. | issue-phase0-primary-review-category-incomplete: Follow the Wyatt recapture instructions generated for this primary-review checkpoint. | issue-phase0-primary-review-environment-unresolved: Capture only non-secret game/console environment screens. Do not include account credentials, payment screens, serial numbers, or private profile details.",NOT_ELIGIBLE,NOT_SECOND_VERIFIED;NO_CATALOG_MANAGER_APPROVAL;NOT_IN_APPROVED_IMMUTABLE_PRODUCTION_RELEASE;ENVIRONMENT_UNRESOLVED;CATEGORY_INCOMPLETE;RECAPTURE_REQUIRED_FOR_PRODUCTION_COMPARISON;ISSUE:issue-phase0-appearance-control-skin-tone-recapture;ISSUE:issue-phase0-primary-review-category-incomplete;ISSUE:issue-phase0-primary-review-environment-unresolved;MISSING_REQUIRED_VIEWS;CATEGORY_COUNT_ORDER_INCOMPLETE,NOT_VERIFIED,NOT_REVIEWED
cf27-production-verification-cf27-xboxunknown-rtg-skintone-007,CF27_XBOXUNKNOWN_RTG_SKINTONE_007,Skin Tone,Skin Tone 07,7,Xbox,,,Road to Glory,Main interface > Road to Glory > Road to Glory Setup > Journey type cards > Choose Your Position > QB > Create Player > Player > Appearance > Head & Skin visible,env-cf27-phase0-video-001-rtg-custom-qb,PRIMARY_APPROVED_WITH_NOTES,EVIDENCE_LINKED,phase0-frame-video-004-tl-010,phase0-video-004,27-28,MENU;FRONT,MENU,FRONT,PASS,UNRESOLVED_NOT_CAPTURE_STANDARDIZED,FAIL,false,false,true,INDEPENDENTLY_REVIEW_EVIDENCE_AFTER_BLIND_COUNTS,"issue-phase0-appearance-control-skin-tone-recapture: Record Skin Tone from the first available value through the final available value, pausing on each selected value long enough for label and character state review. Include beginning boundary, final boundary, wrap/no-wrap evidence, default state evidence, and dependency notes. | issue-phase0-primary-review-category-incomplete: Follow the Wyatt recapture instructions generated for this primary-review checkpoint. | issue-phase0-primary-review-environment-unresolved: Capture only non-secret game/console environment screens. Do not include account credentials, payment screens, serial numbers, or private profile details.",NOT_ELIGIBLE,NOT_SECOND_VERIFIED;NO_CATALOG_MANAGER_APPROVAL;NOT_IN_APPROVED_IMMUTABLE_PRODUCTION_RELEASE;ENVIRONMENT_UNRESOLVED;CATEGORY_INCOMPLETE;RECAPTURE_REQUIRED_FOR_PRODUCTION_COMPARISON;ISSUE:issue-phase0-appearance-control-skin-tone-recapture;ISSUE:issue-phase0-primary-review-category-incomplete;ISSUE:issue-phase0-primary-review-environment-unresolved;MISSING_REQUIRED_VIEWS;CATEGORY_COUNT_ORDER_INCOMPLETE,NOT_VERIFIED,NOT_REVIEWED
cf27-production-verification-cf27-xboxunknown-rtg-skintone-008,CF27_XBOXUNKNOWN_RTG_SKINTONE_008,Skin Tone,Skin Tone 08,8,Xbox,,,Road to Glory,Main interface > Road to Glory > Road to Glory Setup > Journey type cards > Choose Your Position > QB > Create Player > Player > Appearance > Head & Skin visible,env-cf27-phase0-video-001-rtg-custom-qb,PRIMARY_APPROVED_WITH_NOTES,EVIDENCE_LINKED,phase0-frame-video-004-tl-009,phase0-video-004,25-26,MENU;FRONT,MENU,FRONT,FAIL,UNRESOLVED_NOT_CAPTURE_STANDARDIZED,FAIL,false,false,true,INDEPENDENTLY_REVIEW_EVIDENCE_AFTER_BLIND_COUNTS,"issue-phase0-appearance-control-skin-tone-recapture: Record Skin Tone from the first available value through the final available value, pausing on each selected value long enough for label and character state review. Include beginning boundary, final boundary, wrap/no-wrap evidence, default state evidence, and dependency notes. | issue-phase0-primary-review-category-incomplete: Follow the Wyatt recapture instructions generated for this primary-review checkpoint. | issue-phase0-primary-review-environment-unresolved: Capture only non-secret game/console environment screens. Do not include account credentials, payment screens, serial numbers, or private profile details.",NOT_ELIGIBLE,NOT_SECOND_VERIFIED;NO_CATALOG_MANAGER_APPROVAL;NOT_IN_APPROVED_IMMUTABLE_PRODUCTION_RELEASE;ENVIRONMENT_UNRESOLVED;CATEGORY_INCOMPLETE;RECAPTURE_REQUIRED_FOR_PRODUCTION_COMPARISON;ISSUE:issue-phase0-appearance-control-skin-tone-recapture;ISSUE:issue-phase0-primary-review-category-incomplete;ISSUE:issue-phase0-primary-review-environment-unresolved;MISSING_REQUIRED_VIEWS;CATEGORY_COUNT_ORDER_INCOMPLETE,NOT_VERIFIED,NOT_REVIEWED
cf27-production-verification-cf27-xboxunknown-rtg-skintone-009,CF27_XBOXUNKNOWN_RTG_SKINTONE_009,Skin Tone,Skin Tone 09,9,Xbox,,,Road to Glory,Main interface > Road to Glory > Road to Glory Setup > Journey type cards > Choose Your Position > QB > Create Player > Player > Appearance > Head & Skin visible,env-cf27-phase0-video-001-rtg-custom-qb,PRIMARY_APPROVED_WITH_NOTES,EVIDENCE_LINKED,phase0-frame-video-004-tl-002,phase0-video-004,8-11,MENU;FRONT,MENU,FRONT,FAIL,UNRESOLVED_NOT_CAPTURE_STANDARDIZED,FAIL,false,false,true,INDEPENDENTLY_REVIEW_EVIDENCE_AFTER_BLIND_COUNTS,"issue-phase0-appearance-control-skin-tone-recapture: Record Skin Tone from the first available value through the final available value, pausing on each selected value long enough for label and character state review. Include beginning boundary, final boundary, wrap/no-wrap evidence, default state evidence, and dependency notes. | issue-phase0-primary-review-category-incomplete: Follow the Wyatt recapture instructions generated for this primary-review checkpoint. | issue-phase0-primary-review-environment-unresolved: Capture only non-secret game/console environment screens. Do not include account credentials, payment screens, serial numbers, or private profile details.",NOT_ELIGIBLE,NOT_SECOND_VERIFIED;NO_CATALOG_MANAGER_APPROVAL;NOT_IN_APPROVED_IMMUTABLE_PRODUCTION_RELEASE;ENVIRONMENT_UNRESOLVED;CATEGORY_INCOMPLETE;RECAPTURE_REQUIRED_FOR_PRODUCTION_COMPARISON;ISSUE:issue-phase0-appearance-control-skin-tone-recapture;ISSUE:issue-phase0-primary-review-category-incomplete;ISSUE:issue-phase0-primary-review-environment-unresolved;MISSING_REQUIRED_VIEWS;CATEGORY_COUNT_ORDER_INCOMPLETE,NOT_VERIFIED,NOT_REVIEWED
cf27-production-verification-cf27-xboxunknown-rtg-skintone-010,CF27_XBOXUNKNOWN_RTG_SKINTONE_010,Skin Tone,Skin Tone 10,10,Xbox,,,Road to Glory,Main interface > Road to Glory > Road to Glory Setup > Journey type cards > Choose Your Position > QB > Create Player > Player > Appearance > Head & Skin visible,env-cf27-phase0-video-001-rtg-custom-qb,DUPLICATE_REVIEW_REQUIRED,EVIDENCE_LINKED,phase0-frame-video-004-tl-017;phase0-frame-video-004-tl-004,phase0-video-004,14-14,MENU;FRONT,MENU,FRONT,PASS,UNRESOLVED_NOT_CAPTURE_STANDARDIZED,FAIL,true,false,true,REVIEW_DUPLICATE_OR_CONTINUITY_AFTER_INDEPENDENT_COUNTS,"issue-phase0-appearance-control-skin-tone-recapture: Record Skin Tone from the first available value through the final available value, pausing on each selected value long enough for label and character state review. Include beginning boundary, final boundary, wrap/no-wrap evidence, default state evidence, and dependency notes. | issue-phase0-primary-review-category-incomplete: Follow the Wyatt recapture instructions generated for this primary-review checkpoint. | issue-phase0-primary-review-duplicate-observations: Do not merge duplicate-looking options. Preserve native order and selected value evidence. | issue-phase0-primary-review-environment-unresolved: Capture only non-secret game/console environment screens. Do not include account credentials, payment screens, serial numbers, or private profile details.",NOT_ELIGIBLE,NOT_SECOND_VERIFIED;NO_CATALOG_MANAGER_APPROVAL;NOT_IN_APPROVED_IMMUTABLE_PRODUCTION_RELEASE;ENVIRONMENT_UNRESOLVED;CATEGORY_INCOMPLETE;RECAPTURE_REQUIRED_FOR_PRODUCTION_COMPARISON;DUPLICATE_REVIEW_REQUIRED;ISSUE:issue-phase0-appearance-control-skin-tone-recapture;ISSUE:issue-phase0-primary-review-category-incomplete;ISSUE:issue-phase0-primary-review-duplicate-observations;ISSUE:issue-phase0-primary-review-environment-unresolved;MISSING_REQUIRED_VIEWS;CATEGORY_COUNT_ORDER_INCOMPLETE,NOT_VERIFIED,NOT_REVIEWED
cf27-production-verification-cf27-xboxunknown-rtg-skintone-011,CF27_XBOXUNKNOWN_RTG_SKINTONE_011,Skin Tone,Skin Tone 11,11,Xbox,,,Road to Glory,Main interface > Road to Glory > Road to Glory Setup > Journey type cards > Choose Your Position > QB > Create Player > Player > Appearance > Head & Skin visible,env-cf27-phase0-video-001-rtg-custom-qb,PRIMARY_APPROVED_WITH_NOTES,EVIDENCE_LINKED,phase0-frame-video-004-tl-022,phase0-video-004,50-51,MENU;FRONT,MENU,FRONT,FAIL,UNRESOLVED_NOT_CAPTURE_STANDARDIZED,FAIL,false,false,true,INDEPENDENTLY_REVIEW_EVIDENCE_AFTER_BLIND_COUNTS,"issue-phase0-appearance-control-skin-tone-recapture: Record Skin Tone from the first available value through the final available value, pausing on each selected value long enough for label and character state review. Include beginning boundary, final boundary, wrap/no-wrap evidence, default state evidence, and dependency notes. | issue-phase0-primary-review-category-incomplete: Follow the Wyatt recapture instructions generated for this primary-review checkpoint. | issue-phase0-primary-review-environment-unresolved: Capture only non-secret game/console environment screens. Do not include account credentials, payment screens, serial numbers, or private profile details.",NOT_ELIGIBLE,NOT_SECOND_VERIFIED;NO_CATALOG_MANAGER_APPROVAL;NOT_IN_APPROVED_IMMUTABLE_PRODUCTION_RELEASE;ENVIRONMENT_UNRESOLVED;CATEGORY_INCOMPLETE;RECAPTURE_REQUIRED_FOR_PRODUCTION_COMPARISON;ISSUE:issue-phase0-appearance-control-skin-tone-recapture;ISSUE:issue-phase0-primary-review-category-incomplete;ISSUE:issue-phase0-primary-review-environment-unresolved;MISSING_REQUIRED_VIEWS;CATEGORY_COUNT_ORDER_INCOMPLETE,NOT_VERIFIED,NOT_REVIEWED
cf27-production-verification-cf27-xboxunknown-rtg-skintone-012,CF27_XBOXUNKNOWN_RTG_SKINTONE_012,Skin Tone,Skin Tone 12,12,Xbox,,,Road to Glory,Main interface > Road to Glory > Road to Glory Setup > Journey type cards > Choose Your Position > QB > Create Player > Player > Appearance > Head & Skin visible,env-cf27-phase0-video-001-rtg-custom-qb,PRIMARY_APPROVED_WITH_NOTES,EVIDENCE_LINKED,phase0-frame-video-004-tl-018,phase0-video-004,43-44,MENU;FRONT,MENU,FRONT,PASS,UNRESOLVED_NOT_CAPTURE_STANDARDIZED,FAIL,false,false,true,INDEPENDENTLY_REVIEW_EVIDENCE_AFTER_BLIND_COUNTS,"issue-phase0-appearance-control-skin-tone-recapture: Record Skin Tone from the first available value through the final available value, pausing on each selected value long enough for label and character state review. Include beginning boundary, final boundary, wrap/no-wrap evidence, default state evidence, and dependency notes. | issue-phase0-primary-review-category-incomplete: Follow the Wyatt recapture instructions generated for this primary-review checkpoint. | issue-phase0-primary-review-environment-unresolved: Capture only non-secret game/console environment screens. Do not include account credentials, payment screens, serial numbers, or private profile details.",NOT_ELIGIBLE,NOT_SECOND_VERIFIED;NO_CATALOG_MANAGER_APPROVAL;NOT_IN_APPROVED_IMMUTABLE_PRODUCTION_RELEASE;ENVIRONMENT_UNRESOLVED;CATEGORY_INCOMPLETE;RECAPTURE_REQUIRED_FOR_PRODUCTION_COMPARISON;ISSUE:issue-phase0-appearance-control-skin-tone-recapture;ISSUE:issue-phase0-primary-review-category-incomplete;ISSUE:issue-phase0-primary-review-environment-unresolved;MISSING_REQUIRED_VIEWS;CATEGORY_COUNT_ORDER_INCOMPLETE,NOT_VERIFIED,NOT_REVIEWED
cf27-production-verification-cf27-xboxunknown-rtg-skintone-013,CF27_XBOXUNKNOWN_RTG_SKINTONE_013,Skin Tone,Skin Tone 13,13,Xbox,,,Road to Glory,Main interface > Road to Glory > Road to Glory Setup > Journey type cards > Choose Your Position > QB > Create Player > Player > Appearance > Head & Skin visible,env-cf27-phase0-video-001-rtg-custom-qb,PRIMARY_APPROVED_WITH_NOTES,EVIDENCE_LINKED,phase0-frame-video-004-tl-016,phase0-video-004,39-40,MENU;FRONT,MENU,FRONT,PASS,UNRESOLVED_NOT_CAPTURE_STANDARDIZED,FAIL,false,false,true,INDEPENDENTLY_REVIEW_EVIDENCE_AFTER_BLIND_COUNTS,"issue-phase0-appearance-control-skin-tone-recapture: Record Skin Tone from the first available value through the final available value, pausing on each selected value long enough for label and character state review. Include beginning boundary, final boundary, wrap/no-wrap evidence, default state evidence, and dependency notes. | issue-phase0-primary-review-category-incomplete: Follow the Wyatt recapture instructions generated for this primary-review checkpoint. | issue-phase0-primary-review-environment-unresolved: Capture only non-secret game/console environment screens. Do not include account credentials, payment screens, serial numbers, or private profile details.",NOT_ELIGIBLE,NOT_SECOND_VERIFIED;NO_CATALOG_MANAGER_APPROVAL;NOT_IN_APPROVED_IMMUTABLE_PRODUCTION_RELEASE;ENVIRONMENT_UNRESOLVED;CATEGORY_INCOMPLETE;RECAPTURE_REQUIRED_FOR_PRODUCTION_COMPARISON;ISSUE:issue-phase0-appearance-control-skin-tone-recapture;ISSUE:issue-phase0-primary-review-category-incomplete;ISSUE:issue-phase0-primary-review-environment-unresolved;MISSING_REQUIRED_VIEWS;CATEGORY_COUNT_ORDER_INCOMPLETE,NOT_VERIFIED,NOT_REVIEWED
cf27-production-verification-cf27-xboxunknown-rtg-skintone-017,CF27_XBOXUNKNOWN_RTG_SKINTONE_017,Skin Tone,Skin Tone 17,17,Xbox,,,Road to Glory,Main interface > Road to Glory > Road to Glory Setup > Journey type cards > Choose Your Position > QB > Create Player > Player > Appearance > Head & Skin visible,env-cf27-phase0-video-001-rtg-custom-qb,PRIMARY_APPROVED_WITH_NOTES,EVIDENCE_LINKED,phase0-frame-video-004-tl-015,phase0-video-004,37-38,MENU;FRONT,MENU,FRONT,FAIL,UNRESOLVED_NOT_CAPTURE_STANDARDIZED,FAIL,false,false,true,INDEPENDENTLY_REVIEW_EVIDENCE_AFTER_BLIND_COUNTS,"issue-phase0-appearance-control-skin-tone-recapture: Record Skin Tone from the first available value through the final available value, pausing on each selected value long enough for label and character state review. Include beginning boundary, final boundary, wrap/no-wrap evidence, default state evidence, and dependency notes. | issue-phase0-primary-review-category-incomplete: Follow the Wyatt recapture instructions generated for this primary-review checkpoint. | issue-phase0-primary-review-environment-unresolved: Capture only non-secret game/console environment screens. Do not include account credentials, payment screens, serial numbers, or private profile details.",NOT_ELIGIBLE,NOT_SECOND_VERIFIED;NO_CATALOG_MANAGER_APPROVAL;NOT_IN_APPROVED_IMMUTABLE_PRODUCTION_RELEASE;ENVIRONMENT_UNRESOLVED;CATEGORY_INCOMPLETE;RECAPTURE_REQUIRED_FOR_PRODUCTION_COMPARISON;ISSUE:issue-phase0-appearance-control-skin-tone-recapture;ISSUE:issue-phase0-primary-review-category-incomplete;ISSUE:issue-phase0-primary-review-environment-unresolved;MISSING_REQUIRED_VIEWS;CATEGORY_COUNT_ORDER_INCOMPLETE,NOT_VERIFIED,NOT_REVIEWED
cf27-production-verification-cf27-xboxunknown-rtg-skintone-018,CF27_XBOXUNKNOWN_RTG_SKINTONE_018,Skin Tone,Skin Tone 18,18,Xbox,,,Road to Glory,Main interface > Road to Glory > Road to Glory Setup > Journey type cards > Choose Your Position > QB > Create Player > Player > Appearance > Head & Skin visible,env-cf27-phase0-video-001-rtg-custom-qb,PRIMARY_APPROVED_WITH_NOTES,EVIDENCE_LINKED,phase0-frame-video-004-tl-007,phase0-video-004,20-22,MENU;FRONT,MENU,FRONT,FAIL,UNRESOLVED_NOT_CAPTURE_STANDARDIZED,FAIL,false,false,true,INDEPENDENTLY_REVIEW_EVIDENCE_AFTER_BLIND_COUNTS,"issue-phase0-appearance-control-skin-tone-recapture: Record Skin Tone from the first available value through the final available value, pausing on each selected value long enough for label and character state review. Include beginning boundary, final boundary, wrap/no-wrap evidence, default state evidence, and dependency notes. | issue-phase0-primary-review-category-incomplete: Follow the Wyatt recapture instructions generated for this primary-review checkpoint. | issue-phase0-primary-review-environment-unresolved: Capture only non-secret game/console environment screens. Do not include account credentials, payment screens, serial numbers, or private profile details.",NOT_ELIGIBLE,NOT_SECOND_VERIFIED;NO_CATALOG_MANAGER_APPROVAL;NOT_IN_APPROVED_IMMUTABLE_PRODUCTION_RELEASE;ENVIRONMENT_UNRESOLVED;CATEGORY_INCOMPLETE;RECAPTURE_REQUIRED_FOR_PRODUCTION_COMPARISON;ISSUE:issue-phase0-appearance-control-skin-tone-recapture;ISSUE:issue-phase0-primary-review-category-incomplete;ISSUE:issue-phase0-primary-review-environment-unresolved;MISSING_REQUIRED_VIEWS;CATEGORY_COUNT_ORDER_INCOMPLETE,NOT_VERIFIED,NOT_REVIEWED
cf27-production-verification-cf27-xboxunknown-rtg-skintone-019,CF27_XBOXUNKNOWN_RTG_SKINTONE_019,Skin Tone,Skin Tone 19,19,Xbox,,,Road to Glory,Main interface > Road to Glory > Road to Glory Setup > Journey type cards > Choose Your Position > QB > Create Player > Player > Appearance > Head & Skin visible,env-cf27-phase0-video-001-rtg-custom-qb,PRIMARY_APPROVED_WITH_NOTES,EVIDENCE_LINKED,phase0-frame-video-004-tl-006,phase0-video-004,17-19,MENU;FRONT,MENU,FRONT,PASS,UNRESOLVED_NOT_CAPTURE_STANDARDIZED,FAIL,false,false,true,INDEPENDENTLY_REVIEW_EVIDENCE_AFTER_BLIND_COUNTS,"issue-phase0-appearance-control-skin-tone-recapture: Record Skin Tone from the first available value through the final available value, pausing on each selected value long enough for label and character state review. Include beginning boundary, final boundary, wrap/no-wrap evidence, default state evidence, and dependency notes. | issue-phase0-primary-review-category-incomplete: Follow the Wyatt recapture instructions generated for this primary-review checkpoint. | issue-phase0-primary-review-environment-unresolved: Capture only non-secret game/console environment screens. Do not include account credentials, payment screens, serial numbers, or private profile details.",NOT_ELIGIBLE,NOT_SECOND_VERIFIED;NO_CATALOG_MANAGER_APPROVAL;NOT_IN_APPROVED_IMMUTABLE_PRODUCTION_RELEASE;ENVIRONMENT_UNRESOLVED;CATEGORY_INCOMPLETE;RECAPTURE_REQUIRED_FOR_PRODUCTION_COMPARISON;ISSUE:issue-phase0-appearance-control-skin-tone-recapture;ISSUE:issue-phase0-primary-review-category-incomplete;ISSUE:issue-phase0-primary-review-environment-unresolved;MISSING_REQUIRED_VIEWS;CATEGORY_COUNT_ORDER_INCOMPLETE,NOT_VERIFIED,NOT_REVIEWED
cf27-production-verification-cf27-xboxunknown-rtg-skintone-020,CF27_XBOXUNKNOWN_RTG_SKINTONE_020,Skin Tone,Skin Tone 20,20,Xbox,,,Road to Glory,Main interface > Road to Glory > Road to Glory Setup > Journey type cards > Choose Your Position > QB > Create Player > Player > Appearance > Head & Skin visible,env-cf27-phase0-video-001-rtg-custom-qb,PRIMARY_APPROVED_WITH_NOTES,EVIDENCE_LINKED,phase0-frame-video-004-tl-005,phase0-video-004,15-16,MENU;FRONT,MENU,FRONT,PASS,UNRESOLVED_NOT_CAPTURE_STANDARDIZED,FAIL,false,false,true,INDEPENDENTLY_REVIEW_EVIDENCE_AFTER_BLIND_COUNTS,"issue-phase0-appearance-control-skin-tone-recapture: Record Skin Tone from the first available value through the final available value, pausing on each selected value long enough for label and character state review. Include beginning boundary, final boundary, wrap/no-wrap evidence, default state evidence, and dependency notes. | issue-phase0-primary-review-category-incomplete: Follow the Wyatt recapture instructions generated for this primary-review checkpoint. | issue-phase0-primary-review-environment-unresolved: Capture only non-secret game/console environment screens. Do not include account credentials, payment screens, serial numbers, or private profile details.",NOT_ELIGIBLE,NOT_SECOND_VERIFIED;NO_CATALOG_MANAGER_APPROVAL;NOT_IN_APPROVED_IMMUTABLE_PRODUCTION_RELEASE;ENVIRONMENT_UNRESOLVED;CATEGORY_INCOMPLETE;RECAPTURE_REQUIRED_FOR_PRODUCTION_COMPARISON;ISSUE:issue-phase0-appearance-control-skin-tone-recapture;ISSUE:issue-phase0-primary-review-category-incomplete;ISSUE:issue-phase0-primary-review-environment-unresolved;MISSING_REQUIRED_VIEWS;CATEGORY_COUNT_ORDER_INCOMPLETE,NOT_VERIFIED,NOT_REVIEWED
cf27-production-verification-cf27-xboxunknown-rtg-skintone-021,CF27_XBOXUNKNOWN_RTG_SKINTONE_021,Skin Tone,Skin Tone 21,21,Xbox,,,Road to Glory,Main interface > Road to Glory > Road to Glory Setup > Journey type cards > Choose Your Position > QB > Create Player > Player > Appearance > Head & Skin visible,env-cf27-phase0-video-001-rtg-custom-qb,PRIMARY_APPROVED_WITH_NOTES,EVIDENCE_LINKED,phase0-frame-video-004-tl-008,phase0-video-004,23-24,MENU;FRONT,MENU,FRONT,PASS,UNRESOLVED_NOT_CAPTURE_STANDARDIZED,FAIL,false,false,true,INDEPENDENTLY_REVIEW_EVIDENCE_AFTER_BLIND_COUNTS,"issue-phase0-appearance-control-skin-tone-recapture: Record Skin Tone from the first available value through the final available value, pausing on each selected value long enough for label and character state review. Include beginning boundary, final boundary, wrap/no-wrap evidence, default state evidence, and dependency notes. | issue-phase0-primary-review-category-incomplete: Follow the Wyatt recapture instructions generated for this primary-review checkpoint. | issue-phase0-primary-review-environment-unresolved: Capture only non-secret game/console environment screens. Do not include account credentials, payment screens, serial numbers, or private profile details.",NOT_ELIGIBLE,NOT_SECOND_VERIFIED;NO_CATALOG_MANAGER_APPROVAL;NOT_IN_APPROVED_IMMUTABLE_PRODUCTION_RELEASE;ENVIRONMENT_UNRESOLVED;CATEGORY_INCOMPLETE;RECAPTURE_REQUIRED_FOR_PRODUCTION_COMPARISON;ISSUE:issue-phase0-appearance-control-skin-tone-recapture;ISSUE:issue-phase0-primary-review-category-incomplete;ISSUE:issue-phase0-primary-review-environment-unresolved;MISSING_REQUIRED_VIEWS;CATEGORY_COUNT_ORDER_INCOMPLETE,NOT_VERIFIED,NOT_REVIEWED
cf27-production-verification-cf27-xboxunknown-rtg-skintone-022,CF27_XBOXUNKNOWN_RTG_SKINTONE_022,Skin Tone,Skin Tone 22,22,Xbox,,,Road to Glory,Main interface > Road to Glory > Road to Glory Setup > Journey type cards > Choose Your Position > QB > Create Player > Player > Appearance > Head & Skin visible,env-cf27-phase0-video-001-rtg-custom-qb,PRIMARY_APPROVED_WITH_NOTES,EVIDENCE_LINKED,phase0-frame-video-004-tl-014,phase0-video-004,35-36,MENU;FRONT,MENU,FRONT,FAIL,UNRESOLVED_NOT_CAPTURE_STANDARDIZED,FAIL,false,false,true,INDEPENDENTLY_REVIEW_EVIDENCE_AFTER_BLIND_COUNTS,"issue-phase0-appearance-control-skin-tone-recapture: Record Skin Tone from the first available value through the final available value, pausing on each selected value long enough for label and character state review. Include beginning boundary, final boundary, wrap/no-wrap evidence, default state evidence, and dependency notes. | issue-phase0-primary-review-category-incomplete: Follow the Wyatt recapture instructions generated for this primary-review checkpoint. | issue-phase0-primary-review-environment-unresolved: Capture only non-secret game/console environment screens. Do not include account credentials, payment screens, serial numbers, or private profile details.",NOT_ELIGIBLE,NOT_SECOND_VERIFIED;NO_CATALOG_MANAGER_APPROVAL;NOT_IN_APPROVED_IMMUTABLE_PRODUCTION_RELEASE;ENVIRONMENT_UNRESOLVED;CATEGORY_INCOMPLETE;RECAPTURE_REQUIRED_FOR_PRODUCTION_COMPARISON;ISSUE:issue-phase0-appearance-control-skin-tone-recapture;ISSUE:issue-phase0-primary-review-category-incomplete;ISSUE:issue-phase0-primary-review-environment-unresolved;MISSING_REQUIRED_VIEWS;CATEGORY_COUNT_ORDER_INCOMPLETE,NOT_VERIFIED,NOT_REVIEWED
cf27-production-verification-cf27-xboxunknown-rtg-skintone-023,CF27_XBOXUNKNOWN_RTG_SKINTONE_023,Skin Tone,Skin Tone 23,23,Xbox,,,Road to Glory,Main interface > Road to Glory > Road to Glory Setup > Journey type cards > Choose Your Position > QB > Create Player > Player > Appearance > Head & Skin visible,env-cf27-phase0-video-001-rtg-custom-qb,PRIMARY_APPROVED_WITH_NOTES,EVIDENCE_LINKED,phase0-frame-video-004-tl-023,phase0-video-004,52-53.82,MENU;FRONT,MENU,FRONT,FAIL,UNRESOLVED_NOT_CAPTURE_STANDARDIZED,FAIL,false,false,true,INDEPENDENTLY_REVIEW_EVIDENCE_AFTER_BLIND_COUNTS,"issue-phase0-appearance-control-skin-tone-recapture: Record Skin Tone from the first available value through the final available value, pausing on each selected value long enough for label and character state review. Include beginning boundary, final boundary, wrap/no-wrap evidence, default state evidence, and dependency notes. | issue-phase0-primary-review-category-incomplete: Follow the Wyatt recapture instructions generated for this primary-review checkpoint. | issue-phase0-primary-review-environment-unresolved: Capture only non-secret game/console environment screens. Do not include account credentials, payment screens, serial numbers, or private profile details.",NOT_ELIGIBLE,NOT_SECOND_VERIFIED;NO_CATALOG_MANAGER_APPROVAL;NOT_IN_APPROVED_IMMUTABLE_PRODUCTION_RELEASE;ENVIRONMENT_UNRESOLVED;CATEGORY_INCOMPLETE;RECAPTURE_REQUIRED_FOR_PRODUCTION_COMPARISON;ISSUE:issue-phase0-appearance-control-skin-tone-recapture;ISSUE:issue-phase0-primary-review-category-incomplete;ISSUE:issue-phase0-primary-review-environment-unresolved;MISSING_REQUIRED_VIEWS;CATEGORY_COUNT_ORDER_INCOMPLETE,NOT_VERIFIED,NOT_REVIEWED
cf27-production-verification-cf27-xboxunknown-rtg-skintone-024,CF27_XBOXUNKNOWN_RTG_SKINTONE_024,Skin Tone,Skin Tone 24,24,Xbox,,,Road to Glory,Main interface > Road to Glory > Road to Glory Setup > Journey type cards > Choose Your Position > QB > Create Player > Player > Appearance > Head & Skin visible,env-cf27-phase0-video-001-rtg-custom-qb,PRIMARY_APPROVED_WITH_NOTES,EVIDENCE_LINKED,phase0-frame-video-004-tl-013,phase0-video-004,33-34,MENU;FRONT,MENU,FRONT,PASS,UNRESOLVED_NOT_CAPTURE_STANDARDIZED,FAIL,false,false,true,INDEPENDENTLY_REVIEW_EVIDENCE_AFTER_BLIND_COUNTS,"issue-phase0-appearance-control-skin-tone-recapture: Record Skin Tone from the first available value through the final available value, pausing on each selected value long enough for label and character state review. Include beginning boundary, final boundary, wrap/no-wrap evidence, default state evidence, and dependency notes. | issue-phase0-primary-review-category-incomplete: Follow the Wyatt recapture instructions generated for this primary-review checkpoint. | issue-phase0-primary-review-environment-unresolved: Capture only non-secret game/console environment screens. Do not include account credentials, payment screens, serial numbers, or private profile details.",NOT_ELIGIBLE,NOT_SECOND_VERIFIED;NO_CATALOG_MANAGER_APPROVAL;NOT_IN_APPROVED_IMMUTABLE_PRODUCTION_RELEASE;ENVIRONMENT_UNRESOLVED;CATEGORY_INCOMPLETE;RECAPTURE_REQUIRED_FOR_PRODUCTION_COMPARISON;ISSUE:issue-phase0-appearance-control-skin-tone-recapture;ISSUE:issue-phase0-primary-review-category-incomplete;ISSUE:issue-phase0-primary-review-environment-unresolved;MISSING_REQUIRED_VIEWS;CATEGORY_COUNT_ORDER_INCOMPLETE,NOT_VERIFIED,NOT_REVIEWED
cf27-production-verification-cf27-xboxunknown-rtg-skintone-029,CF27_XBOXUNKNOWN_RTG_SKINTONE_029,Skin Tone,Skin Tone 29,29,Xbox,,,Road to Glory,Main interface > Road to Glory > Road to Glory Setup > Journey type cards > Choose Your Position > QB > Create Player > Player > Appearance > Head & Skin visible,env-cf27-phase0-video-001-rtg-custom-qb,PRIMARY_APPROVED_WITH_NOTES,EVIDENCE_LINKED,phase0-frame-video-004-tl-012,phase0-video-004,31-32,MENU;FRONT,MENU,FRONT,FAIL,UNRESOLVED_NOT_CAPTURE_STANDARDIZED,FAIL,false,false,true,INDEPENDENTLY_REVIEW_EVIDENCE_AFTER_BLIND_COUNTS,"issue-phase0-appearance-control-skin-tone-recapture: Record Skin Tone from the first available value through the final available value, pausing on each selected value long enough for label and character state review. Include beginning boundary, final boundary, wrap/no-wrap evidence, default state evidence, and dependency notes. | issue-phase0-primary-review-category-incomplete: Follow the Wyatt recapture instructions generated for this primary-review checkpoint. | issue-phase0-primary-review-environment-unresolved: Capture only non-secret game/console environment screens. Do not include account credentials, payment screens, serial numbers, or private profile details.",NOT_ELIGIBLE,NOT_SECOND_VERIFIED;NO_CATALOG_MANAGER_APPROVAL;NOT_IN_APPROVED_IMMUTABLE_PRODUCTION_RELEASE;ENVIRONMENT_UNRESOLVED;CATEGORY_INCOMPLETE;RECAPTURE_REQUIRED_FOR_PRODUCTION_COMPARISON;ISSUE:issue-phase0-appearance-control-skin-tone-recapture;ISSUE:issue-phase0-primary-review-category-incomplete;ISSUE:issue-phase0-primary-review-environment-unresolved;MISSING_REQUIRED_VIEWS;CATEGORY_COUNT_ORDER_INCOMPLETE,NOT_VERIFIED,NOT_REVIEWED
